ts,open,high,low,close,volume,trades
2026-08-12 02:33:00+00:00,7.565,7.5691,7.5625,7.5641,2320.9,35
2026-08-12 02:34:00+00:00,7.5636,7.5716,7.5561,7.5581,4369.7,76
2026-08-12 02:35:00+00:00,7.5581,7.5609,7.547,7.5492,4374.0,71
2026-08-12 02:36:00+00:00,7.5544,7.5868,7.547,7.58,7444.6,71
2026-08-12 02:37:00+00:00,7.5803,7.5926,7.5803,7.5926,1964.9,83
2026-08-12 02:38:00+00:00,7.5939,7.599,7.5865,7.5989,4358.7,99
2026-08-12 02:39:00+00:00,7.599,7.6025,7.5955,7.5977,6097.5,90
2026-08-12 02:40:00+00:00,7.5976,7.611,7.5903,7.6072,8855.4,131
2026-08-12 02:41:00+00:00,7.6107,7.6119,7.5985,7.6035,10045.1,97
2026-08-12 02:42:00+00:00,7.6075,7.6078,7.6052,7.6066,2607.2,35
2026-08-12 02:43:00+00:00,7.6079,7.6091,7.6067,7.6091,1481.5,21
2026-08-12 02:44:00+00:00,7.6085,7.6085,7.5819,7.582,20543.8,184
2026-08-12 02:45:00+00:00,7.5815,7.5948,7.5815,7.5947,4130.1,45
2026-08-12 02:46:00+00:00,7.5999,7.607,7.5958,7.6064,739.4,26
2026-08-12 02:47:00+00:00,7.6085,7.6167,7.6073,7.6099,891.0,18
2026-08-12 02:48:00+00:00,7.6162,7.63,7.612,7.6255,708.0,24
2026-08-12 02:49:00+00:00,7.6255,7.636,7.619,7.634,21793.5,190
2026-08-12 02:50:00+00:00,7.636,7.6496,7.636,7.6496,5230.5,49
2026-08-12 02:51:00+00:00,7.6491,7.65,7.6301,7.6375,4790.1,60
2026-08-12 02:52:00+00:00,7.6375,7.66,7.6325,7.6426,21170.6,127
2026-08-12 02:53:00+00:00,7.6466,7.6485,7.6453,7.6454,3694.4,47
2026-08-12 02:54:00+00:00,7.6464,7.6533,7.6443,7.6479,3877.5,66
2026-08-12 02:55:00+00:00,7.6493,7.6513,7.64,7.64,4880.6,56
2026-08-12 02:56:00+00:00,7.6401,7.6496,7.6379,7.6397,3488.2,62
2026-08-12 02:57:00+00:00,7.641,7.6479,7.6379,7.6479,2843.6,52
2026-08-12 02:58:00+00:00,7.6479,7.6499,7.6414,7.6455,1912.5,36
2026-08-12 02:59:00+00:00,7.6531,7.66,7.6493,7.658,14501.0,102
2026-08-12 03:00:00+00:00,7.658,7.658,7.6482,7.6482,5944.3,76
2026-08-12 03:01:00+00:00,7.6529,7.66,7.6494,7.66,1943.4,86
2026-08-12 03:02:00+00:00,7.6595,7.66,7.658,7.66,2912.3,33
2026-08-12 03:03:00+00:00,7.6594,7.6726,7.6542,7.6726,3940.2,40
2026-08-12 03:04:00+00:00,7.6726,7.7,7.6717,7.6933,15692.4,159
2026-08-12 03:05:00+00:00,7.6936,7.7041,7.687,7.689,12919.6,122
2026-08-12 03:06:00+00:00,7.6894,7.6954,7.6894,7.6903,5112.1,72
2026-08-12 03:07:00+00:00,7.6901,7.7011,7.6901,7.6966,1691.0,68
2026-08-12 03:08:00+00:00,7.6942,7.718,7.6924,7.6969,14418.7,235
2026-08-12 03:09:00+00:00,7.6964,7.7093,7.6878,7.699,6352.0,149
2026-08-12 03:10:00+00:00,7.6968,7.71,7.6951,7.71,4530.1,135
2026-08-12 03:11:00+00:00,7.707,7.707,7.698,7.698,2237.5,77
2026-08-12 03:12:00+00:00,7.6909,7.6975,7.6865,7.6952,4037.8,61
2026-08-12 03:13:00+00:00,7.6977,7.704,7.6953,7.704,2810.7,40
2026-08-12 03:14:00+00:00,7.704,7.704,7.6974,7.6977,5037.7,49
2026-08-12 03:15:00+00:00,7.6977,7.7067,7.6976,7.7067,13585.8,107
2026-08-12 03:16:00+00:00,7.7043,7.71,7.7039,7.7078,10525.5,82
2026-08-12 03:17:00+00:00,7.7064,7.7097,7.7064,7.7094,38.7,6
2026-08-12 03:18:00+00:00,7.7094,7.7097,7.7021,7.7079,4435.3,57
2026-08-12 03:19:00+00:00,7.7056,7.7082,7.7055,7.7062,3780.7,32
2026-08-12 03:20:00+00:00,7.7083,7.7098,7.7033,7.7044,3902.6,30
2026-08-12 03:21:00+00:00,7.7037,7.7071,7.7024,7.707,427.3,15
2026-08-12 03:22:00+00:00,7.704,7.706,7.6905,7.6934,5290.5,69
2026-08-12 03:23:00+00:00,7.6901,7.71,7.6901,7.71,13707.1,197
2026-08-12 03:24:00+00:00,7.71,7.718,7.71,7.718,2097.1,44
2026-08-12 03:25:00+00:00,7.718,7.7239,7.7166,7.7227,4585.8,48
2026-08-12 03:26:00+00:00,7.7227,7.7295,7.7188,7.7247,8003.8,80
2026-08-12 03:27:00+00:00,7.7243,7.7247,7.7237,7.7242,5480.6,60
2026-08-12 03:28:00+00:00,7.7242,7.7485,7.724,7.7485,8918.7,60
2026-08-12 03:29:00+00:00,7.749,7.75,7.7418,7.7426,8907.1,48
2026-08-12 03:30:00+00:00,7.7425,7.7442,7.738,7.74,2853.1,36
2026-08-12 03:31:00+00:00,7.738,7.75,7.7367,7.7499,1112.4,8
2026-08-12 03:32:00+00:00,7.7499,7.7499,7.7499,7.7499,0.0,0
2026-08-12 03:33:00+00:00,7.75,7.7675,7.747,7.7675,4052.3,39
2026-08-12 03:34:00+00:00,7.7677,7.7798,7.7623,7.7774,1114.6,38
2026-08-12 03:35:00+00:00,7.7799,7.7898,7.7774,7.7898,4009.2,60
2026-08-12 03:36:00+00:00,7.7894,7.79,7.7807,7.7807,5818.7,68
2026-08-12 03:37:00+00:00,7.7817,7.79,7.7817,7.7898,387.3,12
2026-08-12 03:38:00+00:00,7.787,7.787,7.7869,7.7869,24.9,5
2026-08-12 03:39:00+00:00,7.7868,7.79,7.7816,7.7863,9219.5,71
2026-08-12 03:40:00+00:00,7.7827,7.7932,7.7827,7.7932,3272.3,40
2026-08-12 03:41:00+00:00,7.7891,7.7923,7.7891,7.7893,631.7,13
2026-08-12 03:42:00+00:00,7.7933,7.7958,7.7903,7.7938,373.5,14
2026-08-12 03:43:00+00:00,7.7898,7.7955,7.7869,7.7954,1937.1,52
2026-08-12 03:44:00+00:00,7.7974,7.8,7.7925,7.7939,7534.5,82
2026-08-12 03:45:00+00:00,7.7969,7.7969,7.7913,7.7913,1199.6,24
2026-08-12 03:46:00+00:00,7.7948,7.7951,7.7901,7.792,1565.1,18
2026-08-12 03:47:00+00:00,7.792,7.7943,7.7901,7.7904,328.3,15
2026-08-12 03:48:00+00:00,7.7904,7.7939,7.7903,7.7908,844.5,21
2026-08-12 03:49:00+00:00,7.7906,7.7984,7.7876,7.797,2741.2,35
2026-08-12 03:50:00+00:00,7.797,7.8,7.7956,7.7974,4975.1,62
2026-08-12 03:51:00+00:00,7.8,7.8037,7.7949,7.8029,2689.5,46
2026-08-12 03:52:00+00:00,7.8056,7.8088,7.7995,7.803,3603.8,50
2026-08-12 03:53:00+00:00,7.8031,7.8168,7.799,7.8167,2110.0,41
2026-08-12 03:54:00+00:00,7.8168,7.8185,7.8132,7.8165,4950.0,44
2026-08-12 03:55:00+00:00,7.8131,7.8176,7.8131,7.8166,300.0,9
2026-08-12 03:56:00+00:00,7.8167,7.8268,7.8118,7.8186,8420.1,65
2026-08-12 03:57:00+00:00,7.8157,7.8188,7.8145,7.8188,527.0,17
2026-08-12 03:58:00+00:00,7.8185,7.8234,7.813,7.813,4385.1,31
2026-08-12 03:59:00+00:00,7.8135,7.8179,7.8107,7.8136,11396.6,103
2026-08-12 04:00:00+00:00,7.8111,7.8111,7.7954,7.7954,6059.2,76
2026-08-12 04:01:00+00:00,7.7954,7.7954,7.7855,7.7855,3008.3,45
2026-08-12 04:02:00+00:00,7.7893,7.7927,7.7837,7.7876,1916.2,26
2026-08-12 04:03:00+00:00,7.7876,7.7908,7.7837,7.7908,689.0,17
2026-08-12 04:04:00+00:00,7.7871,7.7893,7.7818,7.7873,2262.5,44
2026-08-12 04:05:00+00:00,7.7879,7.7879,7.78,7.7868,1651.1,41
2026-08-12 04:06:00+00:00,7.7868,7.7868,7.7703,7.774,8089.7,96
2026-08-12 04:07:00+00:00,7.7757,7.7784,7.7689,7.7736,5313.5,73
2026-08-12 04:08:00+00:00,7.7698,7.7698,7.7606,7.7671,12317.0,90
2026-08-12 04:09:00+00:00,7.7647,7.7734,7.7642,7.7711,2071.2,28
2026-08-12 04:10:00+00:00,7.7696,7.7697,7.7596,7.7596,2234.6,28
2026-08-12 04:11:00+00:00,7.7605,7.763,7.7605,7.763,2981.4,33
2026-08-12 04:12:00+00:00,7.7621,7.7621,7.7592,7.7592,27.0,3
2026-08-12 04:13:00+00:00,7.76,7.7606,7.7594,7.7596,1203.0,13
2026-08-12 04:14:00+00:00,7.7599,7.7599,7.7574,7.7587,1106.7,28
2026-08-12 04:15:00+00:00,7.7582,7.7599,7.7561,7.7599,1842.0,35
2026-08-12 04:16:00+00:00,7.7571,7.7591,7.7561,7.7561,2536.0,27
2026-08-12 04:17:00+00:00,7.7568,7.7576,7.7561,7.7576,2828.8,16
2026-08-12 04:18:00+00:00,7.7584,7.7584,7.7561,7.7561,7817.8,45
2026-08-12 04:19:00+00:00,7.7561,7.7578,7.7561,7.7568,1668.4,46
2026-08-12 04:20:00+00:00,7.7568,7.7594,7.7561,7.7584,4589.0,40
2026-08-12 04:21:00+00:00,7.7584,7.76,7.7562,7.7592,1157.7,25
2026-08-12 04:22:00+00:00,7.7569,7.7631,7.7568,7.7587,4290.2,80
2026-08-12 04:23:00+00:00,7.7612,7.7642,7.7587,7.7629,982.6,44
2026-08-12 04:24:00+00:00,7.7669,7.8,7.7641,7.7968,24499.5,230
2026-08-12 04:25:00+00:00,7.7967,7.8108,7.7962,7.8076,19142.6,200
2026-08-12 04:26:00+00:00,7.8054,7.828,7.8054,7.8254,22049.6,213
2026-08-12 04:27:00+00:00,7.8228,7.8399,7.8216,7.8324,7650.1,120
2026-08-12 04:28:00+00:00,7.8325,7.8378,7.8296,7.833,5522.0,69
2026-08-12 04:29:00+00:00,7.8353,7.84,7.8277,7.8277,4834.3,86
2026-08-12 04:30:00+00:00,7.8294,7.8298,7.8214,7.8261,1358.8,35
2026-08-12 04:31:00+00:00,7.8254,7.8254,7.8079,7.811,503.9,31
2026-08-12 04:32:00+00:00,7.812,7.8139,7.8068,7.8138,701.2,25
2026-08-12 04:33:00+00:00,7.8109,7.8178,7.8078,7.8164,5778.2,96
2026-08-12 04:34:00+00:00,7.8165,7.8173,7.8069,7.8069,2021.2,49
2026-08-12 04:35:00+00:00,7.8055,7.813,7.8055,7.806,389.3,29
2026-08-12 04:36:00+00:00,7.8073,7.8164,7.8047,7.8125,1764.5,43
2026-08-12 04:37:00+00:00,7.8156,7.8181,7.8135,7.8181,490.4,14
2026-08-12 04:38:00+00:00,7.8181,7.8193,7.8179,7.819,436.9,12
2026-08-12 04:39:00+00:00,7.8151,7.816,7.812,7.812,420.4,16
2026-08-12 04:40:00+00:00,7.8142,7.8191,7.81,7.81,2839.9,39
2026-08-12 04:41:00+00:00,7.809,7.8128,7.8063,7.8069,1592.8,66
2026-08-12 04:42:00+00:00,7.8066,7.8071,7.8017,7.8062,251.7,11
2026-08-12 04:43:00+00:00,7.8013,7.8013,7.7955,7.7971,2505.5,33
2026-08-12 04:44:00+00:00,7.7931,7.7931,7.7757,7.7757,5496.5,54
2026-08-12 04:45:00+00:00,7.78,7.7866,7.7799,7.7866,663.8,22
2026-08-12 04:46:00+00:00,7.7858,7.7868,7.7812,7.7812,128.4,4
2026-08-12 04:47:00+00:00,7.7841,7.7877,7.783,7.7877,1062.4,9
2026-08-12 04:48:00+00:00,7.7853,7.7914,7.784,7.7914,490.0,9
2026-08-12 04:49:00+00:00,7.7893,7.7945,7.788,7.7911,3862.9,34
2026-08-12 04:50:00+00:00,7.796,7.8062,7.7959,7.8005,2348.4,67
2026-08-12 04:51:00+00:00,7.7989,7.804,7.797,7.8015,1517.5,40
2026-08-12 04:52:00+00:00,7.8066,7.81,7.7986,7.8021,1603.3,42
2026-08-12 04:53:00+00:00,7.7945,7.7972,7.7929,7.7936,1674.0,21
2026-08-12 04:54:00+00:00,7.7943,7.8011,7.7943,7.801,5420.6,51
2026-08-12 04:55:00+00:00,7.7969,7.8034,7.7969,7.8025,2051.7,21
2026-08-12 04:56:00+00:00,7.8041,7.814,7.8028,7.8106,3796.6,41
2026-08-12 04:57:00+00:00,7.8117,7.8176,7.8085,7.8104,4847.0,55
2026-08-12 04:58:00+00:00,7.8085,7.8085,7.8054,7.806,898.3,11
2026-08-12 04:59:00+00:00,7.8079,7.815,7.8046,7.8117,2319.8,39
2026-08-12 05:00:00+00:00,7.8115,8.009,7.8115,7.9883,349329.8,1099
2026-08-12 05:01:00+00:00,7.989,7.989,7.9452,7.9506,38951.6,299
2026-08-12 05:02:00+00:00,7.9513,7.9628,7.9365,7.9476,33598.8,204
2026-08-12 05:03:00+00:00,7.9395,7.9485,7.92,7.9382,30605.4,192
2026-08-12 05:04:00+00:00,7.9382,7.95,7.92,7.9349,70078.1,378
2026-08-12 05:05:00+00:00,7.9244,7.93,7.9095,7.9117,30009.7,122
2026-08-12 05:06:00+00:00,7.9206,7.922,7.9011,7.9011,16646.7,106
2026-08-12 05:07:00+00:00,7.9108,7.935,7.9045,7.922,44309.3,155
2026-08-12 05:08:00+00:00,7.9235,7.9526,7.9201,7.9267,10450.6,107
2026-08-12 05:09:00+00:00,7.92,7.9233,7.8962,7.9038,5246.4,77
2026-08-12 05:10:00+00:00,7.8991,7.9083,7.873,7.8758,32127.2,122
2026-08-12 05:11:00+00:00,7.8725,7.8736,7.86,7.86,2527.1,47
2026-08-12 05:12:00+00:00,7.8638,7.8684,7.8593,7.8635,2172.6,56
2026-08-12 05:13:00+00:00,7.8699,7.8719,7.8556,7.8598,3164.0,67
2026-08-12 05:14:00+00:00,7.8598,7.8598,7.8417,7.8458,7111.4,82
2026-08-12 05:15:00+00:00,7.8418,7.8475,7.8397,7.8426,4294.2,99
2026-08-12 05:16:00+00:00,7.8411,7.843,7.8316,7.8316,4076.1,86
2026-08-12 05:17:00+00:00,7.8362,7.8425,7.828,7.8425,16592.5,128
2026-08-12 05:18:00+00:00,7.8395,7.8536,7.8287,7.8488,12720.4,113
2026-08-12 05:19:00+00:00,7.8461,7.8478,7.8363,7.8384,4300.3,92
2026-08-12 05:20:00+00:00,7.8395,7.8395,7.826,7.8298,3485.7,73
2026-08-12 05:21:00+00:00,7.8272,7.8323,7.8245,7.8279,6285.1,67
2026-08-12 05:22:00+00:00,7.8293,7.8349,7.8224,7.8224,4696.0,42
2026-08-12 05:23:00+00:00,7.8212,7.8253,7.8109,7.8153,6437.8,66
2026-08-12 05:24:00+00:00,7.8128,7.8144,7.8039,7.8039,945.4,28
2026-08-12 05:25:00+00:00,7.8038,7.8038,7.7908,7.7955,7604.5,95
2026-08-12 05:26:00+00:00,7.7963,7.8,7.7936,7.795,3519.9,77
2026-08-12 05:27:00+00:00,7.7987,7.7994,7.7936,7.794,3104.5,39
2026-08-12 05:28:00+00:00,7.7949,7.795,7.79,7.7908,4121.8,42
2026-08-12 05:29:00+00:00,7.7904,7.7904,7.7693,7.77,6779.3,100
2026-08-12 05:30:00+00:00,7.77,7.781,7.7688,7.7809,5337.3,100
2026-08-12 05:31:00+00:00,7.7838,7.7998,7.7838,7.7942,5382.9,58
2026-08-12 05:32:00+00:00,7.7917,7.7917,7.7749,7.7778,2521.4,46
2026-08-12 05:33:00+00:00,7.7751,7.7792,7.7732,7.7791,3360.0,70
2026-08-12 05:34:00+00:00,7.7845,7.7845,7.77,7.7765,7945.1,110
2026-08-12 05:35:00+00:00,7.7798,7.7809,7.7742,7.78,2753.2,61
2026-08-12 05:36:00+00:00,7.7744,7.7784,7.7736,7.7756,1034.8,30
2026-08-12 05:37:00+00:00,7.7777,7.8,7.7743,7.8,7195.8,85
2026-08-12 05:38:00+00:00,7.7984,7.8123,7.7984,7.8016,3968.8,46
2026-08-12 05:39:00+00:00,7.8064,7.807,7.7923,7.7923,1366.7,32
2026-08-12 05:40:00+00:00,7.7903,7.7939,7.7867,7.7873,3848.4,61
2026-08-12 05:41:00+00:00,7.7874,7.7878,7.7766,7.781,9034.5,76
2026-08-12 05:42:00+00:00,7.7809,7.7948,7.7761,7.7948,2738.8,32
2026-08-12 05:43:00+00:00,7.7931,7.7933,7.7887,7.7913,651.8,18
2026-08-12 05:44:00+00:00,7.7889,7.7926,7.7767,7.78,2169.1,61
2026-08-12 05:45:00+00:00,7.7769,7.78,7.7766,7.78,286.3,12
2026-08-12 05:46:00+00:00,7.7767,7.7783,7.7764,7.7764,2042.2,39
2026-08-12 05:47:00+00:00,7.78,7.7856,7.78,7.7804,3300.3,35
2026-08-12 05:48:00+00:00,7.7818,7.7879,7.7817,7.7834,210.4,12
2026-08-12 05:49:00+00:00,7.7817,7.7818,7.7759,7.7783,1214.7,28
2026-08-12 05:50:00+00:00,7.7799,7.7802,7.7768,7.779,398.4,8
2026-08-12 05:51:00+00:00,7.7829,7.7829,7.7783,7.7788,404.7,12
2026-08-12 05:52:00+00:00,7.776,7.7842,7.775,7.7796,2849.9,162
2026-08-12 05:53:00+00:00,7.7793,7.7894,7.7786,7.7877,4033.5,92
2026-08-12 05:54:00+00:00,7.7881,7.7906,7.7801,7.7826,1616.7,67
2026-08-12 05:55:00+00:00,7.7822,7.7879,7.78,7.7811,1354.4,86
2026-08-12 05:56:00+00:00,7.7815,7.7891,7.7792,7.7849,3193.3,131
2026-08-12 05:57:00+00:00,7.7833,7.79,7.7788,7.7806,3076.7,134
2026-08-12 05:58:00+00:00,7.7795,7.7848,7.7735,7.7759,3573.4,138
2026-08-12 05:59:00+00:00,7.7748,7.7838,7.774,7.7773,1868.5,110
2026-08-12 06:00:00+00:00,7.7806,7.7806,7.7689,7.77,11448.3,562
2026-08-12 06:01:00+00:00,7.7703,7.7737,7.7353,7.7454,20560.0,481
2026-08-12 06:02:00+00:00,7.7429,7.749,7.7307,7.7376,14233.9,935
2026-08-12 06:03:00+00:00,7.7416,7.7448,7.7332,7.7391,3076.5,373
2026-08-12 06:04:00+00:00,7.7354,7.7482,7.7309,7.7419,4248.2,742
2026-08-12 06:05:00+00:00,7.7458,7.767,7.7416,7.7619,3646.2,376
2026-08-12 06:06:00+00:00,7.7622,7.7718,7.7604,7.7678,2760.7,321
2026-08-12 06:07:00+00:00,7.7636,7.7678,7.7546,7.7553,1934.0,273
2026-08-12 06:08:00+00:00,7.7559,7.7616,7.7524,7.7612,2404.1,318
2026-08-12 06:09:00+00:00,7.7612,7.7612,7.7465,7.7539,8840.7,679
2026-08-12 06:10:00+00:00,7.7539,7.7599,7.7456,7.7506,3074.3,476
2026-08-12 06:11:00+00:00,7.7493,7.7554,7.7432,7.7477,2538.6,278
2026-08-12 06:12:00+00:00,7.7477,7.7722,7.7411,7.768,7711.3,569
2026-08-12 06:13:00+00:00,7.7703,7.7846,7.7675,7.7748,4312.2,447
2026-08-12 06:14:00+00:00,7.7753,7.7826,7.7692,7.7725,3811.6,376
2026-08-12 06:15:00+00:00,7.7747,7.7846,7.7701,7.7748,2147.5,185
2026-08-12 06:16:00+00:00,7.775,7.7795,7.7664,7.7673,1589.7,171
2026-08-12 06:17:00+00:00,7.7674,7.7741,7.762,7.7675,1631.9,96
2026-08-12 06:18:00+00:00,7.7669,7.7732,7.7601,7.7688,1605.3,115
2026-08-12 06:19:00+00:00,7.7706,7.7712,7.7658,7.7687,583.3,30
2026-08-12 06:20:00+00:00,7.7651,7.7683,7.761,7.7671,2619.7,48
2026-08-12 06:21:00+00:00,7.7675,7.7675,7.759,7.7637,567.4,36
2026-08-12 06:22:00+00:00,7.7632,7.7657,7.7592,7.7657,828.4,43
2026-08-12 06:23:00+00:00,7.7641,7.77,7.7621,7.7682,827.8,37
2026-08-12 06:24:00+00:00,7.7656,7.7689,7.7638,7.7689,141.9,11
2026-08-12 06:25:00+00:00,7.7645,7.7699,7.7643,7.7643,524.6,36
2026-08-12 06:26:00+00:00,7.7623,7.7648,7.7538,7.7538,957.7,25
2026-08-12 06:27:00+00:00,7.7538,7.7653,7.75,7.7653,1577.1,54
2026-08-12 06:28:00+00:00,7.7616,7.7641,7.7586,7.7586,1151.2,40
2026-08-12 06:29:00+00:00,7.764,7.7661,7.7587,7.7661,611.7,41
2026-08-12 06:30:00+00:00,7.7602,7.7684,7.7601,7.7643,259.1,20
2026-08-12 06:31:00+00:00,7.7684,7.7733,7.7676,7.7733,1674.9,32
2026-08-12 06:32:00+00:00,7.7747,7.7786,7.7707,7.7724,892.0,45
2026-08-12 06:33:00+00:00,7.7703,7.777,7.7668,7.7743,534.6,21
2026-08-12 06:34:00+00:00,7.7716,7.775,7.7691,7.773,1218.2,22
2026-08-12 06:35:00+00:00,7.7762,7.7763,7.7713,7.7725,190.7,9
2026-08-12 06:36:00+00:00,7.7781,7.7792,7.7753,7.7754,299.0,10
2026-08-12 06:37:00+00:00,7.7779,7.78,7.7751,7.7796,1478.4,17
2026-08-12 06:38:00+00:00,7.7791,7.7835,7.7779,7.7784,1000.6,15
2026-08-12 06:39:00+00:00,7.7788,7.7898,7.7788,7.7875,5450.5,35
2026-08-12 06:40:00+00:00,7.7851,7.789,7.785,7.7851,379.4,12
2026-08-12 06:41:00+00:00,7.7853,7.7882,7.785,7.785,176.3,9
2026-08-12 06:42:00+00:00,7.785,7.7895,7.785,7.786,5630.6,22
2026-08-12 06:43:00+00:00,7.7867,7.7867,7.7852,7.7852,125.4,4
2026-08-12 06:44:00+00:00,7.788,7.79,7.7859,7.79,257.7,11
2026-08-12 06:45:00+00:00,7.7878,7.7932,7.7848,7.7932,4893.3,26
2026-08-12 06:46:00+00:00,7.7929,7.8,7.7878,7.7959,3735.2,44
2026-08-12 06:47:00+00:00,7.799,7.8,7.7956,7.8,3066.6,40
2026-08-12 06:48:00+00:00,7.7991,7.801,7.79,7.7965,8470.1,71
2026-08-12 06:49:00+00:00,7.7999,7.8211,7.7936,7.7976,23570.5,214
2026-08-12 06:50:00+00:00,7.7975,7.8023,7.7952,7.7952,1493.7,20
2026-08-12 06:51:00+00:00,7.7961,7.7961,7.7877,7.7913,8753.7,98
2026-08-12 06:52:00+00:00,7.7912,7.8021,7.788,7.7999,1034.7,15
2026-08-12 06:53:00+00:00,7.7988,7.7988,7.7899,7.7928,1223.2,20
2026-08-12 06:54:00+00:00,7.7916,7.84,7.7859,7.7879,37222.1,438
2026-08-12 06:55:00+00:00,7.7873,7.7976,7.7873,7.7906,3583.1,45
2026-08-12 06:56:00+00:00,7.7909,7.8501,7.7887,7.7985,44474.4,249
2026-08-12 06:57:00+00:00,7.7985,7.813,7.7963,7.8084,7984.4,118
2026-08-12 06:58:00+00:00,7.8066,7.8122,7.8065,7.8121,4307.4,42
2026-08-12 06:59:00+00:00,7.8119,7.82,7.8119,7.816,7581.0,116
2026-08-12 07:00:00+00:00,7.816,7.816,7.7944,7.8088,8352.9,132
2026-08-12 07:01:00+00:00,7.8084,7.812,7.8066,7.8068,1905.2,50
2026-08-12 07:02:00+00:00,7.8076,7.8119,7.8024,7.804,1390.1,61
2026-08-12 07:03:00+00:00,7.804,7.8093,7.7966,7.8006,2190.4,51
2026-08-12 07:04:00+00:00,7.8003,7.81,7.8003,7.8057,1109.3,67
2026-08-12 07:05:00+00:00,7.802,7.8057,7.7988,7.7988,1868.6,44
2026-08-12 07:06:00+00:00,7.799,7.8019,7.7939,7.797,1127.1,23
2026-08-12 07:07:00+00:00,7.7949,7.8,7.7948,7.8,2299.6,21
2026-08-12 07:08:00+00:00,7.8,7.81,7.7995,7.808,9335.7,106
2026-08-12 07:09:00+00:00,7.8065,7.828,7.8057,7.828,8711.8,77
2026-08-12 07:10:00+00:00,7.828,7.8326,7.8241,7.8283,3391.7,38
2026-08-12 07:11:00+00:00,7.822,7.8263,7.8201,7.8239,149.0,10
2026-08-12 07:12:00+00:00,7.8239,7.8239,7.8088,7.8145,751.5,36
2026-08-12 07:13:00+00:00,7.8106,7.8119,7.8082,7.8089,434.0,18
2026-08-12 07:14:00+00:00,7.804,7.8062,7.8021,7.8021,1199.0,19
2026-08-12 07:15:00+00:00,7.8017,7.8026,7.797,7.797,2003.3,20
2026-08-12 07:16:00+00:00,7.7993,7.8062,7.797,7.8061,5033.7,65
2026-08-12 07:17:00+00:00,7.81,7.8279,7.8062,7.8279,1294.9,77
2026-08-12 07:18:00+00:00,7.8213,7.83,7.8101,7.8165,978.6,46
2026-08-12 07:19:00+00:00,7.8228,7.8272,7.8166,7.8223,379.8,28
2026-08-12 07:20:00+00:00,7.8184,7.8235,7.8153,7.8153,475.0,41
2026-08-12 07:21:00+00:00,7.8154,7.8208,7.8154,7.8208,68.4,7
2026-08-12 07:22:00+00:00,7.82,7.8206,7.8137,7.8141,203.2,12
2026-08-12 07:23:00+00:00,7.8174,7.8201,7.8163,7.8163,442.7,31
2026-08-12 07:24:00+00:00,7.8129,7.8184,7.8129,7.8178,110.9,9
2026-08-12 07:25:00+00:00,7.8178,7.8178,7.8108,7.8151,301.4,36
2026-08-12 07:26:00+00:00,7.8155,7.8181,7.8121,7.8148,3287.0,61
2026-08-12 07:27:00+00:00,7.812,7.8164,7.812,7.8129,1184.9,33
2026-08-12 07:28:00+00:00,7.8121,7.8179,7.8115,7.8125,1996.3,60
2026-08-12 07:29:00+00:00,7.8125,7.8151,7.811,7.8124,978.5,61
2026-08-12 07:30:00+00:00,7.8114,7.8181,7.8103,7.8114,1345.2,72
2026-08-12 07:31:00+00:00,7.8134,7.8182,7.8102,7.8115,1359.5,61
2026-08-12 07:32:00+00:00,7.8127,7.8164,7.81,7.8103,1517.6,71
2026-08-12 07:33:00+00:00,7.8103,7.8157,7.8092,7.8094,3386.0,85
2026-08-12 07:34:00+00:00,7.8096,7.8108,7.804,7.804,1998.5,67
2026-08-12 07:35:00+00:00,7.804,7.81,7.8033,7.8051,3686.1,93
2026-08-12 07:36:00+00:00,7.8036,7.8093,7.7975,7.7991,2787.6,78
2026-08-12 07:37:00+00:00,7.7986,7.8072,7.7969,7.7969,7052.6,142
2026-08-12 07:38:00+00:00,7.798,7.7981,7.7956,7.7961,1900.4,79
2026-08-12 07:39:00+00:00,7.7961,7.7994,7.7937,7.7962,1107.2,63
2026-08-12 07:40:00+00:00,7.7962,7.7993,7.7947,7.7956,626.0,44
2026-08-12 07:41:00+00:00,7.7976,7.7983,7.7947,7.7947,4750.8,62
2026-08-12 07:42:00+00:00,7.7947,7.7997,7.7933,7.7969,5030.9,87
2026-08-12 07:43:00+00:00,7.7974,7.8066,7.7952,7.8066,4203.9,77
2026-08-12 07:44:00+00:00,7.8039,7.8043,7.8027,7.8034,2613.4,56
2026-08-12 07:45:00+00:00,7.804,7.8127,7.8035,7.8105,3689.6,58
2026-08-12 07:46:00+00:00,7.812,7.8309,7.8116,7.8309,7530.2,145
2026-08-12 07:47:00+00:00,7.8309,7.8392,7.8294,7.8392,2667.1,50
2026-08-12 07:48:00+00:00,7.8391,7.8578,7.8378,7.8578,10864.7,167
2026-08-12 07:49:00+00:00,7.8579,7.8587,7.8424,7.85,5697.7,62
2026-08-12 07:50:00+00:00,7.8454,7.8591,7.8405,7.8575,1721.6,64
2026-08-12 07:51:00+00:00,7.8571,7.8591,7.849,7.8549,1122.1,43
2026-08-12 07:52:00+00:00,7.8579,7.8579,7.8288,7.8352,2336.3,49
2026-08-12 07:53:00+00:00,7.8351,7.8371,7.822,7.822,1791.8,57
2026-08-12 07:54:00+00:00,7.8256,7.8289,7.8168,7.8289,3157.1,53
2026-08-12 07:55:00+00:00,7.8277,7.8283,7.8184,7.8283,1441.7,38
2026-08-12 07:56:00+00:00,7.8283,7.8283,7.8219,7.8223,587.4,24
2026-08-12 07:57:00+00:00,7.8232,7.8234,7.821,7.8214,522.1,32
2026-08-12 07:58:00+00:00,7.8214,7.8214,7.8158,7.8158,648.2,36
2026-08-12 07:59:00+00:00,7.8192,7.8192,7.8155,7.8164,455.3,19
2026-08-12 08:00:00+00:00,7.8187,7.8188,7.8118,7.8175,875.5,28
2026-08-12 08:01:00+00:00,7.8139,7.8139,7.81,7.811,1130.9,17
2026-08-12 08:02:00+00:00,7.8144,7.8144,7.8129,7.8131,2459.6,23
2026-08-12 08:03:00+00:00,7.8133,7.8187,7.8133,7.8156,1579.3,33
2026-08-12 08:04:00+00:00,7.8156,7.8177,7.8146,7.8177,617.2,17
2026-08-12 08:05:00+00:00,7.8177,7.8177,7.8177,7.8177,60.0,6
2026-08-12 08:06:00+00:00,7.8179,7.8188,7.817,7.818,4164.7,61
2026-08-12 08:07:00+00:00,7.817,7.817,7.817,7.817,962.4,10
2026-08-12 08:08:00+00:00,7.817,7.817,7.817,7.817,0.0,0
2026-08-12 08:09:00+00:00,7.8171,7.8172,7.8171,7.8172,15.0,3
2026-08-12 08:10:00+00:00,7.8172,7.8176,7.8171,7.8175,668.0,6
2026-08-12 08:11:00+00:00,7.8176,7.8178,7.814,7.814,1765.9,22
2026-08-12 08:12:00+00:00,7.814,7.814,7.814,7.814,0.0,0
2026-08-12 08:13:00+00:00,7.8156,7.8188,7.8156,7.8172,897.3,13
2026-08-12 08:14:00+00:00,7.818,7.8225,7.818,7.8199,1535.8,27
2026-08-12 08:15:00+00:00,7.8171,7.8206,7.8171,7.8196,40.3,4
2026-08-12 08:16:00+00:00,7.8202,7.8215,7.8189,7.8189,984.0,6
2026-08-12 08:17:00+00:00,7.8215,7.8215,7.8215,7.8215,26.5,2
2026-08-12 08:18:00+00:00,7.8215,7.8215,7.8213,7.8215,985.8,21
2026-08-12 08:19:00+00:00,7.822,7.8246,7.8135,7.8212,6457.2,23
2026-08-12 08:20:00+00:00,7.8165,7.8196,7.8158,7.8195,866.9,14
2026-08-12 08:21:00+00:00,7.8174,7.8225,7.8174,7.8188,1197.3,23
2026-08-12 08:22:00+00:00,7.8187,7.8189,7.8174,7.8174,605.7,10
2026-08-12 08:23:00+00:00,7.8188,7.829,7.8164,7.8258,3886.2,50
2026-08-12 08:24:00+00:00,7.8259,7.826,7.8202,7.8236,2772.6,40
2026-08-12 08:25:00+00:00,7.825,7.827,7.8199,7.82,2784.6,32
2026-08-12 08:26:00+00:00,7.8247,7.8247,7.8212,7.8212,420.4,7
2026-08-12 08:27:00+00:00,7.8215,7.8236,7.8201,7.8236,78.6,5
2026-08-12 08:28:00+00:00,7.8216,7.8252,7.8191,7.8192,1146.5,16
2026-08-12 08:29:00+00:00,7.8217,7.8217,7.8191,7.8199,750.7,16
2026-08-12 08:30:00+00:00,7.8197,7.8197,7.8185,7.8194,76.0,3
2026-08-12 08:31:00+00:00,7.8212,7.8246,7.8202,7.8222,466.7,17
2026-08-12 08:32:00+00:00,7.8222,7.8256,7.8222,7.8232,218.3,7
2026-08-12 08:33:00+00:00,7.8242,7.8273,7.8242,7.8273,2060.1,27
2026-08-12 08:34:00+00:00,7.8283,7.8283,7.8275,7.8283,378.6,13
2026-08-12 08:35:00+00:00,7.8284,7.8298,7.8265,7.8298,78.9,6
2026-08-12 08:36:00+00:00,7.8281,7.8359,7.8281,7.8358,3988.3,54
2026-08-12 08:37:00+00:00,7.8352,7.8396,7.8351,7.8372,2567.9,36
2026-08-12 08:38:00+00:00,7.8351,7.8399,7.8351,7.8371,612.9,15
2026-08-12 08:39:00+00:00,7.8395,7.84,7.8369,7.8395,363.5,10
2026-08-12 08:40:00+00:00,7.841,7.841,7.8406,7.8406,28.0,4
2026-08-12 08:41:00+00:00,7.8406,7.8407,7.835,7.8381,7305.1,38
2026-08-12 08:42:00+00:00,7.8394,7.8402,7.83,7.83,6480.4,52
2026-08-12 08:43:00+00:00,7.8256,7.83,7.8239,7.83,2863.0,51
2026-08-12 08:44:00+00:00,7.8299,7.8299,7.8228,7.8283,60.4,7
2026-08-12 08:45:00+00:00,7.823,7.83,7.8224,7.83,487.2,24
2026-08-12 08:46:00+00:00,7.8248,7.8248,7.822,7.822,38.3,8
2026-08-12 08:47:00+00:00,7.822,7.823,7.82,7.8217,2191.2,20
2026-08-12 08:48:00+00:00,7.8217,7.8217,7.8202,7.8203,688.0,20
2026-08-12 08:49:00+00:00,7.8203,7.8224,7.8,7.8005,8358.6,106
2026-08-12 08:50:00+00:00,7.8033,7.806,7.7942,7.7996,2204.8,122
2026-08-12 08:51:00+00:00,7.7966,7.8,7.7944,7.7944,346.2,32
2026-08-12 08:52:00+00:00,7.7954,7.7986,7.79,7.7956,4911.1,67
2026-08-12 08:53:00+00:00,7.7974,7.799,7.7911,7.799,1095.3,45
2026-08-12 08:54:00+00:00,7.799,7.7998,7.793,7.7969,1744.8,47
2026-08-12 08:55:00+00:00,7.7968,7.7968,7.7841,7.7896,6083.7,62
2026-08-12 08:56:00+00:00,7.7873,7.7873,7.78,7.78,6066.8,75
2026-08-12 08:57:00+00:00,7.7828,7.7858,7.7801,7.7858,264.9,12
2026-08-12 08:58:00+00:00,7.781,7.7837,7.78,7.7837,315.5,14
2026-08-12 08:59:00+00:00,7.781,7.7839,7.7727,7.7727,2139.3,63
2026-08-12 09:00:00+00:00,7.7771,7.7773,7.7718,7.7739,2053.9,43
2026-08-12 09:01:00+00:00,7.7739,7.7831,7.7733,7.7823,1722.3,51
2026-08-12 09:02:00+00:00,7.7828,7.7846,7.7766,7.7805,2095.5,47
2026-08-12 09:03:00+00:00,7.7805,7.7805,7.774,7.7745,1476.4,40
2026-08-12 09:04:00+00:00,7.7745,7.7816,7.7738,7.7786,8012.1,105
2026-08-12 09:05:00+00:00,7.7786,7.7899,7.7769,7.7875,6998.7,94
2026-08-12 09:06:00+00:00,7.787,7.7894,7.7845,7.7853,3932.5,55
2026-08-12 09:07:00+00:00,7.7873,7.7899,7.7858,7.7883,3402.2,62
2026-08-12 09:08:00+00:00,7.7894,7.79,7.788,7.7892,2369.3,43
2026-08-12 09:09:00+00:00,7.7899,7.79,7.7849,7.79,5377.8,72
2026-08-12 09:10:00+00:00,7.79,7.79,7.7856,7.7889,2018.3,49
2026-08-12 09:11:00+00:00,7.7889,7.7889,7.7801,7.7821,1640.1,34
2026-08-12 09:12:00+00:00,7.7831,7.7831,7.7801,7.7821,1380.6,35
2026-08-12 09:13:00+00:00,7.7821,7.7832,7.78,7.7828,470.5,21
2026-08-12 09:14:00+00:00,7.7827,7.7827,7.78,7.78,312.2,6
2026-08-12 09:15:00+00:00,7.7804,7.7812,7.7721,7.7764,2459.4,49
2026-08-12 09:16:00+00:00,7.7754,7.7783,7.7706,7.7748,1488.0,56
2026-08-12 09:17:00+00:00,7.7745,7.7756,7.7711,7.7714,3393.8,67
2026-08-12 09:18:00+00:00,7.7714,7.7753,7.771,7.7716,7319.5,144
2026-08-12 09:19:00+00:00,7.7716,7.7719,7.7709,7.7716,5154.7,74
2026-08-12 09:20:00+00:00,7.7717,7.7718,7.7716,7.7717,1428.6,29
2026-08-12 09:21:00+00:00,7.7718,7.7719,7.7711,7.7718,2697.9,41
2026-08-12 09:22:00+00:00,7.7718,7.7802,7.77,7.7766,3681.9,68
2026-08-12 09:23:00+00:00,7.7773,7.7843,7.7763,7.7794,11327.8,173
2026-08-12 09:24:00+00:00,7.7809,7.7842,7.7797,7.7809,1620.7,34
2026-08-12 09:25:00+00:00,7.7799,7.7846,7.7799,7.783,1721.9,27
2026-08-12 09:26:00+00:00,7.783,7.783,7.7829,7.783,289.6,16
2026-08-12 09:27:00+00:00,7.783,7.7841,7.7825,7.784,438.5,14
2026-08-12 09:28:00+00:00,7.7829,7.784,7.7821,7.7821,652.5,19
2026-08-12 09:29:00+00:00,7.781,7.7822,7.7806,7.7817,2978.6,38
2026-08-12 09:30:00+00:00,7.7807,7.784,7.7802,7.7811,732.6,26
2026-08-12 09:31:00+00:00,7.7809,7.7811,7.7801,7.7803,957.0,15
2026-08-12 09:32:00+00:00,7.7848,7.785,7.7784,7.7784,3142.9,39
2026-08-12 09:33:00+00:00,7.7803,7.7816,7.7784,7.7799,2283.6,34
2026-08-12 09:34:00+00:00,7.7789,7.7835,7.7777,7.7833,1470.4,27
2026-08-12 09:35:00+00:00,7.7778,7.7791,7.7776,7.7781,2111.7,40
2026-08-12 09:36:00+00:00,7.7781,7.7811,7.7776,7.7778,4272.9,62
2026-08-12 09:37:00+00:00,7.7778,7.7794,7.7777,7.7793,1834.5,16
2026-08-12 09:38:00+00:00,7.7737,7.7764,7.7717,7.7742,2624.8,35
2026-08-12 09:39:00+00:00,7.7719,7.7742,7.7719,7.7721,461.2,4
2026-08-12 09:40:00+00:00,7.7722,7.7722,7.7721,7.7721,295.3,5
2026-08-12 09:41:00+00:00,7.7726,7.7726,7.7726,7.7726,297.6,6
2026-08-12 09:42:00+00:00,7.77,7.7736,7.77,7.7723,1727.6,34
2026-08-12 09:43:00+00:00,7.7714,7.7719,7.7663,7.7666,6032.7,82
2026-08-12 09:44:00+00:00,7.7666,7.767,7.7663,7.7669,1363.3,18
2026-08-12 09:45:00+00:00,7.7669,7.7669,7.7667,7.7667,4.2,2
2026-08-12 09:46:00+00:00,7.7667,7.7667,7.7667,7.7667,1.4,1
2026-08-12 09:47:00+00:00,7.7657,7.7676,7.7652,7.7665,644.6,6
2026-08-12 09:48:00+00:00,7.7669,7.7676,7.7617,7.7617,58.1,8
2026-08-12 09:49:00+00:00,7.7606,7.7648,7.7601,7.764,4197.8,63
2026-08-12 09:50:00+00:00,7.7666,7.7666,7.7629,7.7629,7.6,2
2026-08-12 09:51:00+00:00,7.7605,7.7605,7.7604,7.7604,368.1,3
2026-08-12 09:52:00+00:00,7.7605,7.761,7.7595,7.7595,675.2,16
2026-08-12 09:53:00+00:00,7.7606,7.767,7.7605,7.7656,1173.6,15
2026-08-12 09:54:00+00:00,7.7633,7.7683,7.7633,7.7651,1088.7,11
2026-08-12 09:55:00+00:00,7.7644,7.7648,7.7601,7.762,1927.5,30
2026-08-12 09:56:00+00:00,7.761,7.7654,7.7607,7.7654,688.6,13
2026-08-12 09:57:00+00:00,7.7656,7.7671,7.7646,7.7671,1180.9,19
2026-08-12 09:58:00+00:00,7.7651,7.7659,7.7636,7.7636,2896.1,34
2026-08-12 09:59:00+00:00,7.7615,7.7629,7.7574,7.758,2488.0,47
2026-08-12 10:00:00+00:00,7.7578,7.7589,7.7577,7.7589,648.1,15
2026-08-12 10:01:00+00:00,7.7553,7.7553,7.7553,7.7553,1.6,1
2026-08-12 10:02:00+00:00,7.7548,7.7548,7.7541,7.7541,508.8,10
2026-08-12 10:03:00+00:00,7.7583,7.7583,7.7583,7.7583,1.6,1
2026-08-12 10:04:00+00:00,7.76,7.7613,7.76,7.7613,370.2,4
2026-08-12 10:05:00+00:00,7.764,7.764,7.7576,7.7576,3.0,2
2026-08-12 10:06:00+00:00,7.7605,7.7606,7.7589,7.7589,1560.8,15
2026-08-12 10:07:00+00:00,7.7591,7.7591,7.7591,7.7591,120.8,2
2026-08-12 10:08:00+00:00,7.7591,7.7591,7.7591,7.7591,1.6,1
2026-08-12 10:09:00+00:00,7.7591,7.7591,7.7591,7.7591,0.0,0
2026-08-12 10:10:00+00:00,7.7581,7.7593,7.7579,7.7579,252.6,5
2026-08-12 10:11:00+00:00,7.7593,7.7593,7.7593,7.7593,53.8,1
2026-08-12 10:12:00+00:00,7.7601,7.7601,7.7601,7.7601,1.6,1
2026-08-12 10:13:00+00:00,7.759,7.764,7.7584,7.7639,1764.2,11
2026-08-12 10:14:00+00:00,7.7609,7.7634,7.7609,7.7615,1018.5,7
2026-08-12 10:15:00+00:00,7.7616,7.7616,7.7616,7.7616,373.0,3
2026-08-12 10:16:00+00:00,7.7616,7.7616,7.7616,7.7616,0.0,0
2026-08-12 10:17:00+00:00,7.7631,7.7631,7.763,7.763,614.6,8
2026-08-12 10:18:00+00:00,7.7632,7.764,7.7624,7.764,736.3,9
2026-08-12 10:19:00+00:00,7.7644,7.767,7.7624,7.7639,2531.7,39
2026-08-12 10:20:00+00:00,7.7639,7.7639,7.7639,7.7639,0.0,0
2026-08-12 10:21:00+00:00,7.7639,7.7639,7.7639,7.7639,1.6,1
2026-08-12 10:22:00+00:00,7.7607,7.7607,7.7606,7.7606,644.2,4
2026-08-12 10:23:00+00:00,7.7602,7.7602,7.7602,7.7602,8.4,1
2026-08-12 10:24:00+00:00,7.7615,7.7615,7.7615,7.7615,1.6,1
2026-08-12 10:25:00+00:00,7.7615,7.7615,7.7615,7.7615,0.0,0
2026-08-12 10:26:00+00:00,7.7614,7.7614,7.7614,7.7614,1.6,1
2026-08-12 10:27:00+00:00,7.7629,7.7653,7.761,7.7611,1142.2,15
2026-08-12 10:28:00+00:00,7.7624,7.7624,7.7624,7.7624,1.6,1
2026-08-12 10:29:00+00:00,7.761,7.761,7.761,7.761,3.1,1
2026-08-12 10:30:00+00:00,7.7581,7.7655,7.7581,7.7638,1378.0,18
2026-08-12 10:31:00+00:00,7.7633,7.7634,7.7619,7.7619,52.7,3
2026-08-12 10:32:00+00:00,7.7638,7.7638,7.7638,7.7638,97.1,3
2026-08-12 10:33:00+00:00,7.7638,7.7638,7.7622,7.7623,7.3,3
2026-08-12 10:34:00+00:00,7.7623,7.7623,7.7623,7.7623,0.0,0
2026-08-12 10:35:00+00:00,7.7631,7.7631,7.7627,7.7627,261.2,2
2026-08-12 10:36:00+00:00,7.7627,7.7627,7.7604,7.7604,329.4,2
2026-08-12 10:37:00+00:00,7.7632,7.7657,7.7632,7.7637,308.7,4
2026-08-12 10:38:00+00:00,7.7642,7.7642,7.7641,7.7641,408.2,2
2026-08-12 10:39:00+00:00,7.7652,7.7652,7.7652,7.7652,1.6,1
2026-08-12 10:40:00+00:00,7.7652,7.7652,7.7652,7.7652,0.0,0
2026-08-12 10:41:00+00:00,7.7652,7.7652,7.7652,7.7652,0.0,0
2026-08-12 10:42:00+00:00,7.7661,7.7661,7.7649,7.7649,4.2,2
2026-08-12 10:43:00+00:00,7.7661,7.7662,7.7661,7.7662,376.3,4
2026-08-12 10:44:00+00:00,7.7667,7.7667,7.7667,7.7667,65.9,2
2026-08-12 10:45:00+00:00,7.7667,7.7667,7.7667,7.7667,0.0,0
2026-08-12 10:46:00+00:00,7.7683,7.7683,7.7683,7.7683,1.5,1
2026-08-12 10:47:00+00:00,7.7682,7.7684,7.7682,7.7684,768.8,3
2026-08-12 10:48:00+00:00,7.768,7.768,7.768,7.768,1.6,1
2026-08-12 10:49:00+00:00,7.7656,7.7659,7.7628,7.7628,1620.7,18
2026-08-12 10:50:00+00:00,7.7644,7.7644,7.7644,7.7644,4.1,2
2026-08-12 10:51:00+00:00,7.7644,7.7644,7.7644,7.7644,1.9,1
2026-08-12 10:52:00+00:00,7.7644,7.7644,7.7644,7.7644,0.0,0
2026-08-12 10:53:00+00:00,7.7672,7.7672,7.7672,7.7672,1.6,1
2026-08-12 10:54:00+00:00,7.7672,7.7672,7.7672,7.7672,0.0,0
2026-08-12 10:55:00+00:00,7.7672,7.7672,7.7672,7.7672,1.6,1
2026-08-12 10:56:00+00:00,7.761,7.761,7.7609,7.7609,32.2,2
2026-08-12 10:57:00+00:00,7.7663,7.7663,7.7663,7.7663,1.6,1
2026-08-12 10:58:00+00:00,7.7663,7.7663,7.7663,7.7663,0.0,0
2026-08-12 10:59:00+00:00,7.7663,7.7663,7.7663,7.7663,0.0,0
2026-08-12 11:00:00+00:00,7.7644,7.7672,7.7644,7.7672,31.6,5
2026-08-12 11:01:00+00:00,7.7616,7.7616,7.7616,7.7616,2.6,1
2026-08-12 11:02:00+00:00,7.7671,7.7671,7.7616,7.7616,3.5,2
2026-08-12 11:03:00+00:00,7.7616,7.7616,7.7616,7.7616,0.0,0
2026-08-12 11:04:00+00:00,7.7645,7.7645,7.7645,7.7645,1.6,1
2026-08-12 11:05:00+00:00,7.7645,7.7645,7.7645,7.7645,0.0,0
2026-08-12 11:06:00+00:00,7.7645,7.7666,7.7645,7.7666,4.7,4
2026-08-12 11:07:00+00:00,7.7666,7.7666,7.7666,7.7666,0.0,0
2026-08-12 11:08:00+00:00,7.7665,7.7666,7.7643,7.7666,877.7,20
2026-08-12 11:09:00+00:00,7.766,7.766,7.766,7.766,21.6,3
2026-08-12 11:10:00+00:00,7.7673,7.7673,7.7673,7.7673,2.3,1
2026-08-12 11:11:00+00:00,7.7673,7.7673,7.7649,7.7649,20.5,4
2026-08-12 11:12:00+00:00,7.7649,7.7649,7.7649,7.7649,0.0,0
2026-08-12 11:13:00+00:00,7.7649,7.7673,7.7623,7.7673,31.6,5
2026-08-12 11:14:00+00:00,7.7673,7.7673,7.7673,7.7673,0.0,0
2026-08-12 11:15:00+00:00,7.7673,7.7673,7.7673,7.7673,1.6,1
2026-08-12 11:16:00+00:00,7.765,7.765,7.7649,7.7649,5.7,2
2026-08-12 11:17:00+00:00,7.7649,7.7649,7.7633,7.7633,122.5,2
2026-08-12 11:18:00+00:00,7.7643,7.7648,7.7642,7.7648,486.9,8
2026-08-12 11:19:00+00:00,7.7609,7.7626,7.7602,7.7626,1216.4,16
2026-08-12 11:20:00+00:00,7.7631,7.7642,7.7629,7.7642,381.3,7
2026-08-12 11:21:00+00:00,7.7642,7.7642,7.7642,7.7642,0.0,0
2026-08-12 11:22:00+00:00,7.7642,7.7643,7.7639,7.7643,189.2,8
2026-08-12 11:23:00+00:00,7.763,7.7637,7.763,7.7635,342.0,12
2026-08-12 11:24:00+00:00,7.7631,7.7633,7.7631,7.7633,3.6,2
2026-08-12 11:25:00+00:00,7.7633,7.7633,7.7629,7.7629,651.5,7
2026-08-12 11:26:00+00:00,7.7631,7.7633,7.7628,7.7628,970.7,13
2026-08-12 11:27:00+00:00,7.7633,7.7633,7.7633,7.7633,11.6,2
2026-08-12 11:28:00+00:00,7.7633,7.7633,7.7633,7.7633,0.0,0
2026-08-12 11:29:00+00:00,7.7633,7.7633,7.7628,7.7628,43.5,6
2026-08-12 11:30:00+00:00,7.7633,7.7633,7.7633,7.7633,6.3,2
2026-08-12 11:31:00+00:00,7.7633,7.7633,7.7633,7.7633,4.8,2
2026-08-12 11:32:00+00:00,7.7628,7.7628,7.7628,7.7628,10.4,1
2026-08-12 11:33:00+00:00,7.7633,7.7633,7.7633,7.7633,1.6,1
2026-08-12 11:34:00+00:00,7.7626,7.7626,7.7626,7.7626,30.0,3
2026-08-12 11:35:00+00:00,7.7626,7.7629,7.7626,7.7629,7.2,2
2026-08-12 11:36:00+00:00,7.7628,7.7628,7.7628,7.7628,1.6,1
2026-08-12 11:37:00+00:00,7.7633,7.7637,7.7633,7.7637,1310.3,11
2026-08-12 11:38:00+00:00,7.7646,7.7646,7.7629,7.7629,4.2,2
2026-08-12 11:39:00+00:00,7.7668,7.7668,7.7668,7.7668,321.8,2
2026-08-12 11:40:00+00:00,7.7659,7.7659,7.7659,7.7659,1.6,1
2026-08-12 11:41:00+00:00,7.7672,7.7672,7.7636,7.7636,276.4,2
2026-08-12 11:42:00+00:00,7.7629,7.7689,7.7611,7.7686,1272.2,23
2026-08-12 11:43:00+00:00,7.77,7.771,7.77,7.771,683.2,13
2026-08-12 11:44:00+00:00,7.7729,7.773,7.7728,7.7729,819.3,10
2026-08-12 11:45:00+00:00,7.7767,7.7769,7.7767,7.7769,638.2,6
2026-08-12 11:46:00+00:00,7.7799,7.7842,7.7798,7.7842,2803.5,34
2026-08-12 11:47:00+00:00,7.79,7.8021,7.79,7.8021,1175.7,15
2026-08-12 11:48:00+00:00,7.7994,7.8022,7.799,7.799,37.7,4
2026-08-12 11:49:00+00:00,7.798,7.7994,7.798,7.7994,348.8,4
2026-08-12 11:50:00+00:00,7.801,7.8043,7.801,7.8029,886.1,14
2026-08-12 11:51:00+00:00,7.8054,7.8054,7.8025,7.8025,889.6,12
2026-08-12 11:52:00+00:00,7.8025,7.8025,7.8025,7.8025,0.0,0
2026-08-12 11:53:00+00:00,7.8066,7.808,7.8066,7.808,87.0,3
2026-08-12 11:54:00+00:00,7.8087,7.8102,7.8087,7.8101,930.3,9
2026-08-12 11:55:00+00:00,7.8199,7.82,7.8162,7.82,20.4,3
2026-08-12 11:56:00+00:00,7.8176,7.8176,7.8174,7.8174,902.8,7
2026-08-12 11:57:00+00:00,7.8187,7.8187,7.8187,7.8187,1.5,1
2026-08-12 11:58:00+00:00,7.8155,7.8201,7.8154,7.8194,2776.3,33
2026-08-12 11:59:00+00:00,7.8204,7.8204,7.8203,7.8203,13.3,2
2026-08-12 12:00:00+00:00,7.8203,7.8203,7.8203,7.8203,0.0,0
2026-08-12 12:01:00+00:00,7.8203,7.8203,7.8203,7.8203,0.0,0
2026-08-12 12:02:00+00:00,7.8155,7.8155,7.8155,7.8155,1.5,1
2026-08-12 12:03:00+00:00,7.8134,7.8134,7.8134,7.8134,27.5,3
2026-08-12 12:04:00+00:00,7.8155,7.8155,7.8155,7.8155,11.5,2
2026-08-12 12:05:00+00:00,7.8165,7.8166,7.8165,7.8166,10.0,3
2026-08-12 12:06:00+00:00,7.8145,7.8157,7.8145,7.8157,302.8,3
2026-08-12 12:07:00+00:00,7.8157,7.8157,7.8157,7.8157,0.0,0
2026-08-12 12:08:00+00:00,7.8155,7.8155,7.8131,7.8131,389.1,3
2026-08-12 12:09:00+00:00,7.8131,7.8131,7.8131,7.8131,0.0,0
2026-08-12 12:10:00+00:00,7.8155,7.8155,7.8155,7.8155,1.5,1
2026-08-12 12:11:00+00:00,7.8122,7.8127,7.8122,7.8127,62.6,2
2026-08-12 12:12:00+00:00,7.8127,7.8127,7.8127,7.8127,1.5,1
2026-08-12 12:13:00+00:00,7.8127,7.8127,7.8127,7.8127,0.0,0
2026-08-12 12:14:00+00:00,7.81,7.81,7.8056,7.8069,969.9,11
2026-08-12 12:15:00+00:00,7.8094,7.8094,7.8084,7.8084,210.0,3
2026-08-12 12:16:00+00:00,7.809,7.8134,7.8079,7.8134,401.5,6
2026-08-12 12:17:00+00:00,7.81,7.8103,7.8083,7.8083,1144.6,12
2026-08-12 12:18:00+00:00,7.8083,7.8105,7.8075,7.8087,341.5,8
2026-08-12 12:19:00+00:00,7.8087,7.8118,7.8025,7.8118,1006.2,34
2026-08-12 12:20:00+00:00,7.8118,7.8194,7.8117,7.8173,940.0,25
2026-08-12 12:21:00+00:00,7.8186,7.8199,7.8149,7.8191,581.2,15
2026-08-12 12:22:00+00:00,7.8198,7.82,7.8164,7.8199,812.5,18
2026-08-12 12:23:00+00:00,7.8199,7.82,7.8096,7.8132,1002.5,23
2026-08-12 12:24:00+00:00,7.814,7.8161,7.814,7.8161,24.7,8
2026-08-12 12:25:00+00:00,7.8144,7.8151,7.8137,7.8151,23.5,4
2026-08-12 12:26:00+00:00,7.8156,7.8162,7.8156,7.8162,118.0,2
2026-08-12 12:27:00+00:00,7.8161,7.8161,7.8159,7.8159,21.5,3
2026-08-12 12:28:00+00:00,7.8129,7.8141,7.8129,7.8134,1816.6,27
2026-08-12 12:29:00+00:00,7.8135,7.8135,7.8019,7.8024,3990.1,47
2026-08-12 12:30:00+00:00,7.8019,7.8065,7.7935,7.7996,9901.4,115
2026-08-12 12:31:00+00:00,7.7987,7.7988,7.7932,7.7932,18.3,5
2026-08-12 12:32:00+00:00,7.7983,7.8198,7.7983,7.8141,1919.6,30
2026-08-12 12:33:00+00:00,7.8135,7.8135,7.8063,7.8077,2296.0,28
2026-08-12 12:34:00+00:00,7.8097,7.8144,7.8097,7.8144,88.9,3
2026-08-12 12:35:00+00:00,7.8121,7.8121,7.8078,7.8078,1154.5,21
2026-08-12 12:36:00+00:00,7.8061,7.8077,7.8061,7.8077,95.5,3
2026-08-12 12:37:00+00:00,7.8066,7.8066,7.8066,7.8066,1.5,1
2026-08-12 12:38:00+00:00,7.8066,7.8066,7.8066,7.8066,0.0,0
2026-08-12 12:39:00+00:00,7.8096,7.8096,7.8096,7.8096,10.0,1
2026-08-12 12:40:00+00:00,7.8106,7.8161,7.8106,7.812,650.1,12
2026-08-12 12:41:00+00:00,7.8126,7.813,7.8122,7.813,1082.2,19
2026-08-12 12:42:00+00:00,7.8168,7.8168,7.8168,7.8168,1.5,1
2026-08-12 12:43:00+00:00,7.8188,7.8214,7.8188,7.8214,517.3,11
2026-08-12 12:44:00+00:00,7.8229,7.8229,7.8227,7.8227,3.8,2
2026-08-12 12:45:00+00:00,7.8222,7.8222,7.8183,7.8183,194.9,3
2026-08-12 12:46:00+00:00,7.8197,7.8222,7.8197,7.8222,182.9,11
2026-08-12 12:47:00+00:00,7.8156,7.8185,7.8156,7.8184,1082.5,7
2026-08-12 12:48:00+00:00,7.8174,7.8199,7.8173,7.8199,577.7,9
2026-08-12 12:49:00+00:00,7.8164,7.8164,7.8164,7.8164,18.5,1
2026-08-12 12:50:00+00:00,7.817,7.8171,7.8169,7.8171,324.8,3
2026-08-12 12:51:00+00:00,7.8152,7.8166,7.8152,7.8166,314.1,8
2026-08-12 12:52:00+00:00,7.8166,7.8175,7.8166,7.8175,51.5,2
2026-08-12 12:53:00+00:00,7.8123,7.8123,7.8122,7.8123,1328.5,27
2026-08-12 12:54:00+00:00,7.8171,7.8227,7.8171,7.8227,169.7,5
2026-08-12 12:55:00+00:00,7.8227,7.8227,7.8227,7.8227,23.1,1
2026-08-12 12:56:00+00:00,7.8216,7.8224,7.8216,7.8216,140.8,8
2026-08-12 12:57:00+00:00,7.8216,7.8225,7.8175,7.8201,381.5,22
2026-08-12 12:58:00+00:00,7.8201,7.8201,7.8201,7.8201,40.0,2
2026-08-12 12:59:00+00:00,7.8216,7.823,7.8212,7.8212,1060.6,17
2026-08-12 13:00:00+00:00,7.8226,7.823,7.8162,7.8202,703.3,12
2026-08-12 13:01:00+00:00,7.8205,7.8206,7.8203,7.8205,1113.0,16
2026-08-12 13:02:00+00:00,7.8212,7.8215,7.8212,7.8215,30.0,2
2026-08-12 13:03:00+00:00,7.8215,7.8255,7.8215,7.8242,3855.6,37
2026-08-12 13:04:00+00:00,7.8241,7.8248,7.821,7.821,123.4,6
2026-08-12 13:05:00+00:00,7.8234,7.825,7.8234,7.825,589.1,11
2026-08-12 13:06:00+00:00,7.8237,7.8252,7.8237,7.8252,141.1,5
2026-08-12 13:07:00+00:00,7.828,7.83,7.8254,7.8258,179.2,16
2026-08-12 13:08:00+00:00,7.8279,7.8279,7.8275,7.8279,230.7,5
2026-08-12 13:09:00+00:00,7.8279,7.8279,7.8279,7.8279,445.1,4
2026-08-12 13:10:00+00:00,7.8279,7.8279,7.8266,7.8279,101.1,7
2026-08-12 13:11:00+00:00,7.8276,7.8277,7.7987,7.8,9448.6,103
2026-08-12 13:12:00+00:00,7.7992,7.8095,7.799,7.8053,3916.5,66
2026-08-12 13:13:00+00:00,7.8043,7.8081,7.8042,7.8065,1392.4,29
2026-08-12 13:14:00+00:00,7.8023,7.8072,7.8018,7.8072,3293.4,40
2026-08-12 13:15:00+00:00,7.8072,7.8092,7.8072,7.8074,83.3,3
2026-08-12 13:16:00+00:00,7.8074,7.8077,7.8071,7.8077,157.1,4
2026-08-12 13:17:00+00:00,7.8077,7.8078,7.8077,7.8078,152.8,4
2026-08-12 13:18:00+00:00,7.8078,7.8078,7.8022,7.8036,801.1,16
2026-08-12 13:19:00+00:00,7.8029,7.8029,7.8029,7.8029,182.9,4
2026-08-12 13:20:00+00:00,7.803,7.8078,7.803,7.8078,607.1,11
2026-08-12 13:21:00+00:00,7.8046,7.8046,7.8037,7.8037,712.3,9
2026-08-12 13:22:00+00:00,7.8037,7.8075,7.8037,7.8075,122.8,4
2026-08-12 13:23:00+00:00,7.8044,7.8044,7.8044,7.8044,93.3,3
2026-08-12 13:24:00+00:00,7.8044,7.8072,7.8044,7.805,84.8,4
2026-08-12 13:25:00+00:00,7.805,7.8073,7.8003,7.8073,464.0,13
2026-08-12 13:26:00+00:00,7.8048,7.808,7.8048,7.8053,724.3,11
2026-08-12 13:27:00+00:00,7.8053,7.8069,7.8003,7.8067,363.1,14
2026-08-12 13:28:00+00:00,7.8068,7.8097,7.8025,7.8066,420.5,12
2026-08-12 13:29:00+00:00,7.8058,7.8077,7.8046,7.8075,1886.8,25
2026-08-12 13:30:00+00:00,7.8028,7.82,7.8028,7.82,2304.7,43
2026-08-12 13:31:00+00:00,7.8123,7.8134,7.8,7.8058,938.4,17
2026-08-12 13:32:00+00:00,7.8017,7.809,7.8002,7.8075,446.9,11
2026-08-12 13:33:00+00:00,7.8086,7.8107,7.7996,7.8061,593.0,22
2026-08-12 13:34:00+00:00,7.8014,7.8052,7.7949,7.7998,873.2,17
2026-08-12 13:35:00+00:00,7.7954,7.8096,7.7954,7.8089,1501.2,25
2026-08-12 13:36:00+00:00,7.8093,7.8094,7.8027,7.8094,3196.3,41
2026-08-12 13:37:00+00:00,7.805,7.8189,7.805,7.8153,2639.3,50
2026-08-12 13:38:00+00:00,7.8111,7.8205,7.8048,7.8162,2053.0,46
2026-08-12 13:39:00+00:00,7.8127,7.8191,7.8122,7.8172,1959.4,30
2026-08-12 13:40:00+00:00,7.813,7.815,7.8101,7.8136,907.4,26
2026-08-12 13:41:00+00:00,7.814,7.817,7.81,7.815,106.5,5
2026-08-12 13:42:00+00:00,7.8104,7.8227,7.8104,7.8227,165.4,6
2026-08-12 13:43:00+00:00,7.819,7.83,7.8171,7.83,357.9,12
2026-08-12 13:44:00+00:00,7.8318,7.8479,7.8302,7.8479,2721.2,54
2026-08-12 13:45:00+00:00,7.8473,7.8651,7.8472,7.8632,1292.1,46
2026-08-12 13:46:00+00:00,7.8629,7.8697,7.8629,7.8697,722.2,22
2026-08-12 13:47:00+00:00,7.869,7.8761,7.868,7.8733,2511.1,35
2026-08-12 13:48:00+00:00,7.8696,7.8779,7.8692,7.8779,2222.7,52
2026-08-12 13:49:00+00:00,7.8779,7.8852,7.8757,7.8852,1496.1,33
2026-08-12 13:50:00+00:00,7.8852,7.8879,7.8833,7.8879,3724.3,227
2026-08-12 13:51:00+00:00,7.8879,7.8879,7.8875,7.8879,10186.6,109
2026-08-12 13:52:00+00:00,7.8879,7.8886,7.8848,7.8886,2171.6,30
2026-08-12 13:53:00+00:00,7.8886,7.8955,7.8886,7.8954,2777.8,44
2026-08-12 13:54:00+00:00,7.8954,7.8966,7.8925,7.8942,3596.0,49
2026-08-12 13:55:00+00:00,7.8964,7.8968,7.8909,7.8939,1750.5,36
2026-08-12 13:56:00+00:00,7.8939,7.894,7.88,7.8842,5525.3,70
2026-08-12 13:57:00+00:00,7.8827,7.894,7.8822,7.8937,2423.5,30
2026-08-12 13:58:00+00:00,7.8929,7.8982,7.8856,7.8872,4715.0,59
2026-08-12 13:59:00+00:00,7.8924,7.8931,7.8848,7.8878,6632.0,34
2026-08-12 14:00:00+00:00,7.8877,7.8927,7.8856,7.8927,1200.6,17
2026-08-12 14:01:00+00:00,7.8926,7.8928,7.8894,7.8909,1414.5,32
2026-08-12 14:02:00+00:00,7.8909,7.892,7.8799,7.88,3752.1,49
2026-08-12 14:03:00+00:00,7.8832,7.8848,7.8747,7.8773,1441.8,41
2026-08-12 14:04:00+00:00,7.8736,7.8736,7.8351,7.8402,8221.7,136
2026-08-12 14:05:00+00:00,7.8336,7.8468,7.8321,7.8394,2559.6,57
2026-08-12 14:06:00+00:00,7.8452,7.8495,7.842,7.8424,520.6,11
2026-08-12 14:07:00+00:00,7.8419,7.8452,7.835,7.835,1678.3,42
2026-08-12 14:08:00+00:00,7.8336,7.835,7.8265,7.8316,1926.9,36
2026-08-12 14:09:00+00:00,7.8279,7.8293,7.8214,7.8293,584.8,21
2026-08-12 14:10:00+00:00,7.8293,7.83,7.8225,7.8273,2078.0,50
2026-08-12 14:11:00+00:00,7.8269,7.827,7.82,7.82,1294.0,31
2026-08-12 14:12:00+00:00,7.8204,7.8204,7.81,7.8106,6013.0,99
2026-08-12 14:13:00+00:00,7.8094,7.8165,7.8069,7.8069,6680.0,98
2026-08-12 14:14:00+00:00,7.8069,7.807,7.8,7.8001,5678.3,55
2026-08-12 14:15:00+00:00,7.8001,7.8025,7.7942,7.8023,5077.9,49
2026-08-12 14:16:00+00:00,7.8022,7.8055,7.7965,7.7989,4512.5,73
2026-08-12 14:17:00+00:00,7.799,7.8047,7.7943,7.8001,4693.5,70
2026-08-12 14:18:00+00:00,7.7997,7.8062,7.7803,7.788,13321.6,147
2026-08-12 14:19:00+00:00,7.788,7.7884,7.7784,7.7836,12418.2,132
2026-08-12 14:20:00+00:00,7.7837,7.7843,7.7756,7.7768,12114.6,158
2026-08-12 14:21:00+00:00,7.7773,7.7783,7.7716,7.7746,1169.7,25
2026-08-12 14:22:00+00:00,7.7746,7.7847,7.7745,7.7813,1647.2,28
2026-08-12 14:23:00+00:00,7.7813,7.7844,7.7768,7.7844,2750.3,61
2026-08-12 14:24:00+00:00,7.7842,7.7903,7.777,7.7885,3541.2,61
2026-08-12 14:25:00+00:00,7.7873,7.7942,7.7871,7.7873,3673.3,54
2026-08-12 14:26:00+00:00,7.7916,7.7939,7.7892,7.7937,4090.8,59
2026-08-12 14:27:00+00:00,7.794,7.8042,7.7938,7.8032,2859.7,37
2026-08-12 14:28:00+00:00,7.801,7.85,7.7998,7.8225,16769.6,117
2026-08-12 14:29:00+00:00,7.8222,7.84,7.8221,7.84,1318.7,24
2026-08-12 14:30:00+00:00,7.8399,7.85,7.8398,7.85,2581.4,34
2026-08-12 14:31:00+00:00,7.8499,7.8621,7.8434,7.8608,17725.2,179
2026-08-12 14:32:00+00:00,7.8568,7.8615,7.8546,7.8615,4759.2,34
2026-08-12 14:33:00+00:00,7.8614,7.8672,7.8614,7.8659,5682.4,65
2026-08-12 14:34:00+00:00,7.8659,7.8758,7.8601,7.8602,6749.6,69
2026-08-12 14:35:00+00:00,7.8657,7.8668,7.8479,7.8492,2585.3,38
2026-08-12 14:36:00+00:00,7.8484,7.8562,7.844,7.8474,2984.3,23
2026-08-12 14:37:00+00:00,7.8474,7.8541,7.8456,7.8532,10010.1,108
2026-08-12 14:38:00+00:00,7.8507,7.8574,7.8507,7.8574,875.8,13
2026-08-12 14:39:00+00:00,7.857,7.8609,7.857,7.86,988.7,11
2026-08-12 14:40:00+00:00,7.8586,7.8629,7.8586,7.8629,2722.3,22
2026-08-12 14:41:00+00:00,7.8614,7.8704,7.8614,7.8704,748.4,12
2026-08-12 14:42:00+00:00,7.8646,7.869,7.8622,7.8637,757.5,12
2026-08-12 14:43:00+00:00,7.8608,7.8675,7.8569,7.8642,886.2,18
2026-08-12 14:44:00+00:00,7.8645,7.8733,7.8621,7.8733,670.5,14
2026-08-12 14:45:00+00:00,7.8647,7.8797,7.8647,7.8714,943.2,23
2026-08-12 14:46:00+00:00,7.8749,7.88,7.8691,7.88,764.4,26
2026-08-12 14:47:00+00:00,7.88,7.8939,7.8757,7.8939,779.1,21
2026-08-12 14:48:00+00:00,7.8937,7.8951,7.8897,7.8901,3432.4,44
2026-08-12 14:49:00+00:00,7.8901,7.8945,7.8827,7.8882,3135.4,29
2026-08-12 14:50:00+00:00,7.8874,7.8898,7.8754,7.8764,6369.7,45
2026-08-12 14:51:00+00:00,7.8735,7.8813,7.8735,7.8813,2769.8,37
2026-08-12 14:52:00+00:00,7.8748,7.8748,7.8673,7.8743,920.9,21
2026-08-12 14:53:00+00:00,7.8725,7.8763,7.8699,7.8753,1165.4,14
2026-08-12 14:54:00+00:00,7.8699,7.8724,7.8673,7.8687,5594.3,93
2026-08-12 14:55:00+00:00,7.8714,7.8765,7.8678,7.8695,3323.0,63
2026-08-12 14:56:00+00:00,7.8696,7.876,7.8696,7.8716,1214.3,13
2026-08-12 14:57:00+00:00,7.8717,7.8732,7.8687,7.8731,777.2,17
2026-08-12 14:58:00+00:00,7.8707,7.8731,7.8654,7.8731,2743.6,33
2026-08-12 14:59:00+00:00,7.8761,7.8786,7.8752,7.8752,3138.8,32
2026-08-12 15:00:00+00:00,7.8753,7.8753,7.86,7.868,1829.7,34
2026-08-12 15:01:00+00:00,7.8657,7.8704,7.8604,7.8684,854.9,24
2026-08-12 15:02:00+00:00,7.8659,7.868,7.8657,7.868,7888.7,47
2026-08-12 15:03:00+00:00,7.8679,7.8718,7.8679,7.8718,201.4,8
2026-08-12 15:04:00+00:00,7.8708,7.8708,7.868,7.8685,240.2,11
2026-08-12 15:05:00+00:00,7.8678,7.8732,7.8678,7.8732,3846.7,42
2026-08-12 15:06:00+00:00,7.8732,7.8778,7.8725,7.8772,2845.9,28
2026-08-12 15:07:00+00:00,7.8751,7.8799,7.8747,7.8799,93.2,5
2026-08-12 15:08:00+00:00,7.8798,7.8798,7.8797,7.8797,109.7,3
2026-08-12 15:09:00+00:00,7.8796,7.8862,7.8754,7.8862,780.0,11
2026-08-12 15:10:00+00:00,7.8814,7.8916,7.8814,7.8855,1139.4,24
2026-08-12 15:11:00+00:00,7.8941,7.8941,7.89,7.8935,116.8,7
2026-08-12 15:12:00+00:00,7.8906,7.8995,7.8901,7.8995,1823.4,22
2026-08-12 15:13:00+00:00,7.8966,7.8992,7.895,7.8992,738.0,7
2026-08-12 15:14:00+00:00,7.8963,7.8993,7.8963,7.8992,1319.6,25
2026-08-12 15:15:00+00:00,7.899,7.8995,7.8966,7.8974,207.8,6
2026-08-12 15:16:00+00:00,7.8995,7.9,7.8982,7.8999,182.7,4
2026-08-12 15:17:00+00:00,7.9,7.9,7.8982,7.8982,405.2,7
2026-08-12 15:18:00+00:00,7.9,7.9,7.898,7.8994,434.2,10
2026-08-12 15:19:00+00:00,7.9,7.9013,7.9,7.9013,2930.4,19
2026-08-12 15:20:00+00:00,7.9015,7.902,7.9001,7.9002,248.0,10
2026-08-12 15:21:00+00:00,7.9011,7.9026,7.901,7.9025,2393.8,16
2026-08-12 15:22:00+00:00,7.9024,7.903,7.8966,7.9029,3878.8,33
2026-08-12 15:23:00+00:00,7.903,7.9036,7.8994,7.8994,162.6,12
2026-08-12 15:24:00+00:00,7.8995,7.9036,7.8992,7.9036,100.4,10
2026-08-12 15:25:00+00:00,7.9036,7.9043,7.9018,7.902,450.4,7
2026-08-12 15:26:00+00:00,7.9015,7.9037,7.8984,7.9037,499.0,5
2026-08-12 15:27:00+00:00,7.9013,7.9013,7.9011,7.9011,392.1,7
2026-08-12 15:28:00+00:00,7.9038,7.9038,7.8991,7.9,176.8,8
2026-08-12 15:29:00+00:00,7.9013,7.904,7.9013,7.9026,275.4,6
2026-08-12 15:30:00+00:00,7.9026,7.9057,7.898,7.9057,2802.6,22
2026-08-12 15:31:00+00:00,7.9057,7.9057,7.904,7.9057,154.2,4
2026-08-12 15:32:00+00:00,7.9057,7.9064,7.9048,7.9064,83.2,4
2026-08-12 15:33:00+00:00,7.9064,7.9064,7.903,7.9064,222.4,6
2026-08-12 15:34:00+00:00,7.903,7.9036,7.9027,7.9027,2563.6,26
2026-08-12 15:35:00+00:00,7.9035,7.9035,7.8978,7.8982,1421.4,10
2026-08-12 15:36:00+00:00,7.8979,7.9011,7.8979,7.9011,467.2,8
2026-08-12 15:37:00+00:00,7.9002,7.9034,7.9002,7.9034,83.3,4
2026-08-12 15:38:00+00:00,7.9002,7.9003,7.8948,7.8977,8362.4,28
2026-08-12 15:39:00+00:00,7.9002,7.9002,7.9002,7.9002,83.3,4
2026-08-12 15:40:00+00:00,7.8978,7.9034,7.8964,7.8964,9879.0,85
2026-08-12 15:41:00+00:00,7.8964,7.8965,7.8918,7.8918,1876.9,29
2026-08-12 15:42:00+00:00,7.89,7.8913,7.8888,7.8913,3425.6,65
2026-08-12 15:43:00+00:00,7.8889,7.8889,7.8803,7.8806,1381.6,17
2026-08-12 15:44:00+00:00,7.88,7.88,7.8701,7.8701,1430.5,18
2026-08-12 15:45:00+00:00,7.87,7.8709,7.8651,7.8653,3134.6,36
2026-08-12 15:46:00+00:00,7.8666,7.8691,7.8632,7.8637,1336.3,26
2026-08-12 15:47:00+00:00,7.8636,7.8636,7.8611,7.8626,970.0,21
2026-08-12 15:48:00+00:00,7.8623,7.8628,7.8583,7.8583,228.1,8
2026-08-12 15:49:00+00:00,7.8593,7.8699,7.8592,7.8651,2080.7,43
2026-08-12 15:50:00+00:00,7.8651,7.8692,7.8651,7.8692,159.5,8
2026-08-12 15:51:00+00:00,7.8691,7.87,7.869,7.8692,83.3,5
2026-08-12 15:52:00+00:00,7.8692,7.8719,7.8666,7.8719,533.6,9
2026-08-12 15:53:00+00:00,7.8719,7.8748,7.8719,7.8736,262.1,14
2026-08-12 15:54:00+00:00,7.88,7.8812,7.88,7.8812,83.2,4
2026-08-12 15:55:00+00:00,7.8812,7.8912,7.8812,7.8912,218.6,10
2026-08-12 15:56:00+00:00,7.8878,7.9024,7.8878,7.9004,8178.1,120
2026-08-12 15:57:00+00:00,7.9005,7.9027,7.9004,7.9026,981.6,11
2026-08-12 15:58:00+00:00,7.9032,7.9033,7.9027,7.9032,1746.7,24
2026-08-12 15:59:00+00:00,7.9028,7.9118,7.9027,7.9112,2981.4,56
2026-08-12 16:00:00+00:00,7.9076,7.9125,7.9076,7.9125,205.6,11
2026-08-12 16:01:00+00:00,7.91,7.9112,7.9046,7.9112,549.0,6
2026-08-12 16:02:00+00:00,7.9102,7.9131,7.9102,7.9131,1824.9,18
2026-08-12 16:03:00+00:00,7.9087,7.9087,7.897,7.897,2669.7,30
2026-08-12 16:04:00+00:00,7.8957,7.8957,7.8898,7.8941,1964.3,20
2026-08-12 16:05:00+00:00,7.8944,7.8976,7.8944,7.8971,905.5,10
2026-08-12 16:06:00+00:00,7.8971,7.8971,7.8971,7.8971,83.2,2
2026-08-12 16:07:00+00:00,7.8948,7.8987,7.8941,7.896,1425.0,17
2026-08-12 16:08:00+00:00,7.9,7.9008,7.8944,7.8979,214.7,9
2026-08-12 16:09:00+00:00,7.8977,7.9008,7.8977,7.9008,87.5,5
2026-08-12 16:10:00+00:00,7.9007,7.9044,7.8984,7.9044,89.7,6
2026-08-12 16:11:00+00:00,7.9064,7.9087,7.9064,7.9087,979.5,11
2026-08-12 16:12:00+00:00,7.9086,7.9099,7.9086,7.9099,85.1,7
2026-08-12 16:13:00+00:00,7.9082,7.9102,7.908,7.908,693.3,16
2026-08-12 16:14:00+00:00,7.9086,7.9102,7.9086,7.9101,399.3,6
2026-08-12 16:15:00+00:00,7.9075,7.91,7.9075,7.91,566.9,15
2026-08-12 16:16:00+00:00,7.9075,7.9108,7.9075,7.9108,87.8,7
2026-08-12 16:17:00+00:00,7.9075,7.9128,7.9075,7.9091,1275.7,24
2026-08-12 16:18:00+00:00,7.9079,7.9136,7.9079,7.9136,420.9,13
2026-08-12 16:19:00+00:00,7.9102,7.9139,7.91,7.9127,131.2,12
2026-08-12 16:20:00+00:00,7.9107,7.9139,7.9107,7.9121,149.5,12
2026-08-12 16:21:00+00:00,7.9121,7.9139,7.9121,7.9139,479.7,9
2026-08-12 16:22:00+00:00,7.9137,7.9152,7.9054,7.9142,5952.8,57
2026-08-12 16:23:00+00:00,7.9136,7.916,7.9136,7.9159,2070.2,17
2026-08-12 16:24:00+00:00,7.9136,7.916,7.9135,7.916,92.2,7
2026-08-12 16:25:00+00:00,7.9136,7.916,7.9136,7.9158,87.4,6
2026-08-12 16:26:00+00:00,7.9146,7.9158,7.9145,7.9158,87.6,6
2026-08-12 16:27:00+00:00,7.9136,7.9149,7.9133,7.9139,2257.6,26
2026-08-12 16:28:00+00:00,7.9136,7.9139,7.9135,7.9139,87.1,7
2026-08-12 16:29:00+00:00,7.9136,7.9166,7.9135,7.9166,87.8,7
2026-08-12 16:30:00+00:00,7.9134,7.916,7.9103,7.915,595.5,14
2026-08-12 16:31:00+00:00,7.9137,7.9154,7.9132,7.9148,609.0,11
2026-08-12 16:32:00+00:00,7.9126,7.9144,7.9105,7.9115,450.2,12
2026-08-12 16:33:00+00:00,7.9129,7.9138,7.9124,7.9138,798.8,15
2026-08-12 16:34:00+00:00,7.9136,7.9147,7.9131,7.9136,87.8,8
2026-08-12 16:35:00+00:00,7.9129,7.9155,7.9129,7.9135,905.4,14
2026-08-12 16:36:00+00:00,7.9134,7.9186,7.9134,7.9186,1604.9,27
2026-08-12 16:37:00+00:00,7.9163,7.9186,7.9162,7.9186,373.8,8
2026-08-12 16:38:00+00:00,7.9185,7.92,7.9174,7.92,800.2,14
2026-08-12 16:39:00+00:00,7.9168,7.9198,7.9164,7.9198,89.8,9
2026-08-12 16:40:00+00:00,7.9181,7.92,7.9163,7.9173,367.8,14
2026-08-12 16:41:00+00:00,7.9153,7.9173,7.9153,7.9173,87.1,7
2026-08-12 16:42:00+00:00,7.9141,7.9155,7.9139,7.9144,1650.9,21
2026-08-12 16:43:00+00:00,7.914,7.9144,7.914,7.9144,87.2,5
2026-08-12 16:44:00+00:00,7.9122,7.9175,7.9121,7.9175,87.6,7
2026-08-12 16:45:00+00:00,7.9142,7.918,7.9142,7.9179,102.0,4
2026-08-12 16:46:00+00:00,7.9178,7.9178,7.9131,7.9171,1347.2,11
2026-08-12 16:47:00+00:00,7.9132,7.9184,7.9132,7.9184,83.2,2
2026-08-12 16:48:00+00:00,7.9143,7.917,7.9128,7.917,117.8,4
2026-08-12 16:49:00+00:00,7.9177,7.9181,7.9177,7.9181,83.3,2
2026-08-12 16:50:00+00:00,7.92,7.92,7.9169,7.9171,1460.7,9
2026-08-12 16:51:00+00:00,7.9171,7.92,7.9171,7.92,157.7,4
2026-08-12 16:52:00+00:00,7.92,7.9207,7.92,7.9207,85.8,5
2026-08-12 16:53:00+00:00,7.92,7.9201,7.9194,7.9194,448.8,8
2026-08-12 16:54:00+00:00,7.9199,7.9207,7.9193,7.9193,2018.6,6
2026-08-12 16:55:00+00:00,7.9176,7.9214,7.9172,7.9214,145.4,10
2026-08-12 16:56:00+00:00,7.9212,7.9219,7.9212,7.9219,94.7,4
2026-08-12 16:57:00+00:00,7.922,7.922,7.9219,7.9219,83.3,2
2026-08-12 16:58:00+00:00,7.9218,7.9234,7.9187,7.9234,1250.7,20
2026-08-12 16:59:00+00:00,7.9234,7.9241,7.9234,7.9241,90.8,5
2026-08-12 17:00:00+00:00,7.9241,7.9241,7.9241,7.9241,83.3,2
2026-08-12 17:01:00+00:00,7.9241,7.9301,7.9241,7.9297,3287.0,29
2026-08-12 17:02:00+00:00,7.9257,7.9297,7.9257,7.9297,83.3,2
2026-08-12 17:03:00+00:00,7.9284,7.9301,7.926,7.9269,1437.4,9
2026-08-12 17:04:00+00:00,7.9269,7.9293,7.9269,7.9293,83.2,2
2026-08-12 17:05:00+00:00,7.9299,7.9299,7.9288,7.9288,83.3,2
2026-08-12 17:06:00+00:00,7.93,7.93,7.9265,7.929,90.0,3
2026-08-12 17:07:00+00:00,7.9261,7.9291,7.926,7.9291,546.7,12
2026-08-12 17:08:00+00:00,7.9266,7.9266,7.9217,7.9241,1419.7,27
2026-08-12 17:09:00+00:00,7.9216,7.9232,7.9205,7.9212,5207.0,70
2026-08-12 17:10:00+00:00,7.9211,7.9213,7.9126,7.917,3420.4,55
2026-08-12 17:11:00+00:00,7.9167,7.917,7.9165,7.9169,96.9,5
2026-08-12 17:12:00+00:00,7.9169,7.9202,7.9165,7.9202,173.7,7
2026-08-12 17:13:00+00:00,7.9211,7.9219,7.9189,7.9194,1020.8,20
2026-08-12 17:14:00+00:00,7.9203,7.9204,7.9158,7.9165,2442.4,38
2026-08-12 17:15:00+00:00,7.9166,7.9214,7.9166,7.9214,96.8,6
2026-08-12 17:16:00+00:00,7.9221,7.9222,7.9186,7.9222,412.3,11
2026-08-12 17:17:00+00:00,7.9187,7.9235,7.9187,7.9235,158.5,7
2026-08-12 17:18:00+00:00,7.9196,7.924,7.9196,7.924,138.4,5
2026-08-12 17:19:00+00:00,7.9206,7.9238,7.9201,7.923,96.9,5
2026-08-12 17:20:00+00:00,7.9196,7.9276,7.9196,7.9247,125.8,7
2026-08-12 17:21:00+00:00,7.9246,7.9293,7.9245,7.9293,96.9,5
2026-08-12 17:22:00+00:00,7.9256,7.9297,7.9254,7.9297,249.3,7
2026-08-12 17:23:00+00:00,7.9297,7.93,7.9225,7.9225,128.7,9
2026-08-12 17:24:00+00:00,7.9254,7.9274,7.9253,7.9265,621.9,18
2026-08-12 17:25:00+00:00,7.9265,7.9302,7.9251,7.9283,1139.9,18
2026-08-12 17:26:00+00:00,7.9271,7.9316,7.9118,7.9217,6603.0,77
2026-08-12 17:27:00+00:00,7.922,7.9236,7.9136,7.916,1395.3,32
2026-08-12 17:28:00+00:00,7.9151,7.9151,7.9065,7.9087,5996.1,82
2026-08-12 17:29:00+00:00,7.9079,7.9098,7.9068,7.9096,135.7,7
2026-08-12 17:30:00+00:00,7.9066,7.9088,7.9059,7.9088,96.8,6
2026-08-12 17:31:00+00:00,7.9076,7.9099,7.9076,7.9082,96.9,6
2026-08-12 17:32:00+00:00,7.9054,7.9054,7.893,7.8964,7384.5,64
2026-08-12 17:33:00+00:00,7.8961,7.9,7.8933,7.8986,2290.1,15
2026-08-12 17:34:00+00:00,7.8981,7.899,7.8942,7.899,220.9,14
2026-08-12 17:35:00+00:00,7.8951,7.9017,7.8951,7.9017,116.3,7
2026-08-12 17:36:00+00:00,7.8972,7.8987,7.8951,7.8987,307.1,8
2026-08-12 17:37:00+00:00,7.8975,7.9042,7.8975,7.8999,738.3,7
2026-08-12 17:38:00+00:00,7.9039,7.9087,7.9039,7.9087,83.3,2
2026-08-12 17:39:00+00:00,7.9076,7.9082,7.9076,7.9082,83.3,2
2026-08-12 17:40:00+00:00,7.9085,7.9086,7.9085,7.9086,149.3,3
2026-08-12 17:41:00+00:00,7.9085,7.918,7.9085,7.918,588.6,10
2026-08-12 17:42:00+00:00,7.9181,7.9188,7.918,7.9188,1293.2,13
2026-08-12 17:43:00+00:00,7.92,7.9258,7.92,7.9254,550.5,5
2026-08-12 17:44:00+00:00,7.9264,7.9299,7.9261,7.9299,327.2,9
2026-08-12 17:45:00+00:00,7.9276,7.9276,7.9259,7.9262,129.4,8
2026-08-12 17:46:00+00:00,7.9274,7.9276,7.9274,7.9276,83.3,2
2026-08-12 17:47:00+00:00,7.9276,7.9356,7.9276,7.934,3693.8,25
2026-08-12 17:48:00+00:00,7.9341,7.9341,7.934,7.934,83.2,2
2026-08-12 17:49:00+00:00,7.9357,7.9357,7.9344,7.9344,86.8,4
2026-08-12 17:50:00+00:00,7.9344,7.9398,7.9344,7.9368,7501.6,45
2026-08-12 17:51:00+00:00,7.9398,7.94,7.9398,7.94,83.2,4
2026-08-12 17:52:00+00:00,7.94,7.9405,7.94,7.9405,83.3,3
2026-08-12 17:53:00+00:00,7.9405,7.9405,7.9405,7.9405,83.3,2
2026-08-12 17:54:00+00:00,7.9405,7.9431,7.9405,7.9412,1083.2,8
2026-08-12 17:55:00+00:00,7.939,7.9432,7.9387,7.9432,92.5,4
2026-08-12 17:56:00+00:00,7.9433,7.9433,7.9433,7.9433,83.3,2
2026-08-12 17:57:00+00:00,7.9433,7.9433,7.9384,7.9431,90.3,4
2026-08-12 17:58:00+00:00,7.9433,7.9433,7.9422,7.9422,114.1,5
2026-08-12 17:59:00+00:00,7.9432,7.9432,7.9432,7.9432,83.2,2
2026-08-12 18:00:00+00:00,7.9432,7.9432,7.9413,7.9413,90.0,4
2026-08-12 18:01:00+00:00,7.9383,7.9426,7.9383,7.9426,95.3,8
2026-08-12 18:02:00+00:00,7.9375,7.9375,7.9334,7.9334,530.2,9
2026-08-12 18:03:00+00:00,7.9332,7.9332,7.9303,7.9307,3602.5,44
2026-08-12 18:04:00+00:00,7.9312,7.9356,7.9312,7.9356,520.4,10
2026-08-12 18:05:00+00:00,7.9358,7.9361,7.9334,7.9334,83.2,3
2026-08-12 18:06:00+00:00,7.9318,7.933,7.9317,7.9317,907.7,13
2026-08-12 18:07:00+00:00,7.9317,7.9337,7.9317,7.9337,83.3,2
2026-08-12 18:08:00+00:00,7.9367,7.9368,7.9367,7.9367,83.2,3
2026-08-12 18:09:00+00:00,7.9367,7.9367,7.9367,7.9367,83.3,2
2026-08-12 18:10:00+00:00,7.9345,7.935,7.9345,7.935,671.5,6
2026-08-12 18:11:00+00:00,7.9345,7.9369,7.9345,7.9369,187.2,6
2026-08-12 18:12:00+00:00,7.9369,7.9369,7.9332,7.9369,101.3,5
2026-08-12 18:13:00+00:00,7.9369,7.9369,7.9348,7.9368,183.2,3
2026-08-12 18:14:00+00:00,7.9367,7.9421,7.9364,7.9386,6227.1,51
2026-08-12 18:15:00+00:00,7.94,7.9429,7.9399,7.9429,468.6,6
2026-08-12 18:16:00+00:00,7.9428,7.9429,7.9428,7.9429,83.2,3
2026-08-12 18:17:00+00:00,7.9429,7.9433,7.94,7.9431,242.7,8
2026-08-12 18:18:00+00:00,7.9433,7.9433,7.9396,7.9396,758.9,15
2026-08-12 18:19:00+00:00,7.9433,7.9433,7.9411,7.9433,1569.2,11
2026-08-12 18:20:00+00:00,7.9433,7.9433,7.9433,7.9433,83.3,2
2026-08-12 18:21:00+00:00,7.9433,7.9433,7.9433,7.9433,86.9,3
2026-08-12 18:22:00+00:00,7.943,7.9441,7.943,7.9441,83.3,3
2026-08-12 18:23:00+00:00,7.9441,7.9441,7.9413,7.9413,83.3,2
2026-08-12 18:24:00+00:00,7.9441,7.95,7.9441,7.9498,828.4,13
2026-08-12 18:25:00+00:00,7.95,7.95,7.9424,7.945,1749.6,46
2026-08-12 18:26:00+00:00,7.944,7.946,7.9405,7.9405,1504.1,17
2026-08-12 18:27:00+00:00,7.943,7.9432,7.943,7.9431,698.2,18
2026-08-12 18:28:00+00:00,7.9431,7.9431,7.9431,7.9431,234.4,6
2026-08-12 18:29:00+00:00,7.9435,7.9435,7.9417,7.942,1758.4,18
2026-08-12 18:30:00+00:00,7.9437,7.9437,7.94,7.9413,1615.5,12
2026-08-12 18:31:00+00:00,7.9379,7.9392,7.9367,7.9388,2628.7,34
2026-08-12 18:32:00+00:00,7.9393,7.9398,7.9393,7.9398,145.0,3
2026-08-12 18:33:00+00:00,7.9388,7.9484,7.9388,7.9461,414.0,9
2026-08-12 18:34:00+00:00,7.9493,7.9493,7.9461,7.9488,89.3,5
2026-08-12 18:35:00+00:00,7.9455,7.95,7.9439,7.9457,184.6,14
2026-08-12 18:36:00+00:00,7.9439,7.9448,7.9414,7.9438,95.5,9
2026-08-12 18:37:00+00:00,7.9406,7.949,7.9404,7.949,93.7,14
2026-08-12 18:38:00+00:00,7.9499,7.9499,7.9455,7.9481,94.8,3
2026-08-12 18:39:00+00:00,7.9474,7.9495,7.9474,7.9495,83.3,4
2026-08-12 18:40:00+00:00,7.945,7.9483,7.9444,7.9483,102.6,7
2026-08-12 18:41:00+00:00,7.9454,7.9485,7.9454,7.9485,119.4,7
2026-08-12 18:42:00+00:00,7.95,7.95,7.9475,7.949,124.2,5
2026-08-12 18:43:00+00:00,7.95,7.95,7.9477,7.9491,1345.2,5
2026-08-12 18:44:00+00:00,7.9495,7.95,7.9495,7.95,83.2,2
2026-08-12 18:45:00+00:00,7.95,7.95,7.9489,7.9498,450.3,4
2026-08-12 18:46:00+00:00,7.95,7.95,7.95,7.95,83.2,2
2026-08-12 18:47:00+00:00,7.9498,7.9498,7.9498,7.9498,83.3,2
2026-08-12 18:48:00+00:00,7.95,7.95,7.95,7.95,83.3,2
2026-08-12 18:49:00+00:00,7.9469,7.95,7.9469,7.95,83.2,2
2026-08-12 18:50:00+00:00,7.95,7.95,7.95,7.95,83.3,2
2026-08-12 18:51:00+00:00,7.946,7.95,7.9459,7.9474,122.7,7
2026-08-12 18:52:00+00:00,7.9469,7.95,7.9465,7.95,88.0,6
2026-08-12 18:53:00+00:00,7.9499,7.95,7.9499,7.95,83.3,3
2026-08-12 18:54:00+00:00,7.95,7.95,7.95,7.95,263.6,4
2026-08-12 18:55:00+00:00,7.9466,7.9495,7.9436,7.9491,849.9,13
2026-08-12 18:56:00+00:00,7.95,7.95,7.9462,7.95,261.1,6
2026-08-12 18:57:00+00:00,7.9464,7.9464,7.9447,7.9464,1527.7,15
2026-08-12 18:58:00+00:00,7.9466,7.9478,7.9429,7.9478,146.7,7
2026-08-12 18:59:00+00:00,7.9479,7.9492,7.9469,7.9469,112.1,3
2026-08-12 19:00:00+00:00,7.9499,7.95,7.9499,7.95,83.2,3
2026-08-12 19:01:00+00:00,7.95,7.95,7.95,7.95,188.4,3
2026-08-12 19:02:00+00:00,7.95,7.95,7.95,7.95,83.3,3
2026-08-12 19:03:00+00:00,7.9463,7.95,7.9463,7.95,105.3,3
2026-08-12 19:04:00+00:00,7.95,7.95,7.95,7.95,83.3,3
2026-08-12 19:05:00+00:00,7.95,7.95,7.9495,7.9495,111.6,3
2026-08-12 19:06:00+00:00,7.9464,7.9492,7.9463,7.9492,127.3,4
2026-08-12 19:07:00+00:00,7.95,7.95,7.9475,7.9475,276.6,3
2026-08-12 19:08:00+00:00,7.9497,7.95,7.9497,7.95,83.3,3
2026-08-12 19:09:00+00:00,7.9498,7.95,7.9473,7.9473,615.4,17
2026-08-12 19:10:00+00:00,7.948,7.95,7.948,7.95,83.3,2
2026-08-12 19:11:00+00:00,7.9463,7.95,7.9463,7.9485,86.7,5
2026-08-12 19:12:00+00:00,7.9479,7.9481,7.9479,7.9481,97.6,3
2026-08-12 19:13:00+00:00,7.95,7.95,7.9477,7.9484,786.3,7
2026-08-12 19:14:00+00:00,7.9487,7.95,7.9487,7.95,83.2,2
2026-08-12 19:15:00+00:00,7.9488,7.9491,7.9488,7.9491,83.3,2
2026-08-12 19:16:00+00:00,7.9481,7.9485,7.9481,7.9485,83.3,2
2026-08-12 19:17:00+00:00,7.9463,7.95,7.9463,7.95,87.7,3
2026-08-12 19:18:00+00:00,7.9464,7.9563,7.9463,7.9563,1969.8,22
2026-08-12 19:19:00+00:00,7.9563,7.96,7.9563,7.96,151.2,6
2026-08-12 19:20:00+00:00,7.96,7.963,7.9579,7.959,2571.3,26
2026-08-12 19:21:00+00:00,7.9636,7.9658,7.9636,7.9658,578.9,10
2026-08-12 19:22:00+00:00,7.9658,7.9685,7.9641,7.9671,2797.5,21
2026-08-12 19:23:00+00:00,7.9667,7.9689,7.9665,7.9689,761.0,11
2026-08-12 19:24:00+00:00,7.9689,7.97,7.9675,7.97,1595.1,24
2026-08-12 19:25:00+00:00,7.9667,7.97,7.9653,7.966,620.7,11
2026-08-12 19:26:00+00:00,7.9695,7.9697,7.9695,7.9697,83.3,3
2026-08-12 19:27:00+00:00,7.9658,7.9697,7.9641,7.9693,386.3,12
2026-08-12 19:28:00+00:00,7.9674,7.9687,7.9662,7.9665,171.3,4
2026-08-12 19:29:00+00:00,7.9608,7.9653,7.9608,7.9653,232.1,5
2026-08-12 19:30:00+00:00,7.9631,7.9635,7.9631,7.9635,83.3,3
2026-08-12 19:31:00+00:00,7.96,7.9651,7.9563,7.9592,1978.4,16
2026-08-12 19:32:00+00:00,7.9579,7.9595,7.9579,7.9595,83.3,3
2026-08-12 19:33:00+00:00,7.9545,7.9545,7.9405,7.9443,121.0,6
2026-08-12 19:34:00+00:00,7.9432,7.9437,7.9432,7.9437,83.2,3
2026-08-12 19:35:00+00:00,7.9406,7.942,7.938,7.9385,439.8,13
2026-08-12 19:36:00+00:00,7.9346,7.9346,7.9224,7.9228,2845.4,34
2026-08-12 19:37:00+00:00,7.92,7.92,7.9174,7.9185,420.7,8
2026-08-12 19:38:00+00:00,7.9184,7.9302,7.9184,7.9294,1921.4,25
2026-08-12 19:39:00+00:00,7.9301,7.9476,7.9269,7.9464,8906.6,98
2026-08-12 19:40:00+00:00,7.9462,7.9599,7.9462,7.9534,572.8,18
2026-08-12 19:41:00+00:00,7.9538,7.9551,7.9479,7.9483,407.0,6
2026-08-12 19:42:00+00:00,7.9458,7.9537,7.9458,7.9537,103.2,5
2026-08-12 19:43:00+00:00,7.9458,7.9508,7.9408,7.9508,731.6,11
2026-08-12 19:44:00+00:00,7.9507,7.9514,7.9507,7.9514,83.3,2
2026-08-12 19:45:00+00:00,7.9468,7.9545,7.9468,7.9515,1199.5,20
2026-08-12 19:46:00+00:00,7.9514,7.9514,7.947,7.9494,90.8,3
2026-08-12 19:47:00+00:00,7.9412,7.9429,7.9359,7.9401,151.0,8
2026-08-12 19:48:00+00:00,7.9358,7.9398,7.9353,7.9398,446.6,11
2026-08-12 19:49:00+00:00,7.9409,7.9425,7.938,7.9425,279.3,10
2026-08-12 19:50:00+00:00,7.94,7.9404,7.936,7.9374,1947.5,17
2026-08-12 19:51:00+00:00,7.9394,7.9452,7.9387,7.9452,1412.9,23
2026-08-12 19:52:00+00:00,7.941,7.9457,7.9409,7.9457,655.8,15
2026-08-12 19:53:00+00:00,7.9443,7.9482,7.9443,7.9476,96.3,4
2026-08-12 19:54:00+00:00,7.944,7.95,7.9439,7.95,1142.7,17
2026-08-12 19:55:00+00:00,7.9442,7.9509,7.9422,7.9509,4929.1,58
2026-08-12 19:56:00+00:00,7.9526,7.9533,7.9523,7.9532,5155.1,57
2026-08-12 19:57:00+00:00,7.953,7.9563,7.95,7.9563,120.1,8
2026-08-12 19:58:00+00:00,7.9513,7.9569,7.9512,7.9569,116.8,7
2026-08-12 19:59:00+00:00,7.9544,7.959,7.9544,7.959,152.2,8
2026-08-12 20:00:00+00:00,7.959,7.96,7.9578,7.96,257.6,9
2026-08-12 20:01:00+00:00,7.9588,7.96,7.9585,7.96,1121.5,11
2026-08-12 20:02:00+00:00,7.9573,7.96,7.9573,7.96,927.2,11
2026-08-12 20:03:00+00:00,7.9591,7.9592,7.9584,7.9588,1510.0,25
2026-08-12 20:04:00+00:00,7.9587,7.959,7.9586,7.959,96.3,4
2026-08-12 20:05:00+00:00,7.959,7.9664,7.959,7.9664,1382.3,11
2026-08-12 20:06:00+00:00,7.9639,7.9689,7.9638,7.9689,98.8,4
2026-08-12 20:07:00+00:00,7.9638,7.9694,7.9638,7.9689,97.6,5
2026-08-12 20:08:00+00:00,7.9644,7.9699,7.9644,7.9699,2022.2,32
2026-08-12 20:09:00+00:00,7.9665,7.9692,7.9646,7.9692,730.7,18
2026-08-12 20:10:00+00:00,7.9637,7.9647,7.9586,7.9639,223.3,7
2026-08-12 20:11:00+00:00,7.957,7.957,7.951,7.9534,653.8,14
2026-08-12 20:12:00+00:00,7.95,7.9618,7.95,7.9618,116.5,10
2026-08-12 20:13:00+00:00,7.9572,7.9604,7.9558,7.9604,931.8,14
2026-08-12 20:14:00+00:00,7.9575,7.9644,7.9565,7.96,176.3,13
2026-08-12 20:15:00+00:00,7.9623,7.9698,7.9623,7.9698,1748.7,20
2026-08-12 20:16:00+00:00,7.9676,7.9699,7.9658,7.9699,117.6,8
2026-08-12 20:17:00+00:00,7.9659,7.9694,7.9659,7.9694,103.3,3
2026-08-12 20:18:00+00:00,7.9644,7.9694,7.9644,7.9693,416.8,12
2026-08-12 20:19:00+00:00,7.9642,7.9683,7.9642,7.9683,103.3,3
2026-08-12 20:20:00+00:00,7.9636,7.9699,7.9608,7.9699,650.6,13
2026-08-12 20:21:00+00:00,7.9653,7.97,7.9653,7.97,103.2,7
2026-08-12 20:22:00+00:00,7.9639,7.9698,7.9639,7.9698,168.9,6
2026-08-12 20:23:00+00:00,7.9638,7.9681,7.963,7.9681,223.3,11
2026-08-12 20:24:00+00:00,7.963,7.973,7.963,7.973,1187.6,8
2026-08-12 20:25:00+00:00,7.9689,7.9719,7.9655,7.9719,290.0,9
2026-08-12 20:26:00+00:00,7.9678,7.971,7.9678,7.971,103.2,3
2026-08-12 20:27:00+00:00,7.9684,7.9707,7.9683,7.9707,103.3,4
2026-08-12 20:28:00+00:00,7.9632,7.9693,7.9622,7.9693,223.3,13
2026-08-12 20:29:00+00:00,7.9653,7.9742,7.9632,7.9742,741.7,11
2026-08-12 20:30:00+00:00,7.974,7.9775,7.9702,7.9775,1672.9,18
2026-08-12 20:31:00+00:00,7.9742,7.9784,7.9742,7.9784,255.4,7
2026-08-12 20:32:00+00:00,7.9751,7.9778,7.9738,7.9778,167.3,6
2026-08-12 20:33:00+00:00,7.9749,7.98,7.9747,7.9759,857.7,16
2026-08-12 20:34:00+00:00,7.9773,7.98,7.9751,7.98,1035.9,27
2026-08-12 20:35:00+00:00,7.9783,7.98,7.9783,7.98,781.9,24
2026-08-12 20:36:00+00:00,7.9763,7.98,7.9763,7.98,103.3,3
2026-08-12 20:37:00+00:00,7.9761,7.98,7.9761,7.98,103.2,3
2026-08-12 20:38:00+00:00,7.9759,7.98,7.9759,7.9781,353.8,7
2026-08-12 20:39:00+00:00,7.9748,7.98,7.9748,7.9763,124.1,8
2026-08-12 20:40:00+00:00,7.9763,7.98,7.9763,7.98,113.2,4
2026-08-12 20:41:00+00:00,7.9791,7.98,7.9767,7.98,140.8,4
2026-08-12 20:42:00+00:00,7.9795,7.9795,7.975,7.9795,123.3,4
2026-08-12 20:43:00+00:00,7.9763,7.98,7.9763,7.98,103.2,3
2026-08-12 20:44:00+00:00,7.98,7.9812,7.98,7.9812,141.4,4
2026-08-12 20:45:00+00:00,7.9816,7.9832,7.9816,7.9824,124.6,6
2026-08-12 20:46:00+00:00,7.9831,7.9855,7.9803,7.9837,254.7,14
2026-08-12 20:47:00+00:00,7.987,7.9872,7.9835,7.9872,757.1,6
2026-08-12 20:48:00+00:00,7.9874,7.9874,7.9867,7.9867,354.5,3
2026-08-12 20:49:00+00:00,7.9837,7.9871,7.9837,7.9859,97.8,3
2026-08-12 20:50:00+00:00,7.9827,7.9857,7.9806,7.9851,1361.6,11
2026-08-12 20:51:00+00:00,7.9855,7.9859,7.9855,7.9859,83.2,3
2026-08-12 20:52:00+00:00,7.9859,7.9863,7.9822,7.9851,103.3,7
2026-08-12 20:53:00+00:00,7.9863,7.9863,7.9863,7.9863,83.3,2
2026-08-12 20:54:00+00:00,7.9866,7.9873,7.9866,7.9871,88.7,3
2026-08-12 20:55:00+00:00,7.9865,7.9865,7.9833,7.9833,109.5,3
2026-08-12 20:56:00+00:00,7.9825,7.9866,7.9825,7.9866,208.5,6
2026-08-12 20:57:00+00:00,7.9873,7.9879,7.9873,7.9879,236.7,8
2026-08-12 20:58:00+00:00,7.9879,7.99,7.9848,7.99,1664.0,39
2026-08-12 20:59:00+00:00,7.99,7.99,7.9867,7.9873,243.6,13
2026-08-12 21:00:00+00:00,7.9873,7.99,7.9847,7.9847,424.3,17
2026-08-12 21:01:00+00:00,7.9882,7.9899,7.9847,7.9899,923.5,20
2026-08-12 21:02:00+00:00,7.9886,7.99,7.9886,7.99,108.2,5
2026-08-12 21:03:00+00:00,7.99,7.99,7.9885,7.9892,174.1,9
2026-08-12 21:04:00+00:00,7.99,7.99,7.9847,7.9851,1669.6,18
2026-08-12 21:05:00+00:00,7.9846,7.9846,7.9742,7.9802,1376.3,25
2026-08-12 21:06:00+00:00,7.9815,7.9825,7.9759,7.9823,216.9,6
2026-08-12 21:07:00+00:00,7.9808,7.9808,7.9791,7.9791,83.3,2
2026-08-12 21:08:00+00:00,7.9784,7.983,7.976,7.983,89.9,5
2026-08-12 21:09:00+00:00,7.9793,7.9829,7.9793,7.9829,83.3,2
2026-08-12 21:10:00+00:00,7.9824,7.9827,7.9824,7.9827,83.3,2
2026-08-12 21:11:00+00:00,7.9835,7.9835,7.9823,7.9823,83.2,2
2026-08-12 21:12:00+00:00,7.9772,7.9796,7.9747,7.9796,724.7,17
2026-08-12 21:13:00+00:00,7.9788,7.9818,7.9788,7.9818,83.2,2
2026-08-12 21:14:00+00:00,7.9794,7.9816,7.9794,7.9816,88.3,3
2026-08-12 21:15:00+00:00,7.9819,7.9819,7.976,7.976,270.0,15
2026-08-12 21:16:00+00:00,7.9754,7.99,7.9742,7.987,6524.9,25
2026-08-12 21:17:00+00:00,7.9826,7.9896,7.9824,7.9896,130.9,6
2026-08-12 21:18:00+00:00,7.9858,7.988,7.9858,7.988,108.3,3
2026-08-12 21:19:00+00:00,7.987,7.987,7.987,7.987,83.2,2
2026-08-12 21:20:00+00:00,7.987,7.987,7.987,7.987,83.3,2
2026-08-12 21:21:00+00:00,7.9854,7.987,7.9824,7.987,208.3,8
2026-08-12 21:22:00+00:00,7.9836,7.987,7.9832,7.987,245.8,8
2026-08-12 21:23:00+00:00,7.9869,7.987,7.9842,7.9843,684.3,6
2026-08-12 21:24:00+00:00,7.9826,7.9865,7.9814,7.9865,233.3,7
2026-08-12 21:25:00+00:00,7.987,7.987,7.987,7.987,83.2,2
2026-08-12 21:26:00+00:00,7.987,7.987,7.987,7.987,165.3,3
2026-08-12 21:27:00+00:00,7.987,7.99,7.987,7.99,6556.5,17
2026-08-12 21:28:00+00:00,7.9878,7.99,7.9878,7.99,167.0,8
2026-08-12 21:29:00+00:00,7.99,7.99,7.99,7.99,83.3,2
2026-08-12 21:30:00+00:00,7.99,7.99,7.9859,7.99,108.2,4
2026-08-12 21:31:00+00:00,7.9863,7.99,7.9863,7.99,110.3,5
2026-08-12 21:32:00+00:00,7.99,7.99,7.9899,7.99,612.1,13
2026-08-12 21:33:00+00:00,7.99,7.99,7.99,7.99,110.6,3
2026-08-12 21:34:00+00:00,7.9888,7.9888,7.9855,7.9881,330.5,10
2026-08-12 21:35:00+00:00,7.9899,7.99,7.9859,7.99,734.2,7
2026-08-12 21:36:00+00:00,7.99,7.99,7.9875,7.9877,1758.4,7
2026-08-12 21:37:00+00:00,7.9899,7.99,7.986,7.986,105.5,8
2026-08-12 21:38:00+00:00,7.9899,7.99,7.9846,7.9881,119.3,7
2026-08-12 21:39:00+00:00,7.9881,7.9881,7.9866,7.9881,91.1,3
2026-08-12 21:40:00+00:00,7.9881,7.9894,7.9853,7.9887,1223.8,14
2026-08-12 21:41:00+00:00,7.9852,7.9873,7.9817,7.9873,125.5,3
2026-08-12 21:42:00+00:00,7.9838,7.9845,7.9709,7.9716,3712.1,59
2026-08-12 21:43:00+00:00,7.9711,7.9764,7.9709,7.9722,3370.9,94
2026-08-12 21:44:00+00:00,7.9713,7.9774,7.9693,7.9774,1092.0,19
2026-08-12 21:45:00+00:00,7.9769,7.9769,7.9731,7.9753,611.3,15
2026-08-12 21:46:00+00:00,7.9754,7.9755,7.9738,7.9738,1030.9,28
2026-08-12 21:47:00+00:00,7.9737,7.9737,7.9699,7.9699,83.2,2
2026-08-12 21:48:00+00:00,7.9702,7.9703,7.9702,7.9703,83.3,2
2026-08-12 21:49:00+00:00,7.9668,7.9737,7.9668,7.9737,206.8,6
2026-08-12 21:50:00+00:00,7.9734,7.9734,7.9666,7.9666,255.6,6
2026-08-12 21:51:00+00:00,7.9707,7.9707,7.9628,7.9628,326.7,9
2026-08-12 21:52:00+00:00,7.9659,7.9659,7.9646,7.9655,1036.1,9
2026-08-12 21:53:00+00:00,7.967,7.9698,7.9461,7.9461,2129.2,79
2026-08-12 21:54:00+00:00,7.9486,7.9505,7.9072,7.9096,7003.3,193
2026-08-12 21:55:00+00:00,7.9096,7.9207,7.9096,7.9207,2186.5,25
2026-08-12 21:56:00+00:00,7.9221,7.9447,7.9212,7.9408,9860.9,111
2026-08-12 21:57:00+00:00,7.9415,7.9653,7.9413,7.9597,14164.1,162
2026-08-12 21:58:00+00:00,7.9597,7.9601,7.952,7.952,5863.8,60
2026-08-12 21:59:00+00:00,7.95,7.95,7.9439,7.9487,7769.1,78
2026-08-12 22:00:00+00:00,7.9461,7.9482,7.9438,7.946,2440.6,38
2026-08-12 22:01:00+00:00,7.9469,7.952,7.9436,7.9459,3150.6,42
2026-08-12 22:02:00+00:00,7.9429,7.9473,7.9357,7.9429,4278.2,94
2026-08-12 22:03:00+00:00,7.9392,7.9476,7.9317,7.9325,7837.2,194
2026-08-12 22:04:00+00:00,7.9321,7.9325,7.9223,7.9223,5620.3,177
2026-08-12 22:05:00+00:00,7.9216,7.9233,7.9171,7.9197,3595.8,145
2026-08-12 22:06:00+00:00,7.9214,7.9272,7.9204,7.9272,602.0,19
2026-08-12 22:07:00+00:00,7.9235,7.9294,7.9235,7.9284,1400.4,10
2026-08-12 22:08:00+00:00,7.9273,7.9363,7.9273,7.9326,273.7,11
2026-08-12 22:09:00+00:00,7.9311,7.9311,7.9275,7.9292,1753.2,22
2026-08-12 22:10:00+00:00,7.9292,7.9326,7.9292,7.9326,138.5,9
2026-08-12 22:11:00+00:00,7.9322,7.9328,7.929,7.9328,85.3,4
2026-08-12 22:12:00+00:00,7.9335,7.9581,7.9335,7.9536,5653.4,83
2026-08-12 22:13:00+00:00,7.9501,7.9665,7.9501,7.9646,2190.4,39
2026-08-12 22:14:00+00:00,7.9686,7.97,7.9686,7.97,83.2,3
2026-08-12 22:15:00+00:00,7.97,7.97,7.9697,7.97,83.3,4
2026-08-12 22:16:00+00:00,7.97,7.9749,7.9691,7.9725,120.6,10
2026-08-12 22:17:00+00:00,7.9758,7.98,7.9758,7.98,301.0,12
2026-08-12 22:18:00+00:00,7.9767,7.9853,7.9753,7.9827,1980.4,51
2026-08-12 22:19:00+00:00,7.9827,7.9832,7.9758,7.9788,3645.0,122
2026-08-12 22:20:00+00:00,7.9788,7.9827,7.9769,7.9801,1518.6,76
2026-08-12 22:21:00+00:00,7.977,7.9778,7.9734,7.9734,400.1,30
2026-08-12 22:22:00+00:00,7.9754,7.9769,7.9699,7.9713,1173.0,56
2026-08-12 22:23:00+00:00,7.9699,7.9739,7.9695,7.97,3136.0,71
2026-08-12 22:24:00+00:00,7.9696,7.9696,7.9606,7.9678,1223.3,63
2026-08-12 22:25:00+00:00,7.9672,7.9783,7.9668,7.9752,3662.9,49
2026-08-12 22:26:00+00:00,7.9788,7.9824,7.9752,7.9818,553.6,9
2026-08-12 22:27:00+00:00,7.9815,7.9859,7.9812,7.9859,1203.1,17
2026-08-12 22:28:00+00:00,7.9891,7.99,7.9852,7.9898,1624.4,45
2026-08-12 22:29:00+00:00,7.9897,7.9898,7.9886,7.9886,197.3,6
2026-08-12 22:30:00+00:00,7.9892,7.9898,7.9863,7.9898,521.5,9
2026-08-12 22:31:00+00:00,7.9898,8.0079,7.9898,8.0028,23411.3,96
2026-08-12 22:32:00+00:00,8.0048,8.0079,8.0035,8.0049,3993.8,31
2026-08-12 22:33:00+00:00,8.008,8.0256,8.0051,8.0169,16883.2,129
2026-08-12 22:34:00+00:00,8.0251,8.029,8.0193,8.029,1607.3,49
2026-08-12 22:35:00+00:00,8.0285,8.0365,8.0242,8.0315,4497.8,76
2026-08-12 22:36:00+00:00,8.0275,8.0388,8.0275,8.0388,2901.4,49
2026-08-12 22:37:00+00:00,8.0369,8.0372,8.033,8.0372,690.2,11
2026-08-12 22:38:00+00:00,8.0333,8.0388,8.0329,8.0372,1940.5,50
2026-08-12 22:39:00+00:00,8.0373,8.0373,8.0348,8.0373,208.1,11
2026-08-12 22:40:00+00:00,8.0373,8.0373,8.0373,8.0373,84.7,3
2026-08-12 22:41:00+00:00,8.0373,8.0388,8.0373,8.0388,83.3,4
2026-08-12 22:42:00+00:00,8.0387,8.0388,8.0387,8.0388,83.2,3
2026-08-12 22:43:00+00:00,8.0374,8.0374,8.0354,8.0354,184.7,5
2026-08-12 22:44:00+00:00,8.0383,8.0383,8.0285,8.0287,6196.3,38
2026-08-12 22:45:00+00:00,8.0255,8.0255,8.0185,8.0185,6337.6,57
2026-08-12 22:46:00+00:00,8.0185,8.0187,8.0002,8.0051,3428.3,53
2026-08-12 22:47:00+00:00,8.0046,8.005,7.9872,7.9924,10003.9,112
2026-08-12 22:48:00+00:00,7.9888,7.9924,7.9888,7.9899,1399.5,37
2026-08-12 22:49:00+00:00,7.9901,7.9907,7.99,7.9907,1804.0,15
2026-08-12 22:50:00+00:00,7.9952,7.9952,7.9857,7.9946,2583.3,10
2026-08-12 22:51:00+00:00,7.9941,7.9941,7.9866,7.9908,1914.8,16
2026-08-12 22:52:00+00:00,7.9868,8.0135,7.9868,7.99,17909.4,134
2026-08-12 22:53:00+00:00,7.99,7.9975,7.977,7.9811,2632.9,20
2026-08-12 22:54:00+00:00,7.972,7.972,7.947,7.9676,4668.6,68
2026-08-12 22:55:00+00:00,7.9732,7.9732,7.9622,7.9622,6927.3,46
2026-08-12 22:56:00+00:00,7.9605,7.9612,7.9509,7.9596,3925.5,57
2026-08-12 22:57:00+00:00,7.9597,7.9617,7.95,7.95,6503.2,105
2026-08-12 22:58:00+00:00,7.9505,7.9738,7.95,7.9545,10960.5,84
2026-08-12 22:59:00+00:00,7.9553,7.9553,7.9439,7.9439,11236.9,38
2026-08-12 23:00:00+00:00,7.9435,7.9466,7.9391,7.9452,2620.3,28
2026-08-12 23:01:00+00:00,7.9441,7.9441,7.91,7.9146,11604.5,120
2026-08-12 23:02:00+00:00,7.9164,7.9211,7.9096,7.9099,4985.2,51
2026-08-12 23:03:00+00:00,7.9132,7.92,7.9056,7.9119,1248.3,61
2026-08-12 23:04:00+00:00,7.9119,7.9132,7.9108,7.9132,494.8,20
2026-08-12 23:05:00+00:00,7.9116,7.9198,7.9108,7.9108,442.3,11
2026-08-12 23:06:00+00:00,7.9168,7.917,7.9159,7.9159,1528.2,17
2026-08-12 23:07:00+00:00,7.9159,7.9159,7.9,7.9,13152.1,39
2026-08-12 23:08:00+00:00,7.9082,7.9101,7.9081,7.9083,2139.9,32
2026-08-12 23:09:00+00:00,7.9094,7.9094,7.9041,7.9041,223.6,5
2026-08-12 23:10:00+00:00,7.904,7.9085,7.904,7.9042,313.2,5
2026-08-12 23:11:00+00:00,7.9065,7.9377,7.9039,7.9377,11390.3,73
2026-08-12 23:12:00+00:00,7.94,7.9471,7.9322,7.9339,11245.3,112
2026-08-12 23:13:00+00:00,7.9393,7.9741,7.9393,7.9591,13149.7,118
2026-08-12 23:14:00+00:00,7.959,7.9673,7.959,7.9641,488.3,9
2026-08-12 23:15:00+00:00,7.9605,7.9695,7.9558,7.9694,3630.5,41
2026-08-12 23:16:00+00:00,7.9693,7.9711,7.9693,7.9697,679.8,10
2026-08-12 23:17:00+00:00,7.9697,7.9712,7.9696,7.97,2400.4,23
2026-08-12 23:18:00+00:00,7.97,7.97,7.9656,7.9693,106.1,4
2026-08-12 23:19:00+00:00,7.9686,7.9693,7.9686,7.9687,69.8,3
2026-08-12 23:20:00+00:00,7.9682,7.9682,7.9675,7.9675,449.0,11
2026-08-12 23:21:00+00:00,7.9676,7.9728,7.9676,7.9727,558.4,24
2026-08-12 23:22:00+00:00,7.9726,7.9729,7.967,7.9728,564.5,17
2026-08-12 23:23:00+00:00,7.9728,7.973,7.9671,7.9689,504.4,12
2026-08-12 23:24:00+00:00,7.9689,7.9689,7.9689,7.9689,0.0,0
2026-08-12 23:25:00+00:00,7.9728,7.9728,7.9678,7.968,1738.8,9
2026-08-12 23:26:00+00:00,7.9637,7.969,7.962,7.969,1743.6,9
2026-08-12 23:27:00+00:00,7.9684,7.9684,7.9684,7.9684,34.9,1
2026-08-12 23:28:00+00:00,7.9683,7.9684,7.9659,7.9664,2713.1,36
2026-08-12 23:29:00+00:00,7.966,7.9662,7.9654,7.9656,2191.3,30
2026-08-12 23:30:00+00:00,7.9654,7.9654,7.9654,7.9654,43.4,5
2026-08-12 23:31:00+00:00,7.9653,7.9653,7.9626,7.9636,1562.1,34
2026-08-12 23:32:00+00:00,7.9636,7.9636,7.9636,7.9636,0.0,0
2026-08-12 23:33:00+00:00,7.9626,7.9627,7.9573,7.9573,492.3,5
2026-08-12 23:34:00+00:00,7.9573,7.9573,7.9573,7.9573,0.0,0
2026-08-12 23:35:00+00:00,7.9573,7.9573,7.9573,7.9573,0.0,0
2026-08-12 23:36:00+00:00,7.9568,7.9605,7.9568,7.9604,544.5,18
2026-08-12 23:37:00+00:00,7.9604,7.9652,7.9604,7.961,1093.0,17
2026-08-12 23:38:00+00:00,7.9645,7.9645,7.9577,7.9642,427.6,11
2026-08-12 23:39:00+00:00,7.962,7.9624,7.962,7.9621,244.3,10
2026-08-12 23:40:00+00:00,7.9621,7.9621,7.9577,7.9616,158.4,7
2026-08-12 23:41:00+00:00,7.9611,7.9652,7.9611,7.9652,1087.0,14
2026-08-12 23:42:00+00:00,7.9651,7.9913,7.9647,7.9873,4614.9,26
2026-08-12 23:43:00+00:00,7.9876,7.9919,7.9868,7.9919,375.5,7
2026-08-12 23:44:00+00:00,7.9919,7.9919,7.9919,7.9919,230.9,4
2026-08-12 23:45:00+00:00,7.9864,7.9919,7.9864,7.9914,2645.9,53
2026-08-12 23:46:00+00:00,7.9914,7.9919,7.9834,7.9919,1010.0,28
2026-08-12 23:47:00+00:00,7.9912,7.9919,7.9904,7.9918,492.6,22
2026-08-12 23:48:00+00:00,7.9918,7.9919,7.9918,7.9919,305.9,4
2026-08-12 23:49:00+00:00,7.9919,7.9919,7.9916,7.9918,806.1,22
2026-08-12 23:50:00+00:00,7.9915,7.9917,7.9915,7.9917,167.7,3
2026-08-12 23:51:00+00:00,7.9916,7.9918,7.9916,7.9918,167.8,2
2026-08-12 23:52:00+00:00,7.9919,7.9919,7.9919,7.9919,167.7,2
2026-08-12 23:53:00+00:00,7.9919,7.9919,7.9919,7.9919,167.8,2
2026-08-12 23:54:00+00:00,7.9864,7.9919,7.9864,7.9919,367.7,5
2026-08-12 23:55:00+00:00,7.9863,7.9919,7.9863,7.9913,5578.1,58
2026-08-12 23:56:00+00:00,7.9919,7.9919,7.9877,7.9917,1609.5,14
2026-08-12 23:57:00+00:00,7.9919,7.9919,7.9863,7.9914,1357.5,29
2026-08-12 23:58:00+00:00,7.9871,7.9892,7.9871,7.9875,378.0,7
2026-08-12 23:59:00+00:00,7.9892,7.9979,7.9868,7.9947,2330.2,38
2026-08-13 00:00:00+00:00,7.9941,7.996,7.9897,7.9921,960.7,14
2026-08-13 00:01:00+00:00,7.9975,8.0,7.9975,7.9979,409.6,11
2026-08-13 00:02:00+00:00,8.0022,8.0345,8.0022,8.0292,11583.7,125
2026-08-13 00:03:00+00:00,8.0317,8.0358,8.0293,8.0296,3729.5,34
2026-08-13 00:04:00+00:00,8.028,8.028,8.0272,8.0272,274.0,6
2026-08-13 00:05:00+00:00,8.0286,8.0286,8.0236,8.0248,693.5,16
2026-08-13 00:06:00+00:00,8.0237,8.0269,8.0231,8.0259,700.5,16
2026-08-13 00:07:00+00:00,8.0255,8.032,8.0255,8.0297,1486.1,28
2026-08-13 00:08:00+00:00,8.0242,8.0266,8.0241,8.0266,1357.8,22
2026-08-13 00:09:00+00:00,8.025,8.0315,8.0242,8.0242,863.7,12
2026-08-13 00:10:00+00:00,8.0249,8.0249,8.0195,8.0195,1154.2,20
2026-08-13 00:11:00+00:00,8.0175,8.022,8.0118,8.0158,1864.3,30
2026-08-13 00:12:00+00:00,8.0158,8.0244,8.0158,8.0241,5663.6,26
2026-08-13 00:13:00+00:00,8.0202,8.0298,8.02,8.02,2883.9,66
2026-08-13 00:14:00+00:00,8.02,8.0288,8.02,8.0257,6041.2,90
2026-08-13 00:15:00+00:00,8.0256,8.0297,8.0201,8.0254,4381.7,49
2026-08-13 00:16:00+00:00,8.0256,8.032,8.0256,8.0307,3064.3,52
2026-08-13 00:17:00+00:00,8.032,8.0321,8.0287,8.0293,1137.8,17
2026-08-13 00:18:00+00:00,8.0311,8.0379,8.0282,8.0336,3212.0,49
2026-08-13 00:19:00+00:00,8.0336,8.0342,8.0336,8.0342,725.3,13
2026-08-13 00:20:00+00:00,8.0342,8.0343,8.0293,8.0293,1811.5,23
2026-08-13 00:21:00+00:00,8.0308,8.0313,8.0228,8.0268,948.4,32
2026-08-13 00:22:00+00:00,8.0268,8.0386,8.0268,8.0296,941.5,41
2026-08-13 00:23:00+00:00,8.0339,8.0388,8.027,8.0313,7951.4,44
2026-08-13 00:24:00+00:00,8.0313,8.0341,8.0298,8.0298,2491.1,57
2026-08-13 00:25:00+00:00,8.0302,8.0381,8.0279,8.0309,2471.6,32
2026-08-13 00:26:00+00:00,8.0309,8.0378,8.03,8.0315,894.2,28
2026-08-13 00:27:00+00:00,8.0316,8.0374,8.0294,8.0331,528.5,30
2026-08-13 00:28:00+00:00,8.0325,8.0388,8.0285,8.0369,1260.0,40
2026-08-13 00:29:00+00:00,8.0386,8.0402,8.0335,8.0378,2308.3,74
2026-08-13 00:30:00+00:00,8.0378,8.0411,8.0353,8.0383,553.3,27
2026-08-13 00:31:00+00:00,8.0383,8.0387,8.0383,8.0383,700.9,31
2026-08-13 00:32:00+00:00,8.0384,8.0414,8.0345,8.0375,1432.6,40
2026-08-13 00:33:00+00:00,8.0373,8.0373,8.0322,8.0335,413.0,17
2026-08-13 00:34:00+00:00,8.0348,8.0417,8.0323,8.0323,1180.8,39
2026-08-13 00:35:00+00:00,8.0304,8.0383,8.0301,8.0305,249.9,17
2026-08-13 00:36:00+00:00,8.0335,8.0368,8.0325,8.0346,1220.9,22
2026-08-13 00:37:00+00:00,8.0346,8.0367,8.0316,8.0343,218.0,18
2026-08-13 00:38:00+00:00,8.0343,8.0358,8.0303,8.0353,1573.6,36
2026-08-13 00:39:00+00:00,8.0343,8.0358,8.0343,8.0357,363.5,22
2026-08-13 00:40:00+00:00,8.0345,8.037,8.0307,8.0346,1469.1,42
2026-08-13 00:41:00+00:00,8.0342,8.0346,8.0316,8.0343,881.0,21
2026-08-13 00:42:00+00:00,8.0343,8.042,8.0339,8.042,160.0,15
2026-08-13 00:43:00+00:00,8.0355,8.0423,8.0355,8.0362,382.5,15
2026-08-13 00:44:00+00:00,8.0363,8.0382,8.0361,8.0382,150.0,8
2026-08-13 00:45:00+00:00,8.0382,8.0424,8.0296,8.038,2822.7,50
2026-08-13 00:46:00+00:00,8.0324,8.037,8.0309,8.0366,182.9,16
2026-08-13 00:47:00+00:00,8.0356,8.0356,8.0302,8.0302,205.0,15
2026-08-13 00:48:00+00:00,8.0302,8.0342,8.0302,8.0302,75.0,7
2026-08-13 00:49:00+00:00,8.0302,8.0302,8.0302,8.0302,10.0,1
2026-08-13 00:50:00+00:00,8.0302,8.0342,8.0302,8.0302,44.5,4
2026-08-13 00:51:00+00:00,8.0302,8.0333,8.03,8.0314,218.4,18
2026-08-13 00:52:00+00:00,8.028,8.0294,8.0161,8.0187,2959.9,81
2026-08-13 00:53:00+00:00,8.02,8.023,8.015,8.0188,903.6,35
2026-08-13 00:54:00+00:00,8.0188,8.023,8.0179,8.0187,403.5,25
2026-08-13 00:55:00+00:00,8.0188,8.023,8.0143,8.0156,258.2,25
2026-08-13 00:56:00+00:00,8.014,8.014,8.0001,8.0018,8108.0,132
2026-08-13 00:57:00+00:00,8.0,8.0028,8.0,8.0028,146.0,14
2026-08-13 00:58:00+00:00,8.0028,8.0056,8.0002,8.0031,883.8,25
2026-08-13 00:59:00+00:00,8.0031,8.0041,8.001,8.001,874.8,29
2026-08-13 01:00:00+00:00,8.0054,8.0114,8.0011,8.0068,1576.6,50
2026-08-13 01:01:00+00:00,8.007,8.01,8.0061,8.0061,4476.3,52
2026-08-13 01:02:00+00:00,8.0076,8.0124,8.0028,8.0082,7565.4,152
2026-08-13 01:03:00+00:00,8.0077,8.0077,8.0,8.0048,572.2,37
2026-08-13 01:04:00+00:00,8.0048,8.0079,8.0044,8.0079,110.0,11
2026-08-13 01:05:00+00:00,8.0081,8.0287,8.0081,8.0287,2266.9,63
2026-08-13 01:06:00+00:00,8.03,8.0375,8.03,8.0375,813.2,22
2026-08-13 01:07:00+00:00,8.0356,8.0356,8.0326,8.0335,43.8,5
2026-08-13 01:08:00+00:00,8.0357,8.036,8.0355,8.0355,1764.6,24
2026-08-13 01:09:00+00:00,8.0305,8.032,8.03,8.03,2052.1,19
2026-08-13 01:10:00+00:00,8.0312,8.0312,8.0281,8.0281,1253.9,16
2026-08-13 01:11:00+00:00,8.0281,8.0281,8.0281,8.0281,186.9,3
2026-08-13 01:12:00+00:00,8.0311,8.0333,8.0281,8.0296,215.9,10
2026-08-13 01:13:00+00:00,8.0319,8.0332,8.0319,8.0332,156.9,6
2026-08-13 01:14:00+00:00,8.034,8.0344,8.0285,8.0285,1363.9,22
2026-08-13 01:15:00+00:00,8.0283,8.0302,8.0271,8.0298,738.3,9
2026-08-13 01:16:00+00:00,8.0298,8.0327,8.0298,8.0327,1526.6,15
2026-08-13 01:17:00+00:00,8.0329,8.0329,8.0329,8.0329,129.6,1
2026-08-13 01:18:00+00:00,8.0346,8.0346,8.0261,8.0317,2803.3,48
2026-08-13 01:19:00+00:00,8.0317,8.0317,8.027,8.0282,724.9,18
2026-08-13 01:20:00+00:00,8.0312,8.0316,8.0286,8.0286,2263.6,15
2026-08-13 01:21:00+00:00,8.0284,8.0296,8.0284,8.0296,202.8,8
2026-08-13 01:22:00+00:00,8.031,8.031,8.0274,8.028,1150.1,13
2026-08-13 01:23:00+00:00,8.026,8.0263,8.0253,8.0263,32.4,5
2026-08-13 01:24:00+00:00,8.0292,8.032,8.0292,8.0303,10688.5,38
2026-08-13 01:25:00+00:00,8.029,8.0317,8.029,8.0298,929.7,14
2026-08-13 01:26:00+00:00,8.0296,8.0309,8.026,8.0309,238.1,4
2026-08-13 01:27:00+00:00,8.0303,8.0309,8.0303,8.0309,413.3,4
2026-08-13 01:28:00+00:00,8.03,8.03,8.0279,8.03,85.3,5
2026-08-13 01:29:00+00:00,8.0288,8.032,8.0281,8.0281,2312.8,27
2026-08-13 01:30:00+00:00,8.03,8.1722,8.0284,8.0786,176688.9,1234
2026-08-13 01:31:00+00:00,8.0795,8.1206,8.0645,8.1089,40769.1,296
2026-08-13 01:32:00+00:00,8.1088,8.1189,8.0819,8.1016,46881.9,379
2026-08-13 01:33:00+00:00,8.1128,8.1373,8.1048,8.1312,26874.0,131
2026-08-13 01:34:00+00:00,8.131,8.1329,8.0841,8.0915,30854.7,243
2026-08-13 01:35:00+00:00,8.1046,8.13,8.1021,8.1276,16849.0,129
2026-08-13 01:36:00+00:00,8.13,8.16,8.0991,8.1279,57099.4,332
2026-08-13 01:37:00+00:00,8.1268,8.166,8.1268,8.1503,34125.3,251
2026-08-13 01:38:00+00:00,8.1503,8.1503,8.1144,8.1189,37089.9,247
2026-08-13 01:39:00+00:00,8.1199,8.1437,8.1088,8.123,26142.7,169
2026-08-13 01:40:00+00:00,8.1201,8.1201,8.0869,8.098,40265.9,212
2026-08-13 01:41:00+00:00,8.1068,8.1068,8.0986,8.1058,15809.9,60
2026-08-13 01:42:00+00:00,8.1058,8.1058,8.1011,8.1044,4903.2,24
2026-08-13 01:43:00+00:00,8.1048,8.1048,8.0883,8.089,10601.6,81
2026-08-13 01:44:00+00:00,8.0984,8.1028,8.0577,8.0594,33842.7,77
2026-08-13 01:45:00+00:00,8.0652,8.08,8.0652,8.0781,23284.2,110
2026-08-13 01:46:00+00:00,8.078,8.0792,8.0601,8.068,18972.3,120
2026-08-13 01:47:00+00:00,8.0665,8.0679,8.0391,8.0412,16827.1,103
2026-08-13 01:48:00+00:00,8.0407,8.0462,8.0201,8.022,13300.7,84
2026-08-13 01:49:00+00:00,8.0201,8.0248,8.01,8.01,20740.5,126
2026-08-13 01:50:00+00:00,8.0111,8.0532,7.9772,8.01,142000.4,571
2026-08-13 01:51:00+00:00,8.022,8.0908,8.017,8.06,32455.8,209
2026-08-13 01:52:00+00:00,8.0605,8.0683,8.0447,8.0644,2284.9,38
2026-08-13 01:53:00+00:00,8.0507,8.0507,8.0402,8.0418,1784.2,17
2026-08-13 01:54:00+00:00,8.0496,8.05,8.0388,8.0388,3100.1,45
2026-08-13 01:55:00+00:00,8.0391,8.0431,8.031,8.032,1608.6,16
2026-08-13 01:56:00+00:00,8.0302,8.0352,8.0236,8.0307,2328.2,30
2026-08-13 01:57:00+00:00,8.0309,8.05,8.0237,8.043,4990.8,47
2026-08-13 01:58:00+00:00,8.0428,8.043,8.02,8.026,10516.4,43
2026-08-13 01:59:00+00:00,8.026,8.026,8.0166,8.026,25341.2,32
2026-08-13 02:00:00+00:00,8.0259,8.1078,8.0259,8.0891,21583.0,143
2026-08-13 02:01:00+00:00,8.0942,8.1,8.0839,8.0887,1088.1,29
2026-08-13 02:02:00+00:00,8.0853,8.0853,8.0721,8.08,4849.5,42
2026-08-13 02:03:00+00:00,8.0741,8.0897,8.0701,8.0897,3518.4,62
2026-08-13 02:04:00+00:00,8.0739,8.0877,8.0705,8.0855,1139.4,33
2026-08-13 02:05:00+00:00,8.0874,8.0909,8.0809,8.0809,4751.7,41
2026-08-13 02:06:00+00:00,8.0824,8.09,8.0791,8.0876,6160.4,76
2026-08-13 02:07:00+00:00,8.0876,8.0997,8.0784,8.0928,6261.7,66
2026-08-13 02:08:00+00:00,8.0931,8.108,8.0931,8.106,4752.3,83
2026-08-13 02:09:00+00:00,8.106,8.106,8.1042,8.1045,563.9,8
2026-08-13 02:10:00+00:00,8.1079,8.1098,8.0942,8.1015,4803.3,44
2026-08-13 02:11:00+00:00,8.1008,8.1044,8.0964,8.1044,351.2,6
2026-08-13 02:12:00+00:00,8.1028,8.1099,8.1027,8.1099,2860.7,15
2026-08-13 02:13:00+00:00,8.1079,8.1103,8.106,8.1101,6720.8,43
2026-08-13 02:14:00+00:00,8.1072,8.1096,8.1072,8.1096,387.0,9
2026-08-13 02:15:00+00:00,8.1112,8.116,8.1112,8.116,986.7,13
2026-08-13 02:16:00+00:00,8.116,8.1198,8.1139,8.1144,3575.3,31
2026-08-13 02:17:00+00:00,8.1167,8.1224,8.1156,8.1201,1153.9,19
2026-08-13 02:18:00+00:00,8.1215,8.1281,8.1214,8.1264,3810.3,16
2026-08-13 02:19:00+00:00,8.1231,8.1282,8.1231,8.127,1658.0,23
2026-08-13 02:20:00+00:00,8.1281,8.1282,8.1206,8.1207,2403.5,30
2026-08-13 02:21:00+00:00,8.126,8.129,8.1233,8.129,2544.7,32
2026-08-13 02:22:00+00:00,8.129,8.1313,8.126,8.1279,1437.4,15
2026-08-13 02:23:00+00:00,8.127,8.127,8.1199,8.12,3553.2,25
2026-08-13 02:24:00+00:00,8.1159,8.1278,8.1119,8.1278,2026.8,19
2026-08-13 02:25:00+00:00,8.1205,8.1227,8.1138,8.118,7225.7,75
2026-08-13 02:26:00+00:00,8.118,8.1188,8.0986,8.1026,16703.9,86
2026-08-13 02:27:00+00:00,8.1081,8.11,8.1009,8.1063,5298.0,40
2026-08-13 02:28:00+00:00,8.1078,8.108,8.1046,8.1046,2598.5,18
2026-08-13 02:29:00+00:00,8.1015,8.1015,8.0953,8.098,806.0,12
2026-08-13 02:30:00+00:00,8.0993,8.1005,8.0946,8.0946,4785.8,36
2026-08-13 02:31:00+00:00,8.0924,8.0926,8.0733,8.0734,17452.6,51
2026-08-13 02:32:00+00:00,8.0734,8.0753,8.0651,8.071,8802.7,69
2026-08-13 02:33:00+00:00,8.0708,8.071,8.0603,8.0635,9231.8,67
2026-08-13 02:34:00+00:00,8.0712,8.0772,8.057,8.0611,7304.5,66
2026-08-13 02:35:00+00:00,8.061,8.0639,8.0281,8.0281,8791.9,57
2026-08-13 02:36:00+00:00,8.032,8.0321,8.02,8.031,4142.1,41
2026-08-13 02:37:00+00:00,8.0273,8.0273,7.9843,7.9973,11557.9,117
2026-08-13 02:38:00+00:00,8.0012,8.01,7.9968,8.0037,1980.6,56
2026-08-13 02:39:00+00:00,8.002,8.0047,7.9954,8.0047,1566.0,28
2026-08-13 02:40:00+00:00,8.0075,8.0075,7.98,7.9898,6391.6,105
2026-08-13 02:41:00+00:00,7.9819,7.987,7.97,7.9736,5128.7,87
2026-08-13 02:42:00+00:00,7.9738,7.98,7.9674,7.9699,18049.9,154
2026-08-13 02:43:00+00:00,7.97,7.9769,7.9636,7.9636,5704.7,68
2026-08-13 02:44:00+00:00,7.9636,7.9637,7.9526,7.9593,5596.5,76
2026-08-13 02:45:00+00:00,7.9532,7.9664,7.9524,7.9661,3166.9,40
2026-08-13 02:46:00+00:00,7.9613,7.9623,7.9556,7.9585,4653.0,29
2026-08-13 02:47:00+00:00,7.9575,7.9648,7.9521,7.9648,8807.4,49
2026-08-13 02:48:00+00:00,7.9698,7.9699,7.95,7.9584,7672.3,75
2026-08-13 02:49:00+00:00,7.9579,7.96,7.953,7.96,493.1,13
2026-08-13 02:50:00+00:00,7.96,7.9654,7.96,7.9629,1628.5,11
2026-08-13 02:51:00+00:00,7.9629,7.9629,7.9502,7.9569,1446.3,17
2026-08-13 02:52:00+00:00,7.9575,7.9575,7.9435,7.9435,8349.7,117
2026-08-13 02:53:00+00:00,7.9496,7.9513,7.9001,7.9191,10118.2,201
2026-08-13 02:54:00+00:00,7.9191,7.9301,7.9136,7.9237,5224.3,55
2026-08-13 02:55:00+00:00,7.928,7.9346,7.9215,7.932,527.3,20
2026-08-13 02:56:00+00:00,7.93,7.9427,7.9127,7.9217,13215.8,189
2026-08-13 02:57:00+00:00,7.929,7.947,7.915,7.9368,7326.4,115
2026-08-13 02:58:00+00:00,7.9351,7.9387,7.93,7.93,3975.9,45
2026-08-13 02:59:00+00:00,7.9334,7.9583,7.9334,7.954,10525.6,106
2026-08-13 03:00:00+00:00,7.958,7.9585,7.947,7.955,13122.7,98
2026-08-13 03:01:00+00:00,7.9585,7.9963,7.9581,7.987,9466.3,142
2026-08-13 03:02:00+00:00,7.987,7.9908,7.9831,7.9908,891.7,27
2026-08-13 03:03:00+00:00,7.9908,7.9955,7.9838,7.9895,2587.1,38
2026-08-13 03:04:00+00:00,7.9866,7.9869,7.9866,7.9868,39.8,3
2026-08-13 03:05:00+00:00,7.9878,7.9887,7.9833,7.9833,801.0,12
2026-08-13 03:06:00+00:00,7.9835,7.9931,7.9835,7.9931,1505.4,35
2026-08-13 03:07:00+00:00,7.9935,8.02,7.9935,8.0142,13482.9,126
2026-08-13 03:08:00+00:00,8.0114,8.0259,8.0111,8.0194,5243.9,82
2026-08-13 03:09:00+00:00,8.0242,8.03,8.0142,8.0227,17468.4,145
2026-08-13 03:10:00+00:00,8.029,8.029,7.9772,7.9773,8488.3,106
2026-08-13 03:11:00+00:00,7.9774,7.9816,7.9706,7.9706,2557.2,41
2026-08-13 03:12:00+00:00,7.97,7.9759,7.96,7.9757,6100.9,77
2026-08-13 03:13:00+00:00,7.9759,7.9786,7.9695,7.9695,3757.7,23
2026-08-13 03:14:00+00:00,7.9715,7.9747,7.9638,7.9731,7773.3,81
2026-08-13 03:15:00+00:00,7.9747,7.9904,7.9741,7.9766,11185.8,107
2026-08-13 03:16:00+00:00,7.97,7.9815,7.9666,7.9682,6107.6,41
2026-08-13 03:17:00+00:00,7.9706,7.9706,7.9666,7.9667,2608.0,16
2026-08-13 03:18:00+00:00,7.9665,7.9744,7.9627,7.9703,11474.9,109
2026-08-13 03:19:00+00:00,7.9669,7.9803,7.9668,7.9801,1734.1,20
2026-08-13 03:20:00+00:00,7.9784,7.9805,7.9733,7.9783,3319.4,49
2026-08-13 03:21:00+00:00,7.9744,7.9899,7.9715,7.9899,6910.9,45
2026-08-13 03:22:00+00:00,7.9821,7.9821,7.9801,7.9813,243.9,6
2026-08-13 03:23:00+00:00,7.9814,7.9825,7.9813,7.9825,39.8,3
2026-08-13 03:24:00+00:00,7.9833,7.9838,7.9826,7.9826,362.6,5
2026-08-13 03:25:00+00:00,7.9834,7.9834,7.9721,7.9823,4343.5,48
2026-08-13 03:26:00+00:00,7.9823,7.9877,7.9739,7.9804,6884.9,66
2026-08-13 03:27:00+00:00,7.9813,7.9814,7.97,7.97,7381.2,62
2026-08-13 03:28:00+00:00,7.97,7.9714,7.9524,7.9615,12289.9,89
2026-08-13 03:29:00+00:00,7.96,7.9634,7.9587,7.9587,46.6,5
2026-08-13 03:30:00+00:00,7.964,7.964,7.9621,7.9621,39.8,3
2026-08-13 03:31:00+00:00,7.9621,7.9621,7.9613,7.9613,39.8,5
2026-08-13 03:32:00+00:00,7.9609,7.9609,7.9606,7.9609,1695.5,13
2026-08-13 03:33:00+00:00,7.9613,7.9708,7.9612,7.9668,3752.6,31
2026-08-13 03:34:00+00:00,7.9666,7.9735,7.9635,7.9635,5005.0,21
2026-08-13 03:35:00+00:00,7.9636,7.9636,7.9627,7.9627,104.3,6
2026-08-13 03:36:00+00:00,7.9635,7.9635,7.963,7.963,289.4,3
2026-08-13 03:37:00+00:00,7.9631,7.9631,7.9621,7.9621,39.8,4
2026-08-13 03:38:00+00:00,7.9619,7.9647,7.96,7.96,177.1,6
2026-08-13 03:39:00+00:00,7.9628,7.9628,7.9588,7.9628,62.4,4
2026-08-13 03:40:00+00:00,7.9564,7.9587,7.9563,7.9584,517.5,10
2026-08-13 03:41:00+00:00,7.9584,7.9584,7.9578,7.9578,39.8,3
2026-08-13 03:42:00+00:00,7.9524,7.9524,7.9423,7.9423,3537.1,42
2026-08-13 03:43:00+00:00,7.9425,7.9481,7.9381,7.9381,522.8,12
2026-08-13 03:44:00+00:00,7.9358,7.9414,7.9358,7.9405,43.5,3
2026-08-13 03:45:00+00:00,7.9408,7.9453,7.9359,7.9441,1343.9,16
2026-08-13 03:46:00+00:00,7.9441,7.9471,7.9371,7.9459,1595.3,27
2026-08-13 03:47:00+00:00,7.9425,7.9459,7.9422,7.9459,278.8,4
2026-08-13 03:48:00+00:00,7.9473,7.9518,7.9409,7.9409,444.9,17
2026-08-13 03:49:00+00:00,7.941,7.9465,7.9335,7.9354,1374.1,19
2026-08-13 03:50:00+00:00,7.9356,7.9356,7.9356,7.9356,39.8,2
2026-08-13 03:51:00+00:00,7.935,7.9377,7.9336,7.9377,108.4,8
2026-08-13 03:52:00+00:00,7.9366,7.9435,7.9366,7.9391,69.6,5
2026-08-13 03:53:00+00:00,7.94,7.94,7.9399,7.9399,39.8,4
2026-08-13 03:54:00+00:00,7.9399,7.9451,7.9399,7.9401,228.8,7
2026-08-13 03:55:00+00:00,7.9433,7.9457,7.94,7.94,206.6,11
2026-08-13 03:56:00+00:00,7.9444,7.9446,7.941,7.9411,191.8,9
2026-08-13 03:57:00+00:00,7.9448,7.954,7.9414,7.95,3882.6,36
2026-08-13 03:58:00+00:00,7.951,7.9599,7.95,7.9575,1395.8,31
2026-08-13 03:59:00+00:00,7.96,7.963,7.9575,7.9606,1382.4,14
2026-08-13 04:00:00+00:00,7.9558,7.9647,7.9558,7.9616,4103.2,63
2026-08-13 04:01:00+00:00,7.9648,7.9674,7.9615,7.9659,964.1,14
2026-08-13 04:02:00+00:00,7.9596,7.9637,7.9596,7.9597,42.5,5
2026-08-13 04:03:00+00:00,7.9597,7.9616,7.9596,7.9616,39.8,3
2026-08-13 04:04:00+00:00,7.9585,7.9659,7.9584,7.9609,477.4,10
2026-08-13 04:05:00+00:00,7.9609,7.9609,7.9608,7.9608,39.7,4
2026-08-13 04:06:00+00:00,7.9608,7.9669,7.9608,7.9647,231.0,6
2026-08-13 04:07:00+00:00,7.9625,7.9638,7.9613,7.9638,39.7,3
2026-08-13 04:08:00+00:00,7.9638,7.9638,7.9616,7.962,354.9,5
2026-08-13 04:09:00+00:00,7.962,7.9627,7.962,7.9627,39.8,2
2026-08-13 04:10:00+00:00,7.9627,7.9658,7.9627,7.9658,63.7,3
2026-08-13 04:11:00+00:00,7.9654,7.9688,7.9654,7.9684,1989.2,31
2026-08-13 04:12:00+00:00,7.97,7.9735,7.97,7.9704,818.5,30
2026-08-13 04:13:00+00:00,7.9682,7.9728,7.9646,7.9695,1857.5,23
2026-08-13 04:14:00+00:00,7.9652,7.9667,7.9562,7.9606,4698.8,61
2026-08-13 04:15:00+00:00,7.9575,7.9607,7.9574,7.9588,690.7,14
2026-08-13 04:16:00+00:00,7.9587,7.9588,7.9569,7.9579,3228.0,37
2026-08-13 04:17:00+00:00,7.9559,7.9632,7.9559,7.9578,141.8,7
2026-08-13 04:18:00+00:00,7.9578,7.9586,7.9531,7.9531,569.5,13
2026-08-13 04:19:00+00:00,7.9591,7.9591,7.9412,7.9455,4789.5,58
2026-08-13 04:20:00+00:00,7.9472,7.9562,7.9472,7.9529,1444.7,16
2026-08-13 04:21:00+00:00,7.9529,7.9531,7.9504,7.9504,411.4,7
2026-08-13 04:22:00+00:00,7.9568,7.9568,7.9518,7.9551,6063.8,63
2026-08-13 04:23:00+00:00,7.9531,7.9531,7.9531,7.9531,19.9,1
2026-08-13 04:24:00+00:00,7.9531,7.9531,7.9531,7.9531,0.0,0
2026-08-13 04:25:00+00:00,7.9557,7.96,7.9557,7.9591,192.9,4
2026-08-13 04:26:00+00:00,7.9591,7.9625,7.959,7.9625,351.5,7
2026-08-13 04:27:00+00:00,7.9587,7.9683,7.9587,7.9683,9.1,3
2026-08-13 04:28:00+00:00,7.9674,7.9675,7.9674,7.9675,318.5,2
2026-08-13 04:29:00+00:00,7.9675,7.9675,7.9675,7.9675,0.0,0
2026-08-13 04:30:00+00:00,7.9663,7.9663,7.9663,7.9663,3.7,1
2026-08-13 04:31:00+00:00,7.9663,7.9663,7.9663,7.9663,0.0,0
2026-08-13 04:32:00+00:00,7.97,7.97,7.9693,7.9693,109.0,4
2026-08-13 04:33:00+00:00,7.9714,7.9714,7.9713,7.9714,542.1,6
2026-08-13 04:34:00+00:00,7.9729,7.973,7.9726,7.9727,1022.4,12
2026-08-13 04:35:00+00:00,7.9649,7.967,7.9645,7.966,529.5,7
2026-08-13 04:36:00+00:00,7.9651,7.9653,7.9629,7.9632,1114.0,14
2026-08-13 04:37:00+00:00,7.9668,7.9717,7.9668,7.9717,8742.4,52
2026-08-13 04:38:00+00:00,7.9704,7.9704,7.9685,7.9685,406.2,3
2026-08-13 04:39:00+00:00,7.97,7.97,7.97,7.97,1254.7,11
2026-08-13 04:40:00+00:00,7.97,7.97,7.97,7.97,0.0,0
2026-08-13 04:41:00+00:00,7.97,7.97,7.97,7.97,0.0,0
2026-08-13 04:42:00+00:00,7.9702,7.9746,7.9702,7.9741,935.7,12
2026-08-13 04:43:00+00:00,7.9764,7.9925,7.9764,7.9919,3810.3,44
2026-08-13 04:44:00+00:00,7.9937,8.02,7.9937,8.02,9578.3,107
2026-08-13 04:45:00+00:00,8.0199,8.0199,8.009,8.0181,2783.2,34
2026-08-13 04:46:00+00:00,8.0144,8.0175,8.0119,8.0131,2175.1,19
2026-08-13 04:47:00+00:00,8.0066,8.0097,8.0066,8.0077,1367.4,19
2026-08-13 04:48:00+00:00,8.0074,8.0113,8.0074,8.0113,111.5,3
2026-08-13 04:49:00+00:00,8.0098,8.0113,8.0098,8.0113,436.8,6
2026-08-13 04:50:00+00:00,8.0049,8.0072,8.0,8.0071,5715.0,33
2026-08-13 04:51:00+00:00,8.002,8.01,7.9969,8.01,4532.5,80
2026-08-13 04:52:00+00:00,8.0066,8.0097,8.0066,8.0086,83.0,5
2026-08-13 04:53:00+00:00,8.0064,8.0064,7.9982,7.9986,2266.1,20
2026-08-13 04:54:00+00:00,7.9972,8.0016,7.9969,8.0016,3003.4,31
2026-08-13 04:55:00+00:00,8.0052,8.0075,8.0052,8.0075,285.5,6
2026-08-13 04:56:00+00:00,8.0091,8.0091,8.0022,8.0022,297.2,5
2026-08-13 04:57:00+00:00,8.0051,8.0051,8.0003,8.0046,1156.8,10
2026-08-13 04:58:00+00:00,8.0055,8.0055,8.0055,8.0055,29.5,2
2026-08-13 04:59:00+00:00,8.0099,8.014,8.008,8.0095,1021.6,15
2026-08-13 05:00:00+00:00,8.0101,8.0115,8.0037,8.0115,6263.2,58
2026-08-13 05:01:00+00:00,8.0115,8.0115,8.0063,8.0101,1767.7,11
2026-08-13 05:02:00+00:00,8.0101,8.0206,8.0101,8.0171,3935.8,47
2026-08-13 05:03:00+00:00,8.0207,8.0263,8.0194,8.0203,13925.8,84
2026-08-13 05:04:00+00:00,8.0149,8.0232,8.0149,8.0232,966.1,13
2026-08-13 05:05:00+00:00,8.0224,8.0263,8.0186,8.0186,4619.4,30
2026-08-13 05:06:00+00:00,8.0225,8.0275,8.0225,8.0272,3828.0,52
2026-08-13 05:07:00+00:00,8.026,8.0276,8.0235,8.0272,712.2,15
2026-08-13 05:08:00+00:00,8.0279,8.0279,8.0243,8.0272,680.7,9
2026-08-13 05:09:00+00:00,8.03,8.0307,8.0237,8.0275,1013.5,16
2026-08-13 05:10:00+00:00,8.0276,8.0309,8.0276,8.0309,627.7,10
2026-08-13 05:11:00+00:00,8.0269,8.0271,8.0217,8.0271,1545.9,13
2026-08-13 05:12:00+00:00,8.0201,8.0239,7.9929,8.0078,3719.2,68
2026-08-13 05:13:00+00:00,8.008,8.02,7.9972,8.02,5529.9,73
2026-08-13 05:14:00+00:00,8.0184,8.0246,8.0183,8.0246,539.8,9
2026-08-13 05:15:00+00:00,8.0209,8.0209,7.9742,7.9837,9214.4,55
2026-08-13 05:16:00+00:00,7.9837,7.9837,7.9608,7.9691,10481.6,99
2026-08-13 05:17:00+00:00,7.9691,7.9691,7.958,7.9651,4809.9,62
2026-08-13 05:18:00+00:00,7.9627,7.9681,7.9627,7.9654,582.4,13
2026-08-13 05:19:00+00:00,7.9655,7.9669,7.9643,7.9669,299.8,8
2026-08-13 05:20:00+00:00,7.9681,7.9683,7.9681,7.9683,32.0,4
2026-08-13 05:21:00+00:00,7.9682,7.9683,7.9682,7.9683,3376.0,22
2026-08-13 05:22:00+00:00,7.9682,7.9683,7.9682,7.9683,409.2,10
2026-08-13 05:23:00+00:00,7.9683,7.9697,7.9635,7.967,1431.9,16
2026-08-13 05:24:00+00:00,7.9694,7.9694,7.9651,7.9677,2196.7,18
2026-08-13 05:25:00+00:00,7.97,7.97,7.9692,7.9698,375.8,5
2026-08-13 05:26:00+00:00,7.9668,7.969,7.9648,7.9676,554.7,11
2026-08-13 05:27:00+00:00,7.9656,7.9656,7.9629,7.9633,4418.6,59
2026-08-13 05:28:00+00:00,7.9635,7.9657,7.963,7.9657,1488.9,13
2026-08-13 05:29:00+00:00,7.9633,7.968,7.9632,7.9677,1406.0,13
2026-08-13 05:30:00+00:00,7.971,7.971,7.969,7.9691,2364.4,19
2026-08-13 05:31:00+00:00,7.9671,7.9744,7.9671,7.9744,95.9,4
2026-08-13 05:32:00+00:00,7.9737,7.9737,7.9664,7.9687,433.7,8
2026-08-13 05:33:00+00:00,7.9665,7.9687,7.9662,7.9687,1640.8,17
2026-08-13 05:34:00+00:00,7.9685,7.9685,7.9611,7.9679,1130.7,20
2026-08-13 05:35:00+00:00,7.96,7.96,7.954,7.9588,3345.7,36
2026-08-13 05:36:00+00:00,7.9608,7.9608,7.9608,7.9608,35.5,2
2026-08-13 05:37:00+00:00,7.9608,7.9608,7.9523,7.9554,1389.2,19
2026-08-13 05:38:00+00:00,7.95,7.95,7.9399,7.9456,5144.0,37
2026-08-13 05:39:00+00:00,7.9401,7.9405,7.9399,7.9401,1560.6,9
2026-08-13 05:40:00+00:00,7.94,7.9401,7.9102,7.9195,6158.5,84
2026-08-13 05:41:00+00:00,7.9193,7.9197,7.9125,7.9179,344.0,14
2026-08-13 05:42:00+00:00,7.9157,7.9157,7.91,7.9137,1264.1,17
2026-08-13 05:43:00+00:00,7.911,7.921,7.9024,7.9137,13468.3,203
2026-08-13 05:44:00+00:00,7.9116,7.913,7.9002,7.905,8419.4,241
2026-08-13 05:45:00+00:00,7.9027,7.9066,7.8956,7.8957,3623.0,61
2026-08-13 05:46:00+00:00,7.898,7.9013,7.8907,7.8994,1026.7,65
2026-08-13 05:47:00+00:00,7.899,7.899,7.8818,7.8899,18591.8,282
2026-08-13 05:48:00+00:00,7.8932,7.9039,7.8932,7.8992,6694.4,63
2026-08-13 05:49:00+00:00,7.8979,7.8979,7.8887,7.889,9774.7,102
2026-08-13 05:50:00+00:00,7.8875,7.8895,7.8835,7.8835,7719.8,79
2026-08-13 05:51:00+00:00,7.8845,7.8944,7.881,7.892,2467.0,32
2026-08-13 05:52:00+00:00,7.892,7.8944,7.8917,7.8942,9460.3,74
2026-08-13 05:53:00+00:00,7.8921,7.8938,7.8847,7.8854,6230.3,69
2026-08-13 05:54:00+00:00,7.8851,7.8855,7.876,7.878,8104.9,86
2026-08-13 05:55:00+00:00,7.878,7.8793,7.8674,7.8674,3741.1,45
2026-08-13 05:56:00+00:00,7.8674,7.8674,7.8477,7.8491,23167.2,195
2026-08-13 05:57:00+00:00,7.8485,7.85,7.8395,7.8427,14021.7,137
2026-08-13 05:58:00+00:00,7.8405,7.8407,7.83,7.83,6713.9,57
2026-08-13 05:59:00+00:00,7.8315,7.8343,7.817,7.823,13540.8,155
2026-08-13 06:00:00+00:00,7.8205,7.8218,7.81,7.81,8594.3,70
2026-08-13 06:01:00+00:00,7.8134,7.8193,7.8101,7.8121,4845.8,52
2026-08-13 06:02:00+00:00,7.8101,7.8206,7.8055,7.8065,11518.2,73
2026-08-13 06:03:00+00:00,7.8085,7.8085,7.8006,7.8042,6495.2,56
2026-08-13 06:04:00+00:00,7.8046,7.8081,7.8003,7.8003,6422.4,54
2026-08-13 06:05:00+00:00,7.8064,7.8184,7.8002,7.8183,17564.9,133
2026-08-13 06:06:00+00:00,7.8183,7.86,7.8183,7.8452,19026.8,166
2026-08-13 06:07:00+00:00,7.8437,7.8482,7.8437,7.8465,4617.9,35
2026-08-13 06:08:00+00:00,7.8457,7.8457,7.839,7.8427,7441.3,40
2026-08-13 06:09:00+00:00,7.842,7.8482,7.8334,7.838,11598.0,76
2026-08-13 06:10:00+00:00,7.8366,7.8406,7.8334,7.84,14973.3,71
2026-08-13 06:11:00+00:00,7.8336,7.8368,7.8251,7.8251,4923.2,23
2026-08-13 06:12:00+00:00,7.8251,7.8285,7.8156,7.8171,5883.2,45
2026-08-13 06:13:00+00:00,7.8191,7.8194,7.8157,7.8194,5070.4,40
2026-08-13 06:14:00+00:00,7.8192,7.8192,7.8088,7.8088,11280.6,92
2026-08-13 06:15:00+00:00,7.8093,7.8093,7.8042,7.8063,8407.9,75
2026-08-13 06:16:00+00:00,7.8056,7.8063,7.8039,7.8055,3971.7,41
2026-08-13 06:17:00+00:00,7.8044,7.8063,7.8039,7.8063,6749.4,65
2026-08-13 06:18:00+00:00,7.8054,7.8063,7.8053,7.8063,3851.8,42
2026-08-13 06:19:00+00:00,7.8054,7.8054,7.78,7.7801,13535.0,117
2026-08-13 06:20:00+00:00,7.78,7.7854,7.7593,7.7595,15321.0,148
2026-08-13 06:21:00+00:00,7.76,7.7642,7.74,7.7401,18212.1,321
2026-08-13 06:22:00+00:00,7.745,7.747,7.7325,7.7325,7895.1,634
2026-08-13 06:23:00+00:00,7.7325,7.745,7.7309,7.7309,13806.8,650
2026-08-13 06:24:00+00:00,7.7316,7.742,7.7301,7.7301,6859.3,372
2026-08-13 06:25:00+00:00,7.7319,7.7348,7.726,7.7294,17895.3,540
2026-08-13 06:26:00+00:00,7.7294,7.735,7.7252,7.728,18892.5,532
2026-08-13 06:27:00+00:00,7.73,7.7649,7.728,7.762,18288.3,554
2026-08-13 06:28:00+00:00,7.7638,7.7638,7.7424,7.7462,11065.8,116
2026-08-13 06:29:00+00:00,7.7462,7.781,7.7424,7.7591,20791.8,198
2026-08-13 06:30:00+00:00,7.7602,7.7729,7.756,7.7729,4067.4,77
2026-08-13 06:31:00+00:00,7.768,7.78,7.766,7.7749,12234.4,155
2026-08-13 06:32:00+00:00,7.7749,7.7788,7.77,7.77,5094.4,65
2026-08-13 06:33:00+00:00,7.7658,7.7787,7.7579,7.769,10726.7,64
2026-08-13 06:34:00+00:00,7.7719,7.7719,7.768,7.7718,909.0,7
2026-08-13 06:35:00+00:00,7.7703,7.7727,7.763,7.763,10364.3,82
2026-08-13 06:36:00+00:00,7.7679,7.7726,7.7604,7.7659,11557.4,89
2026-08-13 06:37:00+00:00,7.763,7.7675,7.76,7.7602,17781.3,143
2026-08-13 06:38:00+00:00,7.7571,7.7613,7.74,7.7427,9657.4,75
2026-08-13 06:39:00+00:00,7.7427,7.754,7.731,7.7391,12395.4,104
2026-08-13 06:40:00+00:00,7.7393,7.7427,7.7371,7.7385,6448.4,38
2026-08-13 06:41:00+00:00,7.7338,7.7414,7.7284,7.7328,7286.5,68
2026-08-13 06:42:00+00:00,7.7312,7.7358,7.7312,7.733,10985.2,108
2026-08-13 06:43:00+00:00,7.734,7.7423,7.726,7.7356,8984.6,161
2026-08-13 06:44:00+00:00,7.7356,7.74,7.728,7.7378,4503.5,86
2026-08-13 06:45:00+00:00,7.7382,7.7396,7.734,7.7379,9344.2,80
2026-08-13 06:46:00+00:00,7.7392,7.7409,7.7306,7.7306,7338.1,75
2026-08-13 06:47:00+00:00,7.7316,7.74,7.731,7.7332,1500.4,26
2026-08-13 06:48:00+00:00,7.7336,7.74,7.73,7.7304,5771.6,144
2026-08-13 06:49:00+00:00,7.731,7.731,7.7282,7.7285,3656.7,44
2026-08-13 06:50:00+00:00,7.7286,7.73,7.7257,7.7281,5830.8,46
2026-08-13 06:51:00+00:00,7.7313,7.7316,7.7215,7.7215,7876.5,63
2026-08-13 06:52:00+00:00,7.721,7.722,7.7162,7.7191,12551.9,78
2026-08-13 06:53:00+00:00,7.7191,7.7192,7.7001,7.7039,14988.0,113
2026-08-13 06:54:00+00:00,7.7039,7.7053,7.6912,7.6912,5156.2,57
2026-08-13 06:55:00+00:00,7.7001,7.7007,7.6904,7.7007,8114.9,32
2026-08-13 06:56:00+00:00,7.7007,7.7007,7.6943,7.6943,1382.0,12
2026-08-13 06:57:00+00:00,7.694,7.6956,7.6876,7.6891,5167.2,75
2026-08-13 06:58:00+00:00,7.689,7.6952,7.6876,7.6921,3120.2,43
2026-08-13 06:59:00+00:00,7.6921,7.6991,7.6851,7.6986,10275.1,87
2026-08-13 07:00:00+00:00,7.6986,7.6986,7.6756,7.6884,17823.6,158
2026-08-13 07:01:00+00:00,7.6807,7.6833,7.6742,7.6789,8811.6,125
2026-08-13 07:02:00+00:00,7.6789,7.681,7.6725,7.6751,7703.7,92
2026-08-13 07:03:00+00:00,7.6726,7.6755,7.671,7.6755,4797.6,44
2026-08-13 07:04:00+00:00,7.6755,7.6756,7.665,7.6716,21263.9,74
2026-08-13 07:05:00+00:00,7.6716,7.6716,7.6645,7.6705,2234.6,51
2026-08-13 07:06:00+00:00,7.6645,7.667,7.6641,7.667,467.2,6
2026-08-13 07:07:00+00:00,7.6633,7.6669,7.65,7.652,16426.4,120
2026-08-13 07:08:00+00:00,7.6501,7.6556,7.6464,7.6464,2271.6,37
2026-08-13 07:09:00+00:00,7.6464,7.66,7.6456,7.6544,6095.0,70
2026-08-13 07:10:00+00:00,7.6536,7.66,7.6495,7.6498,8289.2,109
2026-08-13 07:11:00+00:00,7.65,7.655,7.6489,7.6489,425.5,9
2026-08-13 07:12:00+00:00,7.651,7.651,7.6453,7.6472,3173.4,18
2026-08-13 07:13:00+00:00,7.6463,7.6468,7.642,7.642,6588.1,47
2026-08-13 07:14:00+00:00,7.6416,7.6417,7.6403,7.6403,229.2,14
2026-08-13 07:15:00+00:00,7.6403,7.649,7.6403,7.6467,669.9,16
2026-08-13 07:16:00+00:00,7.6453,7.6558,7.6444,7.6558,9661.8,67
2026-08-13 07:17:00+00:00,7.6558,7.6595,7.6555,7.6573,469.1,12
2026-08-13 07:18:00+00:00,7.6597,7.6597,7.6564,7.659,228.2,10
2026-08-13 07:19:00+00:00,7.6597,7.66,7.6564,7.6569,264.6,17
2026-08-13 07:20:00+00:00,7.66,7.67,7.6565,7.666,1769.9,46
2026-08-13 07:21:00+00:00,7.6674,7.6734,7.6666,7.6713,3670.1,31
2026-08-13 07:22:00+00:00,7.6713,7.6762,7.6705,7.676,5856.4,59
2026-08-13 07:23:00+00:00,7.6776,7.6776,7.6705,7.675,71.2,22
2026-08-13 07:24:00+00:00,7.673,7.6861,7.6715,7.6794,2568.9,51
2026-08-13 07:25:00+00:00,7.6798,7.6816,7.678,7.6805,16897.1,168
2026-08-13 07:26:00+00:00,7.681,7.6824,7.6801,7.6824,6750.4,63
2026-08-13 07:27:00+00:00,7.6843,7.6899,7.6801,7.6845,5721.1,59
2026-08-13 07:28:00+00:00,7.684,7.686,7.684,7.6851,2969.4,34
2026-08-13 07:29:00+00:00,7.6851,7.6855,7.6849,7.6851,1977.3,21
2026-08-13 07:30:00+00:00,7.6851,7.6855,7.6818,7.6818,1505.3,33
2026-08-13 07:31:00+00:00,7.6815,7.6815,7.6764,7.6783,150.0,5
2026-08-13 07:32:00+00:00,7.6806,7.6866,7.6806,7.6866,221.5,6
2026-08-13 07:33:00+00:00,7.6855,7.6856,7.6829,7.6854,3215.6,26
2026-08-13 07:34:00+00:00,7.6854,7.6854,7.6809,7.6809,202.4,7
2026-08-13 07:35:00+00:00,7.6839,7.6859,7.6836,7.6859,6403.9,63
2026-08-13 07:36:00+00:00,7.6856,7.6863,7.6856,7.6863,552.7,18
2026-08-13 07:37:00+00:00,7.6858,7.6883,7.6858,7.6883,493.8,17
2026-08-13 07:38:00+00:00,7.6883,7.6886,7.683,7.6876,6647.7,55
2026-08-13 07:39:00+00:00,7.6876,7.6879,7.6852,7.6878,1979.9,23
2026-08-13 07:40:00+00:00,7.6885,7.6885,7.6864,7.6869,437.8,10
2026-08-13 07:41:00+00:00,7.687,7.687,7.6831,7.6868,239.0,9
2026-08-13 07:42:00+00:00,7.6855,7.6856,7.6825,7.6825,256.5,4
2026-08-13 07:43:00+00:00,7.6825,7.6867,7.6825,7.6834,1639.6,24
2026-08-13 07:44:00+00:00,7.6841,7.6935,7.6839,7.688,952.4,14
2026-08-13 07:45:00+00:00,7.6902,7.6935,7.688,7.6887,303.3,15
2026-08-13 07:46:00+00:00,7.6911,7.6935,7.6911,7.6935,83.0,3
2026-08-13 07:47:00+00:00,7.6932,7.6938,7.688,7.6926,1680.7,27
2026-08-13 07:48:00+00:00,7.6924,7.6926,7.6924,7.6925,82.9,4
2026-08-13 07:49:00+00:00,7.6924,7.6926,7.6886,7.6926,1896.4,33
2026-08-13 07:50:00+00:00,7.6941,7.7006,7.6941,7.6991,3987.0,32
2026-08-13 07:51:00+00:00,7.6991,7.7025,7.6937,7.6977,1463.5,19
2026-08-13 07:52:00+00:00,7.7055,7.71,7.7047,7.7098,1706.5,31
2026-08-13 07:53:00+00:00,7.7081,7.713,7.7081,7.7108,863.1,11
2026-08-13 07:54:00+00:00,7.7126,7.7151,7.7126,7.7151,783.1,12
2026-08-13 07:55:00+00:00,7.7148,7.7205,7.7147,7.7205,738.2,23
2026-08-13 07:56:00+00:00,7.7177,7.7217,7.7177,7.72,2298.9,25
2026-08-13 07:57:00+00:00,7.72,7.72,7.7156,7.72,1161.8,18
2026-08-13 07:58:00+00:00,7.72,7.7299,7.7172,7.7211,7683.9,163
2026-08-13 07:59:00+00:00,7.7219,7.722,7.715,7.7155,434.2,38
2026-08-13 08:00:00+00:00,7.7132,7.7135,7.6953,7.7012,1617.0,119
2026-08-13 08:01:00+00:00,7.7031,7.7076,7.7021,7.7062,360.7,12
2026-08-13 08:02:00+00:00,7.7074,7.7075,7.6996,7.701,1303.8,103
2026-08-13 08:03:00+00:00,7.7009,7.7066,7.6976,7.6977,2621.3,83
2026-08-13 08:04:00+00:00,7.6957,7.6973,7.69,7.6916,67.4,10
2026-08-13 08:05:00+00:00,7.69,7.6905,7.6832,7.6903,296.2,15
2026-08-13 08:06:00+00:00,7.6881,7.6899,7.6837,7.6885,95.5,12
2026-08-13 08:07:00+00:00,7.69,7.69,7.6882,7.69,130.3,10
2026-08-13 08:08:00+00:00,7.6898,7.69,7.6898,7.69,45.4,4
2026-08-13 08:09:00+00:00,7.6875,7.6875,7.683,7.6872,127.0,8
2026-08-13 08:10:00+00:00,7.6877,7.6879,7.686,7.687,309.3,27
2026-08-13 08:11:00+00:00,7.6873,7.6916,7.6831,7.6887,2620.8,84
2026-08-13 08:12:00+00:00,7.6888,7.691,7.6835,7.6877,2714.1,79
2026-08-13 08:13:00+00:00,7.6891,7.69,7.6841,7.6863,699.2,16
2026-08-13 08:14:00+00:00,7.6863,7.6864,7.677,7.6791,2194.1,132
2026-08-13 08:15:00+00:00,7.6794,7.6807,7.6722,7.6748,388.4,43
2026-08-13 08:16:00+00:00,7.6713,7.674,7.6712,7.6733,53.0,10
2026-08-13 08:17:00+00:00,7.6733,7.678,7.67,7.6745,73.6,9
2026-08-13 08:18:00+00:00,7.6734,7.6735,7.6534,7.6534,5958.5,60
2026-08-13 08:19:00+00:00,7.6534,7.6598,7.6379,7.645,5173.7,112
2026-08-13 08:20:00+00:00,7.645,7.645,7.6382,7.6417,1175.6,117
2026-08-13 08:21:00+00:00,7.6411,7.6499,7.6409,7.6482,4077.4,89
2026-08-13 08:22:00+00:00,7.6485,7.6546,7.6479,7.6546,1557.5,128
2026-08-13 08:23:00+00:00,7.6503,7.6506,7.6468,7.6468,94.0,8
2026-08-13 08:24:00+00:00,7.6501,7.6529,7.6425,7.6528,1335.6,15
2026-08-13 08:25:00+00:00,7.6504,7.6507,7.647,7.647,64.9,9
2026-08-13 08:26:00+00:00,7.6459,7.648,7.6459,7.646,65.5,6
2026-08-13 08:27:00+00:00,7.6458,7.6458,7.6428,7.645,591.6,40
2026-08-13 08:28:00+00:00,7.645,7.6482,7.6388,7.6441,2375.2,63
2026-08-13 08:29:00+00:00,7.6425,7.645,7.6405,7.6414,3539.9,72
2026-08-13 08:30:00+00:00,7.6413,7.6535,7.6288,7.6387,7698.3,310
2026-08-13 08:31:00+00:00,7.6386,7.6387,7.6354,7.6364,1900.1,166
2026-08-13 08:32:00+00:00,7.6351,7.6396,7.6316,7.6321,2537.0,130
2026-08-13 08:33:00+00:00,7.6346,7.6395,7.6346,7.6363,929.1,101
2026-08-13 08:34:00+00:00,7.6363,7.6394,7.6293,7.6367,1362.4,81
2026-08-13 08:35:00+00:00,7.6332,7.6366,7.6332,7.6345,665.9,21
2026-08-13 08:36:00+00:00,7.6362,7.6362,7.6362,7.6362,100.0,1
2026-08-13 08:37:00+00:00,7.6362,7.6362,7.6262,7.6356,2519.6,12
2026-08-13 08:38:00+00:00,7.6356,7.6389,7.6355,7.6389,44.0,4
2026-08-13 08:39:00+00:00,7.6389,7.64,7.6365,7.64,27.3,4
2026-08-13 08:40:00+00:00,7.64,7.6487,7.6375,7.6487,1411.3,106
2026-08-13 08:41:00+00:00,7.6432,7.66,7.6432,7.66,1191.3,82
2026-08-13 08:42:00+00:00,7.6577,7.6664,7.6575,7.6661,729.8,53
2026-08-13 08:43:00+00:00,7.6672,7.6675,7.6658,7.6661,973.5,105
2026-08-13 08:44:00+00:00,7.6681,7.6684,7.6673,7.6682,747.6,81
2026-08-13 08:45:00+00:00,7.6632,7.6632,7.651,7.6593,3119.5,87
2026-08-13 08:46:00+00:00,7.66,7.6627,7.654,7.6606,491.4,54
2026-08-13 08:47:00+00:00,7.6609,7.6683,7.6605,7.6639,989.8,100
2026-08-13 08:48:00+00:00,7.6609,7.6611,7.6595,7.6596,145.3,17
2026-08-13 08:49:00+00:00,7.6592,7.6593,7.6592,7.6593,20.0,2
2026-08-13 08:50:00+00:00,7.6564,7.6598,7.653,7.6598,797.4,17
2026-08-13 08:51:00+00:00,7.6655,7.6655,7.6546,7.6634,386.0,27
2026-08-13 08:52:00+00:00,7.6642,7.67,7.6543,7.664,1059.3,82
2026-08-13 08:53:00+00:00,7.657,7.6596,7.657,7.6593,262.4,27
2026-08-13 08:54:00+00:00,7.6569,7.6569,7.6569,7.6569,2.2,1
2026-08-13 08:55:00+00:00,7.66,7.6637,7.6552,7.6637,203.8,24
2026-08-13 08:56:00+00:00,7.6625,7.6625,7.6625,7.6625,4.8,1
2026-08-13 08:57:00+00:00,7.663,7.663,7.663,7.663,6.1,1
2026-08-13 08:58:00+00:00,7.6612,7.6637,7.6484,7.6529,6443.2,267
2026-08-13 08:59:00+00:00,7.652,7.6533,7.6463,7.6533,1132.9,125
2026-08-13 09:00:00+00:00,7.656,7.6592,7.6498,7.6554,2924.9,120
2026-08-13 09:01:00+00:00,7.6554,7.6597,7.65,7.65,829.6,30
2026-08-13 09:02:00+00:00,7.6544,7.6544,7.646,7.6486,970.5,25
2026-08-13 09:03:00+00:00,7.6557,7.6564,7.649,7.65,932.8,18
2026-08-13 09:04:00+00:00,7.6563,7.6563,7.6401,7.6401,2584.8,171
2026-08-13 09:05:00+00:00,7.6401,7.645,7.636,7.645,1435.6,41
2026-08-13 09:06:00+00:00,7.6451,7.6451,7.6333,7.6349,3185.7,61
2026-08-13 09:07:00+00:00,7.634,7.6416,7.633,7.6416,2439.3,88
2026-08-13 09:08:00+00:00,7.6428,7.6673,7.6428,7.6673,1983.9,16
2026-08-13 09:09:00+00:00,7.6501,7.6501,7.65,7.65,56.2,4
2026-08-13 09:10:00+00:00,7.64,7.64,7.6348,7.639,2977.3,199
2026-08-13 09:11:00+00:00,7.6378,7.6378,7.6375,7.6378,286.3,32
2026-08-13 09:12:00+00:00,7.6301,7.6403,7.626,7.626,452.2,41
2026-08-13 09:13:00+00:00,7.6285,7.6366,7.6284,7.6293,205.6,25
2026-08-13 09:14:00+00:00,7.6285,7.6297,7.626,7.6284,40.0,6
2026-08-13 09:15:00+00:00,7.6284,7.6329,7.6282,7.6294,214.7,25
2026-08-13 09:16:00+00:00,7.6297,7.6297,7.6285,7.6292,115.0,16
2026-08-13 09:17:00+00:00,7.6307,7.6356,7.6307,7.6311,196.7,21
2026-08-13 09:18:00+00:00,7.6289,7.6289,7.6258,7.6258,11.3,3
2026-08-13 09:19:00+00:00,7.6281,7.6281,7.628,7.628,20.0,3
2026-08-13 09:20:00+00:00,7.628,7.628,7.628,7.628,0.0,0
2026-08-13 09:21:00+00:00,7.628,7.628,7.628,7.628,0.0,0
2026-08-13 09:22:00+00:00,7.631,7.631,7.631,7.631,24.8,1
2026-08-13 09:23:00+00:00,7.631,7.631,7.631,7.631,0.0,0
2026-08-13 09:24:00+00:00,7.6308,7.6308,7.6272,7.6272,16.0,2
2026-08-13 09:25:00+00:00,7.6337,7.6337,7.6337,7.6337,39.2,2
2026-08-13 09:26:00+00:00,7.6337,7.6337,7.6337,7.6337,0.0,0
2026-08-13 09:27:00+00:00,7.6337,7.6337,7.6337,7.6337,0.0,0
2026-08-13 09:28:00+00:00,7.633,7.633,7.6221,7.6235,1331.0,78
2026-08-13 09:29:00+00:00,7.6283,7.6283,7.6209,7.6276,299.2,24
2026-08-13 09:30:00+00:00,7.6276,7.6276,7.6276,7.6276,149.8,2
2026-08-13 09:31:00+00:00,7.63,7.6309,7.6279,7.6279,203.1,3
2026-08-13 09:32:00+00:00,7.635,7.6385,7.6001,7.6153,14753.1,219
2026-08-13 09:33:00+00:00,7.6098,7.6111,7.6029,7.6074,4908.2,131
2026-08-13 09:34:00+00:00,7.6077,7.6137,7.6074,7.6123,430.9,21
2026-08-13 09:35:00+00:00,7.6093,7.6093,7.6092,7.6092,7.6,2
2026-08-13 09:36:00+00:00,7.6092,7.6092,7.6092,7.6092,0.0,0
2026-08-13 09:37:00+00:00,7.6092,7.6092,7.6092,7.6092,0.0,0
2026-08-13 09:38:00+00:00,7.6092,7.6092,7.6092,7.6092,0.0,0
2026-08-13 09:39:00+00:00,7.6077,7.6077,7.6073,7.6075,150.0,17
2026-08-13 09:40:00+00:00,7.608,7.608,7.608,7.608,100.0,1
2026-08-13 09:41:00+00:00,7.608,7.608,7.608,7.608,0.0,0
2026-08-13 09:42:00+00:00,7.608,7.608,7.608,7.608,0.0,0
2026-08-13 09:43:00+00:00,7.608,7.608,7.608,7.608,0.0,0
2026-08-13 09:44:00+00:00,7.6049,7.6052,7.6049,7.605,567.0,7
2026-08-13 09:45:00+00:00,7.605,7.605,7.605,7.605,0.0,0
2026-08-13 09:46:00+00:00,7.6064,7.6064,7.6064,7.6064,2.0,1
2026-08-13 09:47:00+00:00,7.6064,7.6064,7.6064,7.6064,0.0,0
2026-08-13 09:48:00+00:00,7.6082,7.6085,7.6053,7.6084,1048.8,104
2026-08-13 09:49:00+00:00,7.611,7.611,7.611,7.611,6.3,1
2026-08-13 09:50:00+00:00,7.611,7.611,7.611,7.611,0.0,0
2026-08-13 09:51:00+00:00,7.6078,7.6105,7.6077,7.6091,1176.3,53
2026-08-13 09:52:00+00:00,7.6117,7.6117,7.6117,7.6117,1.4,1
2026-08-13 09:53:00+00:00,7.6117,7.6117,7.6117,7.6117,0.0,0
2026-08-13 09:54:00+00:00,7.6143,7.6143,7.6143,7.6143,9.2,1
2026-08-13 09:55:00+00:00,7.6143,7.6196,7.6142,7.6142,1038.1,36
2026-08-13 09:56:00+00:00,7.62,7.6255,7.6169,7.6255,783.9,78
2026-08-13 09:57:00+00:00,7.6246,7.6261,7.6246,7.6261,202.0,20
2026-08-13 09:58:00+00:00,7.626,7.6278,7.6242,7.6242,590.4,41
2026-08-13 09:59:00+00:00,7.6277,7.6399,7.6274,7.6399,2733.7,157
2026-08-13 10:00:00+00:00,7.6399,7.6399,7.6399,7.6399,270.1,5
2026-08-13 10:01:00+00:00,7.64,7.64,7.64,7.64,30.0,1
2026-08-13 10:02:00+00:00,7.6405,7.6405,7.6401,7.6401,68.8,6
2026-08-13 10:03:00+00:00,7.6412,7.6412,7.6408,7.6409,199.9,19
2026-08-13 10:04:00+00:00,7.6408,7.6408,7.6371,7.64,1090.0,113
2026-08-13 10:05:00+00:00,7.6403,7.6409,7.64,7.6409,160.6,18
2026-08-13 10:06:00+00:00,7.6414,7.6414,7.6409,7.6409,14.9,4
2026-08-13 10:07:00+00:00,7.6412,7.6412,7.6368,7.6389,93.7,13
2026-08-13 10:08:00+00:00,7.6301,7.6301,7.6301,7.6301,86.9,1
2026-08-13 10:09:00+00:00,7.63,7.6338,7.62,7.6218,2234.8,186
2026-08-13 10:10:00+00:00,7.6216,7.6229,7.62,7.6209,1367.7,63
2026-08-13 10:11:00+00:00,7.6201,7.6201,7.6201,7.6201,67.2,8
2026-08-13 10:12:00+00:00,7.6201,7.6204,7.62,7.62,18.0,6
2026-08-13 10:13:00+00:00,7.6246,7.6246,7.6246,7.6246,4.4,1
2026-08-13 10:14:00+00:00,7.6221,7.6221,7.62,7.62,4.6,2
2026-08-13 10:15:00+00:00,7.6239,7.6239,7.6239,7.6239,53.4,2
2026-08-13 10:16:00+00:00,7.6253,7.6253,7.6253,7.6253,205.5,2
2026-08-13 10:17:00+00:00,7.6253,7.6253,7.6253,7.6253,0.0,0
2026-08-13 10:18:00+00:00,7.6226,7.6226,7.6226,7.6226,134.3,3
2026-08-13 10:19:00+00:00,7.6226,7.6226,7.6226,7.6226,0.0,0
2026-08-13 10:20:00+00:00,7.6226,7.6226,7.6226,7.6226,0.0,0
2026-08-13 10:21:00+00:00,7.621,7.621,7.621,7.621,12.0,1
2026-08-13 10:22:00+00:00,7.621,7.6211,7.62,7.62,60.0,8
2026-08-13 10:23:00+00:00,7.6226,7.6226,7.62,7.62,96.0,3
2026-08-13 10:24:00+00:00,7.62,7.62,7.62,7.62,0.0,0
2026-08-13 10:25:00+00:00,7.6225,7.6225,7.62,7.6212,248.7,4
2026-08-13 10:26:00+00:00,7.6225,7.6226,7.6225,7.6226,31.9,2
2026-08-13 10:27:00+00:00,7.6226,7.6226,7.6226,7.6226,0.0,0
2026-08-13 10:28:00+00:00,7.6226,7.6226,7.6226,7.6226,0.0,0
2026-08-13 10:29:00+00:00,7.6212,7.6212,7.6212,7.6212,4.7,1
2026-08-13 10:30:00+00:00,7.6212,7.6221,7.62,7.6221,35.6,3
2026-08-13 10:31:00+00:00,7.6221,7.6221,7.6221,7.6221,0.0,0
2026-08-13 10:32:00+00:00,7.6219,7.6219,7.6194,7.6197,10440.0,93
2026-08-13 10:33:00+00:00,7.6197,7.6197,7.6197,7.6197,0.0,0
2026-08-13 10:34:00+00:00,7.6197,7.6197,7.6197,7.6197,0.0,0
2026-08-13 10:35:00+00:00,7.6197,7.6197,7.6197,7.6197,0.0,0
2026-08-13 10:36:00+00:00,7.6197,7.6197,7.6197,7.6197,0.0,0
2026-08-13 10:37:00+00:00,7.6197,7.6197,7.6197,7.6197,0.0,0
2026-08-13 10:38:00+00:00,7.6197,7.6197,7.6197,7.6197,0.0,0
2026-08-13 10:39:00+00:00,7.6197,7.6197,7.6197,7.6197,0.0,0
2026-08-13 10:40:00+00:00,7.6197,7.6197,7.6197,7.6197,0.0,0
2026-08-13 10:41:00+00:00,7.6197,7.6197,7.6197,7.6197,0.0,0
2026-08-13 10:42:00+00:00,7.6148,7.6148,7.6146,7.6147,107.0,12
2026-08-13 10:43:00+00:00,7.6176,7.6176,7.6176,7.6176,1.5,1
2026-08-13 10:44:00+00:00,7.6176,7.6176,7.6176,7.6176,0.0,0
2026-08-13 10:45:00+00:00,7.6176,7.6176,7.6176,7.6176,0.0,0
2026-08-13 10:46:00+00:00,7.6176,7.6176,7.6176,7.6176,0.0,0
2026-08-13 10:47:00+00:00,7.6176,7.6176,7.6176,7.6176,0.0,0
2026-08-13 10:48:00+00:00,7.6169,7.6195,7.6169,7.6195,138.6,7
2026-08-13 10:49:00+00:00,7.6195,7.6195,7.6195,7.6195,0.0,0
2026-08-13 10:50:00+00:00,7.6162,7.6191,7.6159,7.6191,91.9,8
2026-08-13 10:51:00+00:00,7.6191,7.6191,7.6191,7.6191,0.0,0
2026-08-13 10:52:00+00:00,7.6191,7.6191,7.6191,7.6191,0.0,0
2026-08-13 10:53:00+00:00,7.6191,7.6191,7.6191,7.6191,0.0,0
2026-08-13 10:54:00+00:00,7.6191,7.6191,7.6191,7.6191,0.0,0
2026-08-13 10:55:00+00:00,7.6215,7.631,7.6215,7.6262,3950.9,211
2026-08-13 10:56:00+00:00,7.6242,7.6298,7.6242,7.6266,404.7,54
2026-08-13 10:57:00+00:00,7.6266,7.6266,7.6266,7.6266,0.0,0
2026-08-13 10:58:00+00:00,7.6263,7.6273,7.6263,7.6273,55.2,4
2026-08-13 10:59:00+00:00,7.6298,7.6328,7.6298,7.6314,408.5,16
2026-08-13 11:00:00+00:00,7.6374,7.6474,7.6357,7.6436,1527.7,136
2026-08-13 11:01:00+00:00,7.6436,7.6436,7.6436,7.6436,0.0,0
2026-08-13 11:02:00+00:00,7.646,7.649,7.6459,7.649,350.6,18
2026-08-13 11:03:00+00:00,7.649,7.649,7.643,7.643,960.0,38
2026-08-13 11:04:00+00:00,7.6473,7.6477,7.642,7.6451,511.8,33
2026-08-13 11:05:00+00:00,7.6433,7.6444,7.6429,7.6429,274.1,30
2026-08-13 11:06:00+00:00,7.644,7.644,7.6432,7.6432,17.2,5
2026-08-13 11:07:00+00:00,7.6419,7.6419,7.63,7.6339,1074.3,52
2026-08-13 11:08:00+00:00,7.6302,7.6302,7.622,7.6237,2515.8,116
2026-08-13 11:09:00+00:00,7.6251,7.6251,7.6233,7.6238,150.9,13
2026-08-13 11:10:00+00:00,7.6219,7.6222,7.6219,7.6222,51.6,4
2026-08-13 11:11:00+00:00,7.62,7.62,7.617,7.617,831.2,18
2026-08-13 11:12:00+00:00,7.6177,7.621,7.6049,7.61,3579.0,160
2026-08-13 11:13:00+00:00,7.6059,7.6098,7.5949,7.607,6875.0,153
2026-08-13 11:14:00+00:00,7.6058,7.6058,7.6011,7.6014,766.5,79
2026-08-13 11:15:00+00:00,7.6058,7.6058,7.6054,7.6054,26.0,2
2026-08-13 11:16:00+00:00,7.6059,7.6073,7.5978,7.6073,1270.1,120
2026-08-13 11:17:00+00:00,7.6058,7.6073,7.6052,7.6054,86.9,8
2026-08-13 11:18:00+00:00,7.6038,7.6038,7.6011,7.6037,718.5,82
2026-08-13 11:19:00+00:00,7.606,7.608,7.6033,7.6033,364.6,42
2026-08-13 11:20:00+00:00,7.6043,7.6043,7.6035,7.6036,349.0,41
2026-08-13 11:21:00+00:00,7.6036,7.6036,7.6033,7.6034,157.8,17
2026-08-13 11:22:00+00:00,7.6034,7.6034,7.6034,7.6034,0.0,0
2026-08-13 11:23:00+00:00,7.6033,7.6035,7.598,7.6013,464.5,54
2026-08-13 11:24:00+00:00,7.599,7.6024,7.592,7.592,194.0,27
2026-08-13 11:25:00+00:00,7.597,7.6001,7.5901,7.5901,926.7,91
2026-08-13 11:26:00+00:00,7.5901,7.5904,7.58,7.58,1321.6,112
2026-08-13 11:27:00+00:00,7.578,7.5866,7.5701,7.5825,2341.4,101
2026-08-13 11:28:00+00:00,7.5769,7.5809,7.5706,7.571,1781.7,204
2026-08-13 11:29:00+00:00,7.571,7.5746,7.57,7.572,38.6,13
2026-08-13 11:30:00+00:00,7.57,7.57,7.57,7.57,11.6,1
2026-08-13 11:31:00+00:00,7.57,7.57,7.57,7.57,624.7,37
2026-08-13 11:32:00+00:00,7.5713,7.5735,7.569,7.5715,33.5,12
2026-08-13 11:33:00+00:00,7.572,7.5825,7.572,7.5761,768.3,12
2026-08-13 11:34:00+00:00,7.5818,7.583,7.5734,7.5734,618.4,34
2026-08-13 11:35:00+00:00,7.574,7.5769,7.574,7.5769,80.3,8
2026-08-13 11:36:00+00:00,7.577,7.5797,7.5767,7.5794,529.1,44
2026-08-13 11:37:00+00:00,7.5809,7.5837,7.5809,7.5837,914.3,31
2026-08-13 11:38:00+00:00,7.5862,7.5862,7.5862,7.5862,50.7,1
2026-08-13 11:39:00+00:00,7.59,7.597,7.59,7.597,1384.9,12
2026-08-13 11:40:00+00:00,7.5971,7.6021,7.597,7.6,185.3,7
2026-08-13 11:41:00+00:00,7.6,7.6,7.6,7.6,0.0,0
2026-08-13 11:42:00+00:00,7.603,7.6184,7.603,7.6167,1995.3,128
2026-08-13 11:43:00+00:00,7.6167,7.6167,7.6134,7.6134,55.7,4
2026-08-13 11:44:00+00:00,7.6134,7.6134,7.6134,7.6134,0.0,0
2026-08-13 11:45:00+00:00,7.6172,7.6175,7.6101,7.6175,1680.3,206
2026-08-13 11:46:00+00:00,7.6178,7.618,7.6121,7.618,438.6,57
2026-08-13 11:47:00+00:00,7.618,7.618,7.618,7.618,0.0,0
2026-08-13 11:48:00+00:00,7.619,7.6312,7.619,7.6288,1256.7,101
2026-08-13 11:49:00+00:00,7.6289,7.636,7.6289,7.6334,472.5,52
2026-08-13 11:50:00+00:00,7.6322,7.6322,7.6301,7.6301,288.8,6
2026-08-13 11:51:00+00:00,7.6303,7.6303,7.6278,7.6278,178.6,18
2026-08-13 11:52:00+00:00,7.6278,7.6278,7.6278,7.6278,0.0,0
2026-08-13 11:53:00+00:00,7.6278,7.63,7.6275,7.6275,363.7,34
2026-08-13 11:54:00+00:00,7.6278,7.6302,7.6275,7.6302,316.2,35
2026-08-13 11:55:00+00:00,7.6302,7.6302,7.6302,7.6302,0.0,0
2026-08-13 11:56:00+00:00,7.6293,7.6331,7.6246,7.6306,332.3,34
2026-08-13 11:57:00+00:00,7.6247,7.6309,7.6247,7.6252,943.8,33
2026-08-13 11:58:00+00:00,7.6252,7.6252,7.6252,7.6252,0.0,0
2026-08-13 11:59:00+00:00,7.6222,7.6226,7.62,7.62,300.2,35
2026-08-13 12:00:00+00:00,7.62,7.62,7.62,7.62,0.0,0
2026-08-13 12:01:00+00:00,7.6125,7.6163,7.6101,7.6163,545.1,12
2026-08-13 12:02:00+00:00,7.61,7.61,7.6,7.6032,110.1,14
2026-08-13 12:03:00+00:00,7.6017,7.602,7.601,7.601,234.9,34
2026-08-13 12:04:00+00:00,7.6015,7.6015,7.5954,7.5959,224.4,27
2026-08-13 12:05:00+00:00,7.5959,7.5959,7.5959,7.5959,0.0,0
2026-08-13 12:06:00+00:00,7.6045,7.6048,7.6017,7.6031,589.0,15
2026-08-13 12:07:00+00:00,7.6031,7.6037,7.5971,7.6036,159.1,33
2026-08-13 12:08:00+00:00,7.6049,7.6049,7.6049,7.6049,10.0,1
2026-08-13 12:09:00+00:00,7.6081,7.6081,7.6081,7.6081,2.5,1
2026-08-13 12:10:00+00:00,7.6093,7.6093,7.6093,7.6093,25.7,1
2026-08-13 12:11:00+00:00,7.61,7.61,7.61,7.61,2.2,1
2026-08-13 12:12:00+00:00,7.61,7.61,7.6076,7.6076,12.5,3
2026-08-13 12:13:00+00:00,7.605,7.605,7.6035,7.6035,97.6,16
2026-08-13 12:14:00+00:00,7.6035,7.6035,7.6035,7.6035,0.0,0
2026-08-13 12:15:00+00:00,7.6031,7.6034,7.6014,7.6014,337.5,32
2026-08-13 12:16:00+00:00,7.6019,7.6019,7.5959,7.5978,502.0,13
2026-08-13 12:17:00+00:00,7.5978,7.5978,7.5978,7.5978,0.0,0
2026-08-13 12:18:00+00:00,7.5992,7.5992,7.5863,7.5917,7110.9,372
2026-08-13 12:19:00+00:00,7.5918,7.5941,7.576,7.576,1796.3,225
2026-08-13 12:20:00+00:00,7.5761,7.5818,7.5646,7.5677,3313.3,298
2026-08-13 12:21:00+00:00,7.5677,7.5681,7.5604,7.5604,837.6,81
2026-08-13 12:22:00+00:00,7.5653,7.566,7.564,7.5641,585.2,74
2026-08-13 12:23:00+00:00,7.564,7.5646,7.564,7.5646,1086.7,114
2026-08-13 12:24:00+00:00,7.5643,7.5687,7.564,7.5643,1725.1,100
2026-08-13 12:25:00+00:00,7.5641,7.5718,7.5641,7.5712,1270.3,17
2026-08-13 12:26:00+00:00,7.5712,7.5712,7.5712,7.5712,0.0,0
2026-08-13 12:27:00+00:00,7.5685,7.5685,7.5685,7.5685,4.2,1
2026-08-13 12:28:00+00:00,7.575,7.576,7.575,7.576,1.9,2
2026-08-13 12:29:00+00:00,7.572,7.58,7.572,7.58,58.2,5
2026-08-13 12:30:00+00:00,7.5899,7.59,7.5803,7.5845,2801.2,262
2026-08-13 12:31:00+00:00,7.5852,7.5971,7.5845,7.589,3231.1,148
2026-08-13 12:32:00+00:00,7.5877,7.589,7.5875,7.5886,109.2,15
2026-08-13 12:33:00+00:00,7.5883,7.5886,7.5883,7.5883,50.5,6
2026-08-13 12:34:00+00:00,7.5883,7.5883,7.5883,7.5883,0.0,0
2026-08-13 12:35:00+00:00,7.5949,7.6052,7.5945,7.6026,883.0,104
2026-08-13 12:36:00+00:00,7.6062,7.61,7.6061,7.6061,21.9,4
2026-08-13 12:37:00+00:00,7.61,7.6192,7.61,7.6186,624.7,76
2026-08-13 12:38:00+00:00,7.6188,7.6304,7.6138,7.6283,5145.2,138
2026-08-13 12:39:00+00:00,7.6306,7.6326,7.6247,7.63,940.7,105
2026-08-13 12:40:00+00:00,7.6359,7.6398,7.6281,7.6281,910.0,12
2026-08-13 12:41:00+00:00,7.6353,7.6391,7.6346,7.6391,1494.8,166
2026-08-13 12:42:00+00:00,7.6392,7.6399,7.635,7.6399,138.4,17
2026-08-13 12:43:00+00:00,7.6399,7.6399,7.6399,7.6399,0.0,0
2026-08-13 12:44:00+00:00,7.626,7.6317,7.6247,7.6251,1710.7,201
2026-08-13 12:45:00+00:00,7.6284,7.6284,7.6284,7.6284,13.4,2
2026-08-13 12:46:00+00:00,7.629,7.6296,7.6252,7.6296,47.6,5
2026-08-13 12:47:00+00:00,7.627,7.633,7.6239,7.6326,333.5,40
2026-08-13 12:48:00+00:00,7.6341,7.6361,7.6305,7.6361,330.2,41
2026-08-13 12:49:00+00:00,7.6367,7.639,7.6303,7.6359,1121.0,85
2026-08-13 12:50:00+00:00,7.6377,7.6384,7.6312,7.6355,137.7,16
2026-08-13 12:51:00+00:00,7.6384,7.6384,7.6384,7.6384,9.7,1
2026-08-13 12:52:00+00:00,7.6384,7.6384,7.6384,7.6384,0.0,0
2026-08-13 12:53:00+00:00,7.6384,7.6384,7.6384,7.6384,0.0,0
2026-08-13 12:54:00+00:00,7.6384,7.6384,7.6384,7.6384,0.0,0
2026-08-13 12:55:00+00:00,7.6361,7.6377,7.6334,7.6345,238.9,14
2026-08-13 12:56:00+00:00,7.6345,7.6345,7.6345,7.6345,0.0,0
2026-08-13 12:57:00+00:00,7.6378,7.6379,7.6327,7.6378,152.9,7
2026-08-13 12:58:00+00:00,7.639,7.639,7.639,7.639,1.7,1
2026-08-13 12:59:00+00:00,7.6338,7.639,7.6337,7.6374,176.7,28
2026-08-13 13:00:00+00:00,7.6321,7.6321,7.6321,7.6321,65.4,1
2026-08-13 13:01:00+00:00,7.6318,7.6351,7.6299,7.6314,1540.0,170
2026-08-13 13:02:00+00:00,7.6254,7.6254,7.6254,7.6254,10.0,1
2026-08-13 13:03:00+00:00,7.627,7.6308,7.627,7.6308,215.9,26
2026-08-13 13:04:00+00:00,7.6316,7.6316,7.6316,7.6316,4.4,1
2026-08-13 13:05:00+00:00,7.6316,7.6316,7.6316,7.6316,0.0,0
2026-08-13 13:06:00+00:00,7.6289,7.6292,7.6289,7.629,127.8,10
2026-08-13 13:07:00+00:00,7.6289,7.6299,7.6289,7.6299,10.0,2
2026-08-13 13:08:00+00:00,7.6289,7.6291,7.6278,7.6278,219.8,23
2026-08-13 13:09:00+00:00,7.628,7.6286,7.626,7.6274,458.3,59
2026-08-13 13:10:00+00:00,7.6262,7.6323,7.6259,7.6259,374.2,37
2026-08-13 13:11:00+00:00,7.6265,7.6282,7.6265,7.6282,282.8,34
2026-08-13 13:12:00+00:00,7.6353,7.6392,7.6271,7.6302,273.0,33
2026-08-13 13:13:00+00:00,7.6299,7.6331,7.627,7.629,168.1,28
2026-08-13 13:14:00+00:00,7.63,7.6331,7.6273,7.6273,157.6,14
2026-08-13 13:15:00+00:00,7.6273,7.6273,7.6273,7.6273,0.0,0
2026-08-13 13:16:00+00:00,7.6277,7.6324,7.6276,7.6281,38.5,5
2026-08-13 13:17:00+00:00,7.6286,7.6289,7.627,7.6286,41.9,7
2026-08-13 13:18:00+00:00,7.6285,7.6285,7.6272,7.6272,128.5,3
2026-08-13 13:19:00+00:00,7.6306,7.6363,7.6306,7.6363,3477.5,67
2026-08-13 13:20:00+00:00,7.638,7.64,7.635,7.6368,1977.6,42
2026-08-13 13:21:00+00:00,7.6383,7.64,7.6345,7.6385,660.0,42
2026-08-13 13:22:00+00:00,7.6382,7.6398,7.6351,7.6395,672.1,69
2026-08-13 13:23:00+00:00,7.64,7.64,7.6397,7.6399,40.6,4
2026-08-13 13:24:00+00:00,7.6364,7.6399,7.6364,7.6395,410.3,36
2026-08-13 13:25:00+00:00,7.64,7.6404,7.64,7.6404,56.5,2
2026-08-13 13:26:00+00:00,7.641,7.6437,7.641,7.6437,20.0,7
2026-08-13 13:27:00+00:00,7.6437,7.6437,7.6437,7.6437,0.0,0
2026-08-13 13:28:00+00:00,7.6429,7.6429,7.6429,7.6429,122.8,1
2026-08-13 13:29:00+00:00,7.6428,7.645,7.6376,7.638,1048.4,38
2026-08-13 13:30:00+00:00,7.638,7.6477,7.638,7.6438,511.4,30
2026-08-13 13:31:00+00:00,7.6331,7.6386,7.6301,7.637,1220.0,55
2026-08-13 13:32:00+00:00,7.6341,7.6394,7.6339,7.6388,614.7,79
2026-08-13 13:33:00+00:00,7.6378,7.6477,7.6366,7.6367,1577.1,174
2026-08-13 13:34:00+00:00,7.6366,7.6452,7.632,7.6394,4734.6,151
2026-08-13 13:35:00+00:00,7.6363,7.642,7.631,7.639,1113.0,64
2026-08-13 13:36:00+00:00,7.6383,7.6468,7.6383,7.6459,2271.4,172
2026-08-13 13:37:00+00:00,7.6411,7.657,7.6411,7.6524,5110.7,96
2026-08-13 13:38:00+00:00,7.6547,7.6595,7.6493,7.6528,1790.0,216
2026-08-13 13:39:00+00:00,7.6566,7.66,7.6566,7.66,513.2,3
2026-08-13 13:40:00+00:00,7.6662,7.6662,7.6493,7.65,865.8,12
2026-08-13 13:41:00+00:00,7.6499,7.6538,7.6442,7.6442,2633.3,105
2026-08-13 13:42:00+00:00,7.6449,7.6455,7.6356,7.6393,6028.2,197
2026-08-13 13:43:00+00:00,7.6409,7.6411,7.6388,7.6401,11034.6,73
2026-08-13 13:44:00+00:00,7.6398,7.6579,7.6398,7.6579,125.9,13
2026-08-13 13:45:00+00:00,7.6579,7.67,7.6531,7.67,281.5,7
2026-08-13 13:46:00+00:00,7.6796,7.69,7.6796,7.682,1605.8,125
2026-08-13 13:47:00+00:00,7.69,7.695,7.6872,7.6949,5170.4,138
2026-08-13 13:48:00+00:00,7.6949,7.695,7.6916,7.6929,2676.9,89
2026-08-13 13:49:00+00:00,7.6932,7.6993,7.6894,7.6992,3144.5,157
2026-08-13 13:50:00+00:00,7.699,7.7,7.6891,7.6999,2207.7,163
2026-08-13 13:51:00+00:00,7.6998,7.7,7.6904,7.694,4759.7,35
2026-08-13 13:52:00+00:00,7.6939,7.694,7.6939,7.694,1138.6,10
2026-08-13 13:53:00+00:00,7.694,7.694,7.67,7.6798,8604.4,107
2026-08-13 13:54:00+00:00,7.6726,7.6784,7.6668,7.6768,1746.4,66
2026-08-13 13:55:00+00:00,7.6748,7.6798,7.6598,7.6683,3215.7,224
2026-08-13 13:56:00+00:00,7.6643,7.68,7.658,7.6797,6315.5,273
2026-08-13 13:57:00+00:00,7.6797,7.6859,7.6786,7.685,2911.4,104
2026-08-13 13:58:00+00:00,7.685,7.6932,7.685,7.6925,2254.0,51
2026-08-13 13:59:00+00:00,7.6865,7.6939,7.6851,7.6935,1426.9,66
2026-08-13 14:00:00+00:00,7.6853,7.6939,7.6852,7.6923,3158.4,283
2026-08-13 14:01:00+00:00,7.6923,7.694,7.6918,7.694,2800.7,215
2026-08-13 14:02:00+00:00,7.694,7.7,7.694,7.7,1838.5,109
2026-08-13 14:03:00+00:00,7.7,7.7,7.6942,7.6997,2239.5,50
2026-08-13 14:04:00+00:00,7.6996,7.7,7.6896,7.69,5313.0,147
2026-08-13 14:05:00+00:00,7.6896,7.69,7.6853,7.6887,1670.7,103
2026-08-13 14:06:00+00:00,7.6887,7.69,7.6887,7.689,2285.4,29
2026-08-13 14:07:00+00:00,7.689,7.7,7.689,7.7,2802.8,111
2026-08-13 14:08:00+00:00,7.6948,7.7,7.6914,7.7,1687.8,13
2026-08-13 14:09:00+00:00,7.698,7.7,7.6962,7.7,1761.4,9
2026-08-13 14:10:00+00:00,7.6971,7.6971,7.6897,7.696,3262.7,163
2026-08-13 14:11:00+00:00,7.696,7.697,7.6947,7.697,2029.7,75
2026-08-13 14:12:00+00:00,7.697,7.6999,7.696,7.6999,1387.9,19
2026-08-13 14:13:00+00:00,7.6964,7.7,7.6939,7.7,1511.4,54
2026-08-13 14:14:00+00:00,7.6972,7.7,7.6937,7.6996,5766.8,105
2026-08-13 14:15:00+00:00,7.6994,7.6999,7.6937,7.6992,1540.6,68
2026-08-13 14:16:00+00:00,7.694,7.699,7.69,7.699,2430.4,43
2026-08-13 14:17:00+00:00,7.691,7.699,7.6851,7.699,2455.1,195
2026-08-13 14:18:00+00:00,7.6933,7.6995,7.6933,7.6985,1845.1,57
2026-08-13 14:19:00+00:00,7.6955,7.6998,7.6921,7.6996,1158.7,16
2026-08-13 14:20:00+00:00,7.7,7.7,7.6925,7.6953,1954.1,45
2026-08-13 14:21:00+00:00,7.6979,7.7,7.6945,7.7,841.3,14
2026-08-13 14:22:00+00:00,7.6946,7.6979,7.6936,7.6979,710.1,13
2026-08-13 14:23:00+00:00,7.6979,7.6983,7.6956,7.6981,566.6,12
2026-08-13 14:24:00+00:00,7.6984,7.7,7.6984,7.7,139.7,13
2026-08-13 14:25:00+00:00,7.6973,7.7099,7.6973,7.7099,3947.6,54
2026-08-13 14:26:00+00:00,7.7099,7.71,7.7014,7.7096,420.5,44
2026-08-13 14:27:00+00:00,7.7098,7.7189,7.7083,7.711,1740.4,123
2026-08-13 14:28:00+00:00,7.7156,7.72,7.713,7.72,1640.1,139
2026-08-13 14:29:00+00:00,7.72,7.7365,7.7164,7.7365,2437.4,122
2026-08-13 14:30:00+00:00,7.7364,7.74,7.7277,7.74,5015.7,87
2026-08-13 14:31:00+00:00,7.7427,7.7599,7.7417,7.7478,1825.3,153
2026-08-13 14:32:00+00:00,7.7599,7.773,7.7599,7.7725,6093.9,107
2026-08-13 14:33:00+00:00,7.7725,7.79,7.7658,7.7817,5217.5,166
2026-08-13 14:34:00+00:00,7.7874,7.79,7.7786,7.7891,902.6,63
2026-08-13 14:35:00+00:00,7.7877,7.7969,7.7835,7.7969,1714.3,134
2026-08-13 14:36:00+00:00,7.795,7.7991,7.7901,7.7991,1675.1,12
2026-08-13 14:37:00+00:00,7.7975,7.7995,7.795,7.7995,467.5,25
2026-08-13 14:38:00+00:00,7.7954,7.7954,7.7831,7.7899,2111.3,24
2026-08-13 14:39:00+00:00,7.7846,7.7999,7.7827,7.7952,1586.5,49
2026-08-13 14:40:00+00:00,7.8,7.8184,7.8,7.8184,3729.1,69
2026-08-13 14:41:00+00:00,7.8144,7.8234,7.8127,7.8188,3425.6,75
2026-08-13 14:42:00+00:00,7.8186,7.8186,7.8112,7.8132,1030.9,114
2026-08-13 14:43:00+00:00,7.8101,7.8188,7.8078,7.8188,1179.3,110
2026-08-13 14:44:00+00:00,7.8168,7.8188,7.8168,7.8188,267.6,22
2026-08-13 14:45:00+00:00,7.818,7.8188,7.818,7.8188,95.4,4
2026-08-13 14:46:00+00:00,7.8175,7.8299,7.8175,7.829,1485.2,144
2026-08-13 14:47:00+00:00,7.8293,7.8345,7.8219,7.8332,1991.0,148
2026-08-13 14:48:00+00:00,7.8315,7.84,7.8312,7.8343,5303.5,250
2026-08-13 14:49:00+00:00,7.8337,7.8353,7.8267,7.8267,784.6,66
2026-08-13 14:50:00+00:00,7.8262,7.8329,7.826,7.8265,382.2,36
2026-08-13 14:51:00+00:00,7.8246,7.8375,7.8234,7.8375,162.4,11
2026-08-13 14:52:00+00:00,7.8374,7.8436,7.8359,7.842,1555.9,102
2026-08-13 14:53:00+00:00,7.8371,7.846,7.8371,7.846,395.2,41
2026-08-13 14:54:00+00:00,7.8437,7.8458,7.8402,7.8402,297.5,26
2026-08-13 14:55:00+00:00,7.8459,7.8459,7.8339,7.8395,1582.4,83
2026-08-13 14:56:00+00:00,7.8396,7.8462,7.8362,7.8462,1728.5,106
2026-08-13 14:57:00+00:00,7.8437,7.8448,7.843,7.8448,190.7,16
2026-08-13 14:58:00+00:00,7.844,7.8441,7.8362,7.8362,354.4,23
2026-08-13 14:59:00+00:00,7.8434,7.8434,7.8379,7.8408,905.1,44
2026-08-13 15:00:00+00:00,7.8381,7.8405,7.8344,7.8385,4144.3,179
2026-08-13 15:01:00+00:00,7.8382,7.8441,7.8343,7.8441,355.1,8
2026-08-13 15:02:00+00:00,7.8444,7.8449,7.8444,7.8448,64.4,4
2026-08-13 15:03:00+00:00,7.8449,7.85,7.8446,7.8497,680.6,17
2026-08-13 15:04:00+00:00,7.8476,7.8499,7.8451,7.8499,365.9,39
2026-08-13 15:05:00+00:00,7.8499,7.8658,7.8496,7.8592,2223.4,202
2026-08-13 15:06:00+00:00,7.859,7.87,7.859,7.8678,1510.2,158
2026-08-13 15:07:00+00:00,7.8644,7.8653,7.8596,7.8627,961.6,37
2026-08-13 15:08:00+00:00,7.8629,7.864,7.8573,7.864,1861.6,94
2026-08-13 15:09:00+00:00,7.864,7.8739,7.864,7.8739,1216.8,66
2026-08-13 15:10:00+00:00,7.8758,7.8852,7.8717,7.885,840.6,75
2026-08-13 15:11:00+00:00,7.8796,7.8992,7.8796,7.8951,2651.3,154
2026-08-13 15:12:00+00:00,7.8939,7.8993,7.8824,7.8876,3228.8,119
2026-08-13 15:13:00+00:00,7.8879,7.8998,7.8874,7.8942,2571.5,148
2026-08-13 15:14:00+00:00,7.8942,7.8959,7.8894,7.894,1718.7,55
2026-08-13 15:15:00+00:00,7.889,7.8942,7.8867,7.8939,551.5,60
2026-08-13 15:16:00+00:00,7.8914,7.894,7.8911,7.8934,1282.7,32
2026-08-13 15:17:00+00:00,7.891,7.8927,7.8882,7.8917,1835.1,128
2026-08-13 15:18:00+00:00,7.892,7.8922,7.8859,7.8911,921.5,86
2026-08-13 15:19:00+00:00,7.8863,7.894,7.8863,7.8899,2163.3,33
2026-08-13 15:20:00+00:00,7.8897,7.894,7.8885,7.8899,1367.9,75
2026-08-13 15:21:00+00:00,7.8899,7.894,7.8899,7.892,734.1,21
2026-08-13 15:22:00+00:00,7.8919,7.894,7.891,7.8923,5534.7,136
2026-08-13 15:23:00+00:00,7.8923,7.9,7.8916,7.9,1285.1,76
2026-08-13 15:24:00+00:00,7.9,7.9,7.8999,7.9,864.8,13
2026-08-13 15:25:00+00:00,7.9,7.9,7.8989,7.9,809.7,51
2026-08-13 15:26:00+00:00,7.9,7.9,7.8964,7.8986,1907.3,179
2026-08-13 15:27:00+00:00,7.8985,7.9126,7.8985,7.9097,4123.7,54
2026-08-13 15:28:00+00:00,7.9088,7.9191,7.9088,7.9191,508.7,14
2026-08-13 15:29:00+00:00,7.915,7.92,7.915,7.9199,393.2,27
2026-08-13 15:30:00+00:00,7.9198,7.9199,7.9131,7.9199,798.0,69
2026-08-13 15:31:00+00:00,7.9198,7.96,7.9098,7.9389,8807.6,229
2026-08-13 15:32:00+00:00,7.9389,7.9392,7.9243,7.9273,3194.8,161
2026-08-13 15:33:00+00:00,7.9263,7.9263,7.8426,7.8475,8042.9,264
2026-08-13 15:34:00+00:00,7.8494,7.8517,7.7857,7.8171,7505.1,223
2026-08-13 15:35:00+00:00,7.8177,7.8456,7.8175,7.8322,5759.3,253
2026-08-13 15:36:00+00:00,7.8321,7.8386,7.8252,7.8374,1158.2,97
2026-08-13 15:37:00+00:00,7.8373,7.8375,7.8238,7.8297,1485.0,104
2026-08-13 15:38:00+00:00,7.8297,7.84,7.8173,7.8262,10042.3,266
2026-08-13 15:39:00+00:00,7.8264,7.8338,7.8254,7.8254,1027.6,106
2026-08-13 15:40:00+00:00,7.8255,7.8288,7.8255,7.8288,356.4,36
2026-08-13 15:41:00+00:00,7.8285,7.8299,7.828,7.8289,603.2,46
2026-08-13 15:42:00+00:00,7.8304,7.84,7.83,7.8338,2273.1,25
2026-08-13 15:43:00+00:00,7.8381,7.844,7.8324,7.8421,3935.8,171
2026-08-13 15:44:00+00:00,7.8419,7.8495,7.8341,7.8414,1864.8,182
2026-08-13 15:45:00+00:00,7.8419,7.8497,7.8419,7.8431,635.1,50
2026-08-13 15:46:00+00:00,7.8425,7.86,7.8372,7.8508,7954.6,62
2026-08-13 15:47:00+00:00,7.8535,7.8628,7.8438,7.8628,2013.6,97
2026-08-13 15:48:00+00:00,7.8551,7.8553,7.8316,7.8316,3101.9,140
2026-08-13 15:49:00+00:00,7.832,7.8438,7.8263,7.8329,3076.4,229
2026-08-13 15:50:00+00:00,7.8364,7.8364,7.8201,7.8208,954.8,90
2026-08-13 15:51:00+00:00,7.8287,7.8312,7.8139,7.8144,1705.9,219
2026-08-13 15:52:00+00:00,7.8134,7.8195,7.7875,7.7968,3456.1,328
2026-08-13 15:53:00+00:00,7.7898,7.7949,7.7843,7.7897,1628.4,156
2026-08-13 15:54:00+00:00,7.7897,7.7897,7.7772,7.7849,4177.8,222
2026-08-13 15:55:00+00:00,7.7849,7.785,7.7771,7.7792,4387.2,235
2026-08-13 15:56:00+00:00,7.7792,7.79,7.7773,7.7834,2972.5,210
2026-08-13 15:57:00+00:00,7.7832,7.7921,7.7775,7.7877,3432.0,292
2026-08-13 15:58:00+00:00,7.7877,7.7878,7.7721,7.7742,3651.1,347
2026-08-13 15:59:00+00:00,7.7808,7.7916,7.773,7.7857,1710.8,114
2026-08-13 16:00:00+00:00,7.7838,7.791,7.7804,7.7885,2286.8,209
2026-08-13 16:01:00+00:00,7.7828,7.8047,7.7822,7.8047,3194.1,94
2026-08-13 16:02:00+00:00,7.7979,7.81,7.7937,7.81,2434.3,199
2026-08-13 16:03:00+00:00,7.8115,7.8275,7.8101,7.8222,3489.3,250
2026-08-13 16:04:00+00:00,7.8208,7.8297,7.8174,7.8227,2517.6,120
2026-08-13 16:05:00+00:00,7.8202,7.8262,7.8147,7.8213,1741.6,156
2026-08-13 16:06:00+00:00,7.8215,7.8296,7.8177,7.8296,1187.4,123
2026-08-13 16:07:00+00:00,7.8255,7.8255,7.8113,7.8211,1325.4,79
2026-08-13 16:08:00+00:00,7.8114,7.8114,7.7945,7.8045,3141.4,142
2026-08-13 16:09:00+00:00,7.8046,7.8074,7.7906,7.8031,1065.7,60
2026-08-13 16:10:00+00:00,7.803,7.803,7.7865,7.7964,2342.1,181
2026-08-13 16:11:00+00:00,7.7961,7.8021,7.7941,7.7984,1806.1,185
2026-08-13 16:12:00+00:00,7.7983,7.802,7.7951,7.8012,234.4,27
2026-08-13 16:13:00+00:00,7.7979,7.798,7.7976,7.7977,64.5,6
2026-08-13 16:14:00+00:00,7.7965,7.7969,7.7926,7.7969,654.5,52
2026-08-13 16:15:00+00:00,7.796,7.8016,7.796,7.7997,171.6,14
2026-08-13 16:16:00+00:00,7.7995,7.8038,7.7995,7.8038,64.4,6
2026-08-13 16:17:00+00:00,7.8013,7.81,7.8013,7.81,306.1,38
2026-08-13 16:18:00+00:00,7.803,7.8147,7.803,7.8147,711.6,9
2026-08-13 16:19:00+00:00,7.8146,7.8229,7.8143,7.8229,300.5,39
2026-08-13 16:20:00+00:00,7.8195,7.8449,7.8195,7.8418,691.4,16
2026-08-13 16:21:00+00:00,7.8431,7.8628,7.8426,7.8574,943.4,47
2026-08-13 16:22:00+00:00,7.8641,7.87,7.8573,7.8653,1038.4,82
2026-08-13 16:23:00+00:00,7.8656,7.8674,7.8653,7.8672,269.0,29
2026-08-13 16:24:00+00:00,7.8664,7.8718,7.8636,7.8718,595.3,66
2026-08-13 16:25:00+00:00,7.8662,7.8681,7.8662,7.8679,64.4,7
2026-08-13 16:26:00+00:00,7.8679,7.8722,7.8526,7.8602,1648.6,62
2026-08-13 16:27:00+00:00,7.8604,7.8604,7.8323,7.8464,2604.3,168
2026-08-13 16:28:00+00:00,7.8461,7.866,7.8461,7.866,1490.9,84
2026-08-13 16:29:00+00:00,7.87,7.8833,7.868,7.8774,2326.0,150
2026-08-13 16:30:00+00:00,7.8771,7.8816,7.8706,7.8808,1602.8,135
2026-08-13 16:31:00+00:00,7.8816,7.8831,7.8816,7.8831,512.6,64
2026-08-13 16:32:00+00:00,7.8848,7.8899,7.8813,7.8845,585.9,56
2026-08-13 16:33:00+00:00,7.8844,7.8888,7.8779,7.8888,917.5,69
2026-08-13 16:34:00+00:00,7.8851,7.8854,7.8808,7.8809,563.9,60
2026-08-13 16:35:00+00:00,7.877,7.877,7.87,7.875,1625.4,106
2026-08-13 16:36:00+00:00,7.8734,7.8752,7.8734,7.875,102.3,8
2026-08-13 16:37:00+00:00,7.8735,7.8736,7.8734,7.8735,125.8,11
2026-08-13 16:38:00+00:00,7.8735,7.8735,7.8708,7.871,84.8,9
2026-08-13 16:39:00+00:00,7.8678,7.8731,7.8669,7.8674,361.2,38
2026-08-13 16:40:00+00:00,7.8662,7.8672,7.8643,7.8644,768.9,70
2026-08-13 16:41:00+00:00,7.8643,7.8669,7.8614,7.8669,308.7,39
2026-08-13 16:42:00+00:00,7.867,7.8684,7.862,7.8683,66.0,10
2026-08-13 16:43:00+00:00,7.863,7.867,7.861,7.8669,96.1,11
2026-08-13 16:44:00+00:00,7.8669,7.87,7.8669,7.87,73.8,14
2026-08-13 16:45:00+00:00,7.87,7.874,7.87,7.874,406.9,9
2026-08-13 16:46:00+00:00,7.8749,7.8754,7.874,7.8754,64.4,6
2026-08-13 16:47:00+00:00,7.8752,7.8799,7.8752,7.8799,448.9,11
2026-08-13 16:48:00+00:00,7.88,7.8896,7.8774,7.8896,239.2,22
2026-08-13 16:49:00+00:00,7.8897,7.8999,7.8897,7.8999,881.8,30
2026-08-13 16:50:00+00:00,7.895,7.906,7.895,7.9046,2084.5,58
2026-08-13 16:51:00+00:00,7.9049,7.9088,7.9021,7.9021,881.3,19
2026-08-13 16:52:00+00:00,7.9021,7.9021,7.89,7.8953,3461.8,190
2026-08-13 16:53:00+00:00,7.8925,7.9013,7.8925,7.8991,566.0,15
2026-08-13 16:54:00+00:00,7.8985,7.9031,7.8922,7.8976,744.3,55
2026-08-13 16:55:00+00:00,7.8937,7.8937,7.8901,7.8907,1233.4,61
2026-08-13 16:56:00+00:00,7.8908,7.8945,7.8854,7.8902,1067.7,95
2026-08-13 16:57:00+00:00,7.8902,7.8965,7.8897,7.896,514.2,61
2026-08-13 16:58:00+00:00,7.8978,7.9,7.8941,7.8979,1317.1,144
2026-08-13 16:59:00+00:00,7.8985,7.9027,7.8949,7.898,332.5,45
2026-08-13 17:00:00+00:00,7.8982,7.8982,7.8916,7.8964,273.9,30
2026-08-13 17:01:00+00:00,7.8943,7.8958,7.8941,7.8958,130.4,12
2026-08-13 17:02:00+00:00,7.8947,7.8949,7.8902,7.8936,316.4,32
2026-08-13 17:03:00+00:00,7.8922,7.897,7.8902,7.897,133.7,10
2026-08-13 17:04:00+00:00,7.8904,7.8917,7.8813,7.8861,1282.8,102
2026-08-13 17:05:00+00:00,7.888,7.889,7.8877,7.8882,753.4,51
2026-08-13 17:06:00+00:00,7.8882,7.8934,7.8842,7.8925,289.1,42
2026-08-13 17:07:00+00:00,7.8883,7.8924,7.8843,7.8924,129.0,14
2026-08-13 17:08:00+00:00,7.8889,7.898,7.8848,7.8903,1091.1,125
2026-08-13 17:09:00+00:00,7.8906,7.8928,7.8852,7.891,251.7,31
2026-08-13 17:10:00+00:00,7.8852,7.8904,7.8845,7.8904,135.2,5
2026-08-13 17:11:00+00:00,7.8875,7.8928,7.8854,7.8908,236.0,16
2026-08-13 17:12:00+00:00,7.886,7.8909,7.8821,7.887,140.5,15
2026-08-13 17:13:00+00:00,7.881,7.8865,7.881,7.8847,146.4,21
2026-08-13 17:14:00+00:00,7.8878,7.8878,7.8803,7.8835,183.0,22
2026-08-13 17:15:00+00:00,7.8819,7.8875,7.8819,7.8875,134.7,11
2026-08-13 17:16:00+00:00,7.8837,7.884,7.8801,7.8839,153.6,11
2026-08-13 17:17:00+00:00,7.8806,7.8806,7.8708,7.876,474.1,34
2026-08-13 17:18:00+00:00,7.875,7.8803,7.8741,7.8791,478.7,51
2026-08-13 17:19:00+00:00,7.875,7.8798,7.871,7.8758,650.7,51
2026-08-13 17:20:00+00:00,7.8755,7.8795,7.8706,7.8795,925.2,51
2026-08-13 17:21:00+00:00,7.875,7.881,7.874,7.8809,1335.0,40
2026-08-13 17:22:00+00:00,7.8764,7.8815,7.8756,7.8815,131.4,13
2026-08-13 17:23:00+00:00,7.8798,7.8868,7.8773,7.8868,466.8,49
2026-08-13 17:24:00+00:00,7.8841,7.8879,7.8839,7.8848,244.6,28
2026-08-13 17:25:00+00:00,7.8845,7.8877,7.8845,7.885,206.0,14
2026-08-13 17:26:00+00:00,7.8861,7.8897,7.8861,7.8868,127.4,11
2026-08-13 17:27:00+00:00,7.8865,7.89,7.8865,7.89,102.4,10
2026-08-13 17:28:00+00:00,7.89,7.8909,7.8889,7.8891,64.4,6
2026-08-13 17:29:00+00:00,7.8889,7.8929,7.8889,7.8929,1180.8,47
2026-08-13 17:30:00+00:00,7.8961,7.8999,7.8918,7.8999,104.3,4
2026-08-13 17:31:00+00:00,7.8942,7.9055,7.8942,7.9055,120.5,16
2026-08-13 17:32:00+00:00,7.9022,7.9567,7.902,7.9514,6339.8,242
2026-08-13 17:33:00+00:00,7.9511,7.9548,7.9452,7.9473,2464.1,89
2026-08-13 17:34:00+00:00,7.9514,7.9544,7.9486,7.9543,1243.2,108
2026-08-13 17:35:00+00:00,7.9514,7.9541,7.9514,7.9528,67.3,3
2026-08-13 17:36:00+00:00,7.9482,7.9512,7.9468,7.9485,555.2,37
2026-08-13 17:37:00+00:00,7.9438,7.9541,7.9438,7.9538,174.2,13
2026-08-13 17:38:00+00:00,7.948,7.9514,7.9352,7.9352,2068.1,86
2026-08-13 17:39:00+00:00,7.9315,7.9323,7.9243,7.9323,985.1,20
2026-08-13 17:40:00+00:00,7.9275,7.9317,7.926,7.9317,706.2,83
2026-08-13 17:41:00+00:00,7.929,7.9292,7.9227,7.9279,526.2,57
2026-08-13 17:42:00+00:00,7.9278,7.9279,7.9267,7.9267,64.4,4
2026-08-13 17:43:00+00:00,7.9242,7.9244,7.9202,7.9242,153.3,13
2026-08-13 17:44:00+00:00,7.9241,7.9303,7.9241,7.9303,418.4,18
2026-08-13 17:45:00+00:00,7.9274,7.928,7.9274,7.928,64.4,6
2026-08-13 17:46:00+00:00,7.9279,7.93,7.9258,7.9264,663.8,61
2026-08-13 17:47:00+00:00,7.9263,7.9265,7.926,7.9262,64.5,7
2026-08-13 17:48:00+00:00,7.9262,7.93,7.9262,7.93,64.4,5
2026-08-13 17:49:00+00:00,7.9267,7.9297,7.9205,7.9291,231.0,20
2026-08-13 17:50:00+00:00,7.9251,7.9291,7.9245,7.9291,210.2,17
2026-08-13 17:51:00+00:00,7.9288,7.9288,7.9243,7.9273,190.6,21
2026-08-13 17:52:00+00:00,7.9269,7.9285,7.9269,7.9285,314.2,43
2026-08-13 17:53:00+00:00,7.9282,7.933,7.9261,7.9304,449.6,47
2026-08-13 17:54:00+00:00,7.9261,7.9348,7.9261,7.9308,216.0,11
2026-08-13 17:55:00+00:00,7.9306,7.9308,7.9306,7.9308,64.4,7
2026-08-13 17:56:00+00:00,7.9328,7.9347,7.9303,7.9307,450.1,42
2026-08-13 17:57:00+00:00,7.9307,7.9376,7.9305,7.9355,935.2,111
2026-08-13 17:58:00+00:00,7.9352,7.937,7.9331,7.9359,487.3,8
2026-08-13 17:59:00+00:00,7.9359,7.936,7.9287,7.9317,334.9,20
2026-08-13 18:00:00+00:00,7.932,7.932,7.9314,7.9317,1044.8,98
2026-08-13 18:01:00+00:00,7.9317,7.9343,7.9313,7.933,346.1,32
2026-08-13 18:02:00+00:00,7.933,7.9366,7.9302,7.9302,600.2,15
2026-08-13 18:03:00+00:00,7.9303,7.9343,7.9302,7.9329,184.5,13
2026-08-13 18:04:00+00:00,7.9326,7.933,7.9259,7.9285,700.4,23
2026-08-13 18:05:00+00:00,7.9273,7.9334,7.9267,7.9334,690.1,74
2026-08-13 18:06:00+00:00,7.9278,7.9341,7.9278,7.9294,213.0,15
2026-08-13 18:07:00+00:00,7.9283,7.9339,7.9264,7.9318,846.2,26
2026-08-13 18:08:00+00:00,7.9266,7.9318,7.9245,7.9316,387.3,19
2026-08-13 18:09:00+00:00,7.9266,7.9287,7.9223,7.9284,1382.7,98
2026-08-13 18:10:00+00:00,7.9258,7.9318,7.9202,7.9302,939.6,99
2026-08-13 18:11:00+00:00,7.9262,7.9266,7.9198,7.9204,1155.0,141
2026-08-13 18:12:00+00:00,7.9201,7.9204,7.916,7.9162,332.7,32
2026-08-13 18:13:00+00:00,7.9162,7.9162,7.9102,7.9157,749.4,54
2026-08-13 18:14:00+00:00,7.9146,7.9152,7.9138,7.9152,205.7,19
2026-08-13 18:15:00+00:00,7.9143,7.9143,7.9102,7.9132,132.0,8
2026-08-13 18:16:00+00:00,7.9109,7.9133,7.9106,7.9133,130.0,10
2026-08-13 18:17:00+00:00,7.9108,7.9143,7.9106,7.9143,130.0,14
2026-08-13 18:18:00+00:00,7.9107,7.9133,7.9101,7.9133,332.7,25
2026-08-13 18:19:00+00:00,7.9107,7.9113,7.9094,7.9113,843.6,47
2026-08-13 18:20:00+00:00,7.9097,7.9116,7.9096,7.9116,130.1,12
2026-08-13 18:21:00+00:00,7.9074,7.9091,7.906,7.9086,172.0,16
2026-08-13 18:22:00+00:00,7.9054,7.9104,7.9053,7.9087,130.0,10
2026-08-13 18:23:00+00:00,7.9063,7.9079,7.906,7.9077,274.3,25
2026-08-13 18:24:00+00:00,7.905,7.9093,7.9041,7.9084,130.0,12
2026-08-13 18:25:00+00:00,7.9082,7.9083,7.9037,7.9068,243.4,25
2026-08-13 18:26:00+00:00,7.9031,7.9073,7.9008,7.9073,130.0,12
2026-08-13 18:27:00+00:00,7.9047,7.905,7.903,7.904,368.2,36
2026-08-13 18:28:00+00:00,7.9023,7.905,7.9013,7.9032,297.7,20
2026-08-13 18:29:00+00:00,7.9014,7.9045,7.9008,7.9045,130.0,16
2026-08-13 18:30:00+00:00,7.9044,7.9048,7.9021,7.9048,135.3,18
2026-08-13 18:31:00+00:00,7.9027,7.9048,7.9021,7.9048,130.0,15
2026-08-13 18:32:00+00:00,7.9027,7.9071,7.9007,7.9071,129.9,16
2026-08-13 18:33:00+00:00,7.9051,7.9055,7.9038,7.9052,503.6,56
2026-08-13 18:34:00+00:00,7.9046,7.9061,7.9043,7.9061,133.8,15
2026-08-13 18:35:00+00:00,7.9056,7.9061,7.9052,7.9061,133.3,17
2026-08-13 18:36:00+00:00,7.9055,7.9061,7.9053,7.9061,97.2,10
2026-08-13 18:37:00+00:00,7.907,7.9071,7.8847,7.8939,1749.6,126
2026-08-13 18:38:00+00:00,7.8971,7.8977,7.8943,7.8959,77.3,12
2026-08-13 18:39:00+00:00,7.8948,7.8973,7.8948,7.8969,64.4,8
2026-08-13 18:40:00+00:00,7.8967,7.8979,7.8967,7.8979,64.5,7
2026-08-13 18:41:00+00:00,7.8978,7.8978,7.8971,7.8974,64.4,5
2026-08-13 18:42:00+00:00,7.8979,7.9025,7.8979,7.9025,190.3,16
2026-08-13 18:43:00+00:00,7.9033,7.9059,7.9013,7.9013,433.6,53
2026-08-13 18:44:00+00:00,7.9013,7.9067,7.9004,7.9031,1212.3,110
2026-08-13 18:45:00+00:00,7.9035,7.9044,7.8968,7.9042,782.1,65
2026-08-13 18:46:00+00:00,7.9032,7.9037,7.9016,7.9034,1037.2,119
2026-08-13 18:47:00+00:00,7.9028,7.9039,7.9025,7.9039,498.8,46
2026-08-13 18:48:00+00:00,7.9031,7.9039,7.9021,7.9039,115.2,8
2026-08-13 18:49:00+00:00,7.903,7.9039,7.9024,7.9039,81.9,9
2026-08-13 18:50:00+00:00,7.9039,7.9039,7.9027,7.9039,87.3,7
2026-08-13 18:51:00+00:00,7.9027,7.9039,7.9022,7.9039,94.9,11
2026-08-13 18:52:00+00:00,7.9038,7.9038,7.9024,7.9027,76.7,10
2026-08-13 18:53:00+00:00,7.9027,7.903,7.9026,7.903,91.7,11
2026-08-13 18:54:00+00:00,7.9027,7.903,7.9027,7.9029,64.4,7
2026-08-13 18:55:00+00:00,7.9028,7.9039,7.9028,7.9039,541.1,8
2026-08-13 18:56:00+00:00,7.9039,7.9039,7.9036,7.9039,151.0,12
2026-08-13 18:57:00+00:00,7.9039,7.907,7.9039,7.9063,362.8,21
2026-08-13 18:58:00+00:00,7.9062,7.908,7.8998,7.908,909.1,70
2026-08-13 18:59:00+00:00,7.9093,7.9111,7.9093,7.9111,64.4,3
2026-08-13 19:00:00+00:00,7.9107,7.9107,7.9064,7.9103,960.2,49
2026-08-13 19:01:00+00:00,7.9148,7.928,7.9148,7.9236,1264.1,182
2026-08-13 19:02:00+00:00,7.9237,7.9296,7.9193,7.9296,779.7,105
2026-08-13 19:03:00+00:00,7.93,7.9358,7.9274,7.9351,533.9,44
2026-08-13 19:04:00+00:00,7.9351,7.9394,7.9259,7.9372,2094.9,120
2026-08-13 19:05:00+00:00,7.9322,7.9416,7.9273,7.9342,1198.5,37
2026-08-13 19:06:00+00:00,7.9334,7.938,7.9264,7.9375,794.2,66
2026-08-13 19:07:00+00:00,7.9337,7.9374,7.93,7.9317,565.3,38
2026-08-13 19:08:00+00:00,7.9302,7.9321,7.9265,7.9303,450.1,34
2026-08-13 19:09:00+00:00,7.9247,7.9297,7.9247,7.9249,159.4,6
2026-08-13 19:10:00+00:00,7.9244,7.9246,7.9226,7.9228,178.7,16
2026-08-13 19:11:00+00:00,7.9217,7.9217,7.9217,7.9217,69.4,4
2026-08-13 19:12:00+00:00,7.9216,7.9216,7.9135,7.9138,748.0,75
2026-08-13 19:13:00+00:00,7.9135,7.9175,7.9125,7.9129,1259.6,139
2026-08-13 19:14:00+00:00,7.9108,7.9111,7.9032,7.908,648.8,70
2026-08-13 19:15:00+00:00,7.9056,7.9056,7.9037,7.9047,1641.3,174
2026-08-13 19:16:00+00:00,7.9046,7.9089,7.9036,7.9042,101.0,10
2026-08-13 19:17:00+00:00,7.903,7.9031,7.9002,7.9031,156.8,9
2026-08-13 19:18:00+00:00,7.9018,7.9064,7.9017,7.9064,887.6,93
2026-08-13 19:19:00+00:00,7.9023,7.9069,7.9022,7.9069,361.8,41
2026-08-13 19:20:00+00:00,7.9029,7.907,7.9017,7.907,634.2,66
2026-08-13 19:21:00+00:00,7.9026,7.9038,7.902,7.9029,173.0,20
2026-08-13 19:22:00+00:00,7.9026,7.9031,7.9026,7.9029,131.0,13
2026-08-13 19:23:00+00:00,7.9,7.9,7.899,7.8995,186.9,19
2026-08-13 19:24:00+00:00,7.8994,7.8995,7.8968,7.897,295.2,17
2026-08-13 19:25:00+00:00,7.897,7.897,7.8967,7.897,120.9,15
2026-08-13 19:26:00+00:00,7.8954,7.8954,7.8943,7.8948,368.7,34
2026-08-13 19:27:00+00:00,7.8948,7.8949,7.8942,7.8942,16.0,5
2026-08-13 19:28:00+00:00,7.8926,7.893,7.8877,7.8877,554.0,33
2026-08-13 19:29:00+00:00,7.8912,7.8912,7.8909,7.891,76.0,8
2026-08-13 19:30:00+00:00,7.8897,7.8907,7.888,7.8893,1463.7,157
2026-08-13 19:31:00+00:00,7.8895,7.8895,7.8894,7.8894,18.8,2
2026-08-13 19:32:00+00:00,7.8895,7.8895,7.8892,7.8892,117.2,14
2026-08-13 19:33:00+00:00,7.8902,7.8902,7.8873,7.8895,181.0,9
2026-08-13 19:34:00+00:00,7.8895,7.8895,7.8816,7.8816,70.0,13
2026-08-13 19:35:00+00:00,7.8811,7.8815,7.876,7.876,298.9,32
2026-08-13 19:36:00+00:00,7.876,7.876,7.876,7.876,10.2,1
2026-08-13 19:37:00+00:00,7.8747,7.8747,7.869,7.869,322.2,6
2026-08-13 19:38:00+00:00,7.869,7.869,7.869,7.869,0.0,0
2026-08-13 19:39:00+00:00,7.8673,7.8685,7.8673,7.8685,62.6,5
2026-08-13 19:40:00+00:00,7.8663,7.8673,7.8638,7.8638,177.5,15
2026-08-13 19:41:00+00:00,7.8634,7.8637,7.8547,7.8547,770.8,53
2026-08-13 19:42:00+00:00,7.8547,7.8547,7.8547,7.8547,0.0,0
2026-08-13 19:43:00+00:00,7.85,7.8509,7.85,7.8506,146.7,21
2026-08-13 19:44:00+00:00,7.8491,7.8494,7.8476,7.8476,167.4,19
2026-08-13 19:45:00+00:00,7.847,7.8471,7.8469,7.8469,152.4,8
2026-08-13 19:46:00+00:00,7.8469,7.8636,7.8469,7.8636,2479.9,103
2026-08-13 19:47:00+00:00,7.8576,7.8633,7.8576,7.8603,609.3,85
2026-08-13 19:48:00+00:00,7.8631,7.8634,7.8618,7.862,545.0,54
2026-08-13 19:49:00+00:00,7.8624,7.863,7.8623,7.863,218.8,23
2026-08-13 19:50:00+00:00,7.8629,7.8633,7.8625,7.8633,101.5,11
2026-08-13 19:51:00+00:00,7.8633,7.8637,7.8633,7.8637,158.0,14
2026-08-13 19:52:00+00:00,7.8635,7.8637,7.8634,7.8637,88.9,8
2026-08-13 19:53:00+00:00,7.8637,7.8665,7.8637,7.8665,109.2,11
2026-08-13 19:54:00+00:00,7.8677,7.8973,7.8677,7.8911,1778.6,125
2026-08-13 19:55:00+00:00,7.891,7.891,7.8781,7.882,1378.3,100
2026-08-13 19:56:00+00:00,7.886,7.8861,7.8805,7.8828,534.6,59
2026-08-13 19:57:00+00:00,7.8828,7.8828,7.8828,7.8828,0.0,0
2026-08-13 19:58:00+00:00,7.8823,7.8827,7.882,7.8823,502.6,41
2026-08-13 19:59:00+00:00,7.8843,7.8903,7.8843,7.8891,414.0,25
2026-08-13 20:00:00+00:00,7.8891,7.8891,7.8891,7.8891,0.0,0
2026-08-13 20:01:00+00:00,7.8891,7.8891,7.8891,7.8891,0.0,0
2026-08-13 20:02:00+00:00,7.8887,7.8989,7.8887,7.8986,248.5,19
2026-08-13 20:03:00+00:00,7.8966,7.8966,7.8939,7.8955,1629.4,183
2026-08-13 20:04:00+00:00,7.8962,7.9003,7.8962,7.9003,500.1,59
2026-08-13 20:05:00+00:00,7.9,7.9003,7.8996,7.9001,292.3,32
2026-08-13 20:06:00+00:00,7.8999,7.9019,7.8999,7.9019,55.4,7
2026-08-13 20:07:00+00:00,7.9016,7.9043,7.9016,7.9041,490.2,55
2026-08-13 20:08:00+00:00,7.903,7.903,7.8997,7.9004,165.4,18
2026-08-13 20:09:00+00:00,7.9004,7.9004,7.9004,7.9004,0.0,0
2026-08-13 20:10:00+00:00,7.9004,7.9004,7.9004,7.9004,0.0,0
2026-08-13 20:11:00+00:00,7.9004,7.9004,7.9004,7.9004,0.0,0
2026-08-13 20:12:00+00:00,7.9004,7.9004,7.9004,7.9004,0.0,0
2026-08-13 20:13:00+00:00,7.9004,7.9004,7.9004,7.9004,0.0,0
2026-08-13 20:14:00+00:00,7.9003,7.9003,7.9003,7.9003,5.0,1
2026-08-13 20:15:00+00:00,7.9003,7.9003,7.9003,7.9003,0.0,0
2026-08-13 20:16:00+00:00,7.9011,7.9023,7.9008,7.9011,462.7,42
2026-08-13 20:17:00+00:00,7.9011,7.9011,7.9011,7.9011,0.0,0
2026-08-13 20:18:00+00:00,7.9011,7.9011,7.9011,7.9011,0.0,0
2026-08-13 20:19:00+00:00,7.9016,7.9061,7.9016,7.9028,214.6,19
2026-08-13 20:20:00+00:00,7.9028,7.9028,7.9028,7.9028,0.0,0
2026-08-13 20:21:00+00:00,7.9028,7.9028,7.9028,7.9028,0.0,0
2026-08-13 20:22:00+00:00,7.9028,7.9028,7.9028,7.9028,0.0,0
2026-08-13 20:23:00+00:00,7.9028,7.9028,7.9028,7.9028,0.0,0
2026-08-13 20:24:00+00:00,7.9028,7.9028,7.9028,7.9028,0.0,0
2026-08-13 20:25:00+00:00,7.9028,7.9028,7.9028,7.9028,0.0,0
2026-08-13 20:26:00+00:00,7.91,7.91,7.91,7.91,30.0,1
2026-08-13 20:27:00+00:00,7.915,7.915,7.915,7.915,4.0,2
2026-08-13 20:28:00+00:00,7.9169,7.937,7.9169,7.936,2560.1,129
2026-08-13 20:29:00+00:00,7.9361,7.9363,7.9253,7.9254,803.7,24
2026-08-13 20:30:00+00:00,7.927,7.927,7.9254,7.9254,176.4,10
2026-08-13 20:31:00+00:00,7.9275,7.9311,7.9275,7.9277,152.4,17
2026-08-13 20:32:00+00:00,7.929,7.9329,7.929,7.9329,100.0,6
2026-08-13 20:33:00+00:00,7.9293,7.9293,7.9293,7.9293,7.1,1
2026-08-13 20:34:00+00:00,7.9293,7.9293,7.9293,7.9293,0.0,0
2026-08-13 20:35:00+00:00,7.931,7.931,7.931,7.931,2.0,1
2026-08-13 20:36:00+00:00,7.931,7.931,7.931,7.931,0.0,0
2026-08-13 20:37:00+00:00,7.9304,7.936,7.9304,7.9305,630.7,53
2026-08-13 20:38:00+00:00,7.9307,7.9307,7.9307,7.9307,2.4,1
2026-08-13 20:39:00+00:00,7.9308,7.9308,7.9308,7.9308,6.1,1
2026-08-13 20:40:00+00:00,7.9308,7.9308,7.9308,7.9308,0.0,0
2026-08-13 20:41:00+00:00,7.9308,7.9308,7.9308,7.9308,0.0,0
2026-08-13 20:42:00+00:00,7.9324,7.9324,7.9324,7.9324,30.1,3
2026-08-13 20:43:00+00:00,7.9324,7.9324,7.9324,7.9324,0.0,0
2026-08-13 20:44:00+00:00,7.9324,7.9324,7.9324,7.9324,0.0,0
2026-08-13 20:45:00+00:00,7.9324,7.9324,7.9324,7.9324,0.0,0
2026-08-13 20:46:00+00:00,7.9327,7.9327,7.9327,7.9327,25.2,1
2026-08-13 20:47:00+00:00,7.9327,7.9327,7.9327,7.9327,0.0,0
2026-08-13 20:48:00+00:00,7.9327,7.9327,7.9327,7.9327,0.0,0
2026-08-13 20:49:00+00:00,7.9327,7.9327,7.9327,7.9327,0.0,0
2026-08-13 20:50:00+00:00,7.9327,7.9327,7.9327,7.9327,0.0,0
2026-08-13 20:51:00+00:00,7.9326,7.9327,7.93,7.9314,451.4,36
2026-08-13 20:52:00+00:00,7.9321,7.9321,7.9321,7.9321,4.0,2
2026-08-13 20:53:00+00:00,7.9358,7.9366,7.9358,7.9366,71.0,9
2026-08-13 20:54:00+00:00,7.9366,7.937,7.9366,7.937,21.8,3
2026-08-13 20:55:00+00:00,7.937,7.937,7.937,7.937,0.0,0
2026-08-13 20:56:00+00:00,7.9368,7.937,7.9368,7.937,11.3,3
2026-08-13 20:57:00+00:00,7.9281,7.9284,7.9262,7.9262,190.2,23
2026-08-13 20:58:00+00:00,7.9277,7.9289,7.9277,7.9289,289.1,21
2026-08-13 20:59:00+00:00,7.9289,7.9289,7.9289,7.9289,0.0,0
2026-08-13 21:00:00+00:00,7.9289,7.9289,7.9289,7.9289,0.0,0
2026-08-13 21:01:00+00:00,7.9297,7.9297,7.9293,7.9293,65.0,4
2026-08-13 21:02:00+00:00,7.9293,7.9293,7.9293,7.9293,0.0,0
2026-08-13 21:03:00+00:00,7.9293,7.9293,7.9293,7.9293,0.0,0
2026-08-13 21:04:00+00:00,7.9293,7.9293,7.9293,7.9293,0.0,0
2026-08-13 21:05:00+00:00,7.9293,7.9293,7.9293,7.9293,0.0,0
2026-08-13 21:06:00+00:00,7.9293,7.9293,7.9293,7.9293,0.0,0
2026-08-13 21:07:00+00:00,7.9293,7.9293,7.9293,7.9293,0.0,0
2026-08-13 21:08:00+00:00,7.9293,7.9293,7.9293,7.9293,0.0,0
2026-08-13 21:09:00+00:00,7.9312,7.9312,7.9217,7.9217,2576.1,79
2026-08-13 21:10:00+00:00,7.9222,7.9222,7.9212,7.9212,37.8,6
2026-08-13 21:11:00+00:00,7.9218,7.9234,7.92,7.921,663.7,73
2026-08-13 21:12:00+00:00,7.9213,7.9214,7.9202,7.9208,669.5,66
2026-08-13 21:13:00+00:00,7.921,7.921,7.9179,7.9196,1059.4,111
2026-08-13 21:14:00+00:00,7.9211,7.9211,7.9188,7.9188,3.6,2
2026-08-13 21:15:00+00:00,7.9188,7.9188,7.9185,7.9185,30.6,5
2026-08-13 21:16:00+00:00,7.915,7.9167,7.915,7.9166,27.1,3
2026-08-13 21:17:00+00:00,7.9145,7.9148,7.9145,7.9148,63.0,6
2026-08-13 21:18:00+00:00,7.9148,7.9148,7.9148,7.9148,0.0,0
2026-08-13 21:19:00+00:00,7.9148,7.9148,7.9148,7.9148,0.0,0
2026-08-13 21:20:00+00:00,7.9148,7.9148,7.9148,7.9148,0.0,0
2026-08-13 21:21:00+00:00,7.9123,7.9126,7.9123,7.9126,57.1,5
2026-08-13 21:22:00+00:00,7.9126,7.9126,7.9126,7.9126,0.0,0
2026-08-13 21:23:00+00:00,7.9126,7.9126,7.9126,7.9126,0.0,0
2026-08-13 21:24:00+00:00,7.9126,7.9126,7.9126,7.9126,0.0,0
2026-08-13 21:25:00+00:00,7.9126,7.9126,7.9126,7.9126,0.0,0
2026-08-13 21:26:00+00:00,7.9145,7.9157,7.9145,7.9157,37.8,2
2026-08-13 21:27:00+00:00,7.917,7.917,7.917,7.917,115.5,1
2026-08-13 21:28:00+00:00,7.9139,7.9214,7.9139,7.9212,1250.9,21
2026-08-13 21:29:00+00:00,7.9207,7.9209,7.9204,7.9209,94.8,10
2026-08-13 21:30:00+00:00,7.9204,7.9204,7.9202,7.9202,10.0,3
2026-08-13 21:31:00+00:00,7.9202,7.9202,7.9202,7.9202,0.0,0
2026-08-13 21:32:00+00:00,7.9214,7.9214,7.9214,7.9214,11.4,1
2026-08-13 21:33:00+00:00,7.9214,7.9214,7.9214,7.9214,0.0,0
2026-08-13 21:34:00+00:00,7.9214,7.9214,7.9214,7.9214,0.0,0
2026-08-13 21:35:00+00:00,7.916,7.9213,7.8974,7.8974,698.6,83
2026-08-13 21:36:00+00:00,7.8995,7.8998,7.8804,7.8804,698.3,79
2026-08-13 21:37:00+00:00,7.8805,7.8805,7.8778,7.8781,672.3,63
2026-08-13 21:38:00+00:00,7.8775,7.8786,7.8735,7.8784,235.1,27
2026-08-13 21:39:00+00:00,7.8808,7.8813,7.8808,7.8813,88.5,12
2026-08-13 21:40:00+00:00,7.8843,7.8863,7.87,7.87,684.4,81
2026-08-13 21:41:00+00:00,7.8713,7.8714,7.8645,7.8645,187.1,16
2026-08-13 21:42:00+00:00,7.863,7.8696,7.8597,7.8696,104.0,16
2026-08-13 21:43:00+00:00,7.87,7.87,7.87,7.87,3.3,1
2026-08-13 21:44:00+00:00,7.8698,7.9213,7.8657,7.9158,3379.3,150
2026-08-13 21:45:00+00:00,7.9198,7.9198,7.9198,7.9198,5.9,1
2026-08-13 21:46:00+00:00,7.9198,7.9198,7.9198,7.9198,0.0,0
2026-08-13 21:47:00+00:00,7.9214,7.9214,7.9214,7.9214,25.6,2
2026-08-13 21:48:00+00:00,7.9214,7.9214,7.9214,7.9214,0.0,0
2026-08-13 21:49:00+00:00,7.9198,7.9198,7.9198,7.9198,17.5,1
2026-08-13 21:50:00+00:00,7.9198,7.9211,7.9163,7.9186,336.6,22
2026-08-13 21:51:00+00:00,7.9211,7.9211,7.9141,7.9173,519.0,43
2026-08-13 21:52:00+00:00,7.9172,7.9184,7.9101,7.9122,1466.9,134
2026-08-13 21:53:00+00:00,7.91,7.91,7.8923,7.894,2513.1,155
2026-08-13 21:54:00+00:00,7.89,7.8905,7.89,7.8905,64.8,4
2026-08-13 21:55:00+00:00,7.8882,7.8882,7.8882,7.8882,1.9,1
2026-08-13 21:56:00+00:00,7.8882,7.8882,7.8882,7.8882,0.0,0
2026-08-13 21:57:00+00:00,7.8882,7.8882,7.8882,7.8882,0.0,0
2026-08-13 21:58:00+00:00,7.8927,7.893,7.8893,7.8893,54.1,5
2026-08-13 21:59:00+00:00,7.8893,7.8893,7.8893,7.8893,0.0,0
2026-08-13 22:00:00+00:00,7.8893,7.8893,7.8893,7.8893,0.0,0
2026-08-13 22:01:00+00:00,7.8937,7.8938,7.8937,7.8938,15.7,2
2026-08-13 22:02:00+00:00,7.8938,7.8938,7.8938,7.8938,0.0,0
2026-08-13 22:03:00+00:00,7.8938,7.8938,7.8938,7.8938,0.0,0
2026-08-13 22:04:00+00:00,7.8943,7.8946,7.8943,7.8946,50.4,4
2026-08-13 22:05:00+00:00,7.8946,7.8946,7.8946,7.8946,0.0,0
2026-08-13 22:06:00+00:00,7.8904,7.8904,7.8904,7.8904,3.6,1
2026-08-13 22:07:00+00:00,7.8941,7.8944,7.8911,7.8914,383.7,41
2026-08-13 22:08:00+00:00,7.8914,7.8947,7.8895,7.8914,149.0,11
2026-08-13 22:09:00+00:00,7.8914,7.8914,7.8914,7.8914,0.0,0
2026-08-13 22:10:00+00:00,7.8914,7.8914,7.8914,7.8914,0.0,0
2026-08-13 22:11:00+00:00,7.8914,7.8914,7.8914,7.8914,0.0,0
2026-08-13 22:12:00+00:00,7.8983,7.8997,7.8983,7.8994,76.1,6
2026-08-13 22:13:00+00:00,7.8994,7.8994,7.8994,7.8994,0.0,0
2026-08-13 22:14:00+00:00,7.8985,7.8985,7.7903,7.84,7013.3,248
2026-08-13 22:15:00+00:00,7.8397,7.8397,7.8266,7.8268,468.7,50
2026-08-13 22:16:00+00:00,7.8283,7.8366,7.8283,7.8362,227.5,9
2026-08-13 22:17:00+00:00,7.8352,7.84,7.8325,7.8393,400.9,35
2026-08-13 22:18:00+00:00,7.8433,7.8466,7.8433,7.8438,103.9,13
2026-08-13 22:19:00+00:00,7.8468,7.8471,7.8468,7.8471,50.8,4
2026-08-13 22:20:00+00:00,7.8463,7.8563,7.8463,7.8558,1050.6,70
2026-08-13 22:21:00+00:00,7.8543,7.8547,7.8512,7.8532,640.4,70
2026-08-13 22:22:00+00:00,7.8532,7.8532,7.8532,7.8532,0.0,0
2026-08-13 22:23:00+00:00,7.8554,7.8568,7.851,7.8511,1018.5,121
2026-08-13 22:24:00+00:00,7.8508,7.851,7.8404,7.8478,425.3,53
2026-08-13 22:25:00+00:00,7.8422,7.8517,7.8422,7.8517,324.9,12
2026-08-13 22:26:00+00:00,7.8517,7.8517,7.8517,7.8517,0.0,0
2026-08-13 22:27:00+00:00,7.8517,7.8517,7.8517,7.8517,0.0,0
2026-08-13 22:28:00+00:00,7.8491,7.8491,7.8491,7.8491,21.6,2
2026-08-13 22:29:00+00:00,7.8528,7.8586,7.8528,7.8586,40.0,5
2026-08-13 22:30:00+00:00,7.86,7.8689,7.86,7.8689,143.1,4
2026-08-13 22:31:00+00:00,7.8688,7.8715,7.8688,7.8715,94.7,8
2026-08-13 22:32:00+00:00,7.8715,7.8715,7.8715,7.8715,0.0,0
2026-08-13 22:33:00+00:00,7.8739,7.874,7.8739,7.874,165.1,4
2026-08-13 22:34:00+00:00,7.876,7.88,7.876,7.88,129.8,7
2026-08-13 22:35:00+00:00,7.8847,7.8882,7.8845,7.8877,1579.6,154
2026-08-13 22:36:00+00:00,7.8877,7.8883,7.8821,7.8874,2171.2,223
2026-08-13 22:37:00+00:00,7.8832,7.8872,7.8832,7.8872,146.8,2
2026-08-13 22:38:00+00:00,7.8834,7.8834,7.8832,7.8832,143.5,3
2026-08-13 22:39:00+00:00,7.8832,7.8832,7.8832,7.8832,0.0,0
2026-08-13 22:40:00+00:00,7.8887,7.8888,7.8887,7.8888,20.0,2
2026-08-13 22:41:00+00:00,7.8881,7.8888,7.8855,7.8855,212.5,13
2026-08-13 22:42:00+00:00,7.8887,7.8939,7.8887,7.891,64.0,6
2026-08-13 22:43:00+00:00,7.8913,7.8955,7.8913,7.8934,108.0,9
2026-08-13 22:44:00+00:00,7.8937,7.8997,7.8937,7.8974,413.7,22
2026-08-13 22:45:00+00:00,7.8979,7.9004,7.8979,7.9004,248.6,8
2026-08-13 22:46:00+00:00,7.899,7.9046,7.899,7.9046,697.3,64
2026-08-13 22:47:00+00:00,7.9042,7.91,7.9039,7.9055,271.9,19
2026-08-13 22:48:00+00:00,7.9087,7.9089,7.9087,7.9089,199.0,5
2026-08-13 22:49:00+00:00,7.9085,7.9118,7.9059,7.9064,768.4,69
2026-08-13 22:50:00+00:00,7.9064,7.9064,7.9064,7.9064,0.0,0
2026-08-13 22:51:00+00:00,7.9064,7.9106,7.9064,7.9096,241.6,14
2026-08-13 22:52:00+00:00,7.9091,7.9123,7.9034,7.9096,358.2,18
2026-08-13 22:53:00+00:00,7.9042,7.9042,7.9005,7.9035,834.3,42
2026-08-13 22:54:00+00:00,7.9026,7.9029,7.9023,7.9026,572.9,30
2026-08-13 22:55:00+00:00,7.9026,7.9026,7.9026,7.9026,0.0,0
2026-08-13 22:56:00+00:00,7.9026,7.9026,7.9026,7.9026,0.0,0
2026-08-13 22:57:00+00:00,7.9111,7.9118,7.908,7.9082,704.2,38
2026-08-13 22:58:00+00:00,7.9097,7.9164,7.9097,7.9164,379.5,12
2026-08-13 22:59:00+00:00,7.9117,7.9117,7.9084,7.9087,477.2,31
2026-08-13 23:00:00+00:00,7.9095,7.9095,7.9052,7.9076,559.6,37
2026-08-13 23:01:00+00:00,7.9086,7.9089,7.9081,7.9084,128.6,22
2026-08-13 23:02:00+00:00,7.9081,7.9082,7.9081,7.9082,15.1,3
2026-08-13 23:03:00+00:00,7.9082,7.9082,7.9082,7.9082,0.0,0
2026-08-13 23:04:00+00:00,7.9096,7.9123,7.9096,7.9123,226.6,2
2026-08-13 23:05:00+00:00,7.9091,7.9144,7.9091,7.9144,280.5,18
2026-08-13 23:06:00+00:00,7.9144,7.9144,7.9144,7.9144,0.0,0
2026-08-13 23:07:00+00:00,7.9091,7.9133,7.9091,7.9092,142.7,15
2026-08-13 23:08:00+00:00,7.9083,7.9083,7.9082,7.9082,14.3,2
2026-08-13 23:09:00+00:00,7.9003,7.906,7.9001,7.9057,1133.4,129
2026-08-13 23:10:00+00:00,7.9052,7.9052,7.9052,7.9052,9.9,1
2026-08-13 23:11:00+00:00,7.9052,7.9052,7.9052,7.9052,0.0,0
2026-08-13 23:12:00+00:00,7.906,7.9062,7.9043,7.9046,92.8,12
2026-08-13 23:13:00+00:00,7.9082,7.9136,7.9059,7.9132,277.0,28
2026-08-13 23:14:00+00:00,7.9152,7.9154,7.9152,7.9154,37.0,3
2026-08-13 23:15:00+00:00,7.916,7.916,7.916,7.916,3.1,1
2026-08-13 23:16:00+00:00,7.916,7.916,7.916,7.916,0.0,0
2026-08-13 23:17:00+00:00,7.9164,7.9164,7.9164,7.9164,11.8,1
2026-08-13 23:18:00+00:00,7.9164,7.9164,7.9164,7.9164,0.0,0
2026-08-13 23:19:00+00:00,7.9187,7.9195,7.9183,7.9184,416.4,45
2026-08-13 23:20:00+00:00,7.9187,7.9187,7.9184,7.9184,50.4,5
2026-08-13 23:21:00+00:00,7.9199,7.92,7.9169,7.9194,887.6,91
2026-08-13 23:22:00+00:00,7.9171,7.9171,7.9168,7.9168,50.4,4
2026-08-13 23:23:00+00:00,7.9183,7.9214,7.9183,7.9184,1326.5,14
2026-08-13 23:24:00+00:00,7.9185,7.9213,7.9141,7.9141,293.5,10
2026-08-13 23:25:00+00:00,7.9166,7.9166,7.9166,7.9166,12.6,1
2026-08-13 23:26:00+00:00,7.9166,7.9166,7.9166,7.9166,0.0,0
2026-08-13 23:27:00+00:00,7.9195,7.9195,7.9195,7.9195,543.8,3
2026-08-13 23:28:00+00:00,7.917,7.9214,7.917,7.9214,1455.7,7
2026-08-13 23:29:00+00:00,7.9136,7.9136,7.9136,7.9136,11.8,1
2026-08-13 23:30:00+00:00,7.9136,7.915,7.9135,7.915,30.2,4
2026-08-13 23:31:00+00:00,7.915,7.915,7.915,7.915,0.0,0
2026-08-13 23:32:00+00:00,7.915,7.915,7.915,7.915,0.0,0
2026-08-13 23:33:00+00:00,7.9158,7.9165,7.9158,7.9164,177.0,15
2026-08-13 23:34:00+00:00,7.9164,7.9164,7.9164,7.9164,0.0,0
2026-08-13 23:35:00+00:00,7.9164,7.9164,7.9164,7.9164,0.0,0
2026-08-13 23:36:00+00:00,7.9164,7.9164,7.9164,7.9164,0.0,0
2026-08-13 23:37:00+00:00,7.9164,7.9164,7.9164,7.9164,0.0,0
2026-08-13 23:38:00+00:00,7.9214,7.9214,7.9214,7.9214,10.3,2
2026-08-13 23:39:00+00:00,7.9197,7.9214,7.9197,7.9214,1787.1,16
2026-08-13 23:40:00+00:00,7.9214,7.9214,7.9201,7.9202,106.4,7
2026-08-13 23:41:00+00:00,7.9202,7.9214,7.9194,7.9196,208.5,15
2026-08-13 23:42:00+00:00,7.9202,7.9202,7.9202,7.9202,7.5,1
2026-08-13 23:43:00+00:00,7.9202,7.9202,7.9202,7.9202,0.0,0
2026-08-13 23:44:00+00:00,7.9196,7.9214,7.9196,7.9197,152.9,12
2026-08-13 23:45:00+00:00,7.9173,7.9205,7.9173,7.9176,408.2,46
2026-08-13 23:46:00+00:00,7.9176,7.9176,7.9176,7.9176,0.0,0
2026-08-13 23:47:00+00:00,7.9176,7.9176,7.9176,7.9176,0.0,0
2026-08-13 23:48:00+00:00,7.9213,7.9213,7.9213,7.9213,7.5,1
2026-08-13 23:49:00+00:00,7.9214,7.9214,7.9214,7.9214,26.5,2
2026-08-13 23:50:00+00:00,7.9214,7.9367,7.9214,7.9303,1246.6,74
2026-08-13 23:51:00+00:00,7.9352,7.9358,7.9326,7.9351,755.1,91
2026-08-13 23:52:00+00:00,7.9361,7.9369,7.9358,7.9368,140.9,16
2026-08-13 23:53:00+00:00,7.9333,7.9359,7.9333,7.9359,63.0,3
2026-08-13 23:54:00+00:00,7.937,7.9422,7.937,7.9422,294.9,6
2026-08-13 23:55:00+00:00,7.9383,7.9385,7.9366,7.9366,87.2,10
2026-08-13 23:56:00+00:00,7.9386,7.9422,7.9366,7.9368,98.7,19
2026-08-13 23:57:00+00:00,7.9349,7.9376,7.9343,7.9373,150.7,10
2026-08-13 23:58:00+00:00,7.9347,7.935,7.9344,7.9347,151.2,18
2026-08-13 23:59:00+00:00,7.9344,7.9347,7.9335,7.9335,921.8,129
2026-08-14 00:00:00+00:00,7.9335,7.9335,7.9335,7.9335,0.0,0
2026-08-14 00:01:00+00:00,7.942,7.9424,7.9414,7.9422,150.0,11
2026-08-14 00:02:00+00:00,7.9412,7.9418,7.9333,7.9416,1630.9,96
2026-08-14 00:03:00+00:00,7.9358,7.942,7.9339,7.9385,1688.0,164
2026-08-14 00:04:00+00:00,7.9387,7.942,7.9357,7.9381,1687.2,150
2026-08-14 00:05:00+00:00,7.937,7.9418,7.9351,7.9393,1165.9,106
2026-08-14 00:06:00+00:00,7.9408,7.9425,7.9369,7.9383,935.0,112
2026-08-14 00:07:00+00:00,7.9386,7.9479,7.9301,7.9301,1942.0,120
2026-08-14 00:08:00+00:00,7.9337,7.9372,7.9328,7.937,402.5,31
2026-08-14 00:09:00+00:00,7.9359,7.936,7.9357,7.9357,282.4,29
2026-08-14 00:10:00+00:00,7.936,7.936,7.908,7.9275,3472.7,337
2026-08-14 00:11:00+00:00,7.9206,7.9206,7.9,7.9052,1981.4,201
2026-08-14 00:12:00+00:00,7.911,7.914,7.9083,7.9103,167.7,35
2026-08-14 00:13:00+00:00,7.9106,7.9106,7.9106,7.9106,11.5,2
2026-08-14 00:14:00+00:00,7.9121,7.926,7.9121,7.926,2275.8,183
2026-08-14 00:15:00+00:00,7.9228,7.9285,7.9198,7.9198,201.1,27
2026-08-14 00:16:00+00:00,7.9237,7.9238,7.9227,7.9228,89.3,11
2026-08-14 00:17:00+00:00,7.9193,7.92,7.9016,7.9021,2190.2,259
2026-08-14 00:18:00+00:00,7.9017,7.9065,7.9009,7.9061,951.3,156
2026-08-14 00:19:00+00:00,7.8962,7.9,7.8924,7.8924,856.7,22
2026-08-14 00:20:00+00:00,7.8935,7.895,7.8931,7.8947,28.1,6
2026-08-14 00:21:00+00:00,7.8946,7.8998,7.7953,7.8413,13625.0,198
2026-08-14 00:22:00+00:00,7.8413,7.8636,7.81,7.8472,9222.8,969
2026-08-14 00:23:00+00:00,7.846,7.8703,7.8434,7.8503,1596.3,179
2026-08-14 00:24:00+00:00,7.853,7.8554,7.8469,7.8533,1600.4,98
2026-08-14 00:25:00+00:00,7.853,7.8639,7.853,7.8584,240.7,29
2026-08-14 00:26:00+00:00,7.857,7.8578,7.857,7.8576,153.6,19
2026-08-14 00:27:00+00:00,7.8594,7.8594,7.8353,7.8461,1660.3,87
2026-08-14 00:28:00+00:00,7.8502,7.8577,7.8444,7.8528,3854.8,215
2026-08-14 00:29:00+00:00,7.8502,7.8502,7.8502,7.8502,106.7,2
2026-08-14 00:30:00+00:00,7.8502,7.8502,7.8502,7.8502,0.0,0
2026-08-14 00:31:00+00:00,7.8555,7.8576,7.8555,7.8575,482.5,5
2026-08-14 00:32:00+00:00,7.8572,7.8605,7.8572,7.8605,83.5,6
2026-08-14 00:33:00+00:00,7.8574,7.8574,7.8499,7.8522,1860.7,182
2026-08-14 00:34:00+00:00,7.852,7.852,7.8489,7.8489,388.5,40
2026-08-14 00:35:00+00:00,7.8496,7.8496,7.8491,7.8491,35.4,3
2026-08-14 00:36:00+00:00,7.8538,7.8539,7.8538,7.8539,84.6,5
2026-08-14 00:37:00+00:00,7.8484,7.8484,7.8484,7.8484,1.4,1
2026-08-14 00:38:00+00:00,7.8484,7.8484,7.8484,7.8484,0.0,0
2026-08-14 00:39:00+00:00,7.8592,7.8615,7.8527,7.8575,662.3,75
2026-08-14 00:40:00+00:00,7.8538,7.8538,7.8401,7.8401,1381.7,74
2026-08-14 00:41:00+00:00,7.8401,7.8445,7.8401,7.8435,514.7,35
2026-08-14 00:42:00+00:00,7.8438,7.8438,7.8395,7.8395,1023.8,108
2026-08-14 00:43:00+00:00,7.8382,7.8427,7.8374,7.8426,818.8,71
2026-08-14 00:44:00+00:00,7.8387,7.8443,7.8257,7.8349,2958.0,255
2026-08-14 00:45:00+00:00,7.8336,7.836,7.8336,7.836,473.5,48
2026-08-14 00:46:00+00:00,7.836,7.836,7.836,7.836,0.0,0
2026-08-14 00:47:00+00:00,7.8367,7.8381,7.8367,7.8381,11.2,2
2026-08-14 00:48:00+00:00,7.8366,7.8395,7.8341,7.8342,259.3,41
2026-08-14 00:49:00+00:00,7.838,7.838,7.8335,7.8341,62.0,7
2026-08-14 00:50:00+00:00,7.8389,7.84,7.833,7.833,468.3,27
2026-08-14 00:51:00+00:00,7.8338,7.8338,7.831,7.8311,1423.2,127
2026-08-14 00:52:00+00:00,7.8311,7.8311,7.8311,7.8311,0.0,0
2026-08-14 00:53:00+00:00,7.8311,7.8311,7.8311,7.8311,0.0,0
2026-08-14 00:54:00+00:00,7.8336,7.8336,7.8316,7.8318,594.4,45
2026-08-14 00:55:00+00:00,7.8318,7.8318,7.8318,7.8318,0.0,0
2026-08-14 00:56:00+00:00,7.8318,7.8318,7.8318,7.8318,0.0,0
2026-08-14 00:57:00+00:00,7.8318,7.8318,7.8282,7.8282,51.2,4
2026-08-14 00:58:00+00:00,7.8282,7.8282,7.8282,7.8282,0.0,0
2026-08-14 00:59:00+00:00,7.8286,7.834,7.8286,7.834,395.4,42
2026-08-14 01:00:00+00:00,7.834,7.834,7.8309,7.834,1961.1,25
2026-08-14 01:01:00+00:00,7.834,7.8391,7.834,7.8349,284.7,29
2026-08-14 01:02:00+00:00,7.8343,7.8445,7.8321,7.8409,1411.1,129
2026-08-14 01:03:00+00:00,7.8358,7.8402,7.8354,7.8402,368.0,33
2026-08-14 01:04:00+00:00,7.8346,7.8349,7.8307,7.8307,106.2,10
2026-08-14 01:05:00+00:00,7.8346,7.8373,7.8307,7.8307,107.8,16
2026-08-14 01:06:00+00:00,7.833,7.8333,7.8319,7.8319,71.7,8
2026-08-14 01:07:00+00:00,7.8331,7.8431,7.8331,7.8419,1061.4,20
2026-08-14 01:08:00+00:00,7.8343,7.8343,7.828,7.8286,931.7,23
2026-08-14 01:09:00+00:00,7.8286,7.8286,7.8286,7.8286,0.0,0
2026-08-14 01:10:00+00:00,7.8291,7.8305,7.8286,7.8286,139.2,5
2026-08-14 01:11:00+00:00,7.8305,7.8332,7.8287,7.8295,1256.5,19
2026-08-14 01:12:00+00:00,7.8294,7.8298,7.8212,7.8271,1937.5,183
2026-08-14 01:13:00+00:00,7.8216,7.8322,7.8213,7.8246,299.5,17
2026-08-14 01:14:00+00:00,7.8205,7.8283,7.8205,7.8225,852.7,52
2026-08-14 01:15:00+00:00,7.832,7.8333,7.832,7.832,750.4,10
2026-08-14 01:16:00+00:00,7.8356,7.8564,7.8356,7.8534,12788.2,67
2026-08-14 01:17:00+00:00,7.8555,7.8678,7.8498,7.8678,3106.9,152
2026-08-14 01:18:00+00:00,7.8634,7.8709,7.8634,7.8675,2062.3,77
2026-08-14 01:19:00+00:00,7.8674,7.8683,7.8648,7.8651,1335.3,86
2026-08-14 01:20:00+00:00,7.8654,7.8662,7.8651,7.8662,362.3,15
2026-08-14 01:21:00+00:00,7.8663,7.9361,7.8663,7.9012,9980.2,223
2026-08-14 01:22:00+00:00,7.9043,7.914,7.898,7.9029,7887.1,193
2026-08-14 01:23:00+00:00,7.9066,7.9257,7.9066,7.9257,4922.0,40
2026-08-14 01:24:00+00:00,7.918,7.9249,7.915,7.9227,213.8,8
2026-08-14 01:25:00+00:00,7.9228,7.95,7.9193,7.933,7426.9,246
2026-08-14 01:26:00+00:00,7.9337,7.9495,7.9332,7.9453,3861.7,128
2026-08-14 01:27:00+00:00,7.9448,7.9498,7.9397,7.944,255.7,17
2026-08-14 01:28:00+00:00,7.942,7.942,7.932,7.9409,595.3,52
2026-08-14 01:29:00+00:00,7.9419,7.942,7.9325,7.9382,966.7,16
2026-08-14 01:30:00+00:00,7.942,7.9837,7.924,7.9327,44825.2,821
2026-08-14 01:31:00+00:00,7.9324,7.9326,7.89,7.914,15895.4,350
2026-08-14 01:32:00+00:00,7.9137,7.9232,7.876,7.8902,15190.1,353
2026-08-14 01:33:00+00:00,7.8902,7.8902,7.8654,7.8709,9287.4,288
2026-08-14 01:34:00+00:00,7.8765,7.9126,7.8739,7.9004,21537.0,314
2026-08-14 01:35:00+00:00,7.9014,7.99,7.8988,7.9568,57073.0,358
2026-08-14 01:36:00+00:00,7.9572,7.9572,7.9211,7.9353,16760.6,216
2026-08-14 01:37:00+00:00,7.9351,7.95,7.9201,7.93,8835.7,337
2026-08-14 01:38:00+00:00,7.9241,7.9248,7.8951,7.8951,7373.3,273
2026-08-14 01:39:00+00:00,7.8902,7.9,7.8865,7.8999,22860.7,156
2026-08-14 01:40:00+00:00,7.8999,7.9014,7.89,7.9004,16209.7,258
2026-08-14 01:41:00+00:00,7.9004,7.92,7.8939,7.8939,11842.9,120
2026-08-14 01:42:00+00:00,7.9009,7.9068,7.8843,7.8966,9984.0,384
2026-08-14 01:43:00+00:00,7.8971,7.9171,7.8768,7.9015,17991.8,250
2026-08-14 01:44:00+00:00,7.9004,7.9026,7.8693,7.8777,6107.5,174
2026-08-14 01:45:00+00:00,7.8767,7.8829,7.8676,7.8746,3458.7,97
2026-08-14 01:46:00+00:00,7.8707,7.8914,7.8644,7.8859,4266.9,193
2026-08-14 01:47:00+00:00,7.8723,7.898,7.8723,7.8875,5420.9,261
2026-08-14 01:48:00+00:00,7.8807,7.8936,7.8736,7.8851,4062.2,57
2026-08-14 01:49:00+00:00,7.8936,7.9427,7.8899,7.9314,17760.8,251
2026-08-14 01:50:00+00:00,7.9354,7.957,7.93,7.93,10008.2,353
2026-08-14 01:51:00+00:00,7.9348,7.9428,7.9236,7.93,4786.5,210
2026-08-14 01:52:00+00:00,7.9271,7.94,7.9124,7.9185,7716.8,245
2026-08-14 01:53:00+00:00,7.9182,7.9185,7.9002,7.9002,2730.6,202
2026-08-14 01:54:00+00:00,7.9001,7.9002,7.8765,7.8858,4745.4,82
2026-08-14 01:55:00+00:00,7.8839,7.902,7.8815,7.8957,8238.4,231
2026-08-14 01:56:00+00:00,7.8902,7.8952,7.872,7.872,12129.7,100
2026-08-14 01:57:00+00:00,7.87,7.8789,7.864,7.8679,6928.9,243
2026-08-14 01:58:00+00:00,7.8726,7.8817,7.864,7.869,6308.9,248
2026-08-14 01:59:00+00:00,7.8694,7.8852,7.8533,7.8682,9415.7,358
2026-08-14 02:00:00+00:00,7.8701,7.8785,7.8655,7.8707,3039.7,100
2026-08-14 02:01:00+00:00,7.8731,7.8871,7.8701,7.873,10715.4,186
2026-08-14 02:02:00+00:00,7.8792,7.8966,7.8792,7.8966,688.2,66
2026-08-14 02:03:00+00:00,7.8982,7.8999,7.8891,7.893,1129.2,89
2026-08-14 02:04:00+00:00,7.893,7.8997,7.8889,7.8906,9354.3,199
2026-08-14 02:05:00+00:00,7.8903,7.9019,7.8851,7.8922,2350.5,228
2026-08-14 02:06:00+00:00,7.8966,7.8968,7.8875,7.8887,1348.4,93
2026-08-14 02:07:00+00:00,7.886,7.8925,7.8812,7.8917,3076.4,183
2026-08-14 02:08:00+00:00,7.8951,7.91,7.8865,7.8977,2493.5,197
2026-08-14 02:09:00+00:00,7.894,7.8974,7.8811,7.892,5870.5,231
2026-08-14 02:10:00+00:00,7.8903,7.894,7.8814,7.8864,754.2,65
2026-08-14 02:11:00+00:00,7.8833,7.8866,7.8701,7.8738,4740.7,210
2026-08-14 02:12:00+00:00,7.8759,7.8931,7.8758,7.8883,2379.6,120
2026-08-14 02:13:00+00:00,7.8878,7.8942,7.8764,7.8904,6040.6,266
2026-08-14 02:14:00+00:00,7.8942,7.9012,7.889,7.9012,2206.7,133
2026-08-14 02:15:00+00:00,7.9003,8.0,7.8998,7.914,54943.1,491
2026-08-14 02:16:00+00:00,7.9149,7.9245,7.9075,7.9185,12254.6,323
2026-08-14 02:17:00+00:00,7.9185,7.92,7.8901,7.8901,6037.5,183
2026-08-14 02:18:00+00:00,7.8961,7.91,7.8907,7.9042,4125.4,137
2026-08-14 02:19:00+00:00,7.9036,7.9049,7.8871,7.8879,2358.3,93
2026-08-14 02:20:00+00:00,7.888,7.9071,7.888,7.9067,2060.3,83
2026-08-14 02:21:00+00:00,7.8999,7.9149,7.8979,7.9049,2649.3,104
2026-08-14 02:22:00+00:00,7.9021,7.9064,7.8953,7.9015,2447.9,164
2026-08-14 02:23:00+00:00,7.9016,7.905,7.8931,7.8954,1183.4,55
2026-08-14 02:24:00+00:00,7.8987,7.9087,7.895,7.9084,1710.4,150
2026-08-14 02:25:00+00:00,7.9084,7.9103,7.9022,7.9024,1338.9,102
2026-08-14 02:26:00+00:00,7.9024,7.9085,7.8962,7.9068,4115.3,167
2026-08-14 02:27:00+00:00,7.9033,7.9065,7.9033,7.9065,84.1,14
2026-08-14 02:28:00+00:00,7.9078,7.9078,7.896,7.896,1676.4,108
2026-08-14 02:29:00+00:00,7.8998,7.9045,7.8949,7.9007,2332.1,111
2026-08-14 02:30:00+00:00,7.9004,7.9098,7.9004,7.9068,1849.3,167
2026-08-14 02:31:00+00:00,7.9063,7.9182,7.9035,7.9181,2349.7,155
2026-08-14 02:32:00+00:00,7.9182,7.9262,7.9133,7.9225,2985.1,228
2026-08-14 02:33:00+00:00,7.9222,7.9478,7.9172,7.9371,13337.8,252
2026-08-14 02:34:00+00:00,7.9394,7.946,7.9344,7.9397,1376.1,74
2026-08-14 02:35:00+00:00,7.9348,7.9572,7.9318,7.935,10080.5,162
2026-08-14 02:36:00+00:00,7.9375,8.0024,7.9327,7.9579,30925.2,607
2026-08-14 02:37:00+00:00,7.9476,7.9583,7.9466,7.9554,3145.1,177
2026-08-14 02:38:00+00:00,7.9574,7.978,7.9524,7.9591,6938.3,256
2026-08-14 02:39:00+00:00,7.9588,7.9627,7.9584,7.9602,705.2,83
2026-08-14 02:40:00+00:00,7.96,7.96,7.9481,7.9482,1913.1,14
2026-08-14 02:41:00+00:00,7.9482,7.9482,7.94,7.9433,332.5,24
2026-08-14 02:42:00+00:00,7.9407,7.9462,7.9279,7.9326,7077.1,257
2026-08-14 02:43:00+00:00,7.9315,8.09,7.9315,7.9725,70112.4,839
2026-08-14 02:44:00+00:00,7.9785,7.9899,7.9674,7.9736,15899.2,324
2026-08-14 02:45:00+00:00,7.9736,7.98,7.9652,7.9732,8095.1,258
2026-08-14 02:46:00+00:00,7.9769,7.9798,7.9676,7.9751,3602.2,140
2026-08-14 02:47:00+00:00,7.9763,7.9769,7.9709,7.9764,1991.2,108
2026-08-14 02:48:00+00:00,7.9702,7.9705,7.9585,7.9627,1750.9,57
2026-08-14 02:49:00+00:00,7.9632,7.9652,7.9537,7.9537,1693.0,41
2026-08-14 02:50:00+00:00,7.9583,7.9657,7.9551,7.9569,3237.0,204
2026-08-14 02:51:00+00:00,7.9587,7.959,7.9502,7.9528,1334.5,129
2026-08-14 02:52:00+00:00,7.9529,7.9706,7.952,7.9681,6288.2,338
2026-08-14 02:53:00+00:00,7.9615,7.9632,7.9591,7.9594,724.4,18
2026-08-14 02:54:00+00:00,7.9599,7.9638,7.9542,7.9616,2785.8,120
2026-08-14 02:55:00+00:00,7.9545,7.9734,7.9545,7.9691,6985.3,187
2026-08-14 02:56:00+00:00,7.9694,7.9732,7.9653,7.9701,3005.9,173
2026-08-14 02:57:00+00:00,7.9609,7.9675,7.9568,7.9571,2559.4,147
2026-08-14 02:58:00+00:00,7.9568,7.9572,7.9506,7.9559,6477.8,239
2026-08-14 02:59:00+00:00,7.9509,7.9602,7.9507,7.9591,5137.3,98
2026-08-14 03:00:00+00:00,7.9546,7.9565,7.9444,7.9493,8957.9,265
2026-08-14 03:01:00+00:00,7.9493,7.9496,7.94,7.94,947.5,98
2026-08-14 03:02:00+00:00,7.94,7.9482,7.9374,7.9376,2301.3,164
2026-08-14 03:03:00+00:00,7.9397,7.9405,7.9326,7.9326,13397.6,85
2026-08-14 03:04:00+00:00,7.9346,7.9367,7.9342,7.9351,755.6,7
2026-08-14 03:05:00+00:00,7.9412,7.95,7.9394,7.9447,2027.1,169
2026-08-14 03:06:00+00:00,7.9448,7.9499,7.9441,7.9472,1690.3,57
2026-08-14 03:07:00+00:00,7.9472,7.9563,7.9335,7.9337,10997.8,140
2026-08-14 03:08:00+00:00,7.9382,7.9388,7.93,7.9347,1783.5,194
2026-08-14 03:09:00+00:00,7.9357,7.9463,7.9357,7.9358,1980.3,94
2026-08-14 03:10:00+00:00,7.9361,7.9465,7.9317,7.938,5491.5,294
2026-08-14 03:11:00+00:00,7.9388,7.9415,7.936,7.9379,2457.3,126
2026-08-14 03:12:00+00:00,7.9433,7.9492,7.9412,7.9412,2086.0,97
2026-08-14 03:13:00+00:00,7.9415,7.9443,7.9374,7.9415,869.3,52
2026-08-14 03:14:00+00:00,7.9411,7.9449,7.9411,7.9436,394.8,23
2026-08-14 03:15:00+00:00,7.9467,7.9467,7.9359,7.9448,2697.8,218
2026-08-14 03:16:00+00:00,7.9441,7.9486,7.9418,7.9434,762.5,85
2026-08-14 03:17:00+00:00,7.9455,8.04,7.9375,7.9452,49425.0,264
2026-08-14 03:18:00+00:00,7.9452,7.9636,7.9448,7.9567,12639.1,280
2026-08-14 03:19:00+00:00,7.9564,7.9629,7.9529,7.9587,4118.9,240
2026-08-14 03:20:00+00:00,7.9587,7.9671,7.9472,7.9563,3866.5,227
2026-08-14 03:21:00+00:00,7.96,7.9796,7.9539,7.9646,6704.5,203
2026-08-14 03:22:00+00:00,7.9655,7.9697,7.9602,7.9648,2012.5,146
2026-08-14 03:23:00+00:00,7.9653,7.9662,7.9602,7.9638,2211.7,126
2026-08-14 03:24:00+00:00,7.9612,7.965,7.9612,7.9615,407.3,29
2026-08-14 03:25:00+00:00,7.9616,7.9616,7.956,7.9576,1797.1,108
2026-08-14 03:26:00+00:00,7.9601,7.9627,7.9588,7.9589,681.5,24
2026-08-14 03:27:00+00:00,7.96,7.9609,7.9518,7.9518,1005.0,44
2026-08-14 03:28:00+00:00,7.953,7.9579,7.9515,7.9573,3705.4,132
2026-08-14 03:29:00+00:00,7.9575,7.9611,7.9526,7.9593,1851.6,140
2026-08-14 03:30:00+00:00,7.9596,7.9614,7.9578,7.9578,579.8,70
2026-08-14 03:31:00+00:00,7.9573,7.9608,7.9511,7.9511,521.2,52
2026-08-14 03:32:00+00:00,7.9507,7.9565,7.95,7.9501,625.6,78
2026-08-14 03:33:00+00:00,7.9563,7.9625,7.9555,7.9558,210.1,9
2026-08-14 03:34:00+00:00,7.9636,7.9664,7.956,7.9594,133.1,22
2026-08-14 03:35:00+00:00,7.9594,7.9661,7.9592,7.96,66.9,8
2026-08-14 03:36:00+00:00,7.9637,7.9637,7.9594,7.9598,195.6,26
2026-08-14 03:37:00+00:00,7.9635,7.9635,7.9554,7.9583,48.1,5
2026-08-14 03:38:00+00:00,7.9554,7.9588,7.9529,7.9587,918.4,53
2026-08-14 03:39:00+00:00,7.9534,7.9653,7.95,7.9572,2373.8,63
2026-08-14 03:40:00+00:00,7.9575,7.96,7.9527,7.9595,1181.3,98
2026-08-14 03:41:00+00:00,7.9598,7.9598,7.95,7.9589,2086.4,96
2026-08-14 03:42:00+00:00,7.9579,7.964,7.9565,7.9573,364.7,28
2026-08-14 03:43:00+00:00,7.9623,7.9627,7.9565,7.9576,342.2,21
2026-08-14 03:44:00+00:00,7.9565,7.9568,7.9538,7.9538,96.9,7
2026-08-14 03:45:00+00:00,7.9573,7.9576,7.9547,7.9566,507.7,15
2026-08-14 03:46:00+00:00,7.9584,7.9584,7.9566,7.9566,277.1,7
2026-08-14 03:47:00+00:00,7.9584,7.9584,7.9523,7.955,330.3,21
2026-08-14 03:48:00+00:00,7.9554,7.9554,7.9554,7.9554,140.6,4
2026-08-14 03:49:00+00:00,7.9554,7.9555,7.9513,7.9546,392.7,37
2026-08-14 03:50:00+00:00,7.9555,7.9555,7.9541,7.9541,193.3,7
2026-08-14 03:51:00+00:00,7.9541,7.9571,7.954,7.956,174.3,5
2026-08-14 03:52:00+00:00,7.954,7.9544,7.9526,7.9544,99.3,4
2026-08-14 03:53:00+00:00,7.9526,7.9536,7.952,7.9536,516.0,29
2026-08-14 03:54:00+00:00,7.9533,7.9536,7.952,7.952,541.8,63
2026-08-14 03:55:00+00:00,7.952,7.9523,7.95,7.95,363.6,23
2026-08-14 03:56:00+00:00,7.9562,7.9562,7.9518,7.9518,56.0,6
2026-08-14 03:57:00+00:00,7.9519,7.9554,7.95,7.9528,769.1,81
2026-08-14 03:58:00+00:00,7.9512,8.0225,7.9505,7.9763,11727.3,321
2026-08-14 03:59:00+00:00,7.976,7.9847,7.9724,7.9765,4516.9,235
2026-08-14 04:00:00+00:00,7.9736,7.9739,7.8929,7.9419,9243.8,277
2026-08-14 04:01:00+00:00,7.9446,7.9446,7.9443,7.9446,77.7,8
2026-08-14 04:02:00+00:00,7.9402,7.9429,7.9402,7.9427,307.8,28
2026-08-14 04:03:00+00:00,7.9427,7.9427,7.9427,7.9427,0.0,0
2026-08-14 04:04:00+00:00,7.9438,7.9438,7.9366,7.9436,4.7,3
2026-08-14 04:05:00+00:00,7.9463,7.9463,7.9448,7.9448,17.1,3
2026-08-14 04:06:00+00:00,7.9336,7.9336,7.9277,7.9281,701.4,72
2026-08-14 04:07:00+00:00,7.927,7.93,7.9201,7.9201,918.8,76
2026-08-14 04:08:00+00:00,7.9224,7.9277,7.9223,7.9276,357.2,40
2026-08-14 04:09:00+00:00,7.9276,7.9276,7.9276,7.9276,0.0,0
2026-08-14 04:10:00+00:00,7.9279,7.93,7.9259,7.93,191.3,7
2026-08-14 04:11:00+00:00,7.9306,7.9325,7.9306,7.9322,51.9,5
2026-08-14 04:12:00+00:00,7.9309,7.9388,7.9309,7.9348,200.3,10
2026-08-14 04:13:00+00:00,7.9366,7.9369,7.9362,7.9365,133.3,12
2026-08-14 04:14:00+00:00,7.9385,7.9385,7.9383,7.9383,25.2,3
2026-08-14 04:15:00+00:00,7.9361,7.9365,7.9337,7.9337,173.4,13
2026-08-14 04:16:00+00:00,7.9345,7.9345,7.9343,7.9343,37.8,3
2026-08-14 04:17:00+00:00,7.9343,7.9343,7.9343,7.9343,0.0,0
2026-08-14 04:18:00+00:00,7.9343,7.9343,7.9343,7.9343,0.0,0
2026-08-14 04:19:00+00:00,7.9347,7.9413,7.9301,7.9355,1088.0,69
2026-08-14 04:20:00+00:00,7.9351,7.9351,7.9323,7.934,134.6,4
2026-08-14 04:21:00+00:00,7.9323,7.9337,7.9307,7.931,709.7,70
2026-08-14 04:22:00+00:00,7.9309,7.9318,7.9306,7.931,822.0,84
2026-08-14 04:23:00+00:00,7.93,7.9313,7.928,7.928,299.4,16
2026-08-14 04:24:00+00:00,7.928,7.928,7.928,7.928,0.0,0
2026-08-14 04:25:00+00:00,7.928,7.9312,7.9214,7.9283,2056.6,64
2026-08-14 04:26:00+00:00,7.9285,7.9285,7.9259,7.9259,405.5,47
2026-08-14 04:27:00+00:00,7.9262,7.9262,7.9259,7.926,201.6,21
2026-08-14 04:28:00+00:00,7.9268,7.9268,7.9268,7.9268,252.3,1
2026-08-14 04:29:00+00:00,7.9268,7.9268,7.9268,7.9268,0.0,0
2026-08-14 04:30:00+00:00,7.9252,7.9336,7.9231,7.9336,2162.9,179
2026-08-14 04:31:00+00:00,7.9336,7.9336,7.9336,7.9336,0.0,0
2026-08-14 04:32:00+00:00,7.9274,7.9327,7.9271,7.928,286.2,27
2026-08-14 04:33:00+00:00,7.929,7.9293,7.9282,7.9289,168.4,15
2026-08-14 04:34:00+00:00,7.93,7.9335,7.9297,7.9311,152.2,23
2026-08-14 04:35:00+00:00,7.9274,7.9274,7.9272,7.9272,64.6,2
2026-08-14 04:36:00+00:00,7.933,7.933,7.9245,7.9245,64.5,6
2026-08-14 04:37:00+00:00,7.9291,7.9291,7.9131,7.9242,398.9,27
2026-08-14 04:38:00+00:00,7.9223,7.9231,7.9103,7.9191,315.7,25
2026-08-14 04:39:00+00:00,7.9194,7.9195,7.9194,7.9195,10.0,2
2026-08-14 04:40:00+00:00,7.9161,7.917,7.9161,7.917,378.9,3
2026-08-14 04:41:00+00:00,7.9129,7.9132,7.9119,7.912,399.9,46
2026-08-14 04:42:00+00:00,7.912,7.9123,7.9051,7.9051,527.6,20
2026-08-14 04:43:00+00:00,7.9051,7.91,7.9051,7.9091,3811.8,159
2026-08-14 04:44:00+00:00,7.9091,7.9091,7.9091,7.9091,0.0,0
2026-08-14 04:45:00+00:00,7.9096,7.915,7.9096,7.9118,1413.7,32
2026-08-14 04:46:00+00:00,7.9118,7.912,7.9118,7.912,27.5,3
2026-08-14 04:47:00+00:00,7.9084,7.9084,7.9084,7.9084,5.8,1
2026-08-14 04:48:00+00:00,7.9084,7.9084,7.9084,7.9084,0.0,0
2026-08-14 04:49:00+00:00,7.9084,7.9084,7.9084,7.9084,18.9,1
2026-08-14 04:50:00+00:00,7.9119,7.9121,7.9086,7.9086,148.8,10
2026-08-14 04:51:00+00:00,7.909,7.909,7.9054,7.9054,118.4,11
2026-08-14 04:52:00+00:00,7.9087,7.9087,7.9087,7.9087,68.8,1
2026-08-14 04:53:00+00:00,7.9087,7.9087,7.9087,7.9087,0.0,0
2026-08-14 04:54:00+00:00,7.9094,7.9096,7.9091,7.9091,97.4,8
2026-08-14 04:55:00+00:00,7.9136,7.9165,7.9136,7.9165,378.9,19
2026-08-14 04:56:00+00:00,7.9165,7.9165,7.9165,7.9165,0.0,0
2026-08-14 04:57:00+00:00,7.9118,7.9274,7.9118,7.9255,2258.5,53
2026-08-14 04:58:00+00:00,7.9279,7.9289,7.9201,7.9249,1353.3,31
2026-08-14 04:59:00+00:00,7.9257,7.93,7.9254,7.9286,908.8,39
2026-08-14 05:00:00+00:00,7.928,7.9699,7.928,7.9598,15989.3,684
2026-08-14 05:01:00+00:00,7.9597,7.9597,7.9287,7.9287,5312.7,299
2026-08-14 05:02:00+00:00,7.9401,7.9438,7.9217,7.937,14118.0,256
2026-08-14 05:03:00+00:00,7.9445,7.9445,7.9384,7.9384,1363.9,83
2026-08-14 05:04:00+00:00,7.9386,7.9386,7.9204,7.9205,9322.4,76
2026-08-14 05:05:00+00:00,7.927,7.9296,7.9158,7.9165,2661.0,35
2026-08-14 05:06:00+00:00,7.9222,7.9222,7.915,7.918,192.6,5
2026-08-14 05:07:00+00:00,7.9195,7.9195,7.9143,7.9143,1531.4,8
2026-08-14 05:08:00+00:00,7.9129,7.9141,7.9124,7.9124,448.5,8
2026-08-14 05:09:00+00:00,7.9125,7.9162,7.91,7.9107,940.2,25
2026-08-14 05:10:00+00:00,7.9137,7.9145,7.893,7.8939,3016.5,68
2026-08-14 05:11:00+00:00,7.892,7.8938,7.88,7.88,20219.8,192
2026-08-14 05:12:00+00:00,7.88,7.8912,7.88,7.8893,822.2,46
2026-08-14 05:13:00+00:00,7.8898,7.8967,7.8874,7.8945,4049.9,275
2026-08-14 05:14:00+00:00,7.8966,7.8966,7.8872,7.8872,269.6,21
2026-08-14 05:15:00+00:00,7.8929,7.8992,7.8903,7.8903,1288.5,9
2026-08-14 05:16:00+00:00,7.8914,7.8914,7.8809,7.8809,986.8,33
2026-08-14 05:17:00+00:00,7.88,7.8865,7.8764,7.878,6272.8,98
2026-08-14 05:18:00+00:00,7.8768,7.88,7.8764,7.8765,2691.6,44
2026-08-14 05:19:00+00:00,7.8765,7.935,7.8755,7.8781,16615.4,249
2026-08-14 05:20:00+00:00,7.8817,7.8871,7.8799,7.8827,332.2,30
2026-08-14 05:21:00+00:00,7.8885,7.8885,7.8818,7.8824,606.1,46
2026-08-14 05:22:00+00:00,7.8835,7.8875,7.8833,7.8833,944.5,27
2026-08-14 05:23:00+00:00,7.8867,7.8871,7.873,7.873,4354.3,81
2026-08-14 05:24:00+00:00,7.8768,7.877,7.8701,7.8701,1974.4,47
2026-08-14 05:25:00+00:00,7.8742,7.8757,7.8701,7.8743,1952.8,191
2026-08-14 05:26:00+00:00,7.874,7.8835,7.8701,7.8782,675.8,43
2026-08-14 05:27:00+00:00,7.8815,7.8952,7.8815,7.8941,2662.2,22
2026-08-14 05:28:00+00:00,7.8987,7.9348,7.8934,7.8986,15636.8,484
2026-08-14 05:29:00+00:00,7.8987,7.9208,7.8974,7.9145,4413.3,164
2026-08-14 05:30:00+00:00,7.9169,7.9188,7.9065,7.9154,1748.0,112
2026-08-14 05:31:00+00:00,7.9105,7.9197,7.9099,7.9113,682.1,60
2026-08-14 05:32:00+00:00,7.9098,7.9776,7.9061,7.9412,27428.3,319
2026-08-14 05:33:00+00:00,7.9391,7.9485,7.9354,7.946,6466.3,220
2026-08-14 05:34:00+00:00,7.9441,7.948,7.942,7.9427,3350.7,94
2026-08-14 05:35:00+00:00,7.9449,7.9469,7.9391,7.9408,2543.2,141
2026-08-14 05:36:00+00:00,7.9405,7.9489,7.9402,7.9406,2635.3,119
2026-08-14 05:37:00+00:00,7.9462,7.9467,7.9381,7.942,1904.5,100
2026-08-14 05:38:00+00:00,7.9456,7.96,7.9456,7.9491,5950.1,291
2026-08-14 05:39:00+00:00,7.9491,7.9549,7.9335,7.9336,7442.3,182
2026-08-14 05:40:00+00:00,7.9376,7.9411,7.9282,7.9394,1510.8,99
2026-08-14 05:41:00+00:00,7.9422,7.9423,7.9259,7.9349,1637.3,136
2026-08-14 05:42:00+00:00,7.9259,7.9333,7.9205,7.9205,405.0,22
2026-08-14 05:43:00+00:00,7.9205,7.9311,7.9205,7.927,316.2,25
2026-08-14 05:44:00+00:00,7.9277,7.928,7.9208,7.9247,506.9,45
2026-08-14 05:45:00+00:00,7.9264,7.929,7.9201,7.9201,1668.6,76
2026-08-14 05:46:00+00:00,7.92,7.9218,7.9161,7.9161,1529.1,102
2026-08-14 05:47:00+00:00,7.9164,7.9199,7.91,7.91,2504.6,181
2026-08-14 05:48:00+00:00,7.913,7.9151,7.9039,7.907,4527.7,108
2026-08-14 05:49:00+00:00,7.9098,7.9121,7.907,7.9107,229.9,21
2026-08-14 05:50:00+00:00,7.9129,7.9152,7.9103,7.9143,182.0,22
2026-08-14 05:51:00+00:00,7.9168,7.9175,7.9142,7.9163,602.0,59
2026-08-14 05:52:00+00:00,7.919,7.9279,7.9145,7.9279,1011.9,52
2026-08-14 05:53:00+00:00,7.9248,7.9342,7.9245,7.9266,2977.6,154
2026-08-14 05:54:00+00:00,7.9283,7.9337,7.921,7.921,2287.8,175
2026-08-14 05:55:00+00:00,7.9227,7.9347,7.9208,7.9237,7953.8,99
2026-08-14 05:56:00+00:00,7.9237,7.9269,7.9221,7.9224,1455.7,31
2026-08-14 05:57:00+00:00,7.9247,7.9306,7.9222,7.9292,2545.2,136
2026-08-14 05:58:00+00:00,7.9232,7.9317,7.9232,7.9267,2527.6,30
2026-08-14 05:59:00+00:00,7.9263,7.9365,7.9263,7.9361,1623.5,22
2026-08-14 06:00:00+00:00,7.9303,7.9345,7.865,7.9322,23409.3,516
2026-08-14 06:01:00+00:00,7.9326,7.9336,7.9111,7.9259,3712.1,217
2026-08-14 06:02:00+00:00,7.9293,7.9324,7.9241,7.9324,1473.2,34
2026-08-14 06:03:00+00:00,7.9244,7.9326,7.9228,7.9228,6491.1,18
2026-08-14 06:04:00+00:00,7.9229,7.9301,7.9229,7.9229,190.3,16
2026-08-14 06:05:00+00:00,7.9256,7.9256,7.9087,7.9156,1278.4,41
2026-08-14 06:06:00+00:00,7.9182,7.9232,7.9156,7.9172,5559.7,32
2026-08-14 06:07:00+00:00,7.918,7.9214,7.9174,7.9195,345.8,19
2026-08-14 06:08:00+00:00,7.924,7.9247,7.9117,7.9117,1602.7,99
2026-08-14 06:09:00+00:00,7.9191,7.9191,7.9086,7.9086,579.8,15
2026-08-14 06:10:00+00:00,7.9124,7.9177,7.9071,7.9108,807.7,46
2026-08-14 06:11:00+00:00,7.9124,7.9183,7.9072,7.9102,657.6,33
2026-08-14 06:12:00+00:00,7.9103,7.9182,7.909,7.9115,911.8,54
2026-08-14 06:13:00+00:00,7.9138,7.9151,7.9095,7.9114,714.5,63
2026-08-14 06:14:00+00:00,7.9112,7.9232,7.9112,7.9157,4534.0,84
2026-08-14 06:15:00+00:00,7.9179,7.9193,7.9156,7.9176,1292.7,88
2026-08-14 06:16:00+00:00,7.9156,7.9183,7.9156,7.917,617.4,22
2026-08-14 06:17:00+00:00,7.9156,7.9188,7.9156,7.9162,740.4,40
2026-08-14 06:18:00+00:00,7.9163,7.9198,7.9159,7.9159,335.0,12
2026-08-14 06:19:00+00:00,7.9214,7.9214,7.916,7.9183,293.5,8
2026-08-14 06:20:00+00:00,7.9244,8.0,7.9244,7.949,56746.0,365
2026-08-14 06:21:00+00:00,7.9519,7.9637,7.949,7.9618,2202.0,56
2026-08-14 06:22:00+00:00,7.9584,7.9584,7.942,7.944,2941.0,203
2026-08-14 06:23:00+00:00,7.944,7.9543,7.9434,7.9536,6458.2,135
2026-08-14 06:24:00+00:00,7.9538,7.9568,7.9468,7.9497,2076.3,77
2026-08-14 06:25:00+00:00,7.9539,7.959,7.9505,7.9516,1010.3,26
2026-08-14 06:26:00+00:00,7.9539,7.9598,7.9499,7.9532,1801.2,56
2026-08-14 06:27:00+00:00,7.9556,7.9634,7.9556,7.9564,2701.6,153
2026-08-14 06:28:00+00:00,7.9622,7.9644,7.9564,7.9569,1420.8,21
2026-08-14 06:29:00+00:00,7.9565,7.9659,7.9564,7.9615,2638.2,131
2026-08-14 06:30:00+00:00,7.9644,7.9681,7.9578,7.9644,3598.3,226
2026-08-14 06:31:00+00:00,7.9683,7.9694,7.9564,7.9578,2029.9,77
2026-08-14 06:32:00+00:00,7.9666,7.9666,7.9564,7.9566,2370.0,92
2026-08-14 06:33:00+00:00,7.9627,7.9627,7.9564,7.9564,361.4,17
2026-08-14 06:34:00+00:00,7.9564,7.9613,7.9428,7.9428,3520.7,162
2026-08-14 06:35:00+00:00,7.9458,7.9521,7.9424,7.9435,1213.0,39
2026-08-14 06:36:00+00:00,7.9519,7.9573,7.9401,7.9404,666.2,27
2026-08-14 06:37:00+00:00,7.9405,7.9406,7.9333,7.9337,649.2,33
2026-08-14 06:38:00+00:00,7.9325,7.9333,7.924,7.9289,1895.4,56
2026-08-14 06:39:00+00:00,7.926,7.9267,7.926,7.9266,124.1,9
2026-08-14 06:40:00+00:00,7.9274,7.9296,7.9266,7.9266,332.8,15
2026-08-14 06:41:00+00:00,7.9286,7.9286,7.9266,7.9281,158.4,6
2026-08-14 06:42:00+00:00,7.9281,7.9329,7.9281,7.9286,2088.9,59
2026-08-14 06:43:00+00:00,7.9287,7.9356,7.9281,7.9312,964.9,58
2026-08-14 06:44:00+00:00,7.9355,7.9395,7.9313,7.9319,171.1,10
2026-08-14 06:45:00+00:00,7.932,7.935,7.932,7.9323,87.2,4
2026-08-14 06:46:00+00:00,7.9323,7.9323,7.9281,7.9281,1203.8,12
2026-08-14 06:47:00+00:00,7.9285,7.9334,7.9285,7.9306,162.6,10
2026-08-14 06:48:00+00:00,7.9315,7.9325,7.9285,7.9302,958.7,53
2026-08-14 06:49:00+00:00,7.93,7.9323,7.93,7.9302,120.3,8
2026-08-14 06:50:00+00:00,7.9325,7.94,7.9312,7.9388,1917.8,276
2026-08-14 06:51:00+00:00,7.9374,7.9434,7.9339,7.9406,4344.4,150
2026-08-14 06:52:00+00:00,7.9424,7.9448,7.9364,7.9436,1916.3,55
2026-08-14 06:53:00+00:00,7.9385,7.9442,7.9369,7.9369,731.7,31
2026-08-14 06:54:00+00:00,7.9405,7.9496,7.9401,7.9447,3184.2,54
2026-08-14 06:55:00+00:00,7.945,7.952,7.9373,7.9408,9636.8,188
2026-08-14 06:56:00+00:00,7.9444,7.9556,7.9389,7.9491,2598.5,197
2026-08-14 06:57:00+00:00,7.9488,7.9571,7.9464,7.9495,784.2,111
2026-08-14 06:58:00+00:00,7.9518,7.9628,7.9494,7.9546,1830.1,170
2026-08-14 06:59:00+00:00,7.9543,7.9664,7.9538,7.9661,2212.1,138
2026-08-14 07:00:00+00:00,7.9574,7.9583,7.9165,7.9198,19168.9,371
2026-08-14 07:01:00+00:00,7.9231,7.9369,7.9197,7.9287,1856.7,160
2026-08-14 07:02:00+00:00,7.9283,7.9305,7.924,7.9285,802.7,57
2026-08-14 07:03:00+00:00,7.9295,7.9305,7.924,7.9242,1444.1,108
2026-08-14 07:04:00+00:00,7.9242,7.9263,7.9223,7.9258,255.6,11
2026-08-14 07:05:00+00:00,7.9258,7.9353,7.9243,7.9353,1954.9,86
2026-08-14 07:06:00+00:00,7.9353,7.9421,7.9291,7.9329,5285.3,154
2026-08-14 07:07:00+00:00,7.9305,7.9321,7.93,7.9321,167.5,53
2026-08-14 07:08:00+00:00,7.9304,7.9422,7.9256,7.9344,1075.1,196
2026-08-14 07:09:00+00:00,7.9383,7.9422,7.93,7.9323,1282.4,194
2026-08-14 07:10:00+00:00,7.9324,7.9324,7.9324,7.9324,59.7,2
2026-08-14 07:11:00+00:00,7.9324,7.9324,7.9324,7.9324,66.3,3
2026-08-14 07:12:00+00:00,7.9326,7.9332,7.9288,7.9332,326.2,12
2026-08-14 07:13:00+00:00,7.9272,7.9383,7.9271,7.9383,184.4,13
2026-08-14 07:14:00+00:00,7.9329,7.9337,7.9232,7.9327,759.3,42
2026-08-14 07:15:00+00:00,7.9284,7.9326,7.9259,7.9307,1466.4,95
2026-08-14 07:16:00+00:00,7.9282,7.9375,7.9282,7.9375,536.0,72
2026-08-14 07:17:00+00:00,7.9351,7.9386,7.9287,7.9323,1032.5,114
2026-08-14 07:18:00+00:00,7.9322,7.9386,7.9283,7.9295,461.4,71
2026-08-14 07:19:00+00:00,7.9322,7.94,7.9301,7.9301,1101.0,34
2026-08-14 07:20:00+00:00,7.9317,7.9321,7.9269,7.9319,320.4,53
2026-08-14 07:21:00+00:00,7.9287,7.9321,7.9269,7.9321,1063.1,82
2026-08-14 07:22:00+00:00,7.9269,7.9275,7.9268,7.9268,254.6,4
2026-08-14 07:23:00+00:00,7.9268,7.9268,7.9268,7.9268,0.0,0
2026-08-14 07:24:00+00:00,7.9284,7.9284,7.9242,7.9242,599.5,11
2026-08-14 07:25:00+00:00,7.9289,7.9289,7.9227,7.9227,312.5,10
2026-08-14 07:26:00+00:00,7.9232,7.9291,7.9232,7.9248,221.6,25
2026-08-14 07:27:00+00:00,7.9255,7.9259,7.9214,7.9223,407.9,89
2026-08-14 07:28:00+00:00,7.9223,7.9245,7.9218,7.9231,647.6,42
2026-08-14 07:29:00+00:00,7.9261,7.9263,7.9261,7.9261,548.5,18
2026-08-14 07:30:00+00:00,7.9238,7.9238,7.922,7.9223,192.3,21
2026-08-14 07:31:00+00:00,7.9249,7.9275,7.92,7.9233,348.4,29
2026-08-14 07:32:00+00:00,7.922,7.922,7.922,7.922,91.3,1
2026-08-14 07:33:00+00:00,7.9227,7.9232,7.9223,7.9223,149.3,15
2026-08-14 07:34:00+00:00,7.9283,7.932,7.9226,7.9246,425.5,70
2026-08-14 07:35:00+00:00,7.932,7.9321,7.926,7.926,166.4,9
2026-08-14 07:36:00+00:00,7.9261,7.9262,7.9252,7.9252,260.5,5
2026-08-14 07:37:00+00:00,7.9256,7.9288,7.9256,7.9256,116.8,4
2026-08-14 07:38:00+00:00,7.9288,7.9288,7.9239,7.924,122.2,6
2026-08-14 07:39:00+00:00,7.9271,7.9288,7.9243,7.9288,137.3,18
2026-08-14 07:40:00+00:00,7.9254,7.9287,7.9206,7.9249,446.0,30
2026-08-14 07:41:00+00:00,7.9263,7.9263,7.9233,7.9233,110.7,5
2026-08-14 07:42:00+00:00,7.9233,7.9288,7.9233,7.9255,155.8,19
2026-08-14 07:43:00+00:00,7.9235,7.9268,7.9201,7.9215,589.7,47
2026-08-14 07:44:00+00:00,7.9261,7.9283,7.9215,7.9215,308.7,19
2026-08-14 07:45:00+00:00,7.9215,7.9215,7.9175,7.9175,336.2,9
2026-08-14 07:46:00+00:00,7.9189,7.9225,7.9189,7.9225,240.0,3
2026-08-14 07:47:00+00:00,7.9225,7.9225,7.9199,7.9217,113.5,8
2026-08-14 07:48:00+00:00,7.9217,7.9218,7.9156,7.9156,1848.9,18
2026-08-14 07:49:00+00:00,7.9156,7.9158,7.9132,7.9132,2936.7,53
2026-08-14 07:50:00+00:00,7.9134,7.9134,7.9041,7.9125,1485.6,66
2026-08-14 07:51:00+00:00,7.9125,7.9128,7.9057,7.9128,2979.2,39
2026-08-14 07:52:00+00:00,7.9128,7.9215,7.9128,7.9211,1726.6,189
2026-08-14 07:53:00+00:00,7.9176,7.9286,7.9176,7.9229,1722.0,202
2026-08-14 07:54:00+00:00,7.9226,7.9286,7.9206,7.928,1875.0,255
2026-08-14 07:55:00+00:00,7.9228,7.928,7.9228,7.9241,343.4,42
2026-08-14 07:56:00+00:00,7.924,7.9266,7.9222,7.9266,35.6,13
2026-08-14 07:57:00+00:00,7.9235,7.9288,7.9181,7.9287,1159.0,135
2026-08-14 07:58:00+00:00,7.9261,7.9288,7.9234,7.9288,1625.3,139
2026-08-14 07:59:00+00:00,7.9282,7.9354,7.9219,7.9324,2803.1,359
2026-08-14 08:00:00+00:00,7.933,7.933,7.9209,7.9323,1389.0,179
2026-08-14 08:01:00+00:00,7.9322,7.939,7.9262,7.9324,2198.7,225
2026-08-14 08:02:00+00:00,7.9306,7.9306,7.9211,7.9213,580.6,82
2026-08-14 08:03:00+00:00,7.9249,7.9252,7.92,7.9249,618.6,24
2026-08-14 08:04:00+00:00,7.9252,7.9253,7.9145,7.9244,987.0,79
2026-08-14 08:05:00+00:00,7.9252,7.9326,7.9213,7.9315,1003.5,75
2026-08-14 08:06:00+00:00,7.9307,7.9355,7.9281,7.9305,627.6,53
2026-08-14 08:07:00+00:00,7.9323,7.9433,7.9308,7.9374,2215.7,116
2026-08-14 08:08:00+00:00,7.9348,7.9389,7.9253,7.9374,696.2,110
2026-08-14 08:09:00+00:00,7.9374,7.9374,7.9296,7.9327,1237.6,225
2026-08-14 08:10:00+00:00,7.933,7.9333,7.9305,7.9305,319.9,58
2026-08-14 08:11:00+00:00,7.9308,7.935,7.921,7.9332,365.7,95
2026-08-14 08:12:00+00:00,7.9333,7.9333,7.931,7.9327,504.5,169
2026-08-14 08:13:00+00:00,7.9314,7.932,7.9309,7.932,443.8,183
2026-08-14 08:14:00+00:00,7.9258,7.931,7.9204,7.9273,288.5,23
2026-08-14 08:15:00+00:00,7.9272,7.931,7.9232,7.9301,698.6,40
2026-08-14 08:16:00+00:00,7.9319,7.9319,7.9252,7.9252,180.5,38
2026-08-14 08:17:00+00:00,7.9255,7.932,7.9202,7.9264,663.5,116
2026-08-14 08:18:00+00:00,7.9261,7.9264,7.9261,7.9264,93.9,15
2026-08-14 08:19:00+00:00,7.9235,7.9253,7.92,7.9249,280.9,13
2026-08-14 08:20:00+00:00,7.9253,7.9253,7.9247,7.9247,53.0,18
2026-08-14 08:21:00+00:00,7.9247,7.9247,7.9247,7.9247,0.0,0
2026-08-14 08:22:00+00:00,7.9252,7.9252,7.92,7.9246,265.3,36
2026-08-14 08:23:00+00:00,7.9275,7.9359,7.9272,7.9359,544.1,63
2026-08-14 08:24:00+00:00,7.93,7.9358,7.9299,7.9303,152.7,27
2026-08-14 08:25:00+00:00,7.9306,7.931,7.9231,7.9231,318.4,25
2026-08-14 08:26:00+00:00,7.929,7.9309,7.9235,7.9285,288.9,28
2026-08-14 08:27:00+00:00,7.9291,7.9303,7.9275,7.9275,51.0,19
2026-08-14 08:28:00+00:00,7.9266,7.9321,7.9209,7.9268,520.2,95
2026-08-14 08:29:00+00:00,7.9256,7.9315,7.9256,7.9315,144.1,4
2026-08-14 08:30:00+00:00,7.9256,7.9264,7.9256,7.9264,12.9,5
2026-08-14 08:31:00+00:00,7.9265,7.9265,7.9237,7.9245,396.5,8
2026-08-14 08:32:00+00:00,7.9245,7.9245,7.9245,7.9245,0.0,0
2026-08-14 08:33:00+00:00,7.9252,7.9252,7.9201,7.9201,303.4,11
2026-08-14 08:34:00+00:00,7.9273,7.9325,7.9273,7.9303,159.1,36
2026-08-14 08:35:00+00:00,7.9327,7.935,7.9304,7.9304,459.1,60
2026-08-14 08:36:00+00:00,7.9303,7.9303,7.9243,7.9243,147.1,6
2026-08-14 08:37:00+00:00,7.9343,7.935,7.9307,7.9345,3423.6,34
2026-08-14 08:38:00+00:00,7.9345,7.9398,7.9291,7.9398,2873.3,48
2026-08-14 08:39:00+00:00,7.9379,7.94,7.93,7.9379,346.6,118
2026-08-14 08:40:00+00:00,7.9378,7.9399,7.936,7.936,52.2,22
2026-08-14 08:41:00+00:00,7.936,7.936,7.936,7.936,0.0,0
2026-08-14 08:42:00+00:00,7.9331,7.9353,7.9288,7.935,264.1,23
2026-08-14 08:43:00+00:00,7.9353,7.9353,7.9273,7.9276,353.7,28
2026-08-14 08:44:00+00:00,7.9273,7.9283,7.9265,7.9265,116.7,28
2026-08-14 08:45:00+00:00,7.9266,7.9266,7.9229,7.9258,170.3,12
2026-08-14 08:46:00+00:00,7.9258,7.9258,7.9258,7.9258,0.0,0
2026-08-14 08:47:00+00:00,7.9252,7.9253,7.92,7.92,278.8,47
2026-08-14 08:48:00+00:00,7.9221,7.925,7.9209,7.9222,625.5,45
2026-08-14 08:49:00+00:00,7.9213,7.9258,7.9208,7.9219,1608.2,69
2026-08-14 08:50:00+00:00,7.9223,7.9239,7.9213,7.9234,516.1,183
2026-08-14 08:51:00+00:00,7.9214,7.9214,7.92,7.92,206.8,3
2026-08-14 08:52:00+00:00,7.9263,7.9263,7.9203,7.9203,55.7,2
2026-08-14 08:53:00+00:00,7.9203,7.9214,7.92,7.92,165.2,7
2026-08-14 08:54:00+00:00,7.9201,7.9203,7.9101,7.9109,572.8,61
2026-08-14 08:55:00+00:00,7.9101,7.9102,7.9084,7.909,399.0,36
2026-08-14 08:56:00+00:00,7.9146,7.9146,7.9027,7.9074,575.0,39
2026-08-14 08:57:00+00:00,7.9125,7.9125,7.9125,7.9125,5.8,1
2026-08-14 08:58:00+00:00,7.9115,7.9163,7.9101,7.9163,36.0,9
2026-08-14 08:59:00+00:00,7.9135,7.9162,7.9135,7.9162,110.0,5
2026-08-14 09:00:00+00:00,7.9142,7.9179,7.9059,7.9179,430.7,102
2026-08-14 09:01:00+00:00,7.9094,7.9174,7.9094,7.9174,81.3,2
2026-08-14 09:02:00+00:00,7.9096,7.9096,7.9052,7.909,173.4,16
2026-08-14 09:03:00+00:00,7.9147,7.9147,7.9027,7.9096,478.0,44
2026-08-14 09:04:00+00:00,7.9096,7.9128,7.9093,7.9111,243.7,95
2026-08-14 09:05:00+00:00,7.9126,7.9138,7.904,7.9127,404.9,124
2026-08-14 09:06:00+00:00,7.9127,7.9136,7.9113,7.9113,65.9,28
2026-08-14 09:07:00+00:00,7.9081,7.9081,7.9033,7.9047,197.6,29
2026-08-14 09:08:00+00:00,7.9048,7.9048,7.9,7.9,391.6,81
2026-08-14 09:09:00+00:00,7.9041,7.9101,7.9041,7.9045,239.6,45
2026-08-14 09:10:00+00:00,7.9032,7.9036,7.9032,7.9036,40.3,14
2026-08-14 09:11:00+00:00,7.9026,7.9026,7.9,7.9,267.6,8
2026-08-14 09:12:00+00:00,7.9074,7.9074,7.9,7.907,529.0,55
2026-08-14 09:13:00+00:00,7.9014,7.9014,7.9014,7.9014,215.6,2
2026-08-14 09:14:00+00:00,7.9049,7.9055,7.9041,7.9055,324.7,15
2026-08-14 09:15:00+00:00,7.9041,7.9041,7.9041,7.9041,84.0,1
2026-08-14 09:16:00+00:00,7.9042,7.9103,7.9,7.9103,494.4,41
2026-08-14 09:17:00+00:00,7.9052,7.9109,7.9052,7.9109,241.8,99
2026-08-14 09:18:00+00:00,7.9107,7.9214,7.9106,7.92,1634.5,71
2026-08-14 09:19:00+00:00,7.92,7.9204,7.92,7.9202,1150.8,19
2026-08-14 09:20:00+00:00,7.9202,7.9229,7.9201,7.9228,476.3,122
2026-08-14 09:21:00+00:00,7.9232,7.9383,7.9232,7.9377,1100.3,106
2026-08-14 09:22:00+00:00,7.938,7.9426,7.93,7.94,938.8,167
2026-08-14 09:23:00+00:00,7.9436,7.944,7.9401,7.9436,426.4,82
2026-08-14 09:24:00+00:00,7.9439,7.9499,7.9436,7.9451,2708.9,40
2026-08-14 09:25:00+00:00,7.9421,7.9452,7.9421,7.9449,188.8,11
2026-08-14 09:26:00+00:00,7.9457,7.9459,7.9402,7.9435,573.8,17
2026-08-14 09:27:00+00:00,7.9438,7.9438,7.9434,7.9437,26.7,9
2026-08-14 09:28:00+00:00,7.9437,7.9437,7.94,7.9419,222.4,26
2026-08-14 09:29:00+00:00,7.9419,7.9419,7.9403,7.9403,44.4,2
2026-08-14 09:30:00+00:00,7.94,7.94,7.9325,7.9325,1907.2,10
2026-08-14 09:31:00+00:00,7.9376,7.9408,7.9373,7.9379,70.2,20
2026-08-14 09:32:00+00:00,7.9355,7.9355,7.9355,7.9355,2.0,1
2026-08-14 09:33:00+00:00,7.9383,7.9384,7.93,7.938,431.4,112
2026-08-14 09:34:00+00:00,7.9379,7.939,7.9309,7.9332,415.3,111
2026-08-14 09:35:00+00:00,7.9339,7.9344,7.9334,7.9344,136.4,44
2026-08-14 09:36:00+00:00,7.9344,7.9413,7.93,7.9314,295.1,26
2026-08-14 09:37:00+00:00,7.9328,7.9373,7.9328,7.9336,643.1,75
2026-08-14 09:38:00+00:00,7.9333,7.9414,7.933,7.9414,5905.1,157
2026-08-14 09:39:00+00:00,7.9455,7.9489,7.94,7.9423,376.2,55
2026-08-14 09:40:00+00:00,7.9415,7.945,7.94,7.94,509.4,24
2026-08-14 09:41:00+00:00,7.9472,7.948,7.9402,7.9402,2045.0,9
2026-08-14 09:42:00+00:00,7.9444,7.9459,7.9444,7.9451,255.8,14
2026-08-14 09:43:00+00:00,7.9459,7.9459,7.945,7.945,98.3,2
2026-08-14 09:44:00+00:00,7.945,7.9557,7.945,7.9557,708.5,112
2026-08-14 09:45:00+00:00,7.9557,7.9557,7.95,7.95,156.1,10
2026-08-14 09:46:00+00:00,7.9506,7.954,7.9506,7.9537,154.8,10
2026-08-14 09:47:00+00:00,7.954,7.9588,7.95,7.95,478.2,25
2026-08-14 09:48:00+00:00,7.9502,7.953,7.95,7.95,1125.3,8
2026-08-14 09:49:00+00:00,7.9519,7.9642,7.9503,7.9591,2268.8,45
2026-08-14 09:50:00+00:00,7.9577,7.9618,7.95,7.9618,2521.8,41
2026-08-14 09:51:00+00:00,7.9645,7.9664,7.9645,7.9664,43.4,15
2026-08-14 09:52:00+00:00,7.9654,7.9655,7.9621,7.9649,118.6,11
2026-08-14 09:53:00+00:00,7.9648,7.9648,7.962,7.962,329.5,18
2026-08-14 09:54:00+00:00,7.9642,7.9693,7.9621,7.9672,1035.4,75
2026-08-14 09:55:00+00:00,7.9684,7.9701,7.9684,7.9698,207.3,19
2026-08-14 09:56:00+00:00,7.9698,7.9747,7.9698,7.97,1985.9,141
2026-08-14 09:57:00+00:00,7.97,7.9866,7.97,7.9845,1188.2,80
2026-08-14 09:58:00+00:00,7.9848,7.9866,7.9833,7.9863,155.4,35
2026-08-14 09:59:00+00:00,7.9866,7.9999,7.9854,7.9914,3791.5,229
2026-08-14 10:00:00+00:00,7.9917,7.9917,7.9834,7.9837,479.5,45
2026-08-14 10:01:00+00:00,7.9834,7.9888,7.9822,7.9825,330.1,70
2026-08-14 10:02:00+00:00,7.9822,7.9956,7.9754,7.9865,1843.6,241
2026-08-14 10:03:00+00:00,7.9872,7.9875,7.9845,7.9875,237.2,46
2026-08-14 10:04:00+00:00,7.9858,7.9859,7.98,7.98,170.2,6
2026-08-14 10:05:00+00:00,7.9825,7.985,7.9747,7.985,246.6,27
2026-08-14 10:06:00+00:00,7.985,7.9851,7.9785,7.9849,140.7,33
2026-08-14 10:07:00+00:00,7.9849,7.9849,7.974,7.974,1391.9,166
2026-08-14 10:08:00+00:00,7.9754,7.9769,7.974,7.9766,162.2,59
2026-08-14 10:09:00+00:00,7.9766,7.9787,7.9766,7.9787,310.1,115
2026-08-14 10:10:00+00:00,7.979,7.9804,7.979,7.9804,206.7,59
2026-08-14 10:11:00+00:00,7.9801,7.981,7.978,7.9798,339.7,38
2026-08-14 10:12:00+00:00,7.9788,7.98,7.9785,7.98,15.0,5
2026-08-14 10:13:00+00:00,7.98,7.98,7.98,7.98,0.0,0
2026-08-14 10:14:00+00:00,7.9801,7.9811,7.978,7.9808,179.1,10
2026-08-14 10:15:00+00:00,7.9811,7.9811,7.9781,7.981,58.4,20
2026-08-14 10:16:00+00:00,7.9782,7.9782,7.978,7.978,204.3,2
2026-08-14 10:17:00+00:00,7.9795,7.9795,7.978,7.978,40.8,17
2026-08-14 10:18:00+00:00,7.9795,7.9795,7.9782,7.9792,21.0,9
2026-08-14 10:19:00+00:00,7.978,7.9797,7.978,7.9797,311.0,6
2026-08-14 10:20:00+00:00,7.9794,7.9849,7.9788,7.9788,330.3,100
2026-08-14 10:21:00+00:00,7.9792,7.9814,7.9792,7.9796,564.8,18
2026-08-14 10:22:00+00:00,7.9799,7.9845,7.978,7.9803,160.2,13
2026-08-14 10:23:00+00:00,7.9842,7.9842,7.9842,7.9842,0.1,1
2026-08-14 10:24:00+00:00,7.9811,7.9836,7.9811,7.9811,1.7,4
2026-08-14 10:25:00+00:00,7.9808,7.9808,7.978,7.9805,472.6,55
2026-08-14 10:26:00+00:00,7.9808,7.9808,7.9781,7.9782,314.4,23
2026-08-14 10:27:00+00:00,7.9794,7.9802,7.978,7.9802,13.6,5
2026-08-14 10:28:00+00:00,7.9797,7.9798,7.978,7.9793,42.8,19
2026-08-14 10:29:00+00:00,7.9793,7.9793,7.9781,7.9793,13.0,6
2026-08-14 10:30:00+00:00,7.9793,7.9793,7.9793,7.9793,0.0,0
2026-08-14 10:31:00+00:00,7.9797,7.9843,7.9797,7.98,165.7,13
2026-08-14 10:32:00+00:00,7.9786,7.9789,7.9784,7.9785,45.7,16
2026-08-14 10:33:00+00:00,7.983,7.983,7.978,7.9782,1316.0,15
2026-08-14 10:34:00+00:00,7.9794,7.9794,7.978,7.978,97.1,34
2026-08-14 10:35:00+00:00,7.978,7.978,7.978,7.978,0.0,0
2026-08-14 10:36:00+00:00,7.979,7.979,7.978,7.978,151.1,20
2026-08-14 10:37:00+00:00,7.9781,7.9789,7.9744,7.9789,318.8,50
2026-08-14 10:38:00+00:00,7.9776,7.9789,7.9776,7.978,86.3,9
2026-08-14 10:39:00+00:00,7.9768,7.978,7.9742,7.978,147.2,8
2026-08-14 10:40:00+00:00,7.9764,7.9802,7.974,7.9802,807.4,14
2026-08-14 10:41:00+00:00,7.9802,7.9802,7.9802,7.9802,0.0,0
2026-08-14 10:42:00+00:00,7.9783,7.9783,7.9783,7.9783,3.9,1
2026-08-14 10:43:00+00:00,7.9806,7.9806,7.9804,7.9804,12.2,5
2026-08-14 10:44:00+00:00,7.9806,7.9806,7.9803,7.9805,12.2,5
2026-08-14 10:45:00+00:00,7.9805,7.9805,7.9805,7.9805,0.0,0
2026-08-14 10:46:00+00:00,7.9805,7.9805,7.9805,7.9805,0.0,0
2026-08-14 10:47:00+00:00,7.9805,7.9805,7.9805,7.9805,0.0,0
2026-08-14 10:48:00+00:00,7.9814,7.9817,7.9814,7.9817,12.0,4
2026-08-14 10:49:00+00:00,7.9813,7.9831,7.9806,7.9831,17.0,6
2026-08-14 10:50:00+00:00,7.9806,7.9876,7.9806,7.9876,2983.7,19
2026-08-14 10:51:00+00:00,7.9853,7.99,7.985,7.9857,327.8,107
2026-08-14 10:52:00+00:00,7.9853,7.9864,7.9853,7.986,374.3,66
2026-08-14 10:53:00+00:00,7.9861,7.9871,7.986,7.987,1570.8,193
2026-08-14 10:54:00+00:00,7.9871,7.9902,7.986,7.9902,222.0,51
2026-08-14 10:55:00+00:00,7.9883,7.9912,7.9881,7.989,768.3,94
2026-08-14 10:56:00+00:00,7.9888,7.9968,7.9881,7.9968,786.8,143
2026-08-14 10:57:00+00:00,7.9963,7.9963,7.988,7.9953,914.2,160
2026-08-14 10:58:00+00:00,7.9955,7.9955,7.9951,7.9951,52.7,19
2026-08-14 10:59:00+00:00,7.9954,7.9954,7.995,7.995,21.2,6
2026-08-14 11:00:00+00:00,7.9954,8.0005,7.9954,8.0005,2462.5,40
2026-08-14 11:01:00+00:00,8.0026,8.0059,8.002,8.0047,1150.5,98
2026-08-14 11:02:00+00:00,8.0047,8.0063,8.0047,8.0063,1430.0,11
2026-08-14 11:03:00+00:00,8.0063,8.0063,8.0063,8.0063,344.4,3
2026-08-14 11:04:00+00:00,8.0049,8.0049,8.0036,8.0037,29.8,5
2026-08-14 11:05:00+00:00,8.007,8.0095,8.0039,8.0073,1093.1,179
2026-08-14 11:06:00+00:00,8.0076,8.0098,8.0018,8.007,690.9,28
2026-08-14 11:07:00+00:00,8.0069,8.0146,8.0035,8.0146,4260.1,47
2026-08-14 11:08:00+00:00,8.0097,8.0116,8.0086,8.0116,484.1,74
2026-08-14 11:09:00+00:00,8.01,8.0128,8.0075,8.0128,104.5,15
2026-08-14 11:10:00+00:00,8.0103,8.0128,8.0093,8.0109,168.5,22
2026-08-14 11:11:00+00:00,8.0106,8.0253,8.0106,8.0192,2623.9,67
2026-08-14 11:12:00+00:00,8.0164,8.0305,8.0152,8.024,1449.3,242
2026-08-14 11:13:00+00:00,8.0256,8.0399,8.0222,8.0399,477.9,103
2026-08-14 11:14:00+00:00,8.04,8.04,8.0378,8.0395,548.8,159
2026-08-14 11:15:00+00:00,8.0395,8.05,8.0395,8.043,657.8,94
2026-08-14 11:16:00+00:00,8.0413,8.05,8.04,8.05,2226.5,65
2026-08-14 11:17:00+00:00,8.0468,8.05,8.046,8.0486,112.5,18
2026-08-14 11:18:00+00:00,8.0484,8.0578,8.0188,8.0377,2054.4,135
2026-08-14 11:19:00+00:00,8.043,8.048,8.04,8.044,920.5,258
2026-08-14 11:20:00+00:00,8.0443,8.0574,8.0439,8.0572,411.5,111
2026-08-14 11:21:00+00:00,8.0565,8.0566,8.0519,8.052,273.8,90
2026-08-14 11:22:00+00:00,8.0565,8.0618,8.0522,8.0588,1178.7,169
2026-08-14 11:23:00+00:00,8.0586,8.07,8.0502,8.0516,1461.1,173
2026-08-14 11:24:00+00:00,8.0517,8.0677,8.033,8.0396,2296.0,411
2026-08-14 11:25:00+00:00,8.0396,8.04,8.0329,8.0379,255.1,64
2026-08-14 11:26:00+00:00,8.0381,8.0381,8.033,8.038,87.7,27
2026-08-14 11:27:00+00:00,8.038,8.0399,8.0375,8.0375,25.6,7
2026-08-14 11:28:00+00:00,8.0387,8.04,8.0378,8.04,74.4,19
2026-08-14 11:29:00+00:00,8.04,8.0452,8.04,8.0452,1039.1,16
2026-08-14 11:30:00+00:00,8.047,8.0484,8.03,8.0383,234.7,48
2026-08-14 11:31:00+00:00,8.0383,8.0498,8.03,8.0498,1279.1,110
2026-08-14 11:32:00+00:00,8.036,8.0365,8.0241,8.028,683.3,180
2026-08-14 11:33:00+00:00,8.0231,8.029,8.02,8.0201,710.1,141
2026-08-14 11:34:00+00:00,8.0233,8.0382,8.0201,8.031,734.7,112
2026-08-14 11:35:00+00:00,8.0307,8.035,8.0302,8.0334,531.3,117
2026-08-14 11:36:00+00:00,8.0331,8.0444,8.0331,8.0405,2220.9,191
2026-08-14 11:37:00+00:00,8.04,8.05,8.04,8.045,420.0,91
2026-08-14 11:38:00+00:00,8.0447,8.05,8.0431,8.0445,574.8,32
2026-08-14 11:39:00+00:00,8.054,8.07,8.0509,8.07,1235.2,36
2026-08-14 11:40:00+00:00,8.0646,8.07,8.06,8.06,777.3,27
2026-08-14 11:41:00+00:00,8.0673,8.0673,8.06,8.0652,351.4,145
2026-08-14 11:42:00+00:00,8.0655,8.0666,8.06,8.0657,885.7,265
2026-08-14 11:43:00+00:00,8.0657,8.0674,8.0588,8.065,547.8,192
2026-08-14 11:44:00+00:00,8.064,8.0674,8.0636,8.0661,239.1,45
2026-08-14 11:45:00+00:00,8.0661,8.0661,8.0661,8.0661,0.0,0
2026-08-14 11:46:00+00:00,8.0616,8.0616,8.0592,8.0592,36.5,5
2026-08-14 11:47:00+00:00,8.0659,8.066,8.0659,8.066,15.1,3
2026-08-14 11:48:00+00:00,8.06,8.0603,8.0583,8.0583,76.0,19
2026-08-14 11:49:00+00:00,8.0586,8.0586,8.0516,8.0517,47.7,20
2026-08-14 11:50:00+00:00,8.0518,8.0518,8.0494,8.051,516.8,39
2026-08-14 11:51:00+00:00,8.0523,8.0583,8.0335,8.0369,358.9,138
2026-08-14 11:52:00+00:00,8.0369,8.043,8.0369,8.0421,792.3,200
2026-08-14 11:53:00+00:00,8.0388,8.04,8.0349,8.0389,112.4,46
2026-08-14 11:54:00+00:00,8.0372,8.0417,8.0372,8.0409,404.9,136
2026-08-14 11:55:00+00:00,8.042,8.0556,8.042,8.0523,176.9,38
2026-08-14 11:56:00+00:00,8.0505,8.0523,8.05,8.0508,145.0,44
2026-08-14 11:57:00+00:00,8.05,8.0549,8.05,8.0505,2602.8,44
2026-08-14 11:58:00+00:00,8.0526,8.0526,8.0463,8.05,1635.6,11
2026-08-14 11:59:00+00:00,8.0505,8.0552,8.0426,8.0529,1303.0,28
2026-08-14 12:00:00+00:00,8.0528,8.06,8.0498,8.0499,2814.2,82
2026-08-14 12:01:00+00:00,8.0501,8.0518,8.0483,8.0518,497.3,55
2026-08-14 12:02:00+00:00,8.0518,8.0573,8.0514,8.0573,178.4,67
2026-08-14 12:03:00+00:00,8.0524,8.0537,8.0495,8.0517,201.1,22
2026-08-14 12:04:00+00:00,8.052,8.0521,8.0439,8.0519,532.2,210
2026-08-14 12:05:00+00:00,8.0521,8.0521,8.0442,8.0514,80.0,29
2026-08-14 12:06:00+00:00,8.0507,8.0507,8.0382,8.0393,1286.7,99
2026-08-14 12:07:00+00:00,8.0391,8.0394,8.0378,8.0378,1009.7,111
2026-08-14 12:08:00+00:00,8.038,8.0387,8.0379,8.0387,31.3,5
2026-08-14 12:09:00+00:00,8.0388,8.0395,8.0379,8.038,30.1,13
2026-08-14 12:10:00+00:00,8.0381,8.0418,8.0381,8.0417,41.1,10
2026-08-14 12:11:00+00:00,8.0425,8.0425,8.0415,8.0416,148.7,8
2026-08-14 12:12:00+00:00,8.0418,8.043,8.0416,8.0427,34.4,14
2026-08-14 12:13:00+00:00,8.0417,8.0417,8.0415,8.0416,853.8,15
2026-08-14 12:14:00+00:00,8.0416,8.0458,8.0415,8.0415,17.6,5
2026-08-14 12:15:00+00:00,8.0417,8.0421,8.0415,8.0415,26.4,5
2026-08-14 12:16:00+00:00,8.0416,8.0417,8.0416,8.0416,14.4,3
2026-08-14 12:17:00+00:00,8.0418,8.0419,8.0417,8.0419,14.4,4
2026-08-14 12:18:00+00:00,8.0461,8.0537,8.0416,8.0425,1182.0,55
2026-08-14 12:19:00+00:00,8.0426,8.044,8.0426,8.044,14.4,6
2026-08-14 12:20:00+00:00,8.0455,8.0522,8.0418,8.0418,36.7,10
2026-08-14 12:21:00+00:00,8.043,8.0447,8.043,8.0447,4.4,2
2026-08-14 12:22:00+00:00,8.0468,8.0468,8.0467,8.0467,4.4,2
2026-08-14 12:23:00+00:00,8.0487,8.0504,8.0455,8.048,121.4,32
2026-08-14 12:24:00+00:00,8.048,8.0531,8.0474,8.0474,259.6,25
2026-08-14 12:25:00+00:00,8.0514,8.0538,8.0462,8.0465,290.0,97
2026-08-14 12:26:00+00:00,8.0526,8.0529,8.0467,8.0468,207.1,85
2026-08-14 12:27:00+00:00,8.0493,8.0493,8.0439,8.0477,41.5,10
2026-08-14 12:28:00+00:00,8.0495,8.0529,8.0442,8.0446,186.9,17
2026-08-14 12:29:00+00:00,8.0478,8.049,8.0471,8.0471,10.2,3
2026-08-14 12:30:00+00:00,8.0437,8.049,8.0437,8.0461,10.1,3
2026-08-14 12:31:00+00:00,8.0489,8.0537,8.0487,8.0509,679.3,17
2026-08-14 12:32:00+00:00,8.0537,8.0537,8.0439,8.0489,212.1,19
2026-08-14 12:33:00+00:00,8.0519,8.0538,8.0474,8.0515,433.7,52
2026-08-14 12:34:00+00:00,8.0515,8.0577,8.0451,8.0576,1371.5,84
2026-08-14 12:35:00+00:00,8.0549,8.055,8.0465,8.0532,184.4,42
2026-08-14 12:36:00+00:00,8.0535,8.055,8.0515,8.0515,288.4,62
2026-08-14 12:37:00+00:00,8.0515,8.0535,8.0515,8.0515,10.1,3
2026-08-14 12:38:00+00:00,8.0535,8.0535,8.0519,8.0519,35.9,3
2026-08-14 12:39:00+00:00,8.0529,8.058,8.0523,8.054,37.5,14
2026-08-14 12:40:00+00:00,8.0536,8.054,8.052,8.052,159.5,47
2026-08-14 12:41:00+00:00,8.0547,8.0547,8.0546,8.0546,4.4,3
2026-08-14 12:42:00+00:00,8.0537,8.0537,8.0536,8.0536,4.4,2
2026-08-14 12:43:00+00:00,8.0543,8.0543,8.0504,8.0504,24.3,4
2026-08-14 12:44:00+00:00,8.0505,8.0513,8.048,8.0507,54.7,20
2026-08-14 12:45:00+00:00,8.0504,8.051,8.0504,8.0504,209.0,72
2026-08-14 12:46:00+00:00,8.0528,8.0528,8.0506,8.0506,4.4,2
2026-08-14 12:47:00+00:00,8.0536,8.0536,8.0511,8.0526,18.0,7
2026-08-14 12:48:00+00:00,8.0516,8.0516,8.0501,8.0501,4.4,2
2026-08-14 12:49:00+00:00,8.0501,8.0505,8.0501,8.0505,4.4,2
2026-08-14 12:50:00+00:00,8.0522,8.0522,8.0503,8.0515,131.1,10
2026-08-14 12:51:00+00:00,8.05,8.0501,8.05,8.0501,4.4,2
2026-08-14 12:52:00+00:00,8.05,8.0501,8.05,8.0501,4.4,2
2026-08-14 12:53:00+00:00,8.0501,8.0508,8.05,8.05,36.3,13
2026-08-14 12:54:00+00:00,8.051,8.0559,8.0501,8.0502,272.0,77
2026-08-14 12:55:00+00:00,8.05,8.0501,8.0415,8.0491,269.9,27
2026-08-14 12:56:00+00:00,8.0486,8.0513,8.0481,8.0481,9.7,5
2026-08-14 12:57:00+00:00,8.0481,8.0481,8.048,8.048,4.4,2
2026-08-14 12:58:00+00:00,8.048,8.0481,8.0476,8.0479,37.2,9
2026-08-14 12:59:00+00:00,8.0466,8.0466,8.0466,8.0466,4.4,2
2026-08-14 13:00:00+00:00,8.0431,8.0448,8.0415,8.0416,104.4,8
2026-08-14 13:01:00+00:00,8.0417,8.0431,8.0415,8.0415,359.7,16
2026-08-14 13:02:00+00:00,8.0415,8.0429,8.0415,8.0415,129.3,16
2026-08-14 13:03:00+00:00,8.0426,8.0445,8.0426,8.0427,137.1,15
2026-08-14 13:04:00+00:00,8.046,8.0601,8.0432,8.06,2408.8,192
2026-08-14 13:05:00+00:00,8.0606,8.0609,8.0604,8.0609,113.8,53
2026-08-14 13:06:00+00:00,8.0627,8.0648,8.0604,8.0635,269.3,67
2026-08-14 13:07:00+00:00,8.0624,8.0636,8.0609,8.0626,488.0,11
2026-08-14 13:08:00+00:00,8.0632,8.065,8.063,8.0633,533.1,15
2026-08-14 13:09:00+00:00,8.0632,8.0632,8.0632,8.0632,4.4,3
2026-08-14 13:10:00+00:00,8.0619,8.0708,8.0619,8.0685,1122.0,100
2026-08-14 13:11:00+00:00,8.0685,8.0688,8.0648,8.0648,71.3,32
2026-08-14 13:12:00+00:00,8.0641,8.0666,8.0633,8.0642,244.9,41
2026-08-14 13:13:00+00:00,8.0645,8.0651,8.0603,8.0633,272.1,91
2026-08-14 13:14:00+00:00,8.0622,8.0622,8.058,8.058,1466.9,66
2026-08-14 13:15:00+00:00,8.058,8.058,8.0501,8.0526,223.2,66
2026-08-14 13:16:00+00:00,8.0501,8.0504,8.0426,8.0428,479.7,126
2026-08-14 13:17:00+00:00,8.0447,8.0496,8.0426,8.0494,894.8,112
2026-08-14 13:18:00+00:00,8.053,8.0541,8.0495,8.0511,815.7,142
2026-08-14 13:19:00+00:00,8.0516,8.0547,8.0511,8.0527,357.6,59
2026-08-14 13:20:00+00:00,8.0528,8.0553,8.0527,8.0545,435.1,66
2026-08-14 13:21:00+00:00,8.0527,8.053,8.0527,8.053,250.8,14
2026-08-14 13:22:00+00:00,8.0532,8.0533,8.0528,8.053,222.6,25
2026-08-14 13:23:00+00:00,8.0532,8.0533,8.0528,8.0528,222.1,32
2026-08-14 13:24:00+00:00,8.0532,8.0543,8.0527,8.0542,177.4,32
2026-08-14 13:25:00+00:00,8.0542,8.0609,8.0527,8.0527,1931.9,68
2026-08-14 13:26:00+00:00,8.0529,8.0583,8.05,8.0504,1548.8,117
2026-08-14 13:27:00+00:00,8.0516,8.0543,8.0408,8.041,800.5,232
2026-08-14 13:28:00+00:00,8.0409,8.0483,8.0404,8.0466,1251.5,246
2026-08-14 13:29:00+00:00,8.0447,8.0615,8.0404,8.0522,1199.0,169
2026-08-14 13:30:00+00:00,8.0544,8.0562,8.045,8.0529,1053.5,203
2026-08-14 13:31:00+00:00,8.0529,8.0529,8.0059,8.0202,2256.3,405
2026-08-14 13:32:00+00:00,8.0194,8.0256,8.0006,8.0097,1747.8,242
2026-08-14 13:33:00+00:00,8.0098,8.0153,7.9038,7.9458,7790.7,334
2026-08-14 13:34:00+00:00,7.946,7.9696,7.9416,7.9479,1367.7,349
2026-08-14 13:35:00+00:00,7.9415,7.9545,7.905,7.932,4936.9,425
2026-08-14 13:36:00+00:00,7.9317,7.9381,7.9215,7.9275,1449.5,145
2026-08-14 13:37:00+00:00,7.9272,7.9399,7.922,7.9391,1376.6,189
2026-08-14 13:38:00+00:00,7.94,7.9646,7.9371,7.9557,972.5,219
2026-08-14 13:39:00+00:00,7.9554,7.98,7.9518,7.9751,1494.9,218
2026-08-14 13:40:00+00:00,7.9748,7.9833,7.97,7.9824,1526.1,265
2026-08-14 13:41:00+00:00,7.9825,7.9827,7.9707,7.9726,305.9,43
2026-08-14 13:42:00+00:00,7.9726,7.9749,7.9414,7.9568,2587.5,286
2026-08-14 13:43:00+00:00,7.9571,7.96,7.9484,7.9542,3314.6,114
2026-08-14 13:44:00+00:00,7.9599,7.9763,7.951,7.9753,3173.4,170
2026-08-14 13:45:00+00:00,7.9751,7.9845,7.9747,7.9842,370.4,122
2026-08-14 13:46:00+00:00,7.985,7.9937,7.9752,7.9805,2263.4,165
2026-08-14 13:47:00+00:00,7.9808,7.9808,7.9652,7.9698,661.3,122
2026-08-14 13:48:00+00:00,7.9731,7.9798,7.9537,7.9537,1427.4,144
2026-08-14 13:49:00+00:00,7.9583,7.9648,7.9401,7.9614,1946.0,126
2026-08-14 13:50:00+00:00,7.9531,7.9552,7.9386,7.9465,901.4,94
2026-08-14 13:51:00+00:00,7.9454,7.9493,7.9364,7.9462,1522.2,128
2026-08-14 13:52:00+00:00,7.9459,7.9518,7.9366,7.9456,3447.5,189
2026-08-14 13:53:00+00:00,7.9459,7.9505,7.9305,7.9394,1617.4,258
2026-08-14 13:54:00+00:00,7.9385,7.9499,7.9307,7.9446,1417.8,103
2026-08-14 13:55:00+00:00,7.9428,7.9475,7.9367,7.9411,498.1,77
2026-08-14 13:56:00+00:00,7.9433,7.9515,7.9344,7.9453,1194.7,106
2026-08-14 13:57:00+00:00,7.9428,7.946,7.9343,7.9406,495.1,130
2026-08-14 13:58:00+00:00,7.9381,7.9404,7.9343,7.9389,304.7,49
2026-08-14 13:59:00+00:00,7.9432,7.9436,7.9366,7.9405,325.7,91
2026-08-14 14:00:00+00:00,7.9397,7.9436,7.9342,7.9436,502.1,74
2026-08-14 14:01:00+00:00,7.9449,7.9498,7.9397,7.9426,810.9,198
2026-08-14 14:02:00+00:00,7.9432,7.953,7.9395,7.9448,1480.4,200
2026-08-14 14:03:00+00:00,7.9445,7.9483,7.9375,7.946,746.0,159
2026-08-14 14:04:00+00:00,7.9434,7.9727,7.9434,7.9727,5922.7,228
2026-08-14 14:05:00+00:00,7.9729,7.9735,7.9663,7.9663,605.0,130
2026-08-14 14:06:00+00:00,7.9732,7.977,7.9664,7.976,1122.1,115
2026-08-14 14:07:00+00:00,7.9765,7.985,7.9708,7.9712,578.1,106
2026-08-14 14:08:00+00:00,7.9768,7.99,7.9768,7.9867,1868.6,104
2026-08-14 14:09:00+00:00,7.9796,7.9822,7.9796,7.982,690.2,96
2026-08-14 14:10:00+00:00,7.9805,7.9909,7.9803,7.99,3045.8,51
2026-08-14 14:11:00+00:00,7.99,8.0118,7.99,8.0117,9740.2,216
2026-08-14 14:12:00+00:00,8.0125,8.0276,8.0113,8.0156,6179.5,166
2026-08-14 14:13:00+00:00,8.0163,8.0219,8.0117,8.0217,350.8,89
2026-08-14 14:14:00+00:00,8.0208,8.0208,8.0115,8.0192,475.6,77
2026-08-14 14:15:00+00:00,8.0202,8.0223,8.01,8.0189,1145.6,98
2026-08-14 14:16:00+00:00,8.015,8.0159,8.0031,8.0031,552.1,139
2026-08-14 14:17:00+00:00,8.01,8.011,7.9901,7.9957,1631.8,193
2026-08-14 14:18:00+00:00,7.9957,7.9997,7.9879,7.9997,690.7,175
2026-08-14 14:19:00+00:00,7.9911,7.9957,7.9721,7.9767,2726.0,209
2026-08-14 14:20:00+00:00,7.977,7.9808,7.96,7.9677,708.4,77
2026-08-14 14:21:00+00:00,7.9643,7.9683,7.9602,7.9639,395.3,100
2026-08-14 14:22:00+00:00,7.9671,7.9688,7.9639,7.9683,297.6,55
2026-08-14 14:23:00+00:00,7.9671,7.9677,7.959,7.9656,643.4,138
2026-08-14 14:24:00+00:00,7.9659,7.9684,7.9596,7.9619,381.1,80
2026-08-14 14:25:00+00:00,7.9545,7.9589,7.9531,7.9533,404.9,31
2026-08-14 14:26:00+00:00,7.9536,7.9663,7.9536,7.9536,561.9,89
2026-08-14 14:27:00+00:00,7.9562,7.9616,7.9518,7.9574,387.2,80
2026-08-14 14:28:00+00:00,7.9574,7.9669,7.9366,7.9386,1796.1,176
2026-08-14 14:29:00+00:00,7.9388,7.9389,7.9327,7.9364,1563.0,45
2026-08-14 14:30:00+00:00,7.9367,7.9367,7.9333,7.9337,512.8,68
2026-08-14 14:31:00+00:00,7.9367,7.9424,7.9333,7.9406,808.5,145
2026-08-14 14:32:00+00:00,7.9403,7.9475,7.94,7.9418,1236.1,208
2026-08-14 14:33:00+00:00,7.9415,7.944,7.9038,7.9217,6195.5,188
2026-08-14 14:34:00+00:00,7.9199,7.9216,7.9129,7.9161,1487.9,173
2026-08-14 14:35:00+00:00,7.9164,7.9225,7.9102,7.9193,1846.8,197
2026-08-14 14:36:00+00:00,7.9217,7.99,7.9194,7.9883,9284.0,365
2026-08-14 14:37:00+00:00,7.9926,7.9926,7.9684,7.9684,920.5,170
2026-08-14 14:38:00+00:00,7.9702,7.98,7.9617,7.9768,1636.1,251
2026-08-14 14:39:00+00:00,7.9765,7.9831,7.9752,7.9831,1004.3,208
2026-08-14 14:40:00+00:00,7.9809,7.984,7.9755,7.9755,3009.1,132
2026-08-14 14:41:00+00:00,7.9768,7.9785,7.975,7.9752,417.2,56
2026-08-14 14:42:00+00:00,7.9752,7.9847,7.971,7.98,2739.5,147
2026-08-14 14:43:00+00:00,7.9828,7.99,7.9801,7.9805,254.9,45
2026-08-14 14:44:00+00:00,7.9837,7.9882,7.9804,7.9882,487.4,123
2026-08-14 14:45:00+00:00,7.9882,7.9993,7.9812,7.9915,1378.3,180
2026-08-14 14:46:00+00:00,7.992,8.0068,7.9855,8.0068,1525.8,147
2026-08-14 14:47:00+00:00,8.0053,8.0083,7.992,7.9929,605.3,111
2026-08-14 14:48:00+00:00,7.9958,7.9958,7.9901,7.9902,225.2,21
2026-08-14 14:49:00+00:00,7.9923,7.9923,7.9864,7.9873,430.1,120
2026-08-14 14:50:00+00:00,7.9869,7.9913,7.9801,7.9801,633.5,129
2026-08-14 14:51:00+00:00,7.9823,7.9896,7.9759,7.9759,497.1,85
2026-08-14 14:52:00+00:00,7.9774,7.9774,7.9631,7.9675,662.3,123
2026-08-14 14:53:00+00:00,7.9673,7.9714,7.9605,7.9631,661.2,181
2026-08-14 14:54:00+00:00,7.9601,7.9601,7.9501,7.9521,400.3,47
2026-08-14 14:55:00+00:00,7.9514,7.9664,7.9501,7.9661,1292.1,130
2026-08-14 14:56:00+00:00,7.9664,7.9685,7.9585,7.9668,405.2,129
2026-08-14 14:57:00+00:00,7.9552,7.9552,7.9552,7.9552,25.8,1
2026-08-14 14:58:00+00:00,7.953,7.9537,7.9451,7.949,578.7,107
2026-08-14 14:59:00+00:00,7.9493,7.9507,7.9304,7.9345,632.4,193
2026-08-14 15:00:00+00:00,7.9343,7.9391,7.9301,7.9332,685.4,169
2026-08-14 15:01:00+00:00,7.9349,7.9487,7.9336,7.9446,1328.1,195
2026-08-14 15:02:00+00:00,7.9427,7.9488,7.9394,7.9394,305.4,48
2026-08-14 15:03:00+00:00,7.9451,7.9466,7.944,7.9444,276.0,49
2026-08-14 15:04:00+00:00,7.9466,7.9466,7.9392,7.9393,1249.3,94
2026-08-14 15:05:00+00:00,7.9442,7.9442,7.9392,7.941,235.2,40
2026-08-14 15:06:00+00:00,7.9397,7.9431,7.9392,7.9394,591.0,103
2026-08-14 15:07:00+00:00,7.9427,7.9474,7.9393,7.9395,260.3,41
2026-08-14 15:08:00+00:00,7.9424,7.9451,7.9395,7.9449,309.4,76
2026-08-14 15:09:00+00:00,7.945,7.947,7.9393,7.9394,223.3,50
2026-08-14 15:10:00+00:00,7.9421,7.9421,7.9393,7.9393,212.3,15
2026-08-14 15:11:00+00:00,7.9414,7.9414,7.9392,7.9394,210.6,24
2026-08-14 15:12:00+00:00,7.9415,7.9435,7.9393,7.9395,349.2,76
2026-08-14 15:13:00+00:00,7.9425,7.9425,7.9392,7.9392,235.8,31
2026-08-14 15:14:00+00:00,7.9393,7.9393,7.9392,7.9392,213.6,7
2026-08-14 15:15:00+00:00,7.9392,7.9413,7.9392,7.9411,161.1,22
2026-08-14 15:16:00+00:00,7.9443,7.9473,7.9393,7.9393,396.7,145
2026-08-14 15:17:00+00:00,7.9394,7.9407,7.9392,7.9407,185.3,8
2026-08-14 15:18:00+00:00,7.9405,7.9416,7.9392,7.941,802.5,195
2026-08-14 15:19:00+00:00,7.9408,7.9469,7.9406,7.9436,618.5,171
2026-08-14 15:20:00+00:00,7.9468,7.9597,7.9408,7.9541,11410.8,200
2026-08-14 15:21:00+00:00,7.9596,7.9596,7.9423,7.9451,760.6,198
2026-08-14 15:22:00+00:00,7.9481,7.9523,7.9411,7.9462,2219.1,150
2026-08-14 15:23:00+00:00,7.9448,7.9448,7.9393,7.9394,890.6,85
2026-08-14 15:24:00+00:00,7.9399,7.9409,7.9202,7.9249,2255.2,203
2026-08-14 15:25:00+00:00,7.9249,7.9249,7.92,7.9228,559.4,100
2026-08-14 15:26:00+00:00,7.9225,7.9244,7.92,7.9202,871.2,83
2026-08-14 15:27:00+00:00,7.9231,7.9249,7.92,7.92,973.9,134
2026-08-14 15:28:00+00:00,7.9208,7.9247,7.92,7.92,286.3,27
2026-08-14 15:29:00+00:00,7.9218,7.9234,7.92,7.9202,136.8,35
2026-08-14 15:30:00+00:00,7.9217,7.9232,7.9201,7.9201,171.9,34
2026-08-14 15:31:00+00:00,7.9216,7.9247,7.92,7.92,561.0,58
2026-08-14 15:32:00+00:00,7.9204,7.925,7.92,7.9221,1155.9,83
2026-08-14 15:33:00+00:00,7.9221,7.9249,7.922,7.9245,315.6,73
2026-08-14 15:34:00+00:00,7.9249,7.925,7.9101,7.9134,7984.0,123
2026-08-14 15:35:00+00:00,7.9131,7.9193,7.9121,7.9126,534.0,201
2026-08-14 15:36:00+00:00,7.9125,7.9145,7.907,7.907,839.2,189
2026-08-14 15:37:00+00:00,7.9108,7.9112,7.9073,7.9082,387.1,141
2026-08-14 15:38:00+00:00,7.9074,7.9103,7.9074,7.9102,778.4,130
2026-08-14 15:39:00+00:00,7.9095,7.911,7.9038,7.9038,3151.5,142
2026-08-14 15:40:00+00:00,7.905,7.905,7.8971,7.8991,6490.1,186
2026-08-14 15:41:00+00:00,7.8994,7.8994,7.8823,7.8923,1591.0,172
2026-08-14 15:42:00+00:00,7.8931,7.8975,7.8861,7.8911,1659.4,115
2026-08-14 15:43:00+00:00,7.8918,7.8987,7.8812,7.8841,674.9,119
2026-08-14 15:44:00+00:00,7.8841,7.8872,7.8801,7.8868,323.2,79
2026-08-14 15:45:00+00:00,7.8875,7.9131,7.8875,7.9073,1128.9,137
2026-08-14 15:46:00+00:00,7.9072,7.9072,7.9,7.9001,160.0,69
2026-08-14 15:47:00+00:00,7.9035,7.9338,7.9035,7.9151,3140.4,279
2026-08-14 15:48:00+00:00,7.914,7.9209,7.9071,7.9124,1211.3,138
2026-08-14 15:49:00+00:00,7.911,7.9126,7.9075,7.9075,199.7,50
2026-08-14 15:50:00+00:00,7.9007,7.9007,7.89,7.8905,111.5,38
2026-08-14 15:51:00+00:00,7.89,7.89,7.8792,7.8794,733.6,100
2026-08-14 15:52:00+00:00,7.8796,7.8801,7.876,7.8783,151.8,41
2026-08-14 15:53:00+00:00,7.8786,7.8839,7.8729,7.8775,153.2,32
2026-08-14 15:54:00+00:00,7.8797,7.88,7.8778,7.8778,163.0,34
2026-08-14 15:55:00+00:00,7.8778,7.8778,7.8716,7.8764,390.4,83
2026-08-14 15:56:00+00:00,7.8764,7.8764,7.8764,7.8764,0.0,0
2026-08-14 15:57:00+00:00,7.8755,7.8791,7.8707,7.8778,176.3,30
2026-08-14 15:58:00+00:00,7.8778,7.8796,7.873,7.8761,233.9,88
2026-08-14 15:59:00+00:00,7.878,7.8799,7.8722,7.8783,398.5,66
2026-08-14 16:00:00+00:00,7.8796,7.8826,7.8701,7.8824,1371.8,67
2026-08-14 16:01:00+00:00,7.8826,7.89,7.8824,7.8899,805.2,60
2026-08-14 16:02:00+00:00,7.8899,7.8973,7.8899,7.8912,93.0,30
2026-08-14 16:03:00+00:00,7.8909,7.8912,7.8899,7.8899,45.0,20
2026-08-14 16:04:00+00:00,7.8934,7.8935,7.8926,7.8926,107.8,22
2026-08-14 16:05:00+00:00,7.8963,7.8973,7.8927,7.8972,327.8,51
2026-08-14 16:06:00+00:00,7.8972,7.8972,7.8972,7.8972,0.0,0
2026-08-14 16:07:00+00:00,7.8901,7.8901,7.8901,7.8901,252.0,2
2026-08-14 16:08:00+00:00,7.8913,7.8916,7.8913,7.8914,18.6,7
2026-08-14 16:09:00+00:00,7.89,7.9,7.8839,7.9,1736.9,88
2026-08-14 16:10:00+00:00,7.89,7.89,7.89,7.89,30.0,1
2026-08-14 16:11:00+00:00,7.89,7.89,7.89,7.89,0.0,0
2026-08-14 16:12:00+00:00,7.89,7.89,7.89,7.89,0.0,0
2026-08-14 16:13:00+00:00,7.8858,7.8858,7.8804,7.8804,215.1,5
2026-08-14 16:14:00+00:00,7.8804,7.8804,7.8804,7.8804,0.0,0
2026-08-14 16:15:00+00:00,7.8892,7.8892,7.8892,7.8892,154.0,2
2026-08-14 16:16:00+00:00,7.8892,7.8892,7.8892,7.8892,0.0,0
2026-08-14 16:17:00+00:00,7.893,7.8998,7.8926,7.8934,308.7,111
2026-08-14 16:18:00+00:00,7.8934,7.8934,7.8934,7.8934,0.0,0
2026-08-14 16:19:00+00:00,7.8978,7.8978,7.8967,7.8968,11.0,3
2026-08-14 16:20:00+00:00,7.8968,7.8968,7.8968,7.8968,0.0,0
2026-08-14 16:21:00+00:00,7.9,7.9,7.9,7.9,1.3,1
2026-08-14 16:22:00+00:00,7.8959,7.8959,7.872,7.895,1970.7,241
2026-08-14 16:23:00+00:00,7.895,7.895,7.895,7.895,0.0,0
2026-08-14 16:24:00+00:00,7.8872,7.8872,7.8872,7.8872,555.0,4
2026-08-14 16:25:00+00:00,7.8812,7.8862,7.8798,7.8861,114.8,20
2026-08-14 16:26:00+00:00,7.8889,7.8889,7.8842,7.8842,582.9,13
2026-08-14 16:27:00+00:00,7.8836,7.8856,7.8813,7.8856,36.0,26
2026-08-14 16:28:00+00:00,7.8856,7.8866,7.8855,7.8866,16.0,12
2026-08-14 16:29:00+00:00,7.8866,7.8866,7.8866,7.8866,0.0,0
2026-08-14 16:30:00+00:00,7.8858,7.8858,7.8834,7.8834,12.7,5
2026-08-14 16:31:00+00:00,7.89,7.89,7.89,7.89,1.3,1
2026-08-14 16:32:00+00:00,7.8862,7.9,7.8813,7.8856,2762.9,107
2026-08-14 16:33:00+00:00,7.8856,7.8858,7.88,7.8801,82.8,25
2026-08-14 16:34:00+00:00,7.8872,7.8959,7.8872,7.8959,238.4,19
2026-08-14 16:35:00+00:00,7.8858,7.8866,7.8782,7.8864,174.7,22
2026-08-14 16:36:00+00:00,7.8935,7.8967,7.8932,7.8953,123.0,37
2026-08-14 16:37:00+00:00,7.8953,7.9036,7.895,7.9028,121.9,30
2026-08-14 16:38:00+00:00,7.9028,7.9028,7.9028,7.9028,0.0,0
2026-08-14 16:39:00+00:00,7.9028,7.9028,7.9028,7.9028,0.0,0
2026-08-14 16:40:00+00:00,7.902,7.9024,7.902,7.9023,37.2,13
2026-08-14 16:41:00+00:00,7.9023,7.9023,7.9023,7.9023,0.0,0
2026-08-14 16:42:00+00:00,7.9023,7.9023,7.9023,7.9023,0.0,0
2026-08-14 16:43:00+00:00,7.9023,7.9023,7.9023,7.9023,0.0,0
2026-08-14 16:44:00+00:00,7.9023,7.9023,7.9023,7.9023,0.0,0
2026-08-14 16:45:00+00:00,7.9068,7.9099,7.8997,7.9099,154.9,13
2026-08-14 16:46:00+00:00,7.9098,7.9158,7.9098,7.9158,50.0,5
2026-08-14 16:47:00+00:00,7.9158,7.9158,7.9158,7.9158,0.0,0
2026-08-14 16:48:00+00:00,7.9166,7.9172,7.9166,7.9172,182.0,5
2026-08-14 16:49:00+00:00,7.9171,7.9223,7.9146,7.922,307.3,18
2026-08-14 16:50:00+00:00,7.9228,7.9253,7.9228,7.9247,67.1,23
2026-08-14 16:51:00+00:00,7.9244,7.9253,7.9183,7.9231,206.6,92
2026-08-14 16:52:00+00:00,7.9228,7.9236,7.9113,7.9126,498.9,154
2026-08-14 16:53:00+00:00,7.9106,7.9109,7.9017,7.9017,143.8,51
2026-08-14 16:54:00+00:00,7.9007,7.901,7.8867,7.8896,439.4,107
2026-08-14 16:55:00+00:00,7.8893,7.8914,7.8893,7.8894,59.0,19
2026-08-14 16:56:00+00:00,7.8908,7.891,7.8898,7.89,36.0,23
2026-08-14 16:57:00+00:00,7.8899,7.8967,7.8867,7.8912,401.4,69
2026-08-14 16:58:00+00:00,7.8909,7.8993,7.8869,7.899,406.4,102
2026-08-14 16:59:00+00:00,7.899,7.899,7.899,7.899,0.0,0
2026-08-14 17:00:00+00:00,7.899,7.899,7.899,7.899,0.0,0
2026-08-14 17:01:00+00:00,7.8988,7.8991,7.8988,7.8991,12.4,4
2026-08-14 17:02:00+00:00,7.8963,7.8999,7.8963,7.8994,296.9,49
2026-08-14 17:03:00+00:00,7.8996,7.9037,7.8992,7.9036,90.6,25
2026-08-14 17:04:00+00:00,7.9034,7.9047,7.902,7.902,223.4,99
2026-08-14 17:05:00+00:00,7.9039,7.9047,7.9035,7.9046,155.4,69
2026-08-14 17:06:00+00:00,7.9046,7.9046,7.9046,7.9046,0.0,0
2026-08-14 17:07:00+00:00,7.9062,7.9141,7.9062,7.9064,55.6,10
2026-08-14 17:08:00+00:00,7.9064,7.9064,7.9064,7.9064,0.0,0
2026-08-14 17:09:00+00:00,7.9064,7.9064,7.9064,7.9064,0.0,0
2026-08-14 17:10:00+00:00,7.9092,7.9095,7.9092,7.9095,12.4,4
2026-08-14 17:11:00+00:00,7.9092,7.9133,7.9014,7.9014,124.3,39
2026-08-14 17:12:00+00:00,7.9002,7.9002,7.9,7.9,47.2,3
2026-08-14 17:13:00+00:00,7.9032,7.9032,7.9,7.903,111.4,35
2026-08-14 17:14:00+00:00,7.9047,7.9048,7.9047,7.9048,15.2,2
2026-08-14 17:15:00+00:00,7.9055,7.9065,7.9052,7.9064,18.6,6
2026-08-14 17:16:00+00:00,7.9072,7.9072,7.9071,7.9071,6.1,2
2026-08-14 17:17:00+00:00,7.9079,7.9137,7.9079,7.908,144.3,12
2026-08-14 17:18:00+00:00,7.9183,7.9197,7.9126,7.919,347.7,15
2026-08-14 17:19:00+00:00,7.92,7.9294,7.9128,7.9287,527.5,71
2026-08-14 17:20:00+00:00,7.9279,7.9279,7.9154,7.9154,486.3,37
2026-08-14 17:21:00+00:00,7.9251,7.9299,7.9109,7.9123,728.0,35
2026-08-14 17:22:00+00:00,7.9123,7.9123,7.9123,7.9123,0.0,0
2026-08-14 17:23:00+00:00,7.9123,7.9123,7.9123,7.9123,0.0,0
2026-08-14 17:24:00+00:00,7.9168,7.9168,7.912,7.912,151.8,53
2026-08-14 17:25:00+00:00,7.91,7.9102,7.902,7.9099,391.0,114
2026-08-14 17:26:00+00:00,7.9101,7.9101,7.9098,7.9098,12.4,4
2026-08-14 17:27:00+00:00,7.9098,7.9098,7.9098,7.9098,0.0,0
2026-08-14 17:28:00+00:00,7.9061,7.9107,7.9061,7.9104,17.9,7
2026-08-14 17:29:00+00:00,7.9105,7.9105,7.9054,7.9054,62.5,6
2026-08-14 17:30:00+00:00,7.9133,7.9207,7.913,7.9152,294.2,104
2026-08-14 17:31:00+00:00,7.9143,7.9151,7.914,7.9151,156.8,67
2026-08-14 17:32:00+00:00,7.9154,7.9157,7.9154,7.9157,132.1,53
2026-08-14 17:33:00+00:00,7.9154,7.9159,7.9107,7.911,72.0,24
2026-08-14 17:34:00+00:00,7.9109,7.9112,7.91,7.91,13.7,5
2026-08-14 17:35:00+00:00,7.91,7.91,7.91,7.91,0.0,0
2026-08-14 17:36:00+00:00,7.9199,7.9221,7.9088,7.9221,454.6,134
2026-08-14 17:37:00+00:00,7.9194,7.9194,7.9189,7.9189,158.1,69
2026-08-14 17:38:00+00:00,7.9188,7.9188,7.9185,7.9185,24.8,8
2026-08-14 17:39:00+00:00,7.9185,7.9185,7.9185,7.9185,0.0,0
2026-08-14 17:40:00+00:00,7.9174,7.9175,7.9174,7.9175,4.6,2
2026-08-14 17:41:00+00:00,7.9175,7.9175,7.9175,7.9175,0.0,0
2026-08-14 17:42:00+00:00,7.9175,7.9175,7.9175,7.9175,0.0,0
2026-08-14 17:43:00+00:00,7.9175,7.9175,7.9175,7.9175,0.0,0
2026-08-14 17:44:00+00:00,7.9084,7.9148,7.9017,7.9078,185.8,50
2026-08-14 17:45:00+00:00,7.9063,7.9066,7.9063,7.9066,12.4,4
2026-08-14 17:46:00+00:00,7.9013,7.909,7.9,7.9,61.0,9
2026-08-14 17:47:00+00:00,7.9,7.9,7.9,7.9,0.0,0
2026-08-14 17:48:00+00:00,7.8977,7.9067,7.895,7.8975,164.9,67
2026-08-14 17:49:00+00:00,7.8914,7.8914,7.8914,7.8914,7.5,1
2026-08-14 17:50:00+00:00,7.8915,7.9003,7.8903,7.8993,108.6,25
2026-08-14 17:51:00+00:00,7.8903,7.8906,7.8866,7.8866,278.7,61
2026-08-14 17:52:00+00:00,7.891,7.8954,7.891,7.8954,13.7,5
2026-08-14 17:53:00+00:00,7.8954,7.8954,7.8954,7.8954,0.0,0
2026-08-14 17:54:00+00:00,7.8922,7.8922,7.891,7.891,47.9,3
2026-08-14 17:55:00+00:00,7.8927,7.9036,7.8927,7.8986,1207.3,158
2026-08-14 17:56:00+00:00,7.8985,7.9175,7.8985,7.9104,2725.1,81
2026-08-14 17:57:00+00:00,7.9143,7.9166,7.911,7.9163,592.0,95
2026-08-14 17:58:00+00:00,7.9171,7.92,7.9109,7.9166,338.2,92
2026-08-14 17:59:00+00:00,7.9197,7.9197,7.9026,7.9197,1058.2,79
2026-08-14 18:00:00+00:00,7.9197,7.9197,7.9197,7.9197,0.0,0
2026-08-14 18:01:00+00:00,7.9157,7.9157,7.9156,7.9156,6.2,2
2026-08-14 18:02:00+00:00,7.9156,7.9156,7.9156,7.9156,0.0,0
2026-08-14 18:03:00+00:00,7.9156,7.9156,7.9156,7.9156,0.0,0
2026-08-14 18:04:00+00:00,7.912,7.912,7.912,7.912,63.2,1
2026-08-14 18:05:00+00:00,7.92,7.92,7.92,7.92,2.0,1
2026-08-14 18:06:00+00:00,7.9167,7.9168,7.9167,7.9168,9.2,4
2026-08-14 18:07:00+00:00,7.9168,7.9168,7.9168,7.9168,0.0,0
2026-08-14 18:08:00+00:00,7.9167,7.917,7.9167,7.917,12.5,6
2026-08-14 18:09:00+00:00,7.9168,7.9197,7.9138,7.9145,555.8,122
2026-08-14 18:10:00+00:00,7.9142,7.9149,7.9142,7.9149,18.3,6
2026-08-14 18:11:00+00:00,7.9134,7.9137,7.9115,7.9122,274.6,91
2026-08-14 18:12:00+00:00,7.9119,7.9122,7.9105,7.9107,167.7,59
2026-08-14 18:13:00+00:00,7.9107,7.9108,7.9095,7.9098,126.0,44
2026-08-14 18:14:00+00:00,7.9098,7.9098,7.9098,7.9098,0.0,0
2026-08-14 18:15:00+00:00,7.9098,7.9098,7.9098,7.9098,0.0,0
2026-08-14 18:16:00+00:00,7.9138,7.9138,7.9138,7.9138,7.9,1
2026-08-14 18:17:00+00:00,7.9138,7.9138,7.9138,7.9138,0.0,0
2026-08-14 18:18:00+00:00,7.9177,7.9177,7.9177,7.9177,2.0,1
2026-08-14 18:19:00+00:00,7.9114,7.9118,7.9051,7.9051,24.4,7
2026-08-14 18:20:00+00:00,7.9051,7.9051,7.9051,7.9051,0.0,0
2026-08-14 18:21:00+00:00,7.9108,7.9108,7.9107,7.9107,5.0,3
2026-08-14 18:22:00+00:00,7.9074,7.9153,7.9074,7.9119,36.0,4
2026-08-14 18:23:00+00:00,7.9119,7.9119,7.9119,7.9119,7.8,3
2026-08-14 18:24:00+00:00,7.9119,7.9119,7.9119,7.9119,0.0,0
2026-08-14 18:25:00+00:00,7.9059,7.9059,7.9059,7.9059,2.0,1
2026-08-14 18:26:00+00:00,7.9059,7.9059,7.9059,7.9059,0.0,0
2026-08-14 18:27:00+00:00,7.9059,7.9059,7.9059,7.9059,0.0,0
2026-08-14 18:28:00+00:00,7.9059,7.9059,7.9059,7.9059,0.0,0
2026-08-14 18:29:00+00:00,7.9059,7.9059,7.9059,7.9059,0.0,0
2026-08-14 18:30:00+00:00,7.9059,7.9059,7.9059,7.9059,0.0,0
2026-08-14 18:31:00+00:00,7.9035,7.9126,7.9035,7.9114,60.0,16
2026-08-14 18:32:00+00:00,7.9035,7.9035,7.8922,7.903,1201.5,192
2026-08-14 18:33:00+00:00,7.9021,7.9021,7.9018,7.9018,10.0,4
2026-08-14 18:34:00+00:00,7.9018,7.9018,7.9018,7.9018,0.0,0
2026-08-14 18:35:00+00:00,7.9054,7.9054,7.9054,7.9054,22.2,1
2026-08-14 18:36:00+00:00,7.9026,7.9029,7.9026,7.9029,64.8,28
2026-08-14 18:37:00+00:00,7.9014,7.9017,7.9014,7.9017,201.3,72
2026-08-14 18:38:00+00:00,7.9036,7.9039,7.9012,7.9039,47.6,18
2026-08-14 18:39:00+00:00,7.9039,7.9039,7.9039,7.9039,0.0,0
2026-08-14 18:40:00+00:00,7.9039,7.9039,7.9039,7.9039,0.0,0
2026-08-14 18:41:00+00:00,7.9039,7.9039,7.9039,7.9039,0.0,0
2026-08-14 18:42:00+00:00,7.9039,7.9039,7.9039,7.9039,0.0,0
2026-08-14 18:43:00+00:00,7.9039,7.9039,7.9039,7.9039,0.0,0
2026-08-14 18:44:00+00:00,7.8993,7.8993,7.8992,7.8992,4.6,2
2026-08-14 18:45:00+00:00,7.9073,7.91,7.9035,7.9038,227.0,67
2026-08-14 18:46:00+00:00,7.9004,7.9007,7.9002,7.9005,206.1,86
2026-08-14 18:47:00+00:00,7.9005,7.9005,7.9005,7.9005,0.0,0
2026-08-14 18:48:00+00:00,7.9005,7.9005,7.9005,7.9005,0.0,0
2026-08-14 18:49:00+00:00,7.8968,7.8971,7.8968,7.897,60.5,23
2026-08-14 18:50:00+00:00,7.8939,7.8942,7.8939,7.8939,14.3,5
2026-08-14 18:51:00+00:00,7.8986,7.8986,7.8986,7.8986,1.3,1
2026-08-14 18:52:00+00:00,7.8986,7.8986,7.8986,7.8986,0.0,0
2026-08-14 18:53:00+00:00,7.8986,7.8986,7.8986,7.8986,0.0,0
2026-08-14 18:54:00+00:00,7.8986,7.8986,7.8986,7.8986,0.0,0
2026-08-14 18:55:00+00:00,7.8986,7.8986,7.8986,7.8986,0.0,0
2026-08-14 18:56:00+00:00,7.9047,7.9047,7.9038,7.9038,3.6,2
2026-08-14 18:57:00+00:00,7.9053,7.9069,7.905,7.9069,165.0,64
2026-08-14 18:58:00+00:00,7.9069,7.9069,7.9069,7.9069,0.0,0
2026-08-14 18:59:00+00:00,7.906,7.906,7.9056,7.9056,31.0,10
2026-08-14 19:00:00+00:00,7.9056,7.9056,7.9056,7.9056,0.0,0
2026-08-14 19:01:00+00:00,7.9092,7.9092,7.9092,7.9092,18.7,1
2026-08-14 19:02:00+00:00,7.9095,7.9095,7.9091,7.9091,15.5,5
2026-08-14 19:03:00+00:00,7.91,7.9127,7.9065,7.9065,118.2,28
2026-08-14 19:04:00+00:00,7.91,7.91,7.91,7.91,1.3,1
2026-08-14 19:05:00+00:00,7.912,7.9121,7.9115,7.9121,146.9,56
2026-08-14 19:06:00+00:00,7.9118,7.9161,7.9116,7.9161,100.2,8
2026-08-14 19:07:00+00:00,7.9161,7.9161,7.9161,7.9161,0.0,0
2026-08-14 19:08:00+00:00,7.9161,7.9161,7.9161,7.9161,0.0,0
2026-08-14 19:09:00+00:00,7.9161,7.9161,7.9161,7.9161,0.0,0
2026-08-14 19:10:00+00:00,7.9135,7.9139,7.9117,7.9135,198.4,66
2026-08-14 19:11:00+00:00,7.9138,7.9138,7.9129,7.9129,537.7,214
2026-08-14 19:12:00+00:00,7.9142,7.9142,7.9142,7.9142,36.8,1
2026-08-14 19:13:00+00:00,7.9142,7.9142,7.9142,7.9142,0.0,0
2026-08-14 19:14:00+00:00,7.9142,7.9142,7.9142,7.9142,0.0,0
2026-08-14 19:15:00+00:00,7.9063,7.9063,7.9063,7.9063,10.4,1
2026-08-14 19:16:00+00:00,7.908,7.908,7.9079,7.9079,12.1,4
2026-08-14 19:17:00+00:00,7.9079,7.9079,7.9079,7.9079,0.0,0
2026-08-14 19:18:00+00:00,7.908,7.9129,7.9061,7.9129,36.0,9
2026-08-14 19:19:00+00:00,7.9066,7.907,7.9066,7.907,171.1,82
2026-08-14 19:20:00+00:00,7.907,7.907,7.907,7.907,0.0,0
2026-08-14 19:21:00+00:00,7.907,7.907,7.907,7.907,0.0,0
2026-08-14 19:22:00+00:00,7.9116,7.9116,7.9113,7.9113,74.4,30
2026-08-14 19:23:00+00:00,7.9116,7.9116,7.9113,7.9113,158.1,56
2026-08-14 19:24:00+00:00,7.9113,7.9113,7.9113,7.9113,0.0,0
2026-08-14 19:25:00+00:00,7.9113,7.9113,7.9113,7.9113,0.0,0
2026-08-14 19:26:00+00:00,7.9113,7.9113,7.9113,7.9113,0.0,0
2026-08-14 19:27:00+00:00,7.9113,7.9113,7.9113,7.9113,0.0,0
2026-08-14 19:28:00+00:00,7.9113,7.9113,7.9113,7.9113,0.0,0
2026-08-14 19:29:00+00:00,7.9138,7.9138,7.9138,7.9138,45.3,2
2026-08-14 19:30:00+00:00,7.9138,7.9138,7.9138,7.9138,0.0,0
2026-08-14 19:31:00+00:00,7.9137,7.9138,7.9137,7.9138,13.6,2
2026-08-14 19:32:00+00:00,7.9138,7.9138,7.9138,7.9138,0.0,0
2026-08-14 19:33:00+00:00,7.9098,7.9098,7.9059,7.9059,36.8,4
2026-08-14 19:34:00+00:00,7.9077,7.9133,7.9072,7.9077,169.5,57
2026-08-14 19:35:00+00:00,7.9077,7.9077,7.9077,7.9077,0.0,0
2026-08-14 19:36:00+00:00,7.9077,7.9077,7.9077,7.9077,0.0,0
2026-08-14 19:37:00+00:00,7.9077,7.9077,7.9077,7.9077,0.0,0
2026-08-14 19:38:00+00:00,7.9077,7.9077,7.9077,7.9077,0.0,0
2026-08-14 19:39:00+00:00,7.9077,7.9077,7.9077,7.9077,0.0,0
2026-08-14 19:40:00+00:00,7.9077,7.9077,7.9077,7.9077,0.0,0
2026-08-14 19:41:00+00:00,7.9077,7.9077,7.9077,7.9077,0.0,0
2026-08-14 19:42:00+00:00,7.9077,7.9077,7.9077,7.9077,0.0,0
2026-08-14 19:43:00+00:00,7.9072,7.9072,7.9072,7.9072,12.6,2
2026-08-14 19:44:00+00:00,7.9072,7.9072,7.9043,7.9043,48.1,3
2026-08-14 19:45:00+00:00,7.9043,7.9043,7.9043,7.9043,0.0,0
2026-08-14 19:46:00+00:00,7.9043,7.9043,7.9043,7.9043,0.0,0
2026-08-14 19:47:00+00:00,7.9043,7.9043,7.9043,7.9043,0.0,0
2026-08-14 19:48:00+00:00,7.9043,7.9043,7.9043,7.9043,0.0,0
2026-08-14 19:49:00+00:00,7.9043,7.9043,7.9043,7.9043,0.0,0
2026-08-14 19:50:00+00:00,7.9043,7.9043,7.9043,7.9043,0.0,0
2026-08-14 19:51:00+00:00,7.9085,7.9085,7.9085,7.9085,2.3,1
2026-08-14 19:52:00+00:00,7.9085,7.9085,7.9085,7.9085,0.0,0
2026-08-14 19:53:00+00:00,7.9085,7.9085,7.9085,7.9085,0.0,0
2026-08-14 19:54:00+00:00,7.9085,7.9085,7.9085,7.9085,0.0,0
2026-08-14 19:55:00+00:00,7.9085,7.9085,7.9085,7.9085,0.0,0
2026-08-14 19:56:00+00:00,7.9085,7.9085,7.9085,7.9085,0.0,0
2026-08-14 19:57:00+00:00,7.9085,7.9085,7.9085,7.9085,0.0,0
2026-08-14 19:58:00+00:00,7.9119,7.9136,7.9119,7.9136,138.6,6
2026-08-14 19:59:00+00:00,7.9116,7.9134,7.9116,7.9119,517.5,12
2026-08-14 20:00:00+00:00,7.9119,7.9119,7.9119,7.9119,0.0,0
2026-08-14 20:01:00+00:00,7.9119,7.9119,7.9119,7.9119,0.0,0
2026-08-14 20:02:00+00:00,7.9119,7.9119,7.9119,7.9119,0.0,0
2026-08-14 20:03:00+00:00,7.9119,7.9119,7.9119,7.9119,0.0,0
2026-08-14 20:04:00+00:00,7.9119,7.9119,7.9119,7.9119,0.0,0
2026-08-14 20:05:00+00:00,7.9139,7.9141,7.9139,7.9141,23.3,3
2026-08-14 20:06:00+00:00,7.9141,7.9141,7.9141,7.9141,0.0,0
2026-08-14 20:07:00+00:00,7.9141,7.9141,7.9141,7.9141,0.0,0
2026-08-14 20:08:00+00:00,7.9141,7.9141,7.9141,7.9141,0.0,0
2026-08-14 20:09:00+00:00,7.9141,7.9141,7.9141,7.9141,0.0,0
2026-08-14 20:10:00+00:00,7.9141,7.9141,7.9141,7.9141,0.0,0
2026-08-14 20:11:00+00:00,7.9141,7.9141,7.9141,7.9141,0.0,0
2026-08-14 20:12:00+00:00,7.9141,7.9141,7.9141,7.9141,0.0,0
2026-08-14 20:13:00+00:00,7.9141,7.9141,7.9141,7.9141,0.0,0
2026-08-14 20:14:00+00:00,7.9141,7.9141,7.9141,7.9141,0.0,0
2026-08-14 20:15:00+00:00,7.9141,7.9141,7.9141,7.9141,0.0,0
2026-08-14 20:16:00+00:00,7.9141,7.9141,7.9141,7.9141,0.0,0
2026-08-14 20:17:00+00:00,7.9104,7.9104,7.9068,7.907,115.3,44
2026-08-14 20:18:00+00:00,7.9046,7.9049,7.9043,7.9047,89.9,38
2026-08-14 20:19:00+00:00,7.9047,7.9047,7.9047,7.9047,0.0,0
2026-08-14 20:20:00+00:00,7.9047,7.9047,7.9047,7.9047,0.0,0
2026-08-14 20:21:00+00:00,7.9047,7.9047,7.9047,7.9047,0.0,0
2026-08-14 20:22:00+00:00,7.9047,7.9047,7.9047,7.9047,0.0,0
2026-08-14 20:23:00+00:00,7.9047,7.9047,7.9047,7.9047,0.0,0
2026-08-14 20:24:00+00:00,7.9061,7.9067,7.9061,7.9067,12.6,7
2026-08-14 20:25:00+00:00,7.9067,7.9067,7.9067,7.9067,0.0,0
2026-08-14 20:26:00+00:00,7.9067,7.9067,7.9067,7.9067,0.0,0
2026-08-14 20:27:00+00:00,7.9067,7.9067,7.9067,7.9067,0.0,0
2026-08-14 20:28:00+00:00,7.9067,7.9067,7.9067,7.9067,0.0,0
2026-08-14 20:29:00+00:00,7.9067,7.9067,7.9067,7.9067,0.0,0
2026-08-14 20:30:00+00:00,7.9067,7.9067,7.9067,7.9067,0.0,0
2026-08-14 20:31:00+00:00,7.9067,7.9067,7.9067,7.9067,0.0,0
2026-08-14 20:32:00+00:00,7.9067,7.9067,7.9067,7.9067,0.0,0
2026-08-14 20:33:00+00:00,7.9067,7.9067,7.9067,7.9067,0.0,0
2026-08-14 20:34:00+00:00,7.9067,7.9067,7.9067,7.9067,0.0,0
2026-08-14 20:35:00+00:00,7.9067,7.9067,7.9067,7.9067,0.0,0
2026-08-14 20:36:00+00:00,7.9067,7.9067,7.9067,7.9067,0.0,0
2026-08-14 20:37:00+00:00,7.9067,7.9067,7.9067,7.9067,0.0,0
2026-08-14 20:38:00+00:00,7.9067,7.9067,7.9067,7.9067,0.0,0
2026-08-14 20:39:00+00:00,7.9067,7.9067,7.9067,7.9067,0.0,0
2026-08-14 20:40:00+00:00,7.9067,7.9067,7.9067,7.9067,0.0,0
2026-08-14 20:41:00+00:00,7.9067,7.9067,7.9067,7.9067,0.0,0
2026-08-14 20:42:00+00:00,7.9016,7.9016,7.9016,7.9016,2.0,1
2026-08-14 20:43:00+00:00,7.9016,7.9016,7.9016,7.9016,0.0,0
2026-08-14 20:44:00+00:00,7.9016,7.9016,7.9016,7.9016,0.0,0
2026-08-14 20:45:00+00:00,7.9097,7.9097,7.9094,7.9094,12.4,4
2026-08-14 20:46:00+00:00,7.9094,7.9094,7.9094,7.9094,0.0,0
2026-08-14 20:47:00+00:00,7.9088,7.9105,7.9088,7.9105,50.6,21
2026-08-14 20:48:00+00:00,7.9105,7.9105,7.9105,7.9105,0.0,0
2026-08-14 20:49:00+00:00,7.9105,7.9105,7.9105,7.9105,0.0,0
2026-08-14 20:50:00+00:00,7.9105,7.9105,7.9105,7.9105,0.0,0
2026-08-14 20:51:00+00:00,7.9105,7.9105,7.9105,7.9105,0.0,0
2026-08-14 20:52:00+00:00,7.9105,7.9105,7.9105,7.9105,0.0,0
2026-08-14 20:53:00+00:00,7.9105,7.9105,7.9105,7.9105,0.0,0
2026-08-14 20:54:00+00:00,7.9136,7.9142,7.9097,7.9116,559.9,88
2026-08-14 20:55:00+00:00,7.9117,7.9141,7.9116,7.914,48.4,7
2026-08-14 20:56:00+00:00,7.914,7.914,7.914,7.914,0.0,0
2026-08-14 20:57:00+00:00,7.914,7.914,7.914,7.914,0.0,0
2026-08-14 20:58:00+00:00,7.914,7.914,7.914,7.914,0.0,0
2026-08-14 20:59:00+00:00,7.9142,7.9142,7.9142,7.9142,3.4,2
2026-08-14 21:00:00+00:00,7.9122,7.9122,7.9122,7.9122,10.0,1
2026-08-14 21:01:00+00:00,7.9122,7.9122,7.9122,7.9122,0.0,0
2026-08-14 21:02:00+00:00,7.9122,7.9122,7.9122,7.9122,0.0,0
2026-08-14 21:03:00+00:00,7.9122,7.9122,7.9122,7.9122,0.0,0
2026-08-14 21:04:00+00:00,7.9122,7.9122,7.9122,7.9122,0.0,0
2026-08-14 21:05:00+00:00,7.9122,7.9122,7.9122,7.9122,0.0,0
2026-08-14 21:06:00+00:00,7.9122,7.9122,7.9122,7.9122,0.0,0
2026-08-14 21:07:00+00:00,7.9122,7.9122,7.9122,7.9122,0.0,0
2026-08-14 21:08:00+00:00,7.9122,7.9122,7.9122,7.9122,0.0,0
2026-08-14 21:09:00+00:00,7.9122,7.9122,7.9122,7.9122,0.0,0
2026-08-14 21:10:00+00:00,7.9122,7.9122,7.9122,7.9122,0.0,0
2026-08-14 21:11:00+00:00,7.9122,7.9122,7.9122,7.9122,0.0,0
2026-08-14 21:12:00+00:00,7.9122,7.9122,7.9122,7.9122,0.0,0
2026-08-14 21:13:00+00:00,7.9108,7.9108,7.9101,7.9101,25.8,14
2026-08-14 21:14:00+00:00,7.9095,7.9095,7.89,7.9024,2707.9,112
2026-08-14 21:15:00+00:00,7.9022,7.9022,7.89,7.8938,3350.3,115
2026-08-14 21:16:00+00:00,7.8967,7.9004,7.8946,7.8982,837.2,62
2026-08-14 21:17:00+00:00,7.9033,7.9035,7.9033,7.9035,5.7,3
2026-08-14 21:18:00+00:00,7.901,7.9012,7.8975,7.8975,15.9,7
2026-08-14 21:19:00+00:00,7.9018,7.902,7.8951,7.8951,79.0,38
2026-08-14 21:20:00+00:00,7.9021,7.9022,7.8922,7.897,248.9,59
2026-08-14 21:21:00+00:00,7.8959,7.8993,7.8951,7.8951,25.8,12
2026-08-14 21:22:00+00:00,7.8966,7.9018,7.8963,7.9018,85.6,30
2026-08-14 21:23:00+00:00,7.9006,7.9007,7.9,7.9004,40.0,15
2026-08-14 21:24:00+00:00,7.9007,7.9007,7.9001,7.9004,31.8,14
2026-08-14 21:25:00+00:00,7.9008,7.9026,7.8995,7.8995,66.8,38
2026-08-14 21:26:00+00:00,7.8998,7.8998,7.899,7.899,10.0,5
2026-08-14 21:27:00+00:00,7.899,7.899,7.899,7.899,0.0,0
2026-08-14 21:28:00+00:00,7.8971,7.8971,7.8971,7.8971,27.9,1
2026-08-14 21:29:00+00:00,7.8971,7.8971,7.8971,7.8971,10.0,1
2026-08-14 21:30:00+00:00,7.8971,7.9004,7.8971,7.9003,85.8,26
2026-08-14 21:31:00+00:00,7.9003,7.9003,7.9003,7.9003,0.0,0
2026-08-14 21:32:00+00:00,7.9003,7.9003,7.9003,7.9003,0.0,0
2026-08-14 21:33:00+00:00,7.9051,7.9051,7.9045,7.9045,18.8,8
2026-08-14 21:34:00+00:00,7.9045,7.9045,7.9045,7.9045,0.0,0
2026-08-14 21:35:00+00:00,7.9045,7.9045,7.9045,7.9045,0.0,0
2026-08-14 21:36:00+00:00,7.9045,7.9045,7.9045,7.9045,0.0,0
2026-08-14 21:37:00+00:00,7.9045,7.9045,7.9045,7.9045,0.0,0
2026-08-14 21:38:00+00:00,7.9073,7.9073,7.9071,7.9071,5.7,3
2026-08-14 21:39:00+00:00,7.907,7.907,7.9068,7.9068,5.9,4
2026-08-14 21:40:00+00:00,7.91,7.9115,7.9099,7.9101,108.4,50
2026-08-14 21:41:00+00:00,7.9099,7.9132,7.9098,7.9129,181.3,66
2026-08-14 21:42:00+00:00,7.9109,7.9109,7.9108,7.9108,5.8,4
2026-08-14 21:43:00+00:00,7.9106,7.9106,7.9098,7.9098,21.0,12
2026-08-14 21:44:00+00:00,7.9132,7.9142,7.903,7.9077,996.6,94
2026-08-14 21:45:00+00:00,7.9108,7.9142,7.9108,7.9142,624.0,67
2026-08-14 21:46:00+00:00,7.9089,7.9089,7.9086,7.9086,10.0,7
2026-08-14 21:47:00+00:00,7.9109,7.9109,7.9108,7.9108,5.9,3
2026-08-14 21:48:00+00:00,7.9108,7.9108,7.9108,7.9108,0.0,0
2026-08-14 21:49:00+00:00,7.9094,7.9101,7.8936,7.8936,280.2,113
2026-08-14 21:50:00+00:00,7.8938,7.8977,7.8934,7.8945,635.0,162
2026-08-14 21:51:00+00:00,7.8962,7.9142,7.8945,7.9138,996.9,197
2026-08-14 21:52:00+00:00,7.9142,7.9298,7.9138,7.9269,2141.0,147
2026-08-14 21:53:00+00:00,7.929,7.9357,7.9244,7.9309,302.3,135
2026-08-14 21:54:00+00:00,7.933,7.9369,7.9274,7.9364,134.2,73
2026-08-14 21:55:00+00:00,7.9367,7.9369,7.9283,7.9369,770.7,197
2026-08-14 21:56:00+00:00,7.9369,7.9554,7.9369,7.946,497.7,172
2026-08-14 21:57:00+00:00,7.9499,7.9564,7.9413,7.9564,3031.7,308
2026-08-14 21:58:00+00:00,7.9566,7.97,7.9488,7.97,2915.4,359
2026-08-14 21:59:00+00:00,7.97,7.9762,7.965,7.9762,4115.3,143
2026-08-14 22:00:00+00:00,7.9758,7.9761,7.9579,7.9617,5420.4,232
2026-08-14 22:01:00+00:00,7.965,7.9681,7.9319,7.9319,504.4,175
2026-08-14 22:02:00+00:00,7.9328,7.9371,7.9074,7.9134,645.9,254
2026-08-14 22:03:00+00:00,7.9062,7.92,7.9011,7.9193,1327.4,360
2026-08-14 22:04:00+00:00,7.9109,7.9256,7.9109,7.915,701.5,194
2026-08-14 22:05:00+00:00,7.911,7.9203,7.911,7.918,993.9,254
2026-08-14 22:06:00+00:00,7.9146,7.928,7.9146,7.9182,3185.8,446
2026-08-14 22:07:00+00:00,7.9193,7.9241,7.9116,7.9128,1776.6,222
2026-08-14 22:08:00+00:00,7.9131,7.9167,7.9001,7.9089,1618.8,260
2026-08-14 22:09:00+00:00,7.9008,7.9133,7.8985,7.9121,2196.6,227
2026-08-14 22:10:00+00:00,7.9142,7.9398,7.9103,7.9386,880.8,182
2026-08-14 22:11:00+00:00,7.9368,7.9481,7.9338,7.939,371.8,177
2026-08-14 22:12:00+00:00,7.9422,7.9422,7.9211,7.9363,805.6,217
2026-08-14 22:13:00+00:00,7.9363,7.9447,7.9344,7.9344,581.3,175
2026-08-14 22:14:00+00:00,7.943,7.9646,7.9408,7.9581,1149.8,205
2026-08-14 22:15:00+00:00,7.964,7.9699,7.9556,7.9603,1981.1,174
2026-08-14 22:16:00+00:00,7.9656,7.97,7.9555,7.968,1589.2,273
2026-08-14 22:17:00+00:00,7.9686,7.9686,7.9414,7.9572,2005.9,149
2026-08-14 22:18:00+00:00,7.958,7.9596,7.9428,7.9509,318.0,119
2026-08-14 22:19:00+00:00,7.9548,7.9558,7.9437,7.9437,339.9,126
2026-08-14 22:20:00+00:00,7.9531,7.96,7.9308,7.9554,1757.4,166
2026-08-14 22:21:00+00:00,7.9599,7.9672,7.9458,7.9627,1632.5,246
2026-08-14 22:22:00+00:00,7.9626,7.9701,7.9543,7.9701,1568.4,279
2026-08-14 22:23:00+00:00,7.9647,7.9763,7.9613,7.9685,4253.1,261
2026-08-14 22:24:00+00:00,7.9685,7.9746,7.9501,7.9705,2736.0,221
2026-08-14 22:25:00+00:00,7.9708,7.9708,7.904,7.9208,2015.3,236
2026-08-14 22:26:00+00:00,7.9194,7.9304,7.914,7.9261,939.4,186
2026-08-14 22:27:00+00:00,7.926,7.9322,7.9142,7.9221,1021.0,193
2026-08-14 22:28:00+00:00,7.919,7.9258,7.9121,7.9121,822.1,106
2026-08-14 22:29:00+00:00,7.914,7.9273,7.91,7.913,1131.8,169
2026-08-14 22:30:00+00:00,7.9139,7.9204,7.913,7.9204,1487.9,96
2026-08-14 22:31:00+00:00,7.9178,7.9263,7.9133,7.9263,2190.6,45
2026-08-14 22:32:00+00:00,7.9263,7.9495,7.921,7.9448,792.5,194
2026-08-14 22:33:00+00:00,7.945,7.9498,7.9435,7.9473,362.1,77
2026-08-14 22:34:00+00:00,7.9474,7.95,7.9415,7.9415,164.0,72
2026-08-14 22:35:00+00:00,7.9415,7.9422,7.9325,7.9374,933.7,210
2026-08-14 22:36:00+00:00,7.9377,7.9384,7.9325,7.9382,248.5,57
2026-08-14 22:37:00+00:00,7.9386,7.945,7.9384,7.9384,259.2,78
2026-08-14 22:38:00+00:00,7.9435,7.944,7.9394,7.9416,210.8,80
2026-08-14 22:39:00+00:00,7.9428,7.9445,7.9425,7.9425,16.2,7
2026-08-14 22:40:00+00:00,7.9445,7.9445,7.9368,7.939,1525.8,46
2026-08-14 22:41:00+00:00,7.9371,7.9445,7.93,7.9371,2756.0,101
2026-08-14 22:42:00+00:00,7.939,7.9429,7.93,7.93,298.0,37
2026-08-14 22:43:00+00:00,7.93,7.93,7.93,7.93,0.0,0
2026-08-14 22:44:00+00:00,7.93,7.93,7.93,7.93,0.0,0
2026-08-14 22:45:00+00:00,7.93,7.93,7.93,7.93,0.0,0
2026-08-14 22:46:00+00:00,7.93,7.93,7.93,7.93,0.0,0
2026-08-14 22:47:00+00:00,7.93,7.93,7.93,7.93,0.0,0
2026-08-14 22:48:00+00:00,7.93,7.93,7.93,7.93,0.0,0
2026-08-14 22:49:00+00:00,7.9337,7.9356,7.9337,7.9356,320.0,88
2026-08-14 22:50:00+00:00,7.936,7.9415,7.934,7.9415,233.7,54
2026-08-14 22:51:00+00:00,7.9361,7.9361,7.9361,7.9361,2.0,1
2026-08-14 22:52:00+00:00,7.935,7.935,7.934,7.934,8.2,2
2026-08-14 22:53:00+00:00,7.9384,7.9406,7.9351,7.9351,139.3,11
2026-08-14 22:54:00+00:00,7.938,7.938,7.9367,7.9367,11.8,5
2026-08-14 22:55:00+00:00,7.9366,7.9366,7.9365,7.9365,4.8,2
2026-08-14 22:56:00+00:00,7.9365,7.9365,7.9365,7.9365,0.0,0
2026-08-14 22:57:00+00:00,7.9365,7.9365,7.9365,7.9365,0.0,0
2026-08-14 22:58:00+00:00,7.9365,7.9365,7.9365,7.9365,0.0,0
2026-08-14 22:59:00+00:00,7.9365,7.9365,7.9365,7.9365,0.0,0
2026-08-14 23:00:00+00:00,7.9387,7.9435,7.9387,7.9435,112.0,15
2026-08-14 23:01:00+00:00,7.9402,7.9433,7.9399,7.9433,132.9,17
2026-08-14 23:02:00+00:00,7.9413,7.9413,7.9401,7.9402,20.0,10
2026-08-14 23:03:00+00:00,7.9407,7.9407,7.935,7.935,10.3,9
2026-08-14 23:04:00+00:00,7.935,7.935,7.935,7.935,0.0,0
2026-08-14 23:05:00+00:00,7.934,7.934,7.934,7.934,1.8,1
2026-08-14 23:06:00+00:00,7.934,7.934,7.934,7.934,0.0,0
2026-08-14 23:07:00+00:00,7.9348,7.9385,7.9348,7.9377,50.2,20
2026-08-14 23:08:00+00:00,7.936,7.9363,7.9212,7.9224,401.8,57
2026-08-14 23:09:00+00:00,7.9218,7.9256,7.9119,7.9168,105.1,40
2026-08-14 23:10:00+00:00,7.9168,7.9224,7.91,7.9141,675.8,165
2026-08-14 23:11:00+00:00,7.9143,7.92,7.9107,7.9136,517.7,133
2026-08-14 23:12:00+00:00,7.9137,7.9158,7.9074,7.9094,1229.2,151
2026-08-14 23:13:00+00:00,7.9118,7.9133,7.9051,7.9083,1164.5,173
2026-08-14 23:14:00+00:00,7.9092,7.9134,7.9075,7.9121,1918.4,116
2026-08-14 23:15:00+00:00,7.9086,7.9465,7.9086,7.9389,928.4,222
2026-08-14 23:16:00+00:00,7.9389,7.9495,7.9338,7.9462,1243.0,217
2026-08-14 23:17:00+00:00,7.9464,7.9649,7.9398,7.9596,935.5,274
2026-08-14 23:18:00+00:00,7.96,7.9763,7.95,7.9723,1975.2,270
2026-08-14 23:19:00+00:00,7.9722,7.9722,7.9573,7.9646,1846.5,188
2026-08-14 23:20:00+00:00,7.9638,7.9699,7.95,7.9644,2924.8,278
2026-08-14 23:21:00+00:00,7.968,7.968,7.95,7.95,2379.9,147
2026-08-14 23:22:00+00:00,7.9536,7.9615,7.9476,7.9476,2437.9,220
2026-08-14 23:23:00+00:00,7.9536,7.9569,7.9488,7.9569,441.6,99
2026-08-14 23:24:00+00:00,7.9542,7.9542,7.9053,7.9271,2489.5,244
2026-08-14 23:25:00+00:00,7.9236,7.929,7.9201,7.9274,115.1,49
2026-08-14 23:26:00+00:00,7.9271,7.932,7.92,7.9254,1200.0,226
2026-08-14 23:27:00+00:00,7.929,7.9318,7.923,7.926,428.6,99
2026-08-14 23:28:00+00:00,7.9262,7.9284,7.9162,7.9237,175.6,45
2026-08-14 23:29:00+00:00,7.9237,7.9254,7.9176,7.925,1117.4,141
2026-08-14 23:30:00+00:00,7.922,7.9266,7.9164,7.9226,1544.0,161
2026-08-14 23:31:00+00:00,7.9223,7.9338,7.9218,7.9335,311.9,116
2026-08-14 23:32:00+00:00,7.9335,7.9335,7.9335,7.9335,0.0,0
2026-08-14 23:33:00+00:00,7.9335,7.9335,7.9335,7.9335,0.0,0
2026-08-14 23:34:00+00:00,7.9335,7.9335,7.9335,7.9335,0.0,0
2026-08-14 23:35:00+00:00,7.935,7.935,7.9348,7.9348,4.8,2
2026-08-14 23:36:00+00:00,7.9309,7.9338,7.9205,7.9333,336.9,140
2026-08-14 23:37:00+00:00,7.9336,7.9452,7.9234,7.9449,210.7,36
2026-08-14 23:38:00+00:00,7.9418,7.9418,7.9356,7.9356,129.4,3
2026-08-14 23:39:00+00:00,7.9356,7.9356,7.9356,7.9356,0.0,0
2026-08-14 23:40:00+00:00,7.9357,7.9357,7.9355,7.9355,12.6,4
2026-08-14 23:41:00+00:00,7.9355,7.9355,7.9355,7.9355,0.0,0
2026-08-14 23:42:00+00:00,7.9387,7.9388,7.9387,7.9388,3.2,3
2026-08-14 23:43:00+00:00,7.9331,7.9331,7.93,7.93,82.8,5
2026-08-14 23:44:00+00:00,7.9356,7.9356,7.9246,7.9246,57.3,17
2026-08-14 23:45:00+00:00,7.9265,7.9298,7.925,7.9298,103.5,6
2026-08-14 23:46:00+00:00,7.9259,7.9315,7.9259,7.9315,8.8,2
2026-08-14 23:47:00+00:00,7.9314,7.9314,7.9313,7.9313,7.2,2
2026-08-14 23:48:00+00:00,7.9299,7.9299,7.9299,7.9299,5.8,1
2026-08-14 23:49:00+00:00,7.9205,7.9205,7.9063,7.9063,150.2,51
2026-08-14 23:50:00+00:00,7.9074,7.9156,7.906,7.9127,233.4,89
2026-08-14 23:51:00+00:00,7.9074,7.9136,7.9062,7.9062,235.9,59
2026-08-14 23:52:00+00:00,7.9086,7.9134,7.9049,7.9086,626.2,148
2026-08-14 23:53:00+00:00,7.9092,7.92,7.908,7.91,505.1,125
2026-08-14 23:54:00+00:00,7.91,7.9121,7.908,7.9109,1000.5,56
2026-08-14 23:55:00+00:00,7.9086,7.9278,7.9081,7.9122,2687.3,193
2026-08-14 23:56:00+00:00,7.9122,7.9659,7.9122,7.9356,1464.4,319
2026-08-14 23:57:00+00:00,7.9614,7.9615,7.9338,7.9482,2425.4,408
2026-08-14 23:58:00+00:00,7.9476,7.95,7.9392,7.947,482.9,167
2026-08-14 23:59:00+00:00,7.95,7.9582,7.9337,7.9503,618.2,139
2026-08-15 00:00:00+00:00,7.95,7.9503,7.938,7.9453,539.4,126
2026-08-15 00:01:00+00:00,7.9427,7.9475,7.9362,7.9464,625.8,203
2026-08-15 00:02:00+00:00,7.9452,7.9483,7.944,7.9483,170.8,22
2026-08-15 00:03:00+00:00,7.9482,7.9495,7.9366,7.9437,1740.7,150
2026-08-15 00:04:00+00:00,7.9437,7.9537,7.937,7.9491,1579.7,233
2026-08-15 00:05:00+00:00,7.9494,7.9569,7.9428,7.9526,1924.2,169
2026-08-15 00:06:00+00:00,7.95,7.9525,7.9428,7.9428,1798.8,90
2026-08-15 00:07:00+00:00,7.9468,7.95,7.9167,7.923,2491.1,120
2026-08-15 00:08:00+00:00,7.926,7.94,7.9183,7.9397,473.5,38
2026-08-15 00:09:00+00:00,7.94,7.9408,7.93,7.932,140.7,58
2026-08-15 00:10:00+00:00,7.9333,7.9344,7.9318,7.933,111.9,41
2026-08-15 00:11:00+00:00,7.9327,7.9387,7.9319,7.932,576.8,130
2026-08-15 00:12:00+00:00,7.9319,7.9368,7.93,7.9341,569.3,82
2026-08-15 00:13:00+00:00,7.93,7.9428,7.93,7.9302,821.9,203
2026-08-15 00:14:00+00:00,7.9302,7.9388,7.9291,7.9379,1760.6,174
2026-08-15 00:15:00+00:00,7.9319,7.9339,7.9308,7.9308,222.5,14
2026-08-15 00:16:00+00:00,7.9308,7.9308,7.9308,7.9308,0.0,0
2026-08-15 00:17:00+00:00,7.9308,7.9308,7.9308,7.9308,0.0,0
2026-08-15 00:18:00+00:00,7.9303,7.9303,7.9285,7.9285,26.5,14
2026-08-15 00:19:00+00:00,7.9273,7.9277,7.912,7.9222,446.7,75
2026-08-15 00:20:00+00:00,7.9229,7.924,7.9164,7.9164,46.9,15
2026-08-15 00:21:00+00:00,7.9183,7.921,7.9081,7.918,691.5,87
2026-08-15 00:22:00+00:00,7.918,7.9246,7.9139,7.9243,163.6,47
2026-08-15 00:23:00+00:00,7.9242,7.9245,7.9239,7.9242,34.1,11
2026-08-15 00:24:00+00:00,7.9237,7.9237,7.9237,7.9237,6.1,1
2026-08-15 00:25:00+00:00,7.9237,7.9237,7.9237,7.9237,0.0,0
2026-08-15 00:26:00+00:00,7.9237,7.9237,7.9237,7.9237,0.0,0
2026-08-15 00:27:00+00:00,7.9237,7.9237,7.9237,7.9237,0.0,0
2026-08-15 00:28:00+00:00,7.9208,7.9208,7.9206,7.9206,10.0,4
2026-08-15 00:29:00+00:00,7.9186,7.9186,7.9186,7.9186,10.0,1
2026-08-15 00:30:00+00:00,7.9186,7.9186,7.9186,7.9186,0.0,0
2026-08-15 00:31:00+00:00,7.9199,7.9199,7.9197,7.9197,11.5,6
2026-08-15 00:32:00+00:00,7.9197,7.9197,7.9197,7.9197,0.0,0
2026-08-15 00:33:00+00:00,7.9197,7.9197,7.9197,7.9197,0.0,0
2026-08-15 00:34:00+00:00,7.9242,7.9242,7.9242,7.9242,0.1,1
2026-08-15 00:35:00+00:00,7.9242,7.9242,7.9242,7.9242,0.0,0
2026-08-15 00:36:00+00:00,7.9152,7.9152,7.9152,7.9152,3.0,1
2026-08-15 00:37:00+00:00,7.9152,7.9152,7.9152,7.9152,0.0,0
2026-08-15 00:38:00+00:00,7.9152,7.9152,7.9152,7.9152,0.0,0
2026-08-15 00:39:00+00:00,7.9152,7.9152,7.9152,7.9152,0.0,0
2026-08-15 00:40:00+00:00,7.9152,7.9152,7.9152,7.9152,0.0,0
2026-08-15 00:41:00+00:00,7.9217,7.9217,7.9217,7.9217,12.5,1
2026-08-15 00:42:00+00:00,7.9217,7.9217,7.9217,7.9217,0.0,0
2026-08-15 00:43:00+00:00,7.9211,7.9211,7.9141,7.9177,778.2,41
2026-08-15 00:44:00+00:00,7.9177,7.9177,7.9177,7.9177,0.0,0
2026-08-15 00:45:00+00:00,7.9171,7.9171,7.9166,7.9166,28.4,11
2026-08-15 00:46:00+00:00,7.9173,7.9173,7.917,7.917,12.4,4
2026-08-15 00:47:00+00:00,7.917,7.917,7.917,7.917,0.0,0
2026-08-15 00:48:00+00:00,7.9132,7.9231,7.9132,7.9231,86.4,11
2026-08-15 00:49:00+00:00,7.9231,7.9231,7.9231,7.9231,33.0,4
2026-08-15 00:50:00+00:00,7.9231,7.9231,7.9231,7.9231,0.0,0
2026-08-15 00:51:00+00:00,7.9156,7.9156,7.9153,7.9153,28.8,5
2026-08-15 00:52:00+00:00,7.9159,7.916,7.9159,7.916,5.6,3
2026-08-15 00:53:00+00:00,7.9155,7.9201,7.9155,7.92,210.8,11
2026-08-15 00:54:00+00:00,7.9232,7.9346,7.9232,7.9346,954.9,52
2026-08-15 00:55:00+00:00,7.935,7.9397,7.935,7.9364,245.8,25
2026-08-15 00:56:00+00:00,7.9363,7.9407,7.9363,7.9363,376.8,35
2026-08-15 00:57:00+00:00,7.9339,7.9339,7.9303,7.9303,3.3,2
2026-08-15 00:58:00+00:00,7.9303,7.9303,7.9303,7.9303,0.0,0
2026-08-15 00:59:00+00:00,7.9307,7.931,7.9305,7.9308,73.3,27
2026-08-15 01:00:00+00:00,7.9317,7.935,7.9317,7.9319,98.9,37
2026-08-15 01:01:00+00:00,7.93,7.9331,7.93,7.9331,95.6,33
2026-08-15 01:02:00+00:00,7.9331,7.9331,7.9331,7.9331,0.0,0
2026-08-15 01:03:00+00:00,7.9331,7.9331,7.9331,7.9331,0.0,0
2026-08-15 01:04:00+00:00,7.9331,7.9331,7.9331,7.9331,0.0,0
2026-08-15 01:05:00+00:00,7.93,7.9321,7.93,7.9321,14.6,2
2026-08-15 01:06:00+00:00,7.93,7.9328,7.93,7.9328,21.4,8
2026-08-15 01:07:00+00:00,7.93,7.934,7.93,7.934,86.0,4
2026-08-15 01:08:00+00:00,7.934,7.934,7.934,7.934,0.0,0
2026-08-15 01:09:00+00:00,7.93,7.9326,7.93,7.9326,3.9,2
2026-08-15 01:10:00+00:00,7.9326,7.9332,7.9326,7.9332,74.1,3
2026-08-15 01:11:00+00:00,7.93,7.93,7.93,7.93,2.0,1
2026-08-15 01:12:00+00:00,7.9302,7.9302,7.9301,7.9301,10.0,4
2026-08-15 01:13:00+00:00,7.9306,7.9346,7.9306,7.9344,12.4,5
2026-08-15 01:14:00+00:00,7.9344,7.9344,7.9344,7.9344,0.0,0
2026-08-15 01:15:00+00:00,7.9344,7.9344,7.9344,7.9344,0.0,0
2026-08-15 01:16:00+00:00,7.9359,7.9359,7.9265,7.9265,217.5,29
2026-08-15 01:17:00+00:00,7.9345,7.9345,7.9265,7.9339,161.9,76
2026-08-15 01:18:00+00:00,7.9351,7.9351,7.9351,7.9351,4.6,1
2026-08-15 01:19:00+00:00,7.9349,7.9383,7.9349,7.938,111.9,19
2026-08-15 01:20:00+00:00,7.938,7.938,7.938,7.938,0.0,0
2026-08-15 01:21:00+00:00,7.9364,7.9364,7.9361,7.9362,19.0,7
2026-08-15 01:22:00+00:00,7.9362,7.9362,7.9362,7.9362,0.0,0
2026-08-15 01:23:00+00:00,7.9362,7.9362,7.9362,7.9362,0.0,0
2026-08-15 01:24:00+00:00,7.9362,7.9362,7.9362,7.9362,0.0,0
2026-08-15 01:25:00+00:00,7.9362,7.9362,7.9362,7.9362,0.0,0
2026-08-15 01:26:00+00:00,7.9362,7.9362,7.9362,7.9362,0.0,0
2026-08-15 01:27:00+00:00,7.9324,7.9327,7.9274,7.932,150.8,24
2026-08-15 01:28:00+00:00,7.932,7.932,7.932,7.932,0.0,0
2026-08-15 01:29:00+00:00,7.932,7.932,7.932,7.932,0.0,0
2026-08-15 01:30:00+00:00,7.932,7.932,7.932,7.932,0.0,0
2026-08-15 01:31:00+00:00,7.932,7.932,7.932,7.932,0.0,0
2026-08-15 01:32:00+00:00,7.932,7.932,7.932,7.932,0.0,0
2026-08-15 01:33:00+00:00,7.9249,7.9292,7.9242,7.9284,870.7,218
2026-08-15 01:34:00+00:00,7.9284,7.9331,7.9281,7.9328,133.3,60
2026-08-15 01:35:00+00:00,7.9337,7.934,7.9337,7.934,140.6,4
2026-08-15 01:36:00+00:00,7.934,7.934,7.934,7.934,0.0,0
2026-08-15 01:37:00+00:00,7.934,7.934,7.934,7.934,0.0,0
2026-08-15 01:38:00+00:00,7.934,7.934,7.934,7.934,0.0,0
2026-08-15 01:39:00+00:00,7.934,7.934,7.934,7.934,0.0,0
2026-08-15 01:40:00+00:00,7.934,7.934,7.934,7.934,0.0,0
2026-08-15 01:41:00+00:00,7.934,7.934,7.934,7.934,0.0,0
2026-08-15 01:42:00+00:00,7.934,7.934,7.934,7.934,0.0,0
2026-08-15 01:43:00+00:00,7.934,7.934,7.934,7.934,0.0,0
2026-08-15 01:44:00+00:00,7.935,7.935,7.9321,7.9321,138.4,2
2026-08-15 01:45:00+00:00,7.9321,7.9321,7.9321,7.9321,0.0,0
2026-08-15 01:46:00+00:00,7.9321,7.9321,7.9321,7.9321,0.0,0
2026-08-15 01:47:00+00:00,7.9321,7.9321,7.9321,7.9321,0.0,0
2026-08-15 01:48:00+00:00,7.9327,7.9398,7.9327,7.937,154.0,5
2026-08-15 01:49:00+00:00,7.9344,7.9347,7.9307,7.9343,185.1,35
2026-08-15 01:50:00+00:00,7.9343,7.9343,7.9343,7.9343,0.0,0
2026-08-15 01:51:00+00:00,7.9388,7.9388,7.9388,7.9388,6.0,3
2026-08-15 01:52:00+00:00,7.9388,7.9388,7.9388,7.9388,0.0,0
2026-08-15 01:53:00+00:00,7.9388,7.9388,7.9388,7.9388,0.0,0
2026-08-15 01:54:00+00:00,7.9385,7.939,7.9375,7.9379,36.6,10
2026-08-15 01:55:00+00:00,7.9381,7.9381,7.9375,7.9375,4.0,2
2026-08-15 01:56:00+00:00,7.9357,7.9388,7.9355,7.9355,68.7,37
2026-08-15 01:57:00+00:00,7.9355,7.9391,7.9355,7.9355,36.0,18
2026-08-15 01:58:00+00:00,7.9374,7.9374,7.9374,7.9374,18.6,2
2026-08-15 01:59:00+00:00,7.9374,7.9374,7.9374,7.9374,0.0,0
2026-08-15 02:00:00+00:00,7.9374,7.9374,7.9374,7.9374,0.0,0
2026-08-15 02:01:00+00:00,7.9374,7.9374,7.9374,7.9374,0.0,0
2026-08-15 02:02:00+00:00,7.9374,7.9374,7.9374,7.9374,0.0,0
2026-08-15 02:03:00+00:00,7.9391,7.9391,7.9391,7.9391,116.4,2
2026-08-15 02:04:00+00:00,7.9392,7.9392,7.9358,7.9358,150.7,4
2026-08-15 02:05:00+00:00,7.9357,7.9357,7.9355,7.9355,101.7,2
2026-08-15 02:06:00+00:00,7.9355,7.9355,7.9355,7.9355,0.0,0
2026-08-15 02:07:00+00:00,7.9339,7.9377,7.9337,7.9377,38.3,7
2026-08-15 02:08:00+00:00,7.9377,7.9377,7.9377,7.9377,0.0,0
2026-08-15 02:09:00+00:00,7.9377,7.9377,7.9377,7.9377,0.0,0
2026-08-15 02:10:00+00:00,7.9377,7.9377,7.9377,7.9377,0.0,0
2026-08-15 02:11:00+00:00,7.9377,7.9377,7.9377,7.9377,0.0,0
2026-08-15 02:12:00+00:00,7.9325,7.9325,7.9325,7.9325,10.0,1
2026-08-15 02:13:00+00:00,7.9307,7.9322,7.9278,7.9278,51.4,27
2026-08-15 02:14:00+00:00,7.9278,7.9278,7.9278,7.9278,0.0,0
2026-08-15 02:15:00+00:00,7.9278,7.9278,7.9278,7.9278,0.0,0
2026-08-15 02:16:00+00:00,7.9278,7.9278,7.9278,7.9278,0.0,0
2026-08-15 02:17:00+00:00,7.9271,7.9271,7.9271,7.9271,25.6,8
2026-08-15 02:18:00+00:00,7.9271,7.9271,7.9271,7.9271,0.0,0
2026-08-15 02:19:00+00:00,7.9294,7.9294,7.9294,7.9294,5.8,1
2026-08-15 02:20:00+00:00,7.9253,7.9253,7.9207,7.9251,32.0,8
2026-08-15 02:21:00+00:00,7.9204,7.9204,7.9204,7.9204,3.4,1
2026-08-15 02:22:00+00:00,7.92,7.92,7.9191,7.9192,79.0,23
2026-08-15 02:23:00+00:00,7.9192,7.9192,7.9192,7.9192,0.0,0
2026-08-15 02:24:00+00:00,7.9192,7.9192,7.9192,7.9192,0.0,0
2026-08-15 02:25:00+00:00,7.9192,7.9192,7.9192,7.9192,0.0,0
2026-08-15 02:26:00+00:00,7.9192,7.9192,7.9192,7.9192,0.0,0
2026-08-15 02:27:00+00:00,7.9192,7.9192,7.9192,7.9192,0.0,0
2026-08-15 02:28:00+00:00,7.9192,7.9192,7.9192,7.9192,0.0,0
2026-08-15 02:29:00+00:00,7.9177,7.9177,7.9153,7.9164,230.2,30
2026-08-15 02:30:00+00:00,7.9168,7.922,7.9168,7.9217,213.2,37
2026-08-15 02:31:00+00:00,7.9272,7.9272,7.923,7.9272,40.2,16
2026-08-15 02:32:00+00:00,7.9239,7.9239,7.9239,7.9239,70.0,2
2026-08-15 02:33:00+00:00,7.9239,7.9239,7.9239,7.9239,0.0,0
2026-08-15 02:34:00+00:00,7.9239,7.9239,7.9239,7.9239,0.0,0
2026-08-15 02:35:00+00:00,7.9216,7.9216,7.9215,7.9215,126.0,2
2026-08-15 02:36:00+00:00,7.9215,7.9215,7.9215,7.9215,0.0,0
2026-08-15 02:37:00+00:00,7.91,7.91,7.91,7.91,31.3,4
2026-08-15 02:38:00+00:00,7.91,7.91,7.91,7.91,0.0,0
2026-08-15 02:39:00+00:00,7.9068,7.9068,7.9068,7.9068,1.9,1
2026-08-15 02:40:00+00:00,7.9083,7.9147,7.9067,7.9104,407.7,188
2026-08-15 02:41:00+00:00,7.9112,7.9146,7.9095,7.9109,605.8,166
2026-08-15 02:42:00+00:00,7.9119,7.9141,7.9109,7.9141,87.4,18
2026-08-15 02:43:00+00:00,7.9099,7.9104,7.9095,7.9102,73.5,25
2026-08-15 02:44:00+00:00,7.9102,7.9102,7.9102,7.9102,0.0,0
2026-08-15 02:45:00+00:00,7.9102,7.9102,7.9102,7.9102,0.0,0
2026-08-15 02:46:00+00:00,7.9157,7.9161,7.9157,7.9161,80.6,29
2026-08-15 02:47:00+00:00,7.9145,7.9145,7.9143,7.9143,10.0,3
2026-08-15 02:48:00+00:00,7.9175,7.9175,7.9175,7.9175,2.0,1
2026-08-15 02:49:00+00:00,7.9175,7.9175,7.9175,7.9175,0.0,0
2026-08-15 02:50:00+00:00,7.9175,7.9175,7.9175,7.9175,0.0,0
2026-08-15 02:51:00+00:00,7.9175,7.9175,7.9175,7.9175,0.0,0
2026-08-15 02:52:00+00:00,7.9176,7.9176,7.917,7.917,119.7,48
2026-08-15 02:53:00+00:00,7.9173,7.918,7.9173,7.9177,10.7,5
2026-08-15 02:54:00+00:00,7.9177,7.9177,7.9177,7.9177,0.0,0
2026-08-15 02:55:00+00:00,7.92,7.9206,7.92,7.9204,41.4,23
2026-08-15 02:56:00+00:00,7.9204,7.9204,7.9204,7.9204,0.0,0
2026-08-15 02:57:00+00:00,7.9204,7.9204,7.9204,7.9204,0.0,0
2026-08-15 02:58:00+00:00,7.9204,7.9204,7.9204,7.9204,0.0,0
2026-08-15 02:59:00+00:00,7.9204,7.9204,7.9204,7.9204,0.0,0
2026-08-15 03:00:00+00:00,7.9204,7.9204,7.9204,7.9204,0.0,0
2026-08-15 03:01:00+00:00,7.9204,7.9204,7.9204,7.9204,0.0,0
2026-08-15 03:02:00+00:00,7.9204,7.9204,7.9204,7.9204,0.0,0
2026-08-15 03:03:00+00:00,7.9204,7.9204,7.9204,7.9204,0.0,0
2026-08-15 03:04:00+00:00,7.9204,7.9204,7.9204,7.9204,0.0,0
2026-08-15 03:05:00+00:00,7.9204,7.9204,7.9204,7.9204,0.0,0
2026-08-15 03:06:00+00:00,7.923,7.9233,7.923,7.9233,21.7,17
2026-08-15 03:07:00+00:00,7.9233,7.9233,7.9233,7.9233,0.0,0
2026-08-15 03:08:00+00:00,7.9233,7.9233,7.9233,7.9233,0.0,0
2026-08-15 03:09:00+00:00,7.9233,7.9233,7.9233,7.9233,0.0,0
2026-08-15 03:10:00+00:00,7.9233,7.9233,7.9233,7.9233,0.0,0
2026-08-15 03:11:00+00:00,7.9233,7.9233,7.9233,7.9233,0.0,0
2026-08-15 03:12:00+00:00,7.9299,7.93,7.9299,7.93,33.1,2
2026-08-15 03:13:00+00:00,7.93,7.93,7.93,7.93,0.0,0
2026-08-15 03:14:00+00:00,7.93,7.93,7.93,7.93,0.0,0
2026-08-15 03:15:00+00:00,7.93,7.93,7.93,7.93,0.0,0
2026-08-15 03:16:00+00:00,7.9298,7.9298,7.9298,7.9298,4.2,2
2026-08-15 03:17:00+00:00,7.9298,7.9298,7.9298,7.9298,0.0,0
2026-08-15 03:18:00+00:00,7.9298,7.9298,7.9298,7.9298,0.0,0
2026-08-15 03:19:00+00:00,7.9298,7.9298,7.9298,7.9298,0.0,0
2026-08-15 03:20:00+00:00,7.9298,7.9298,7.9298,7.9298,0.0,0
2026-08-15 03:21:00+00:00,7.9298,7.9298,7.9298,7.9298,0.0,0
2026-08-15 03:22:00+00:00,7.9298,7.9298,7.9298,7.9298,0.0,0
2026-08-15 03:23:00+00:00,7.9274,7.9274,7.9274,7.9274,1.3,1
2026-08-15 03:24:00+00:00,7.9307,7.9307,7.9307,7.9307,1.9,1
2026-08-15 03:25:00+00:00,7.9307,7.9307,7.9307,7.9307,0.0,0
2026-08-15 03:26:00+00:00,7.9307,7.9307,7.9307,7.9307,0.0,0
2026-08-15 03:27:00+00:00,7.9307,7.9307,7.9307,7.9307,0.0,0
2026-08-15 03:28:00+00:00,7.9307,7.9307,7.9307,7.9307,0.0,0
2026-08-15 03:29:00+00:00,7.9307,7.9307,7.9307,7.9307,0.0,0
2026-08-15 03:30:00+00:00,7.9307,7.9307,7.9307,7.9307,0.0,0
2026-08-15 03:31:00+00:00,7.9307,7.9307,7.9307,7.9307,0.0,0
2026-08-15 03:32:00+00:00,7.9307,7.9307,7.9307,7.9307,0.0,0
2026-08-15 03:33:00+00:00,7.9307,7.9307,7.9307,7.9307,0.0,0
2026-08-15 03:34:00+00:00,7.9307,7.9307,7.9307,7.9307,0.0,0
2026-08-15 03:35:00+00:00,7.9274,7.9274,7.9274,7.9274,33.7,1
2026-08-15 03:36:00+00:00,7.9274,7.9274,7.9274,7.9274,0.0,0
2026-08-15 03:37:00+00:00,7.9251,7.9251,7.9245,7.9245,118.5,55
2026-08-15 03:38:00+00:00,7.9248,7.9248,7.92,7.9204,117.4,40
2026-08-15 03:39:00+00:00,7.921,7.921,7.9191,7.9207,93.2,36
2026-08-15 03:40:00+00:00,7.9238,7.9238,7.9235,7.9235,12.4,4
2026-08-15 03:41:00+00:00,7.9214,7.922,7.9214,7.9216,37.7,15
2026-08-15 03:42:00+00:00,7.9216,7.9216,7.9216,7.9216,0.0,0
2026-08-15 03:43:00+00:00,7.9247,7.925,7.9239,7.9249,44.3,12
2026-08-15 03:44:00+00:00,7.9249,7.9249,7.9249,7.9249,0.0,0
2026-08-15 03:45:00+00:00,7.9249,7.9249,7.9249,7.9249,0.0,0
2026-08-15 03:46:00+00:00,7.9249,7.9249,7.9249,7.9249,0.0,0
2026-08-15 03:47:00+00:00,7.9249,7.9249,7.9249,7.9249,0.0,0
2026-08-15 03:48:00+00:00,7.9249,7.9249,7.9249,7.9249,0.0,0
2026-08-15 03:49:00+00:00,7.9249,7.9249,7.9249,7.9249,0.0,0
2026-08-15 03:50:00+00:00,7.9249,7.9249,7.9249,7.9249,0.0,0
2026-08-15 03:51:00+00:00,7.9249,7.9249,7.9249,7.9249,0.0,0
2026-08-15 03:52:00+00:00,7.9199,7.9239,7.9199,7.9239,20.3,7
2026-08-15 03:53:00+00:00,7.9239,7.9239,7.9239,7.9239,0.0,0
2026-08-15 03:54:00+00:00,7.9239,7.9239,7.9239,7.9239,0.0,0
2026-08-15 03:55:00+00:00,7.9238,7.9238,7.9235,7.9235,20.4,7
2026-08-15 03:56:00+00:00,7.9227,7.925,7.918,7.918,66.8,16
2026-08-15 03:57:00+00:00,7.9235,7.9235,7.9235,7.9235,18.0,1
2026-08-15 03:58:00+00:00,7.9169,7.9169,7.9169,7.9169,2.1,1
2026-08-15 03:59:00+00:00,7.9169,7.9169,7.9169,7.9169,0.0,0
2026-08-15 04:00:00+00:00,7.9169,7.9169,7.9169,7.9169,0.0,0
2026-08-15 04:01:00+00:00,7.9169,7.9169,7.9169,7.9169,0.0,0
2026-08-15 04:02:00+00:00,7.9169,7.9169,7.9169,7.9169,0.0,0
2026-08-15 04:03:00+00:00,7.9253,7.9253,7.925,7.925,12.4,4
2026-08-15 04:04:00+00:00,7.925,7.925,7.925,7.925,0.0,0
2026-08-15 04:05:00+00:00,7.925,7.925,7.925,7.925,0.0,0
2026-08-15 04:06:00+00:00,7.925,7.925,7.925,7.925,0.0,0
2026-08-15 04:07:00+00:00,7.925,7.925,7.925,7.925,0.0,0
2026-08-15 04:08:00+00:00,7.925,7.925,7.925,7.925,0.0,0
2026-08-15 04:09:00+00:00,7.925,7.925,7.925,7.925,0.0,0
2026-08-15 04:10:00+00:00,7.9251,7.9251,7.9236,7.9236,29.4,10
2026-08-15 04:11:00+00:00,7.9236,7.9236,7.9236,7.9236,0.0,0
2026-08-15 04:12:00+00:00,7.923,7.923,7.9215,7.9227,27.9,10
2026-08-15 04:13:00+00:00,7.9227,7.9227,7.9227,7.9227,0.0,0
2026-08-15 04:14:00+00:00,7.9227,7.9227,7.9227,7.9227,0.0,0
2026-08-15 04:15:00+00:00,7.9223,7.9223,7.92,7.922,251.8,61
2026-08-15 04:16:00+00:00,7.9217,7.9224,7.9217,7.9223,56.4,16
2026-08-15 04:17:00+00:00,7.9223,7.9223,7.9223,7.9223,0.0,0
2026-08-15 04:18:00+00:00,7.9223,7.9223,7.9223,7.9223,0.0,0
2026-08-15 04:19:00+00:00,7.9187,7.9187,7.9092,7.9168,302.1,82
2026-08-15 04:20:00+00:00,7.9157,7.9175,7.9131,7.9172,88.4,27
2026-08-15 04:21:00+00:00,7.9172,7.9172,7.9172,7.9172,0.0,0
2026-08-15 04:22:00+00:00,7.9172,7.9172,7.9172,7.9172,0.0,0
2026-08-15 04:23:00+00:00,7.9172,7.9172,7.9172,7.9172,0.0,0
2026-08-15 04:24:00+00:00,7.9172,7.9172,7.9172,7.9172,0.0,0
2026-08-15 04:25:00+00:00,7.9172,7.9172,7.9172,7.9172,0.0,0
2026-08-15 04:26:00+00:00,7.9172,7.9172,7.9172,7.9172,0.0,0
2026-08-15 04:27:00+00:00,7.9172,7.9172,7.9172,7.9172,0.0,0
2026-08-15 04:28:00+00:00,7.9172,7.9172,7.9172,7.9172,0.0,0
2026-08-15 04:29:00+00:00,7.9172,7.9172,7.9172,7.9172,0.0,0
2026-08-15 04:30:00+00:00,7.9172,7.9172,7.9172,7.9172,0.0,0
2026-08-15 04:31:00+00:00,7.9172,7.9172,7.9172,7.9172,0.0,0
2026-08-15 04:32:00+00:00,7.9172,7.9172,7.9172,7.9172,0.0,0
2026-08-15 04:33:00+00:00,7.9172,7.9172,7.9172,7.9172,0.0,0
2026-08-15 04:34:00+00:00,7.9172,7.9172,7.9172,7.9172,0.0,0
2026-08-15 04:35:00+00:00,7.9172,7.9172,7.9172,7.9172,0.0,0
2026-08-15 04:36:00+00:00,7.9172,7.9172,7.9172,7.9172,0.0,0
2026-08-15 04:37:00+00:00,7.9164,7.9164,7.9108,7.914,148.9,51
2026-08-15 04:38:00+00:00,7.9143,7.9143,7.914,7.914,9.4,4
2026-08-15 04:39:00+00:00,7.914,7.914,7.914,7.914,0.0,0
2026-08-15 04:40:00+00:00,7.914,7.914,7.914,7.914,0.0,0
2026-08-15 04:41:00+00:00,7.914,7.914,7.914,7.914,0.0,0
2026-08-15 04:42:00+00:00,7.9094,7.9094,7.9094,7.9094,221.6,3
2026-08-15 04:43:00+00:00,7.9094,7.9094,7.9094,7.9094,0.0,0
2026-08-15 04:44:00+00:00,7.9094,7.9094,7.9094,7.9094,0.0,0
2026-08-15 04:45:00+00:00,7.9102,7.9102,7.9087,7.9087,14.0,9
2026-08-15 04:46:00+00:00,7.9139,7.9167,7.9139,7.9165,7.3,3
2026-08-15 04:47:00+00:00,7.9165,7.9165,7.9165,7.9165,0.0,0
2026-08-15 04:48:00+00:00,7.9154,7.9266,7.9154,7.9183,982.4,242
2026-08-15 04:49:00+00:00,7.918,7.9252,7.918,7.9213,513.8,103
2026-08-15 04:50:00+00:00,7.9211,7.9255,7.9211,7.9213,149.6,39
2026-08-15 04:51:00+00:00,7.9238,7.9238,7.9237,7.9237,34.2,5
2026-08-15 04:52:00+00:00,7.9224,7.9224,7.9224,7.9224,13.4,2
2026-08-15 04:53:00+00:00,7.9224,7.9224,7.9224,7.9224,0.0,0
2026-08-15 04:54:00+00:00,7.9224,7.9224,7.9224,7.9224,0.0,0
2026-08-15 04:55:00+00:00,7.9212,7.9212,7.921,7.921,46.0,2
2026-08-15 04:56:00+00:00,7.9163,7.921,7.9159,7.9159,33.0,6
2026-08-15 04:57:00+00:00,7.916,7.916,7.916,7.916,3.0,1
2026-08-15 04:58:00+00:00,7.916,7.916,7.916,7.916,0.0,0
2026-08-15 04:59:00+00:00,7.92,7.9236,7.92,7.9236,130.3,6
2026-08-15 05:00:00+00:00,7.9208,7.9211,7.9208,7.9211,12.4,4
2026-08-15 05:01:00+00:00,7.9161,7.9161,7.9161,7.9161,18.7,1
2026-08-15 05:02:00+00:00,7.9161,7.9161,7.9161,7.9161,0.0,0
2026-08-15 05:03:00+00:00,7.9184,7.9184,7.9146,7.9146,20.0,6
2026-08-15 05:04:00+00:00,7.9184,7.9186,7.9147,7.9148,40.0,10
2026-08-15 05:05:00+00:00,7.9148,7.9148,7.9148,7.9148,0.0,0
2026-08-15 05:06:00+00:00,7.9198,7.9199,7.9191,7.9192,9.6,8
2026-08-15 05:07:00+00:00,7.9192,7.9192,7.9192,7.9192,0.0,0
2026-08-15 05:08:00+00:00,7.9192,7.9192,7.9192,7.9192,0.0,0
2026-08-15 05:09:00+00:00,7.9243,7.9274,7.9243,7.9245,107.8,22
2026-08-15 05:10:00+00:00,7.9255,7.9273,7.9255,7.9256,157.7,18
2026-08-15 05:11:00+00:00,7.9262,7.9343,7.9262,7.9331,404.8,145
2026-08-15 05:12:00+00:00,7.934,7.9358,7.9319,7.9319,85.6,12
2026-08-15 05:13:00+00:00,7.9319,7.9319,7.9319,7.9319,0.0,0
2026-08-15 05:14:00+00:00,7.9307,7.9309,7.9307,7.9309,632.8,2
2026-08-15 05:15:00+00:00,7.9309,7.9309,7.9309,7.9309,0.0,0
2026-08-15 05:16:00+00:00,7.9309,7.9309,7.9309,7.9309,0.0,0
2026-08-15 05:17:00+00:00,7.9309,7.9309,7.9309,7.9309,0.0,0
2026-08-15 05:18:00+00:00,7.9319,7.936,7.9317,7.936,14.1,7
2026-08-15 05:19:00+00:00,7.9359,7.9359,7.9359,7.9359,1.9,1
2026-08-15 05:20:00+00:00,7.9359,7.9359,7.9359,7.9359,0.0,0
2026-08-15 05:21:00+00:00,7.9359,7.9359,7.9359,7.9359,0.0,0
2026-08-15 05:22:00+00:00,7.9348,7.9348,7.9348,7.9348,87.3,1
2026-08-15 05:23:00+00:00,7.9348,7.9348,7.9348,7.9348,0.0,0
2026-08-15 05:24:00+00:00,7.9348,7.9348,7.9348,7.9348,0.0,0
2026-08-15 05:25:00+00:00,7.9348,7.9348,7.9348,7.9348,0.0,0
2026-08-15 05:26:00+00:00,7.9331,7.9345,7.9318,7.9318,32.6,17
2026-08-15 05:27:00+00:00,7.9318,7.9318,7.9318,7.9318,0.0,0
2026-08-15 05:28:00+00:00,7.9275,7.9336,7.9254,7.9303,711.5,30
2026-08-15 05:29:00+00:00,7.9303,7.9303,7.9303,7.9303,0.0,0
2026-08-15 05:30:00+00:00,7.9328,7.9328,7.9294,7.9295,163.9,27
2026-08-15 05:31:00+00:00,7.9343,7.9349,7.9343,7.9349,100.9,3
2026-08-15 05:32:00+00:00,7.9349,7.9349,7.9349,7.9349,0.0,0
2026-08-15 05:33:00+00:00,7.9349,7.9349,7.9349,7.9349,0.0,0
2026-08-15 05:34:00+00:00,7.9349,7.9349,7.9349,7.9349,0.0,0
2026-08-15 05:35:00+00:00,7.9349,7.9349,7.9349,7.9349,0.0,0
2026-08-15 05:36:00+00:00,7.9349,7.9349,7.9349,7.9349,0.0,0
2026-08-15 05:37:00+00:00,7.9349,7.9349,7.9349,7.9349,0.0,0
2026-08-15 05:38:00+00:00,7.9349,7.9349,7.9349,7.9349,0.0,0
2026-08-15 05:39:00+00:00,7.9368,7.9371,7.9368,7.9371,74.4,3
2026-08-15 05:40:00+00:00,7.9339,7.9339,7.9331,7.9331,10.0,5
2026-08-15 05:41:00+00:00,7.9322,7.9353,7.9322,7.9323,32.2,12
2026-08-15 05:42:00+00:00,7.93,7.93,7.9261,7.9261,56.6,22
2026-08-15 05:43:00+00:00,7.9279,7.9283,7.9279,7.9283,63.3,5
2026-08-15 05:44:00+00:00,7.9283,7.9283,7.9283,7.9283,0.0,0
2026-08-15 05:45:00+00:00,7.9255,7.9258,7.9255,7.9258,12.4,4
2026-08-15 05:46:00+00:00,7.9258,7.9258,7.9258,7.9258,0.0,0
2026-08-15 05:47:00+00:00,7.9264,7.9282,7.9264,7.9282,15.0,5
2026-08-15 05:48:00+00:00,7.9257,7.926,7.9253,7.9257,83.7,29
2026-08-15 05:49:00+00:00,7.9254,7.9307,7.9254,7.9255,651.1,294
2026-08-15 05:50:00+00:00,7.9262,7.9291,7.9258,7.9291,359.3,93
2026-08-15 05:51:00+00:00,7.9331,7.9348,7.931,7.931,371.0,9
2026-08-15 05:52:00+00:00,7.931,7.931,7.931,7.931,0.0,0
2026-08-15 05:53:00+00:00,7.9331,7.9339,7.9326,7.9327,64.2,9
2026-08-15 05:54:00+00:00,7.9333,7.9345,7.9316,7.9327,40.1,20
2026-08-15 05:55:00+00:00,7.9333,7.9346,7.9316,7.9346,36.8,16
2026-08-15 05:56:00+00:00,7.935,7.9353,7.935,7.9352,21.7,7
2026-08-15 05:57:00+00:00,7.9358,7.9369,7.9358,7.9369,131.9,6
2026-08-15 05:58:00+00:00,7.932,7.932,7.9319,7.9319,5.7,2
2026-08-15 05:59:00+00:00,7.9334,7.9334,7.9333,7.9333,5.9,2
2026-08-15 06:00:00+00:00,7.9331,7.9331,7.933,7.933,5.8,2
2026-08-15 06:01:00+00:00,7.9331,7.9343,7.9284,7.9293,331.1,62
2026-08-15 06:02:00+00:00,7.9322,7.9322,7.9293,7.9293,41.8,7
2026-08-15 06:03:00+00:00,7.9243,7.9243,7.9239,7.9239,5.8,4
2026-08-15 06:04:00+00:00,7.9284,7.9284,7.9283,7.9283,5.8,2
2026-08-15 06:05:00+00:00,7.9283,7.9286,7.9278,7.9286,21.4,8
2026-08-15 06:06:00+00:00,7.9286,7.9286,7.9286,7.9286,0.0,0
2026-08-15 06:07:00+00:00,7.9286,7.9286,7.9286,7.9286,0.0,0
2026-08-15 06:08:00+00:00,7.9283,7.9286,7.9283,7.9286,12.4,4
2026-08-15 06:09:00+00:00,7.9284,7.9552,7.9284,7.9422,667.8,36
2026-08-15 06:10:00+00:00,7.9387,7.9421,7.9351,7.9354,149.3,59
2026-08-15 06:11:00+00:00,7.9356,7.9357,7.9354,7.9357,37.2,13
2026-08-15 06:12:00+00:00,7.937,7.937,7.9282,7.9282,108.7,17
2026-08-15 06:13:00+00:00,7.9282,7.9282,7.9282,7.9282,0.0,0
2026-08-15 06:14:00+00:00,7.9282,7.9282,7.9282,7.9282,0.0,0
2026-08-15 06:15:00+00:00,7.9282,7.9282,7.9282,7.9282,0.0,0
2026-08-15 06:16:00+00:00,7.9312,7.9373,7.9312,7.9373,25.6,9
2026-08-15 06:17:00+00:00,7.9324,7.9324,7.9322,7.9322,6.3,3
2026-08-15 06:18:00+00:00,7.9322,7.9322,7.9322,7.9322,0.0,0
2026-08-15 06:19:00+00:00,7.9322,7.9322,7.9322,7.9322,0.0,0
2026-08-15 06:20:00+00:00,7.9322,7.9322,7.9322,7.9322,0.0,0
2026-08-15 06:21:00+00:00,7.9347,7.936,7.9347,7.9358,107.9,45
2026-08-15 06:22:00+00:00,7.9357,7.9399,7.9357,7.9399,117.7,10
2026-08-15 06:23:00+00:00,7.9399,7.9399,7.9399,7.9399,0.0,0
2026-08-15 06:24:00+00:00,7.9399,7.9399,7.9399,7.9399,0.0,0
2026-08-15 06:25:00+00:00,7.9399,7.9399,7.9399,7.9399,0.0,0
2026-08-15 06:26:00+00:00,7.94,7.9446,7.94,7.9446,100.7,2
2026-08-15 06:27:00+00:00,7.9446,7.9446,7.9446,7.9446,0.0,0
2026-08-15 06:28:00+00:00,7.9446,7.9446,7.9446,7.9446,0.0,0
2026-08-15 06:29:00+00:00,7.9446,7.9446,7.9446,7.9446,0.0,0
2026-08-15 06:30:00+00:00,7.9446,7.9446,7.9446,7.9446,0.0,0
2026-08-15 06:31:00+00:00,7.9446,7.9446,7.9446,7.9446,0.0,0
2026-08-15 06:32:00+00:00,7.9446,7.9446,7.9446,7.9446,0.0,0
2026-08-15 06:33:00+00:00,7.9446,7.9446,7.9446,7.9446,0.0,0
2026-08-15 06:34:00+00:00,7.9446,7.9446,7.9446,7.9446,0.0,0
2026-08-15 06:35:00+00:00,7.9446,7.9446,7.9446,7.9446,0.0,0
2026-08-15 06:36:00+00:00,7.9405,7.9405,7.9402,7.9402,3.0,2
2026-08-15 06:37:00+00:00,7.9402,7.9402,7.9402,7.9402,0.0,0
2026-08-15 06:38:00+00:00,7.9402,7.9402,7.9402,7.9402,0.0,0
2026-08-15 06:39:00+00:00,7.9402,7.9402,7.9402,7.9402,0.0,0
2026-08-15 06:40:00+00:00,7.9462,7.9471,7.9462,7.9471,16.9,5
2026-08-15 06:41:00+00:00,7.9425,7.9452,7.9424,7.9425,17.3,7
2026-08-15 06:42:00+00:00,7.9425,7.9425,7.9425,7.9425,0.0,0
2026-08-15 06:43:00+00:00,7.9425,7.9425,7.9425,7.9425,0.0,0
2026-08-15 06:44:00+00:00,7.9449,7.9449,7.9449,7.9449,1.5,1
2026-08-15 06:45:00+00:00,7.9449,7.9449,7.9449,7.9449,0.0,0
2026-08-15 06:46:00+00:00,7.9449,7.9449,7.9449,7.9449,0.0,0
2026-08-15 06:47:00+00:00,7.9425,7.9425,7.9402,7.9425,7.6,5
2026-08-15 06:48:00+00:00,7.9425,7.9425,7.9425,7.9425,0.0,0
2026-08-15 06:49:00+00:00,7.9425,7.9425,7.9425,7.9425,0.0,0
2026-08-15 06:50:00+00:00,7.9425,7.9425,7.9424,7.9424,2.6,2
2026-08-15 06:51:00+00:00,7.9424,7.9424,7.9424,7.9424,0.0,0
2026-08-15 06:52:00+00:00,7.9424,7.9424,7.9424,7.9424,0.0,0
2026-08-15 06:53:00+00:00,7.9424,7.9424,7.9424,7.9424,0.0,0
2026-08-15 06:54:00+00:00,7.9424,7.9424,7.9424,7.9424,0.0,0
2026-08-15 06:55:00+00:00,7.9425,7.9425,7.9421,7.9421,10.0,4
2026-08-15 06:56:00+00:00,7.9422,7.9422,7.9417,7.9417,4.9,3
2026-08-15 06:57:00+00:00,7.9417,7.9417,7.9417,7.9417,0.0,0
2026-08-15 06:58:00+00:00,7.9417,7.9417,7.9417,7.9417,0.0,0
2026-08-15 06:59:00+00:00,7.9415,7.9415,7.9395,7.9395,10.0,3
2026-08-15 07:00:00+00:00,7.9395,7.9395,7.9395,7.9395,0.0,0
2026-08-15 07:01:00+00:00,7.9395,7.9395,7.9395,7.9395,0.0,0
2026-08-15 07:02:00+00:00,7.9445,7.9461,7.9445,7.9461,750.0,5
2026-08-15 07:03:00+00:00,7.9461,7.9461,7.9461,7.9461,0.0,0
2026-08-15 07:04:00+00:00,7.9406,7.9406,7.9397,7.9397,150.0,4
2026-08-15 07:05:00+00:00,7.9397,7.9397,7.9397,7.9397,0.0,0
2026-08-15 07:06:00+00:00,7.9397,7.9397,7.9397,7.9397,0.0,0
2026-08-15 07:07:00+00:00,7.9397,7.9397,7.9397,7.9397,0.0,0
2026-08-15 07:08:00+00:00,7.9394,7.9405,7.9394,7.9394,100.0,6
2026-08-15 07:09:00+00:00,7.9394,7.9394,7.9394,7.9394,0.0,0
2026-08-15 07:10:00+00:00,7.9394,7.9394,7.9394,7.9394,0.0,0
2026-08-15 07:11:00+00:00,7.9394,7.9394,7.9394,7.9394,0.0,0
2026-08-15 07:12:00+00:00,7.9394,7.9394,7.9394,7.9394,0.0,0
2026-08-15 07:13:00+00:00,7.9438,7.944,7.9435,7.9438,94.2,15
2026-08-15 07:14:00+00:00,7.9459,7.9461,7.9459,7.9461,180.8,2
2026-08-15 07:15:00+00:00,7.9461,7.9461,7.9461,7.9461,0.0,0
2026-08-15 07:16:00+00:00,7.9461,7.9461,7.9461,7.9461,0.0,0
2026-08-15 07:17:00+00:00,7.9454,7.9459,7.9451,7.9451,281.4,121
2026-08-15 07:18:00+00:00,7.946,7.9461,7.9448,7.9453,210.4,27
2026-08-15 07:19:00+00:00,7.9456,7.9461,7.9452,7.946,91.4,41
2026-08-15 07:20:00+00:00,7.9462,7.9469,7.9459,7.9465,68.6,26
2026-08-15 07:21:00+00:00,7.9465,7.9465,7.9465,7.9465,0.0,0
2026-08-15 07:22:00+00:00,7.9465,7.9465,7.9465,7.9465,0.0,0
2026-08-15 07:23:00+00:00,7.9466,7.9469,7.9461,7.9462,90.2,32
2026-08-15 07:24:00+00:00,7.9462,7.9462,7.9462,7.9462,0.0,0
2026-08-15 07:25:00+00:00,7.9459,7.9462,7.9432,7.9459,368.3,52
2026-08-15 07:26:00+00:00,7.9458,7.9458,7.9455,7.9455,21.7,8
2026-08-15 07:27:00+00:00,7.9455,7.9455,7.9455,7.9455,0.0,0
2026-08-15 07:28:00+00:00,7.9457,7.9457,7.9455,7.9455,9.3,3
2026-08-15 07:29:00+00:00,7.9434,7.9456,7.9434,7.9452,28.8,9
2026-08-15 07:30:00+00:00,7.9434,7.9456,7.9434,7.9456,16.8,6
2026-08-15 07:31:00+00:00,7.9456,7.9456,7.9456,7.9456,0.0,0
2026-08-15 07:32:00+00:00,7.9456,7.9456,7.9456,7.9456,0.0,0
2026-08-15 07:33:00+00:00,7.9447,7.9447,7.9446,7.9446,6.2,2
2026-08-15 07:34:00+00:00,7.9481,7.9481,7.9481,7.9481,61.5,1
2026-08-15 07:35:00+00:00,7.9481,7.9481,7.9481,7.9481,0.0,0
2026-08-15 07:36:00+00:00,7.9481,7.9481,7.9481,7.9481,0.0,0
2026-08-15 07:37:00+00:00,7.9481,7.9481,7.9481,7.9481,0.0,0
2026-08-15 07:38:00+00:00,7.9481,7.9481,7.9481,7.9481,0.0,0
2026-08-15 07:39:00+00:00,7.9485,7.95,7.9456,7.9456,595.6,33
2026-08-15 07:40:00+00:00,7.9456,7.9456,7.9456,7.9456,0.0,0
2026-08-15 07:41:00+00:00,7.9456,7.9456,7.9456,7.9456,0.0,0
2026-08-15 07:42:00+00:00,7.9455,7.9455,7.9455,7.9455,4.1,1
2026-08-15 07:43:00+00:00,7.9455,7.9455,7.9455,7.9455,0.0,0
2026-08-15 07:44:00+00:00,7.9455,7.9455,7.9455,7.9455,0.0,0
2026-08-15 07:45:00+00:00,7.9445,7.9455,7.9445,7.9449,255.8,58
2026-08-15 07:46:00+00:00,7.9449,7.9449,7.9449,7.9449,0.0,0
2026-08-15 07:47:00+00:00,7.9449,7.9449,7.9449,7.9449,0.0,0
2026-08-15 07:48:00+00:00,7.9449,7.9449,7.9449,7.9449,0.0,0
2026-08-15 07:49:00+00:00,7.9449,7.9449,7.9449,7.9449,0.0,0
2026-08-15 07:50:00+00:00,7.9473,7.9495,7.9473,7.9482,164.6,18
2026-08-15 07:51:00+00:00,7.9496,7.9496,7.9496,7.9496,125.4,3
2026-08-15 07:52:00+00:00,7.9483,7.9499,7.9483,7.9488,91.6,21
2026-08-15 07:53:00+00:00,7.9488,7.9488,7.9488,7.9488,0.0,0
2026-08-15 07:54:00+00:00,7.9488,7.9499,7.9488,7.9491,197.8,30
2026-08-15 07:55:00+00:00,7.9491,7.9491,7.9491,7.9491,0.0,0
2026-08-15 07:56:00+00:00,7.9491,7.9491,7.9491,7.9491,0.0,0
2026-08-15 07:57:00+00:00,7.9499,7.9499,7.9499,7.9499,0.1,1
2026-08-15 07:58:00+00:00,7.949,7.9491,7.949,7.949,15.8,6
2026-08-15 07:59:00+00:00,7.949,7.949,7.949,7.949,0.0,0
2026-08-15 08:00:00+00:00,7.9474,7.9477,7.9395,7.9443,159.3,22
2026-08-15 08:01:00+00:00,7.9414,7.9466,7.9414,7.9466,33.0,11
2026-08-15 08:02:00+00:00,7.9466,7.9466,7.9466,7.9466,0.0,0
2026-08-15 08:03:00+00:00,7.9463,7.9463,7.946,7.9463,15.5,6
2026-08-15 08:04:00+00:00,7.9463,7.9463,7.9463,7.9463,0.0,0
2026-08-15 08:05:00+00:00,7.9463,7.9463,7.9463,7.9463,0.0,0
2026-08-15 08:06:00+00:00,7.9463,7.9463,7.9463,7.9463,0.0,0
2026-08-15 08:07:00+00:00,7.9463,7.9463,7.9463,7.9463,0.0,0
2026-08-15 08:08:00+00:00,7.9399,7.9399,7.9399,7.9399,204.9,3
2026-08-15 08:09:00+00:00,7.9456,7.9472,7.9453,7.9463,30.4,14
2026-08-15 08:10:00+00:00,7.9461,7.9462,7.9461,7.9462,6.0,3
2026-08-15 08:11:00+00:00,7.9451,7.9452,7.9421,7.9424,83.4,31
2026-08-15 08:12:00+00:00,7.9421,7.9431,7.9394,7.9431,397.3,66
2026-08-15 08:13:00+00:00,7.9426,7.9431,7.9426,7.9431,81.3,34
2026-08-15 08:14:00+00:00,7.9429,7.9431,7.9423,7.9429,57.4,26
2026-08-15 08:15:00+00:00,7.9432,7.9432,7.9432,7.9432,2.0,1
2026-08-15 08:16:00+00:00,7.9432,7.9432,7.9432,7.9432,0.0,0
2026-08-15 08:17:00+00:00,7.9398,7.9441,7.9398,7.9428,53.2,15
2026-08-15 08:18:00+00:00,7.9428,7.9428,7.9428,7.9428,0.0,0
2026-08-15 08:19:00+00:00,7.9428,7.9428,7.9428,7.9428,0.0,0
2026-08-15 08:20:00+00:00,7.9422,7.9422,7.9421,7.9421,4.8,2
2026-08-15 08:21:00+00:00,7.9454,7.9455,7.9398,7.9398,71.3,19
2026-08-15 08:22:00+00:00,7.9398,7.9398,7.9398,7.9398,0.0,0
2026-08-15 08:23:00+00:00,7.9398,7.9398,7.9398,7.9398,0.0,0
2026-08-15 08:24:00+00:00,7.9398,7.9398,7.9398,7.9398,0.0,0
2026-08-15 08:25:00+00:00,7.9428,7.9428,7.9428,7.9428,2.0,1
2026-08-15 08:26:00+00:00,7.9399,7.9402,7.9399,7.9402,10.0,4
2026-08-15 08:27:00+00:00,7.9402,7.9402,7.9402,7.9402,0.0,0
2026-08-15 08:28:00+00:00,7.9402,7.9402,7.9402,7.9402,0.0,0
2026-08-15 08:29:00+00:00,7.9402,7.9402,7.9402,7.9402,0.0,0
2026-08-15 08:30:00+00:00,7.9448,7.9448,7.9445,7.9445,34.1,11
2026-08-15 08:31:00+00:00,7.9445,7.9445,7.9445,7.9445,0.0,0
2026-08-15 08:32:00+00:00,7.9445,7.9445,7.9445,7.9445,0.0,0
2026-08-15 08:33:00+00:00,7.9409,7.9409,7.9403,7.9403,7.3,4
2026-08-15 08:34:00+00:00,7.9403,7.9403,7.9403,7.9403,0.0,0
2026-08-15 08:35:00+00:00,7.9403,7.9403,7.9403,7.9403,0.0,0
2026-08-15 08:36:00+00:00,7.9403,7.9403,7.9403,7.9403,0.0,0
2026-08-15 08:37:00+00:00,7.9403,7.9403,7.9403,7.9403,0.0,0
2026-08-15 08:38:00+00:00,7.9403,7.9403,7.9403,7.9403,0.0,0
2026-08-15 08:39:00+00:00,7.9403,7.9403,7.9403,7.9403,0.0,0
2026-08-15 08:40:00+00:00,7.941,7.9445,7.9394,7.9394,29.4,12
2026-08-15 08:41:00+00:00,7.9405,7.9405,7.9395,7.9395,13.5,7
2026-08-15 08:42:00+00:00,7.9394,7.9394,7.9368,7.9368,1000.0,2
2026-08-15 08:43:00+00:00,7.9391,7.9391,7.9391,7.9391,12.5,1
2026-08-15 08:44:00+00:00,7.9391,7.9391,7.9391,7.9391,0.0,0
2026-08-15 08:45:00+00:00,7.9345,7.9345,7.9342,7.9342,24.8,12
2026-08-15 08:46:00+00:00,7.9342,7.9342,7.9342,7.9342,0.0,0
2026-08-15 08:47:00+00:00,7.9342,7.9342,7.9342,7.9342,0.0,0
2026-08-15 08:48:00+00:00,7.9342,7.9342,7.9342,7.9342,0.0,0
2026-08-15 08:49:00+00:00,7.9363,7.9365,7.9363,7.9365,7.2,3
2026-08-15 08:50:00+00:00,7.9365,7.9365,7.9365,7.9365,0.0,0
2026-08-15 08:51:00+00:00,7.9365,7.9365,7.9365,7.9365,0.0,0
2026-08-15 08:52:00+00:00,7.9365,7.9365,7.9365,7.9365,0.0,0
2026-08-15 08:53:00+00:00,7.9365,7.9365,7.9365,7.9365,0.0,0
2026-08-15 08:54:00+00:00,7.9365,7.9365,7.9365,7.9365,0.0,0
2026-08-15 08:55:00+00:00,7.9365,7.9365,7.9365,7.9365,0.0,0
2026-08-15 08:56:00+00:00,7.9352,7.9384,7.9342,7.9345,27.1,10
2026-08-15 08:57:00+00:00,7.9342,7.9406,7.9342,7.9343,119.6,12
2026-08-15 08:58:00+00:00,7.9343,7.9343,7.9343,7.9343,0.0,0
2026-08-15 08:59:00+00:00,7.9356,7.94,7.9356,7.94,93.7,10
2026-08-15 09:00:00+00:00,7.94,7.94,7.94,7.94,0.0,0
2026-08-15 09:01:00+00:00,7.94,7.94,7.94,7.94,0.0,0
2026-08-15 09:02:00+00:00,7.9366,7.9399,7.9366,7.9399,27.9,8
2026-08-15 09:03:00+00:00,7.9331,7.9331,7.9201,7.9274,165.3,34
2026-08-15 09:04:00+00:00,7.926,7.9261,7.926,7.926,6.3,4
2026-08-15 09:05:00+00:00,7.9261,7.9277,7.9261,7.9277,24.8,10
2026-08-15 09:06:00+00:00,7.927,7.9328,7.927,7.9328,53.7,28
2026-08-15 09:07:00+00:00,7.9285,7.9285,7.9284,7.9284,5.0,2
2026-08-15 09:08:00+00:00,7.9284,7.9284,7.9284,7.9284,0.0,0
2026-08-15 09:09:00+00:00,7.9284,7.9284,7.9284,7.9284,0.0,0
2026-08-15 09:10:00+00:00,7.9361,7.9361,7.934,7.934,52.3,35
2026-08-15 09:11:00+00:00,7.9395,7.9396,7.9395,7.9396,6.2,2
2026-08-15 09:12:00+00:00,7.9396,7.9396,7.9396,7.9396,0.0,0
2026-08-15 09:13:00+00:00,7.9396,7.9396,7.9396,7.9396,0.0,0
2026-08-15 09:14:00+00:00,7.9388,7.9421,7.9388,7.9413,155.7,23
2026-08-15 09:15:00+00:00,7.9412,7.9412,7.9412,7.9412,1.3,1
2026-08-15 09:16:00+00:00,7.9428,7.9443,7.9428,7.9443,7.4,3
2026-08-15 09:17:00+00:00,7.9462,7.9492,7.9447,7.9492,25.6,6
2026-08-15 09:18:00+00:00,7.9461,7.9462,7.9461,7.9462,6.2,3
2026-08-15 09:19:00+00:00,7.9462,7.9462,7.9462,7.9462,0.0,0
2026-08-15 09:20:00+00:00,7.9469,7.9469,7.9448,7.9448,100.9,8
2026-08-15 09:21:00+00:00,7.9448,7.9448,7.9448,7.9448,0.0,0
2026-08-15 09:22:00+00:00,7.9448,7.9448,7.9448,7.9448,0.0,0
2026-08-15 09:23:00+00:00,7.9448,7.9448,7.9448,7.9448,0.0,0
2026-08-15 09:24:00+00:00,7.9448,7.9448,7.9448,7.9448,0.0,0
2026-08-15 09:25:00+00:00,7.9448,7.9448,7.9448,7.9448,0.0,0
2026-08-15 09:26:00+00:00,7.9488,7.95,7.9483,7.9484,137.6,38
2026-08-15 09:27:00+00:00,7.9484,7.9484,7.9484,7.9484,0.0,0
2026-08-15 09:28:00+00:00,7.9464,7.9464,7.94,7.9416,131.2,7
2026-08-15 09:29:00+00:00,7.9416,7.9416,7.9416,7.9416,0.0,0
2026-08-15 09:30:00+00:00,7.9416,7.9416,7.9416,7.9416,0.0,0
2026-08-15 09:31:00+00:00,7.9416,7.9416,7.9416,7.9416,0.0,0
2026-08-15 09:32:00+00:00,7.9416,7.9416,7.9416,7.9416,0.0,0
2026-08-15 09:33:00+00:00,7.944,7.944,7.9409,7.9409,2.6,2
2026-08-15 09:34:00+00:00,7.9409,7.9409,7.9409,7.9409,0.0,0
2026-08-15 09:35:00+00:00,7.9409,7.9409,7.9409,7.9409,0.0,0
2026-08-15 09:36:00+00:00,7.9409,7.9409,7.9409,7.9409,0.0,0
2026-08-15 09:37:00+00:00,7.9425,7.9425,7.9385,7.9385,26.0,6
2026-08-15 09:38:00+00:00,7.9425,7.9425,7.9422,7.9422,27.9,14
2026-08-15 09:39:00+00:00,7.9422,7.9422,7.9422,7.9422,0.0,0
2026-08-15 09:40:00+00:00,7.9422,7.9422,7.9422,7.9422,0.0,0
2026-08-15 09:41:00+00:00,7.9422,7.9422,7.9422,7.9422,0.0,0
2026-08-15 09:42:00+00:00,7.9422,7.9422,7.9422,7.9422,0.0,0
2026-08-15 09:43:00+00:00,7.9387,7.9387,7.9387,7.9387,25.3,2
2026-08-15 09:44:00+00:00,7.9387,7.9387,7.9387,7.9387,0.0,0
2026-08-15 09:45:00+00:00,7.9387,7.9387,7.9387,7.9387,0.0,0
2026-08-15 09:46:00+00:00,7.9387,7.9387,7.9387,7.9387,0.0,0
2026-08-15 09:47:00+00:00,7.9386,7.9386,7.9386,7.9386,83.6,1
2026-08-15 09:48:00+00:00,7.9386,7.9386,7.9386,7.9386,0.0,0
2026-08-15 09:49:00+00:00,7.9386,7.9386,7.9386,7.9386,0.0,0
2026-08-15 09:50:00+00:00,7.9415,7.9418,7.9415,7.9418,15.5,12
2026-08-15 09:51:00+00:00,7.9418,7.9418,7.9418,7.9418,0.0,0
2026-08-15 09:52:00+00:00,7.9418,7.9418,7.9418,7.9418,0.0,0
2026-08-15 09:53:00+00:00,7.9418,7.9418,7.9418,7.9418,0.0,0
2026-08-15 09:54:00+00:00,7.9418,7.9418,7.9418,7.9418,0.0,0
2026-08-15 09:55:00+00:00,7.9418,7.9418,7.9418,7.9418,0.0,0
2026-08-15 09:56:00+00:00,7.9418,7.9418,7.9418,7.9418,0.0,0
2026-08-15 09:57:00+00:00,7.9418,7.9418,7.9418,7.9418,0.0,0
2026-08-15 09:58:00+00:00,7.9418,7.9418,7.9418,7.9418,0.0,0
2026-08-15 09:59:00+00:00,7.9418,7.9418,7.9418,7.9418,0.0,0
2026-08-15 10:00:00+00:00,7.9418,7.9418,7.9418,7.9418,0.0,0
2026-08-15 10:01:00+00:00,7.9418,7.9418,7.9418,7.9418,0.0,0
2026-08-15 10:02:00+00:00,7.9418,7.9418,7.9418,7.9418,0.0,0
2026-08-15 10:03:00+00:00,7.9418,7.9418,7.9418,7.9418,0.0,0
2026-08-15 10:04:00+00:00,7.9418,7.9418,7.9418,7.9418,0.0,0
2026-08-15 10:05:00+00:00,7.9418,7.9418,7.9418,7.9418,0.0,0
2026-08-15 10:06:00+00:00,7.9418,7.9418,7.9418,7.9418,0.0,0
2026-08-15 10:07:00+00:00,7.9398,7.94,7.9386,7.9395,298.1,16
2026-08-15 10:08:00+00:00,7.9395,7.9395,7.9395,7.9395,22.0,2
2026-08-15 10:09:00+00:00,7.9395,7.9395,7.9395,7.9395,0.0,0
2026-08-15 10:10:00+00:00,7.9395,7.9395,7.9395,7.9395,0.0,0
2026-08-15 10:11:00+00:00,7.9417,7.9417,7.9417,7.9417,14.0,8
2026-08-15 10:12:00+00:00,7.9387,7.9392,7.9387,7.9392,4.9,2
2026-08-15 10:13:00+00:00,7.9388,7.9392,7.9386,7.9386,30.9,19
2026-08-15 10:14:00+00:00,7.9386,7.9386,7.9386,7.9386,1.8,1
2026-08-15 10:15:00+00:00,7.9387,7.9392,7.9387,7.9392,19.6,8
2026-08-15 10:16:00+00:00,7.9386,7.9388,7.9381,7.9381,775.9,11
2026-08-15 10:17:00+00:00,7.934,7.9351,7.9204,7.923,505.9,250
2026-08-15 10:18:00+00:00,7.9229,7.9253,7.9227,7.925,1611.3,58
2026-08-15 10:19:00+00:00,7.9233,7.9345,7.9229,7.9303,1056.1,92
2026-08-15 10:20:00+00:00,7.93,7.9591,7.93,7.957,615.6,137
2026-08-15 10:21:00+00:00,7.955,7.9699,7.9535,7.9642,733.4,149
2026-08-15 10:22:00+00:00,7.9645,7.9762,7.9587,7.9762,1058.4,173
2026-08-15 10:23:00+00:00,7.9713,7.976,7.9656,7.9716,2532.1,192
2026-08-15 10:24:00+00:00,7.969,7.9913,7.9661,7.9823,2812.2,163
2026-08-15 10:25:00+00:00,7.98,7.9815,7.9648,7.968,3345.7,346
2026-08-15 10:26:00+00:00,7.9663,7.9663,7.9365,7.9365,785.7,132
2026-08-15 10:27:00+00:00,7.9346,7.9484,7.9346,7.9484,652.4,119
2026-08-15 10:28:00+00:00,7.95,7.9577,7.93,7.9503,836.9,135
2026-08-15 10:29:00+00:00,7.9506,7.9591,7.9487,7.9551,637.7,127
2026-08-15 10:30:00+00:00,7.9564,7.9599,7.9557,7.9581,519.3,173
2026-08-15 10:31:00+00:00,7.9582,7.9609,7.9582,7.9608,296.4,55
2026-08-15 10:32:00+00:00,7.9598,7.9642,7.9598,7.9642,18.3,5
2026-08-15 10:33:00+00:00,7.9623,7.9817,7.9623,7.9672,373.2,40
2026-08-15 10:34:00+00:00,7.967,7.9679,7.9621,7.9648,248.5,25
2026-08-15 10:35:00+00:00,7.9601,7.9786,7.9545,7.9615,448.3,53
2026-08-15 10:36:00+00:00,7.9618,7.9618,7.9547,7.9614,128.4,44
2026-08-15 10:37:00+00:00,7.9614,7.9614,7.9614,7.9614,0.0,0
2026-08-15 10:38:00+00:00,7.9614,7.9614,7.9614,7.9614,0.0,0
2026-08-15 10:39:00+00:00,7.9582,7.9582,7.956,7.956,18.0,5
2026-08-15 10:40:00+00:00,7.956,7.956,7.956,7.956,0.0,0
2026-08-15 10:41:00+00:00,7.9585,7.9585,7.9546,7.9546,74.1,6
2026-08-15 10:42:00+00:00,7.9546,7.9546,7.9546,7.9546,0.0,0
2026-08-15 10:43:00+00:00,7.9527,7.9527,7.9527,7.9527,14.4,6
2026-08-15 10:44:00+00:00,7.9527,7.9527,7.9527,7.9527,0.0,0
2026-08-15 10:45:00+00:00,7.9539,7.9544,7.9539,7.9544,33.8,8
2026-08-15 10:46:00+00:00,7.9544,7.9544,7.9544,7.9544,0.0,0
2026-08-15 10:47:00+00:00,7.9555,7.9555,7.9555,7.9555,1.4,1
2026-08-15 10:48:00+00:00,7.9555,7.9555,7.9555,7.9555,0.0,0
2026-08-15 10:49:00+00:00,7.9555,7.9555,7.9555,7.9555,0.0,0
2026-08-15 10:50:00+00:00,7.9555,7.9555,7.9555,7.9555,0.0,0
2026-08-15 10:51:00+00:00,7.9555,7.9555,7.9555,7.9555,0.0,0
2026-08-15 10:52:00+00:00,7.9555,7.9555,7.9555,7.9555,0.0,0
2026-08-15 10:53:00+00:00,7.9555,7.9555,7.9555,7.9555,0.0,0
2026-08-15 10:54:00+00:00,7.9599,7.9599,7.9599,7.9599,1.3,1
2026-08-15 10:55:00+00:00,7.9599,7.9599,7.9599,7.9599,0.0,0
2026-08-15 10:56:00+00:00,7.9555,7.9555,7.9555,7.9555,1.3,1
2026-08-15 10:57:00+00:00,7.9628,7.9628,7.9628,7.9628,41.0,1
2026-08-15 10:58:00+00:00,7.9628,7.9628,7.9628,7.9628,0.0,0
2026-08-15 10:59:00+00:00,7.9643,7.9697,7.9643,7.9697,50.2,5
2026-08-15 11:00:00+00:00,7.9697,7.9697,7.9697,7.9697,0.0,0
2026-08-15 11:01:00+00:00,7.9697,7.9697,7.9697,7.9697,0.0,0
2026-08-15 11:02:00+00:00,7.9697,7.9697,7.9697,7.9697,0.0,0
2026-08-15 11:03:00+00:00,7.9697,7.9697,7.9697,7.9697,0.0,0
2026-08-15 11:04:00+00:00,7.9697,7.9697,7.9697,7.9697,0.0,0
2026-08-15 11:05:00+00:00,7.9685,7.9685,7.9685,7.9685,43.8,1
2026-08-15 11:06:00+00:00,7.9685,7.9685,7.9685,7.9685,0.0,0
2026-08-15 11:07:00+00:00,7.9671,7.9671,7.9671,7.9671,62.3,1
2026-08-15 11:08:00+00:00,7.9671,7.9671,7.9671,7.9671,0.0,0
2026-08-15 11:09:00+00:00,7.9671,7.9671,7.9671,7.9671,0.0,0
2026-08-15 11:10:00+00:00,7.9671,7.9671,7.9671,7.9671,0.0,0
2026-08-15 11:11:00+00:00,7.9671,7.9671,7.9671,7.9671,0.0,0
2026-08-15 11:12:00+00:00,7.9671,7.9671,7.9671,7.9671,0.0,0
2026-08-15 11:13:00+00:00,7.9663,7.9669,7.966,7.9668,40.8,21
2026-08-15 11:14:00+00:00,7.9628,7.9631,7.9628,7.9631,12.4,4
2026-08-15 11:15:00+00:00,7.966,7.9688,7.966,7.9688,14.2,5
2026-08-15 11:16:00+00:00,7.9688,7.9688,7.9688,7.9688,0.0,0
2026-08-15 11:17:00+00:00,7.9647,7.9688,7.9647,7.965,207.9,31
2026-08-15 11:18:00+00:00,7.965,7.965,7.965,7.965,0.0,0
2026-08-15 11:19:00+00:00,7.965,7.965,7.965,7.965,0.0,0
2026-08-15 11:20:00+00:00,7.965,7.965,7.965,7.965,0.0,0
2026-08-15 11:21:00+00:00,7.965,7.965,7.965,7.965,0.0,0
2026-08-15 11:22:00+00:00,7.9675,7.9948,7.9675,7.9819,2354.9,218
2026-08-15 11:23:00+00:00,7.9817,7.9819,7.9738,7.9738,671.2,31
2026-08-15 11:24:00+00:00,7.9779,7.978,7.9776,7.9778,99.7,44
2026-08-15 11:25:00+00:00,7.9796,7.9796,7.9796,7.9796,61.4,2
2026-08-15 11:26:00+00:00,7.9796,7.9796,7.9796,7.9796,0.0,0
2026-08-15 11:27:00+00:00,7.9756,7.9756,7.9756,7.9756,114.4,1
2026-08-15 11:28:00+00:00,7.9756,7.9756,7.9756,7.9756,0.0,0
2026-08-15 11:29:00+00:00,7.9756,7.9756,7.9756,7.9756,0.0,0
2026-08-15 11:30:00+00:00,7.9751,7.9803,7.9751,7.9801,135.3,36
2026-08-15 11:31:00+00:00,7.9801,7.9801,7.9801,7.9801,0.0,0
2026-08-15 11:32:00+00:00,7.9801,7.9801,7.9801,7.9801,0.0,0
2026-08-15 11:33:00+00:00,7.9801,7.9801,7.9801,7.9801,0.0,0
2026-08-15 11:34:00+00:00,7.975,7.9768,7.9665,7.9764,260.7,67
2026-08-15 11:35:00+00:00,7.9782,7.9791,7.9779,7.9788,24.8,8
2026-08-15 11:36:00+00:00,7.9792,7.9792,7.9792,7.9792,29.5,1
2026-08-15 11:37:00+00:00,7.9792,7.9792,7.9792,7.9792,0.0,0
2026-08-15 11:38:00+00:00,7.9792,7.9792,7.9792,7.9792,0.0,0
2026-08-15 11:39:00+00:00,7.9792,7.9792,7.9792,7.9792,0.0,0
2026-08-15 11:40:00+00:00,7.9792,7.9792,7.9792,7.9792,0.0,0
2026-08-15 11:41:00+00:00,7.97,7.97,7.9664,7.9664,61.4,16
2026-08-15 11:42:00+00:00,7.9784,7.9799,7.9784,7.9799,37.5,9
2026-08-15 11:43:00+00:00,7.9751,7.9751,7.971,7.971,327.2,7
2026-08-15 11:44:00+00:00,7.9745,7.9798,7.9736,7.9798,65.6,28
2026-08-15 11:45:00+00:00,7.9798,7.9798,7.9798,7.9798,0.0,0
2026-08-15 11:46:00+00:00,7.9758,7.9783,7.971,7.9783,120.2,15
2026-08-15 11:47:00+00:00,7.9723,7.9778,7.9719,7.9778,284.1,79
2026-08-15 11:48:00+00:00,7.9778,7.9778,7.9778,7.9778,0.0,0
2026-08-15 11:49:00+00:00,7.9701,7.9704,7.97,7.9703,171.2,68
2026-08-15 11:50:00+00:00,7.97,7.9703,7.97,7.9701,22.1,9
2026-08-15 11:51:00+00:00,7.9701,7.9701,7.9701,7.9701,0.0,0
2026-08-15 11:52:00+00:00,7.9701,7.9701,7.9701,7.9701,0.0,0
2026-08-15 11:53:00+00:00,7.9701,7.9701,7.9701,7.9701,0.0,0
2026-08-15 11:54:00+00:00,7.9685,7.9711,7.9646,7.9655,225.8,69
2026-08-15 11:55:00+00:00,7.9713,7.9714,7.9711,7.9712,20.9,8
2026-08-15 11:56:00+00:00,7.9712,7.9712,7.9712,7.9712,0.0,0
2026-08-15 11:57:00+00:00,7.9701,7.9701,7.9669,7.9669,25.2,11
2026-08-15 11:58:00+00:00,7.9669,7.9669,7.9669,7.9669,0.0,0
2026-08-15 11:59:00+00:00,7.9716,7.9716,7.9716,7.9716,1.6,1
2026-08-15 12:00:00+00:00,7.9716,7.9716,7.9716,7.9716,0.0,0
2026-08-15 12:01:00+00:00,7.9706,7.9706,7.9706,7.9706,37.8,2
2026-08-15 12:02:00+00:00,7.9706,7.9706,7.9686,7.9706,99.2,12
2026-08-15 12:03:00+00:00,7.9762,7.9762,7.9716,7.9718,126.1,12
2026-08-15 12:04:00+00:00,7.9718,7.9718,7.9718,7.9718,0.0,0
2026-08-15 12:05:00+00:00,7.9718,7.9718,7.9718,7.9718,0.0,0
2026-08-15 12:06:00+00:00,7.9718,7.9718,7.9718,7.9718,0.0,0
2026-08-15 12:07:00+00:00,7.9718,7.9718,7.9718,7.9718,0.0,0
2026-08-15 12:08:00+00:00,7.9718,7.9718,7.9718,7.9718,0.0,0
2026-08-15 12:09:00+00:00,7.9705,7.9705,7.9694,7.9699,115.4,47
2026-08-15 12:10:00+00:00,7.9702,7.9702,7.9699,7.9699,12.4,4
2026-08-15 12:11:00+00:00,7.9725,7.9725,7.9725,7.9725,5.8,1
2026-08-15 12:12:00+00:00,7.9725,7.9725,7.9725,7.9725,0.0,0
2026-08-15 12:13:00+00:00,7.9725,7.9725,7.9725,7.9725,0.0,0
2026-08-15 12:14:00+00:00,7.9678,7.9682,7.967,7.9682,86.8,32
2026-08-15 12:15:00+00:00,7.9679,7.9679,7.9675,7.9675,5.1,2
2026-08-15 12:16:00+00:00,7.9677,7.9684,7.9655,7.9655,70.9,43
2026-08-15 12:17:00+00:00,7.9676,7.9676,7.9674,7.9674,6.5,3
2026-08-15 12:18:00+00:00,7.9674,7.9674,7.9674,7.9674,0.0,0
2026-08-15 12:19:00+00:00,7.9674,7.9674,7.9674,7.9674,0.0,0
2026-08-15 12:20:00+00:00,7.9657,7.9657,7.9636,7.9636,308.1,8
2026-08-15 12:21:00+00:00,7.9658,7.9658,7.9573,7.9576,238.8,18
2026-08-15 12:22:00+00:00,7.9594,7.961,7.9594,7.961,18.0,6
2026-08-15 12:23:00+00:00,7.961,7.961,7.961,7.961,0.0,0
2026-08-15 12:24:00+00:00,7.9599,7.9665,7.9599,7.9614,592.5,117
2026-08-15 12:25:00+00:00,7.9613,7.9616,7.9613,7.9616,40.3,15
2026-08-15 12:26:00+00:00,7.9658,7.9658,7.9658,7.9658,125.5,6
2026-08-15 12:27:00+00:00,7.9603,7.9623,7.9594,7.9604,34.4,8
2026-08-15 12:28:00+00:00,7.9604,7.9604,7.9604,7.9604,0.0,0
2026-08-15 12:29:00+00:00,7.9605,7.9607,7.9598,7.9598,23.3,12
2026-08-15 12:30:00+00:00,7.9598,7.9598,7.9598,7.9598,0.0,0
2026-08-15 12:31:00+00:00,7.9598,7.9598,7.9598,7.9598,0.0,0
2026-08-15 12:32:00+00:00,7.9598,7.9598,7.9598,7.9598,0.0,0
2026-08-15 12:33:00+00:00,7.9598,7.9598,7.9598,7.9598,0.0,0
2026-08-15 12:34:00+00:00,7.9598,7.96,7.9574,7.96,9.6,5
2026-08-15 12:35:00+00:00,7.9603,7.9607,7.9603,7.9605,130.9,58
2026-08-15 12:36:00+00:00,7.9605,7.9605,7.9605,7.9605,0.0,0
2026-08-15 12:37:00+00:00,7.9602,7.9607,7.9602,7.9606,16.7,8
2026-08-15 12:38:00+00:00,7.9606,7.9606,7.9606,7.9606,0.0,0
2026-08-15 12:39:00+00:00,7.9636,7.9637,7.96,7.9602,71.3,27
2026-08-15 12:40:00+00:00,7.9602,7.9602,7.9602,7.9602,0.0,0
2026-08-15 12:41:00+00:00,7.9602,7.9602,7.9602,7.9602,0.0,0
2026-08-15 12:42:00+00:00,7.9602,7.9602,7.9602,7.9602,0.0,0
2026-08-15 12:43:00+00:00,7.9578,7.958,7.9547,7.9572,225.3,18
2026-08-15 12:44:00+00:00,7.9587,7.9587,7.9553,7.9553,658.2,3
2026-08-15 12:45:00+00:00,7.9553,7.9553,7.9553,7.9553,0.0,0
2026-08-15 12:46:00+00:00,7.9597,7.9616,7.9597,7.9616,77.7,4
2026-08-15 12:47:00+00:00,7.9616,7.9616,7.9616,7.9616,0.0,0
2026-08-15 12:48:00+00:00,7.9616,7.9616,7.9616,7.9616,0.0,0
2026-08-15 12:49:00+00:00,7.9608,7.9609,7.9608,7.9609,5.8,2
2026-08-15 12:50:00+00:00,7.9611,7.9624,7.9611,7.9624,14.5,5
2026-08-15 12:51:00+00:00,7.961,7.961,7.961,7.961,2.9,1
2026-08-15 12:52:00+00:00,7.961,7.961,7.961,7.961,0.0,0
2026-08-15 12:53:00+00:00,7.961,7.961,7.961,7.961,0.0,0
2026-08-15 12:54:00+00:00,7.961,7.961,7.961,7.961,0.0,0
2026-08-15 12:55:00+00:00,7.961,7.961,7.961,7.961,0.0,0
2026-08-15 12:56:00+00:00,7.961,7.961,7.961,7.961,0.0,0
2026-08-15 12:57:00+00:00,7.961,7.961,7.961,7.961,0.0,0
2026-08-15 12:58:00+00:00,7.961,7.961,7.961,7.961,0.0,0
2026-08-15 12:59:00+00:00,7.961,7.961,7.961,7.961,0.0,0
2026-08-15 13:00:00+00:00,7.9663,7.9663,7.9663,7.9663,7.8,1
2026-08-15 13:01:00+00:00,7.9612,7.9612,7.9612,7.9612,5.2,2
2026-08-15 13:02:00+00:00,7.9612,7.9612,7.9612,7.9612,0.0,0
2026-08-15 13:03:00+00:00,7.9612,7.9612,7.9612,7.9612,55.7,3
2026-08-15 13:04:00+00:00,7.9612,7.9612,7.9612,7.9612,0.0,0
2026-08-15 13:05:00+00:00,7.9662,7.9662,7.9662,7.9662,60.3,1
2026-08-15 13:06:00+00:00,7.9657,7.9665,7.9657,7.9665,19.0,3
2026-08-15 13:07:00+00:00,7.9665,7.9665,7.9665,7.9665,0.0,0
2026-08-15 13:08:00+00:00,7.9665,7.9665,7.9665,7.9665,0.0,0
2026-08-15 13:09:00+00:00,7.9665,7.9665,7.9665,7.9665,0.0,0
2026-08-15 13:10:00+00:00,7.9665,7.9665,7.9665,7.9665,0.0,0
2026-08-15 13:11:00+00:00,7.9665,7.9665,7.9665,7.9665,0.0,0
2026-08-15 13:12:00+00:00,7.9665,7.9665,7.9665,7.9665,0.0,0
2026-08-15 13:13:00+00:00,7.9665,7.9665,7.9665,7.9665,0.0,0
2026-08-15 13:14:00+00:00,7.9665,7.9665,7.9665,7.9665,0.0,0
2026-08-15 13:15:00+00:00,7.9665,7.9665,7.9665,7.9665,0.0,0
2026-08-15 13:16:00+00:00,7.9665,7.9665,7.9665,7.9665,0.0,0
2026-08-15 13:17:00+00:00,7.9665,7.9665,7.9665,7.9665,0.0,0
2026-08-15 13:18:00+00:00,7.9665,7.9665,7.9665,7.9665,0.0,0
2026-08-15 13:19:00+00:00,7.9665,7.9665,7.9665,7.9665,0.0,0
2026-08-15 13:20:00+00:00,7.9665,7.9665,7.9665,7.9665,0.0,0
2026-08-15 13:21:00+00:00,7.9656,7.9665,7.9656,7.9665,147.4,14
2026-08-15 13:22:00+00:00,7.9665,7.9665,7.9665,7.9665,0.0,0
2026-08-15 13:23:00+00:00,7.9665,7.9665,7.9665,7.9665,0.0,0
2026-08-15 13:24:00+00:00,7.9665,7.9665,7.9665,7.9665,0.0,0
2026-08-15 13:25:00+00:00,7.9665,7.9665,7.9665,7.9665,0.0,0
2026-08-15 13:26:00+00:00,7.9665,7.9665,7.9665,7.9665,0.0,0
2026-08-15 13:27:00+00:00,7.9653,7.9653,7.9652,7.9652,2.9,2
2026-08-15 13:28:00+00:00,7.9652,7.9652,7.9652,7.9652,0.0,0
2026-08-15 13:29:00+00:00,7.9665,7.9782,7.9665,7.9777,493.3,38
2026-08-15 13:30:00+00:00,7.9781,7.98,7.9781,7.9786,155.6,27
2026-08-15 13:31:00+00:00,7.9785,7.9839,7.9785,7.9826,278.2,103
2026-08-15 13:32:00+00:00,7.9828,7.9831,7.9811,7.9811,610.4,45
2026-08-15 13:33:00+00:00,7.9794,7.9823,7.9782,7.9822,136.2,11
2026-08-15 13:34:00+00:00,7.9802,7.9802,7.9799,7.98,65.1,29
2026-08-15 13:35:00+00:00,7.98,7.98,7.98,7.98,0.0,0
2026-08-15 13:36:00+00:00,7.98,7.98,7.98,7.98,0.0,0
2026-08-15 13:37:00+00:00,7.98,7.98,7.98,7.98,0.0,0
2026-08-15 13:38:00+00:00,7.9842,7.9844,7.9842,7.9844,4.0,2
2026-08-15 13:39:00+00:00,7.9851,7.9854,7.9851,7.9854,46.0,23
2026-08-15 13:40:00+00:00,7.9854,7.9854,7.9854,7.9854,0.0,0
2026-08-15 13:41:00+00:00,7.9854,7.9854,7.9854,7.9854,0.0,0
2026-08-15 13:42:00+00:00,7.9807,7.9807,7.979,7.979,10.9,4
2026-08-15 13:43:00+00:00,7.9779,7.9785,7.9779,7.9782,68.5,27
2026-08-15 13:44:00+00:00,7.9785,7.9823,7.9739,7.9787,777.2,144
2026-08-15 13:45:00+00:00,7.9784,7.9784,7.97,7.9742,325.4,113
2026-08-15 13:46:00+00:00,7.9742,7.9742,7.9631,7.9656,168.7,98
2026-08-15 13:47:00+00:00,7.9656,7.9679,7.9547,7.9596,977.5,327
2026-08-15 13:48:00+00:00,7.9606,7.9635,7.9546,7.9566,689.4,196
2026-08-15 13:49:00+00:00,7.9564,7.9608,7.944,7.9464,619.6,221
2026-08-15 13:50:00+00:00,7.9472,7.9509,7.9442,7.9483,930.5,141
2026-08-15 13:51:00+00:00,7.9506,7.952,7.9462,7.9462,1155.1,155
2026-08-15 13:52:00+00:00,7.9466,7.9493,7.9426,7.9464,766.5,105
2026-08-15 13:53:00+00:00,7.946,7.9465,7.9362,7.9398,1793.4,163
2026-08-15 13:54:00+00:00,7.9395,7.9491,7.939,7.9401,1161.8,177
2026-08-15 13:55:00+00:00,7.9409,7.9456,7.9406,7.9428,1235.1,183
2026-08-15 13:56:00+00:00,7.9438,7.9499,7.9388,7.9413,803.4,66
2026-08-15 13:57:00+00:00,7.9406,7.9485,7.9406,7.9429,1033.2,80
2026-08-15 13:58:00+00:00,7.944,7.9475,7.9391,7.9425,959.0,182
2026-08-15 13:59:00+00:00,7.9426,7.9485,7.9426,7.9448,1139.7,73
2026-08-15 14:00:00+00:00,7.9442,7.9526,7.9442,7.9494,1021.6,83
2026-08-15 14:01:00+00:00,7.9484,7.9504,7.9448,7.9463,1023.9,147
2026-08-15 14:02:00+00:00,7.9471,7.9505,7.9469,7.9475,363.6,52
2026-08-15 14:03:00+00:00,7.9478,7.97,7.9478,7.9693,1903.5,133
2026-08-15 14:04:00+00:00,7.97,7.9943,7.97,7.9829,1527.8,255
2026-08-15 14:05:00+00:00,7.9903,7.9909,7.9731,7.9796,1790.5,330
2026-08-15 14:06:00+00:00,7.9791,7.9924,7.973,7.9791,2720.4,229
2026-08-15 14:07:00+00:00,7.9805,7.9887,7.9751,7.98,1464.1,300
2026-08-15 14:08:00+00:00,7.9785,7.9962,7.9761,7.988,2849.5,166
2026-08-15 14:09:00+00:00,7.9895,8.0,7.989,7.9953,1273.0,174
2026-08-15 14:10:00+00:00,7.9956,7.9956,7.9857,7.9913,3153.6,170
2026-08-15 14:11:00+00:00,7.9913,7.9913,7.9913,7.9913,0.0,0
2026-08-15 14:12:00+00:00,7.9913,7.9913,7.9913,7.9913,0.0,0
2026-08-15 14:13:00+00:00,7.9913,7.9913,7.9913,7.9913,0.0,0
2026-08-15 14:14:00+00:00,7.9836,7.9836,7.9789,7.979,1098.5,21
2026-08-15 14:15:00+00:00,7.9796,7.9882,7.9793,7.984,185.9,80
2026-08-15 14:16:00+00:00,7.9837,7.9848,7.9776,7.9827,852.8,121
2026-08-15 14:17:00+00:00,7.9827,7.9835,7.978,7.978,519.5,16
2026-08-15 14:18:00+00:00,7.9828,7.9828,7.9803,7.9806,114.9,69
2026-08-15 14:19:00+00:00,7.9806,7.9806,7.9806,7.9806,0.0,0
2026-08-15 14:20:00+00:00,7.9805,7.9808,7.9801,7.9801,22.4,12
2026-08-15 14:21:00+00:00,7.98,7.98,7.98,7.98,2.0,1
2026-08-15 14:22:00+00:00,7.9801,7.9808,7.9801,7.9808,10.0,5
2026-08-15 14:23:00+00:00,7.9809,7.9809,7.9809,7.9809,3.0,1
2026-08-15 14:24:00+00:00,7.982,7.982,7.981,7.981,3.5,2
2026-08-15 14:25:00+00:00,7.981,7.981,7.98,7.98,12.2,6
2026-08-15 14:26:00+00:00,7.98,7.98,7.98,7.98,0.0,0
2026-08-15 14:27:00+00:00,7.98,7.98,7.98,7.98,0.0,0
2026-08-15 14:28:00+00:00,7.98,7.98,7.98,7.98,0.0,0
2026-08-15 14:29:00+00:00,7.98,7.98,7.9798,7.98,21.6,8
2026-08-15 14:30:00+00:00,7.982,7.985,7.982,7.985,17.4,2
2026-08-15 14:31:00+00:00,7.985,7.985,7.985,7.985,0.0,0
2026-08-15 14:32:00+00:00,7.985,7.985,7.985,7.985,0.0,0
2026-08-15 14:33:00+00:00,7.9838,7.9838,7.9837,7.9837,4.0,2
2026-08-15 14:34:00+00:00,7.984,7.9851,7.984,7.9851,5.8,3
2026-08-15 14:35:00+00:00,7.9851,7.9851,7.9851,7.9851,0.0,0
2026-08-15 14:36:00+00:00,7.9851,7.9851,7.9851,7.9851,0.0,0
2026-08-15 14:37:00+00:00,7.9851,7.9878,7.9839,7.9839,105.9,4
2026-08-15 14:38:00+00:00,7.984,7.9847,7.9794,7.9845,34.3,17
2026-08-15 14:39:00+00:00,7.981,7.981,7.9809,7.9809,300.0,2
2026-08-15 14:40:00+00:00,7.9828,7.9838,7.9824,7.9837,50.0,19
2026-08-15 14:41:00+00:00,7.9837,7.9837,7.9837,7.9837,0.0,0
2026-08-15 14:42:00+00:00,7.9837,7.9837,7.9837,7.9837,0.0,0
2026-08-15 14:43:00+00:00,7.9837,7.9837,7.9837,7.9837,0.0,0
2026-08-15 14:44:00+00:00,7.979,7.979,7.9767,7.9767,122.2,63
2026-08-15 14:45:00+00:00,7.977,7.9772,7.9769,7.9772,31.2,21
2026-08-15 14:46:00+00:00,7.9764,7.9796,7.9718,7.978,182.4,75
2026-08-15 14:47:00+00:00,7.9779,7.98,7.9713,7.9719,646.5,176
2026-08-15 14:48:00+00:00,7.9716,7.972,7.9651,7.9698,227.5,34
2026-08-15 14:49:00+00:00,7.9726,7.9753,7.9651,7.9687,474.5,39
2026-08-15 14:50:00+00:00,7.974,7.9747,7.9702,7.9706,354.7,100
2026-08-15 14:51:00+00:00,7.9717,7.9717,7.9717,7.9717,2.0,1
2026-08-15 14:52:00+00:00,7.9758,7.9758,7.9758,7.9758,125.3,2
2026-08-15 14:53:00+00:00,7.9758,7.9758,7.9758,7.9758,0.0,0
2026-08-15 14:54:00+00:00,7.9758,7.9758,7.9758,7.9758,0.0,0
2026-08-15 14:55:00+00:00,7.9783,7.98,7.9755,7.9755,543.4,18
2026-08-15 14:56:00+00:00,7.9755,7.9755,7.9754,7.9754,3.0,2
2026-08-15 14:57:00+00:00,7.9754,7.9754,7.9754,7.9754,0.0,0
2026-08-15 14:58:00+00:00,7.9754,7.9754,7.9754,7.9754,0.0,0
2026-08-15 14:59:00+00:00,7.9754,7.9754,7.9754,7.9754,0.0,0
2026-08-15 15:00:00+00:00,7.9754,7.9754,7.9754,7.9754,0.0,0
2026-08-15 15:01:00+00:00,7.98,7.98,7.98,7.98,27.1,2
2026-08-15 15:02:00+00:00,7.9838,7.9866,7.9824,7.9866,265.4,10
2026-08-15 15:03:00+00:00,7.9891,7.9899,7.9866,7.9899,118.9,7
2026-08-15 15:04:00+00:00,7.9898,7.9899,7.9898,7.9899,81.7,4
2026-08-15 15:05:00+00:00,7.9879,7.9898,7.9879,7.9897,9.1,4
2026-08-15 15:06:00+00:00,7.9879,7.9895,7.9879,7.9895,7.1,2
2026-08-15 15:07:00+00:00,7.9893,8.0,7.9892,7.9897,696.4,17
2026-08-15 15:08:00+00:00,7.9899,7.9923,7.9849,7.9922,53.8,26
2026-08-15 15:09:00+00:00,7.9913,7.9922,7.985,7.9921,35.6,15
2026-08-15 15:10:00+00:00,7.992,7.9966,7.9897,7.9897,30.2,13
2026-08-15 15:11:00+00:00,7.997,7.9987,7.9894,7.9982,119.5,23
2026-08-15 15:12:00+00:00,7.9983,7.9992,7.9906,7.9992,567.9,175
2026-08-15 15:13:00+00:00,7.9956,7.9988,7.9946,7.9988,202.6,82
2026-08-15 15:14:00+00:00,7.9954,7.9985,7.9951,7.9985,70.1,23
2026-08-15 15:15:00+00:00,7.9948,7.9979,7.9948,7.9979,12.3,4
2026-08-15 15:16:00+00:00,7.9973,7.9998,7.9973,7.9998,9.3,4
2026-08-15 15:17:00+00:00,7.9965,7.9994,7.9965,7.9994,8.8,4
2026-08-15 15:18:00+00:00,7.9969,7.9992,7.9969,7.9982,7.8,4
2026-08-15 15:19:00+00:00,7.998,7.9981,7.9973,7.9973,8.2,4
2026-08-15 15:20:00+00:00,7.9987,7.9999,7.9987,7.9999,8.9,4
2026-08-15 15:21:00+00:00,7.9998,7.9999,7.9997,7.9999,10.2,4
2026-08-15 15:22:00+00:00,7.9997,7.9999,7.9997,7.9999,7.7,3
2026-08-15 15:23:00+00:00,7.9999,8.0,7.9998,8.0,8.0,4
2026-08-15 15:24:00+00:00,7.9998,8.0,7.9998,8.0,8.1,4
2026-08-15 15:25:00+00:00,8.0,8.0,7.9933,7.9999,143.5,7
2026-08-15 15:26:00+00:00,7.9999,7.9999,7.9966,7.9966,12.4,3
2026-08-15 15:27:00+00:00,7.9966,7.9969,7.9964,7.9967,48.2,28
2026-08-15 15:28:00+00:00,7.9959,7.9965,7.9959,7.9965,8.5,4
2026-08-15 15:29:00+00:00,7.9983,7.9983,7.9965,7.9966,8.6,3
2026-08-15 15:30:00+00:00,7.9963,7.9973,7.9963,7.9973,8.2,3
2026-08-15 15:31:00+00:00,7.9967,7.9991,7.9967,7.9991,8.0,3
2026-08-15 15:32:00+00:00,7.9953,7.9953,7.9892,7.995,293.7,42
2026-08-15 15:33:00+00:00,7.995,7.995,7.995,7.995,0.0,0
2026-08-15 15:34:00+00:00,7.995,7.995,7.995,7.995,0.0,0
2026-08-15 15:35:00+00:00,7.995,7.995,7.995,7.995,0.0,0
2026-08-15 15:36:00+00:00,7.9942,7.9977,7.9942,7.9977,28.3,8
2026-08-15 15:37:00+00:00,7.9907,7.9907,7.9907,7.9907,24.8,1
2026-08-15 15:38:00+00:00,7.99,7.99,7.9896,7.9896,28.3,3
2026-08-15 15:39:00+00:00,7.9927,7.9927,7.9927,7.9927,6.8,1
2026-08-15 15:40:00+00:00,7.9928,7.9929,7.9928,7.9929,3.4,3
2026-08-15 15:41:00+00:00,7.9929,7.9929,7.9929,7.9929,0.0,0
2026-08-15 15:42:00+00:00,7.9911,7.9911,7.9911,7.9911,1.7,1
2026-08-15 15:43:00+00:00,7.9911,7.9911,7.9911,7.9911,0.0,0
2026-08-15 15:44:00+00:00,7.9911,7.9911,7.9911,7.9911,0.0,0
2026-08-15 15:45:00+00:00,7.9911,7.9911,7.9911,7.9911,0.0,0
2026-08-15 15:46:00+00:00,7.9911,7.9911,7.9911,7.9911,0.0,0
2026-08-15 15:47:00+00:00,7.9908,7.9909,7.9881,7.9909,157.0,18
2026-08-15 15:48:00+00:00,7.9906,7.9906,7.9903,7.9903,14.7,5
2026-08-15 15:49:00+00:00,7.9909,7.9909,7.9829,7.9837,693.3,179
2026-08-15 15:50:00+00:00,7.9833,7.9838,7.9833,7.9838,287.5,107
2026-08-15 15:51:00+00:00,7.9883,7.989,7.9833,7.9833,211.0,5
2026-08-15 15:52:00+00:00,7.9833,7.9833,7.9833,7.9833,0.0,0
2026-08-15 15:53:00+00:00,7.9833,7.9833,7.9833,7.9833,0.0,0
2026-08-15 15:54:00+00:00,7.9855,7.9877,7.9833,7.9874,727.2,20
2026-08-15 15:55:00+00:00,7.9877,7.9878,7.9833,7.9833,1034.1,17
2026-08-15 15:56:00+00:00,7.9833,7.9833,7.9651,7.9741,1351.7,153
2026-08-15 15:57:00+00:00,7.9751,7.9753,7.9751,7.9753,17.1,12
2026-08-15 15:58:00+00:00,7.9757,7.976,7.9757,7.976,4.6,4
2026-08-15 15:59:00+00:00,7.9783,7.9784,7.9783,7.9784,34.1,14
2026-08-15 16:00:00+00:00,7.9798,7.9889,7.9798,7.9888,589.7,92
2026-08-15 16:01:00+00:00,7.9817,7.9875,7.9817,7.9835,256.6,25
2026-08-15 16:02:00+00:00,7.9835,7.9849,7.9835,7.9836,29.1,8
2026-08-15 16:03:00+00:00,7.9835,7.9864,7.9835,7.9841,483.6,99
2026-08-15 16:04:00+00:00,7.9835,7.9999,7.9835,7.9906,751.9,88
2026-08-15 16:05:00+00:00,7.9907,7.9981,7.9907,7.9979,419.3,43
2026-08-15 16:06:00+00:00,7.9985,7.9985,7.9982,7.9982,24.8,9
2026-08-15 16:07:00+00:00,7.9982,8.0,7.9978,7.9996,44.9,17
2026-08-15 16:08:00+00:00,7.9996,7.9996,7.9703,7.9859,617.5,117
2026-08-15 16:09:00+00:00,7.9859,7.9918,7.9857,7.9907,661.7,220
2026-08-15 16:10:00+00:00,7.991,7.9969,7.991,7.9969,124.8,18
2026-08-15 16:11:00+00:00,7.9969,7.9969,7.9622,7.9872,302.8,26
2026-08-15 16:12:00+00:00,7.9872,7.9872,7.9872,7.9872,0.0,0
2026-08-15 16:13:00+00:00,7.9872,7.9872,7.9872,7.9872,0.0,0
2026-08-15 16:14:00+00:00,7.9872,7.9872,7.9872,7.9872,0.0,0
2026-08-15 16:15:00+00:00,7.9881,7.993,7.9881,7.9892,280.3,35
2026-08-15 16:16:00+00:00,7.9892,7.9892,7.9892,7.9892,0.0,0
2026-08-15 16:17:00+00:00,7.9904,7.9907,7.9904,7.9907,3.8,2
2026-08-15 16:18:00+00:00,7.9911,7.9912,7.9892,7.9892,152.2,11
2026-08-15 16:19:00+00:00,7.9907,7.9907,7.9892,7.9892,83.0,2
2026-08-15 16:20:00+00:00,7.9917,7.9917,7.9912,7.9912,10.0,4
2026-08-15 16:21:00+00:00,7.9912,7.9912,7.9912,7.9912,0.0,0
2026-08-15 16:22:00+00:00,7.9912,7.9912,7.9912,7.9912,0.0,0
2026-08-15 16:23:00+00:00,7.9912,7.9912,7.9912,7.9912,0.0,0
2026-08-15 16:24:00+00:00,7.9976,8.0,7.9956,7.996,191.8,6
2026-08-15 16:25:00+00:00,7.9971,7.9971,7.9965,7.9965,10.0,4
2026-08-15 16:26:00+00:00,7.9971,7.9971,7.9965,7.9965,10.0,4
2026-08-15 16:27:00+00:00,7.9972,7.9972,7.9966,7.9966,10.0,4
2026-08-15 16:28:00+00:00,7.9972,7.9977,7.9956,7.9973,20.0,6
2026-08-15 16:29:00+00:00,7.9973,7.9973,7.9973,7.9973,0.0,0
2026-08-15 16:30:00+00:00,7.9989,8.0081,7.9979,8.005,1203.8,212
2026-08-15 16:31:00+00:00,8.0053,8.0098,7.9722,7.9932,4096.3,417
2026-08-15 16:32:00+00:00,7.9932,7.9932,7.9932,7.9932,0.0,0
2026-08-15 16:33:00+00:00,7.9946,7.9947,7.9945,7.9947,6.0,4
2026-08-15 16:34:00+00:00,7.9929,7.9936,7.9929,7.9932,13.0,5
2026-08-15 16:35:00+00:00,7.9952,7.9961,7.9944,7.9961,288.1,98
2026-08-15 16:36:00+00:00,7.9961,7.9961,7.9961,7.9961,0.0,0
2026-08-15 16:37:00+00:00,7.9964,7.9995,7.9964,7.9995,148.2,4
2026-08-15 16:38:00+00:00,7.9995,7.9995,7.9995,7.9995,0.0,0
2026-08-15 16:39:00+00:00,7.9964,7.9964,7.9964,7.9964,2.0,1
2026-08-15 16:40:00+00:00,7.9972,7.9973,7.9968,7.9968,5.0,3
2026-08-15 16:41:00+00:00,7.9971,7.9971,7.9964,7.9964,30.0,13
2026-08-15 16:42:00+00:00,7.9964,7.9964,7.9964,7.9964,0.0,0
2026-08-15 16:43:00+00:00,7.9964,7.9964,7.9964,7.9964,0.0,0
2026-08-15 16:44:00+00:00,7.9966,7.9966,7.9963,7.9963,10.0,4
2026-08-15 16:45:00+00:00,7.9963,7.9963,7.9963,7.9963,0.0,0
2026-08-15 16:46:00+00:00,7.9963,7.9963,7.9963,7.9963,0.0,0
2026-08-15 16:47:00+00:00,7.9963,7.9963,7.9963,7.9963,0.0,0
2026-08-15 16:48:00+00:00,7.9963,7.9963,7.9963,7.9963,0.0,0
2026-08-15 16:49:00+00:00,7.9963,7.9963,7.9963,7.9963,0.0,0
2026-08-15 16:50:00+00:00,7.9963,7.9963,7.9963,7.9963,0.0,0
2026-08-15 16:51:00+00:00,7.9963,7.9963,7.9963,7.9963,0.0,0
2026-08-15 16:52:00+00:00,7.9963,7.9963,7.9963,7.9963,0.0,0
2026-08-15 16:53:00+00:00,7.9984,7.9985,7.9944,7.998,80.7,26
2026-08-15 16:54:00+00:00,7.9983,7.9983,7.998,7.998,10.0,4
2026-08-15 16:55:00+00:00,7.998,7.998,7.998,7.998,0.0,0
2026-08-15 16:56:00+00:00,7.998,7.998,7.998,7.998,0.0,0
2026-08-15 16:57:00+00:00,7.998,7.998,7.998,7.998,0.0,0
2026-08-15 16:58:00+00:00,7.998,7.998,7.998,7.998,0.0,0
2026-08-15 16:59:00+00:00,7.998,7.998,7.998,7.998,0.0,0
2026-08-15 17:00:00+00:00,7.998,7.998,7.998,7.998,0.0,0
2026-08-15 17:01:00+00:00,7.998,7.998,7.998,7.998,0.0,0
2026-08-15 17:02:00+00:00,7.9944,7.9944,7.9944,7.9944,1.9,1
2026-08-15 17:03:00+00:00,7.9944,7.9944,7.9944,7.9944,0.0,0
2026-08-15 17:04:00+00:00,7.9944,7.9944,7.9944,7.9944,15.1,1
2026-08-15 17:05:00+00:00,7.9989,7.9989,7.9989,7.9989,25.4,1
2026-08-15 17:06:00+00:00,7.9989,7.9989,7.9989,7.9989,0.0,0
2026-08-15 17:07:00+00:00,7.9989,7.9989,7.9989,7.9989,0.0,0
2026-08-15 17:08:00+00:00,7.9989,7.9989,7.9989,7.9989,0.0,0
2026-08-15 17:09:00+00:00,7.9989,7.9989,7.9989,7.9989,0.0,0
2026-08-15 17:10:00+00:00,7.9989,7.9989,7.9989,7.9989,0.0,0
2026-08-15 17:11:00+00:00,7.9989,7.9989,7.9989,7.9989,0.0,0
2026-08-15 17:12:00+00:00,7.9989,7.9989,7.9989,7.9989,0.0,0
2026-08-15 17:13:00+00:00,7.9989,7.9989,7.9989,7.9989,0.0,0
2026-08-15 17:14:00+00:00,7.9927,7.996,7.9927,7.993,75.9,50
2026-08-15 17:15:00+00:00,7.9959,7.9959,7.9959,7.9959,23.0,1
2026-08-15 17:16:00+00:00,7.9959,7.9959,7.9959,7.9959,0.0,0
2026-08-15 17:17:00+00:00,7.9931,7.9935,7.984,7.984,948.9,98
2026-08-15 17:18:00+00:00,7.9886,7.9886,7.9859,7.9859,341.0,130
2026-08-15 17:19:00+00:00,7.9862,7.9865,7.9859,7.9865,122.6,47
2026-08-15 17:20:00+00:00,7.9798,7.98,7.9711,7.9771,283.8,142
2026-08-15 17:21:00+00:00,7.9759,7.9773,7.9739,7.9766,782.7,101
