ts,open,high,low,close,volume,trades
2026-07-15 01:30:00+00:00,6.0,6.0,6.0,6.0,3.8,1
2026-07-15 01:45:00+00:00,6.0,6.0,6.0,6.0,5873.1,35
2026-07-15 02:00:00+00:00,6.0,6.0,6.0,6.0,11175.2,17
2026-07-15 02:15:00+00:00,6.0,6.0,6.0,6.0,82834.0,74
2026-07-15 02:30:00+00:00,6.0,6.0,6.0,6.0,17369.6,12
2026-07-15 02:45:00+00:00,6.0,7.2,6.0,7.2,45403.0,65
2026-07-15 03:00:00+00:00,7.2,7.2,7.2,7.2,14638.1,15
2026-07-15 03:15:00+00:00,7.2,7.2,7.2,7.2,4375.0,48
2026-07-15 03:30:00+00:00,7.2,7.2,7.2,7.2,29263.8,22
2026-07-15 03:45:00+00:00,7.2,7.2,7.2,7.2,93.4,6
2026-07-15 04:00:00+00:00,7.2,8.64,7.2,8.309,665245.5,2170
2026-07-15 04:15:00+00:00,8.3291,8.45,8.08,8.1459,295107.8,2693
2026-07-15 04:30:00+00:00,8.1984,8.21,7.71,7.7274,194548.6,1577
2026-07-15 04:45:00+00:00,7.812,7.84,7.5636,7.7616,344533.9,2151
2026-07-15 05:00:00+00:00,7.77,7.8096,7.6,7.6068,270343.4,1675
2026-07-15 05:15:00+00:00,7.6261,7.672,7.21,7.3255,382729.3,2477
2026-07-15 05:30:00+00:00,7.326,7.346,7.2,7.329,256387.6,1583
2026-07-15 05:45:00+00:00,7.3278,7.611,7.2,7.3478,263230.1,1441
2026-07-15 06:00:00+00:00,7.34,7.39,7.2936,7.3195,132406.7,1616
2026-07-15 06:15:00+00:00,7.3195,7.365,7.195,7.2101,142114.4,1532
2026-07-15 06:30:00+00:00,7.2298,7.2728,7.1,7.2724,163277.8,1427
2026-07-15 06:45:00+00:00,7.253,7.3829,7.1244,7.2277,87194.7,814
2026-07-15 07:00:00+00:00,7.1937,7.741,7.16,7.6865,144291.0,1363
2026-07-15 07:15:00+00:00,7.638,7.756,7.42,7.756,191977.9,1444
2026-07-15 07:30:00+00:00,7.7502,7.8,7.4501,7.628,143005.9,1106
2026-07-15 07:45:00+00:00,7.6114,7.88,7.6,7.6211,76571.4,922
2026-07-15 08:00:00+00:00,7.6214,7.85,7.6213,7.8378,77488.0,946
2026-07-15 08:15:00+00:00,7.8378,7.8492,7.6,7.7031,65538.7,836
2026-07-15 08:30:00+00:00,7.7031,8.488,7.6791,8.368,440587.9,3067
2026-07-15 08:45:00+00:00,8.368,8.368,8.056,8.1205,116079.8,1094
2026-07-15 09:00:00+00:00,8.1486,8.38,8.0323,8.0509,84073.0,1216
2026-07-15 09:15:00+00:00,8.0776,8.36,8.0323,8.0666,95062.6,1143
2026-07-15 09:30:00+00:00,8.0666,8.1733,7.9887,8.1511,49486.8,1218
2026-07-15 09:45:00+00:00,8.1511,8.3532,8.0794,8.2651,52148.8,1191
2026-07-15 10:00:00+00:00,8.2661,8.39,8.06,8.1151,78554.2,899
2026-07-15 10:15:00+00:00,8.1175,8.1532,7.9585,8.0327,24796.9,409
2026-07-15 10:30:00+00:00,8.0328,8.0695,7.8,8.0,55839.6,641
2026-07-15 10:45:00+00:00,8.0045,8.0152,7.7908,7.94,40775.4,612
2026-07-15 11:00:00+00:00,7.9326,7.975,7.8613,7.8859,13667.7,389
2026-07-15 11:15:00+00:00,7.8859,7.9974,7.8859,7.893,29830.3,560
2026-07-15 11:30:00+00:00,7.893,7.8965,7.73,7.7333,22171.2,534
2026-07-15 11:45:00+00:00,7.73,7.9744,7.7,7.9744,23320.9,675
2026-07-15 12:00:00+00:00,7.9699,7.98,7.9,7.9272,14857.7,657
2026-07-15 12:15:00+00:00,7.9299,7.95,7.7814,7.876,14723.5,682
2026-07-15 12:30:00+00:00,7.8799,7.8799,7.6,7.6,36371.0,1004
2026-07-15 12:45:00+00:00,7.6,7.625,7.3276,7.4,159798.9,2037
2026-07-15 13:00:00+00:00,7.4,7.6,7.3,7.378,103002.6,1569
2026-07-15 13:15:00+00:00,7.378,7.7033,7.3426,7.7033,72469.6,1942
2026-07-15 13:30:00+00:00,7.6872,7.7033,7.4213,7.4213,30162.4,682
2026-07-15 13:45:00+00:00,7.4148,7.5001,7.35,7.4896,65171.4,734
2026-07-15 14:00:00+00:00,7.4999,7.5525,7.35,7.4089,39800.3,746
2026-07-15 14:15:00+00:00,7.4189,7.5498,7.345,7.3699,30445.8,593
2026-07-15 14:30:00+00:00,7.3699,7.4359,7.341,7.3958,45736.2,923
2026-07-15 14:45:00+00:00,7.3653,7.448,7.3519,7.3852,39207.2,923
2026-07-15 15:00:00+00:00,7.4085,7.4384,7.354,7.3904,32082.1,858
2026-07-15 15:15:00+00:00,7.3993,7.7399,7.38,7.5549,70971.5,1693
2026-07-15 15:30:00+00:00,7.5549,7.6173,7.5548,7.5614,6481.6,231
2026-07-15 15:45:00+00:00,7.5925,7.7799,7.341,7.5579,87011.3,979
2026-07-15 16:00:00+00:00,7.5201,7.58,7.45,7.5342,17805.5,524
2026-07-15 16:15:00+00:00,7.5342,7.568,7.38,7.5151,46393.7,558
2026-07-15 16:30:00+00:00,7.5151,7.5877,7.4722,7.5355,23966.8,704
2026-07-15 16:45:00+00:00,7.5342,7.59,7.5121,7.5674,7906.5,283
2026-07-15 17:00:00+00:00,7.5674,7.5835,7.4385,7.5296,24810.3,409
2026-07-15 17:15:00+00:00,7.5002,7.6,7.5002,7.59,8836.6,357
2026-07-15 17:30:00+00:00,7.5902,7.6595,7.5536,7.632,16156.6,848
2026-07-15 17:45:00+00:00,7.5971,7.6541,7.5504,7.5682,13340.2,944
2026-07-15 18:00:00+00:00,7.5535,7.6594,7.5524,7.614,12308.4,784
2026-07-15 18:15:00+00:00,7.6057,7.6364,7.5894,7.5999,3393.3,262
2026-07-15 18:30:00+00:00,7.5999,7.6019,7.5819,7.5989,9552.5,392
2026-07-15 18:45:00+00:00,7.5886,7.6121,7.5843,7.5996,8785.6,327
2026-07-15 19:00:00+00:00,7.5942,7.6011,7.5823,7.6005,2354.2,319
2026-07-15 19:15:00+00:00,7.5895,7.6011,7.351,7.4464,51900.7,620
2026-07-15 19:30:00+00:00,7.445,7.5195,7.4179,7.5,30948.0,758
2026-07-15 19:45:00+00:00,7.5001,7.5415,7.4621,7.5272,8178.0,291
2026-07-15 20:00:00+00:00,7.5272,7.6169,7.38,7.4405,12177.0,329
2026-07-15 20:15:00+00:00,7.4364,7.4385,7.38,7.3842,5281.9,216
2026-07-15 20:30:00+00:00,7.3993,7.4116,7.3829,7.3902,2261.2,117
2026-07-15 20:45:00+00:00,7.3902,7.3914,7.382,7.382,1304.5,96
2026-07-15 21:00:00+00:00,7.3848,7.4013,7.3805,7.4013,3273.0,128
2026-07-15 21:15:00+00:00,7.4012,7.4187,7.4012,7.4186,1953.6,165
2026-07-15 21:30:00+00:00,7.4186,7.4385,7.371,7.4385,5779.0,491
2026-07-15 21:45:00+00:00,7.4385,7.47,7.3753,7.4543,8854.3,301
2026-07-15 22:00:00+00:00,7.4537,7.4537,7.358,7.3911,6977.3,193
2026-07-15 22:15:00+00:00,7.3751,7.437,7.351,7.41,9986.3,642
2026-07-15 22:30:00+00:00,7.409,7.428,7.3719,7.4154,3140.2,534
2026-07-15 22:45:00+00:00,7.4144,7.4415,7.3512,7.3802,12722.6,409
2026-07-15 23:00:00+00:00,7.3869,7.41,7.3869,7.3879,2927.4,129
2026-07-15 23:15:00+00:00,7.3988,7.4418,7.3939,7.4014,3251.8,135
2026-07-15 23:30:00+00:00,7.4013,7.4163,7.3981,7.4069,1646.6,98
2026-07-15 23:45:00+00:00,7.4069,7.4232,7.4,7.4207,1512.4,68
2026-07-16 00:00:00+00:00,7.423,7.423,7.398,7.4,6976.1,173
2026-07-16 00:15:00+00:00,7.4128,7.45,7.398,7.398,15561.9,319
2026-07-16 00:30:00+00:00,7.4152,7.4316,7.398,7.4051,8638.6,483
2026-07-16 00:45:00+00:00,7.4051,7.4518,7.398,7.4508,9170.1,219
2026-07-16 01:00:00+00:00,7.4516,7.47,7.4236,7.4521,4985.2,178
2026-07-16 01:15:00+00:00,7.4591,7.46,7.31,7.3178,116735.5,377
2026-07-16 01:30:00+00:00,7.3363,7.4085,7.2869,7.3196,45499.2,520
2026-07-16 01:45:00+00:00,7.3195,7.4,7.29,7.3933,16066.3,847
2026-07-16 02:00:00+00:00,7.3931,7.4,7.34,7.362,10900.6,715
2026-07-16 02:15:00+00:00,7.3611,7.3689,7.336,7.3635,5671.2,416
2026-07-16 02:30:00+00:00,7.3632,7.365,7.3107,7.3191,11031.7,182
2026-07-16 02:45:00+00:00,7.334,7.3378,7.3,7.31,21940.6,362
2026-07-16 03:00:00+00:00,7.3199,7.3259,7.28,7.3257,50956.3,353
2026-07-16 03:15:00+00:00,7.3256,7.3256,7.285,7.3112,6923.0,285
2026-07-16 03:30:00+00:00,7.3109,7.3259,7.285,7.3021,9340.5,214
2026-07-16 03:45:00+00:00,7.3148,7.3148,7.2759,7.2766,12857.9,250
2026-07-16 04:00:00+00:00,7.2954,7.2984,7.2241,7.231,35382.1,443
2026-07-16 04:15:00+00:00,7.2436,7.3062,7.221,7.2586,30138.9,276
2026-07-16 04:30:00+00:00,7.2736,7.299,7.21,7.2212,135908.5,470
2026-07-16 04:45:00+00:00,7.2395,7.24,7.2111,7.2186,6256.6,171
2026-07-16 05:00:00+00:00,7.2249,7.2684,7.2186,7.2358,5473.9,162
2026-07-16 05:15:00+00:00,7.2484,7.26,7.2261,7.2261,4777.1,158
2026-07-16 05:30:00+00:00,7.2293,7.2413,7.2257,7.2276,4859.1,152
2026-07-16 05:45:00+00:00,7.2343,7.2517,7.2276,7.2358,1370.4,122
2026-07-16 06:00:00+00:00,7.246,7.3259,7.2305,7.2815,17464.3,225
2026-07-16 06:15:00+00:00,7.2849,7.4156,7.2512,7.3611,19018.3,199
2026-07-16 06:30:00+00:00,7.3867,7.4197,7.3525,7.3525,5289.8,212
2026-07-16 06:45:00+00:00,7.3525,7.3686,7.3,7.3143,5983.8,228
2026-07-16 07:00:00+00:00,7.315,7.3219,7.238,7.2401,23527.3,220
2026-07-16 07:15:00+00:00,7.2402,7.299,7.238,7.244,10884.2,236
2026-07-16 07:30:00+00:00,7.244,7.2556,7.24,7.24,2843.7,102
2026-07-16 07:45:00+00:00,7.24,7.2498,7.233,7.2342,17263.1,523
2026-07-16 08:00:00+00:00,7.2344,7.2628,7.234,7.236,12164.8,486
2026-07-16 08:15:00+00:00,7.236,7.249,7.22,7.22,19953.0,248
2026-07-16 08:30:00+00:00,7.22,7.2319,7.212,7.215,14349.8,351
2026-07-16 08:45:00+00:00,7.2151,7.263,7.21,7.2101,29555.5,457
2026-07-16 09:00:00+00:00,7.21,7.2274,7.21,7.214,10454.8,140
2026-07-16 09:15:00+00:00,7.2168,7.2296,7.214,7.22,10322.0,303
2026-07-16 09:30:00+00:00,7.22,7.2279,7.2111,7.2116,13114.7,228
2026-07-16 09:45:00+00:00,7.2113,7.2246,7.2102,7.212,5295.9,184
2026-07-16 10:00:00+00:00,7.212,7.2267,7.212,7.213,13534.1,116
2026-07-16 10:15:00+00:00,7.213,7.2267,7.1566,7.187,204729.1,553
2026-07-16 10:30:00+00:00,7.182,7.2248,7.158,7.1951,9025.8,608
2026-07-16 10:45:00+00:00,7.2043,7.2267,7.1737,7.18,10781.6,254
2026-07-16 11:00:00+00:00,7.1801,7.2582,7.18,7.2581,11839.1,459
2026-07-16 11:15:00+00:00,7.2583,7.37,7.2268,7.3617,15765.1,609
2026-07-16 11:30:00+00:00,7.3699,7.399,7.3132,7.336,9054.4,854
2026-07-16 11:45:00+00:00,7.336,7.336,7.2695,7.29,8439.5,561
2026-07-16 12:00:00+00:00,7.29,7.3,7.2839,7.293,771.0,134
2026-07-16 12:15:00+00:00,7.2994,7.2994,7.1756,7.18,8760.0,217
2026-07-16 12:30:00+00:00,7.1975,7.2026,7.15,7.1625,34650.3,336
2026-07-16 12:45:00+00:00,7.1689,7.18,7.165,7.1717,9032.8,296
2026-07-16 13:00:00+00:00,7.1787,7.18,7.169,7.169,4526.1,148
2026-07-16 13:15:00+00:00,7.1691,7.1691,7.02,7.0741,156534.6,1185
2026-07-16 13:30:00+00:00,7.0842,7.1254,7.0396,7.1234,12839.0,503
2026-07-16 13:45:00+00:00,7.1248,7.1451,7.0678,7.1413,13131.6,318
2026-07-16 14:00:00+00:00,7.1449,7.1691,7.1017,7.1017,5965.1,227
2026-07-16 14:15:00+00:00,7.1081,7.1667,7.1,7.1326,6277.2,240
2026-07-16 14:30:00+00:00,7.144,7.1629,7.1338,7.1501,1057.9,122
2026-07-16 14:45:00+00:00,7.15,7.2,7.1463,7.1896,13428.6,187
2026-07-16 15:00:00+00:00,7.1895,7.2,7.1879,7.1884,1128.5,78
2026-07-16 15:15:00+00:00,7.1884,7.189,7.1721,7.1771,2470.4,113
2026-07-16 15:30:00+00:00,7.1771,7.1843,7.1243,7.135,4741.7,147
2026-07-16 15:45:00+00:00,7.135,7.14,7.126,7.132,3967.8,118
2026-07-16 16:00:00+00:00,7.132,7.132,7.07,7.0709,7746.9,188
2026-07-16 16:15:00+00:00,7.0815,7.14,7.0704,7.1267,2489.8,159
2026-07-16 16:30:00+00:00,7.1354,7.1356,7.07,7.0778,2271.5,169
2026-07-16 16:45:00+00:00,7.0844,7.0919,7.07,7.0715,3262.3,170
2026-07-16 17:00:00+00:00,7.0827,7.1197,7.07,7.0889,3242.8,187
2026-07-16 17:15:00+00:00,7.0984,7.1704,7.05,7.0726,15541.7,246
2026-07-16 17:30:00+00:00,7.0862,7.0862,7.07,7.0705,12649.7,127
2026-07-16 17:45:00+00:00,7.0765,7.148,7.0,7.058,47981.5,1315
2026-07-16 18:00:00+00:00,7.058,7.134,7.0124,7.0497,6661.4,256
2026-07-16 18:15:00+00:00,7.0497,7.074,6.99,7.0181,82284.0,720
2026-07-16 18:30:00+00:00,7.0307,7.0458,7.0145,7.0291,284.3,100
2026-07-16 18:45:00+00:00,7.0428,7.0752,7.0144,7.02,1809.9,186
2026-07-16 19:00:00+00:00,7.02,7.0456,7.0144,7.0145,2756.6,220
2026-07-16 19:15:00+00:00,7.0145,7.02,6.966,6.9685,20371.2,211
2026-07-16 19:30:00+00:00,6.9777,7.1448,6.9541,7.1304,43997.3,676
2026-07-16 19:45:00+00:00,7.1445,7.1446,7.01,7.0825,10464.2,436
2026-07-16 20:00:00+00:00,7.0898,7.09,7.0669,7.0787,3535.9,132
2026-07-16 20:15:00+00:00,7.0788,7.09,7.01,7.01,4061.6,301
2026-07-16 20:30:00+00:00,7.01,7.079,7.01,7.0361,2966.3,360
2026-07-16 20:45:00+00:00,7.05,7.05,7.0021,7.0414,610.0,132
2026-07-16 21:00:00+00:00,7.0494,7.09,7.0405,7.0571,5588.4,346
2026-07-16 21:15:00+00:00,7.0699,7.09,6.9541,6.9631,20000.7,277
2026-07-16 21:30:00+00:00,6.9631,7.0272,6.93,6.9868,19652.5,186
2026-07-16 21:45:00+00:00,6.9931,7.0208,6.9601,7.0115,2804.1,124
2026-07-16 22:00:00+00:00,7.0119,7.044,6.936,6.9958,7288.0,375
2026-07-16 22:15:00+00:00,7.0084,7.0708,6.9754,6.9931,3359.0,155
2026-07-16 22:30:00+00:00,6.9931,7.0019,6.9625,6.9664,955.3,70
2026-07-16 22:45:00+00:00,6.9664,6.9973,6.9253,6.9605,7567.4,174
2026-07-16 23:00:00+00:00,6.9609,6.98,6.91,6.9397,13970.1,193
2026-07-16 23:15:00+00:00,6.9449,6.9449,6.9216,6.9267,1497.0,186
2026-07-16 23:30:00+00:00,6.9278,6.9428,6.91,6.9325,37012.8,263
2026-07-16 23:45:00+00:00,6.9351,7.03,6.91,6.991,46140.0,182
2026-07-17 00:00:00+00:00,6.9912,7.11,6.9237,6.9885,19085.6,389
2026-07-17 00:15:00+00:00,6.9979,7.0015,6.91,6.936,20312.4,303
2026-07-17 00:30:00+00:00,6.938,6.9764,6.91,6.9187,7616.8,276
2026-07-17 00:45:00+00:00,6.9289,6.99,6.9112,6.9246,23028.8,344
2026-07-17 01:00:00+00:00,6.9246,6.9614,6.9121,6.9211,4774.9,234
2026-07-17 01:15:00+00:00,6.9203,6.9206,6.9112,6.9112,5204.5,76
2026-07-17 01:30:00+00:00,6.9112,6.92,6.868,6.868,76422.1,234
2026-07-17 01:45:00+00:00,6.868,6.868,6.7959,6.7959,41754.4,356
2026-07-17 02:00:00+00:00,6.7959,6.8025,6.77,6.7809,32642.9,247
2026-07-17 02:15:00+00:00,6.781,6.8435,6.76,6.7705,16828.4,216
2026-07-17 02:30:00+00:00,6.7624,6.7901,6.7393,6.7398,9016.0,204
2026-07-17 02:45:00+00:00,6.7398,6.7558,6.72,6.7203,12378.2,252
2026-07-17 03:00:00+00:00,6.7203,6.8188,6.72,6.7389,16889.8,239
2026-07-17 03:15:00+00:00,6.7389,6.8035,6.721,6.7306,14735.8,242
2026-07-17 03:30:00+00:00,6.7307,6.8233,6.7265,6.7485,6259.8,155
2026-07-17 03:45:00+00:00,6.7514,6.7895,6.747,6.7509,2923.5,82
2026-07-17 04:00:00+00:00,6.7515,7.03,6.75,6.9992,23024.3,623
2026-07-17 04:15:00+00:00,6.9979,7.08,6.8942,6.9374,24474.4,485
2026-07-17 04:30:00+00:00,6.933,7.042,6.8646,6.9732,29436.9,595
2026-07-17 04:45:00+00:00,6.9784,7.06,6.9784,7.0508,27653.8,319
2026-07-17 05:00:00+00:00,7.0584,7.06,6.9,6.9067,23584.8,1246
2026-07-17 05:15:00+00:00,6.9078,7.041,6.8555,6.9866,35368.0,929
2026-07-17 05:30:00+00:00,6.9866,7.0308,6.9675,7.0046,15141.1,710
2026-07-17 05:45:00+00:00,7.0046,7.047,6.9874,7.0014,23246.2,1146
2026-07-17 06:00:00+00:00,7.0014,7.05,7.0014,7.05,25334.7,290
2026-07-17 06:15:00+00:00,7.05,7.15,7.0448,7.134,59291.8,491
2026-07-17 06:30:00+00:00,7.137,7.15,7.0692,7.1,17804.6,271
2026-07-17 06:45:00+00:00,7.1,7.25,7.0999,7.18,44221.1,460
2026-07-17 07:00:00+00:00,7.18,7.224,6.99,7.0796,47875.1,650
2026-07-17 07:15:00+00:00,7.0796,7.2459,7.0602,7.2238,58935.2,498
2026-07-17 07:30:00+00:00,7.1962,7.284,7.113,7.19,34152.4,584
2026-07-17 07:45:00+00:00,7.2244,7.295,7.2019,7.2563,23408.7,656
2026-07-17 08:00:00+00:00,7.2565,7.2991,7.0,7.0923,52471.0,1427
2026-07-17 08:15:00+00:00,7.0926,7.1499,6.93,6.98,20123.1,967
2026-07-17 08:30:00+00:00,6.9801,7.0576,6.9473,6.958,16514.0,948
2026-07-17 08:45:00+00:00,6.958,6.9982,6.91,6.93,21076.5,1188
2026-07-17 09:00:00+00:00,6.93,7.0096,6.91,6.9955,27353.9,1085
2026-07-17 09:15:00+00:00,6.9957,7.0238,6.95,7.013,22471.4,948
2026-07-17 09:30:00+00:00,7.0112,7.069,7.0078,7.0341,17624.0,818
2026-07-17 09:45:00+00:00,7.0341,7.0797,7.0283,7.0463,17007.0,781
2026-07-17 10:00:00+00:00,7.0425,7.0569,6.95,7.0075,19097.6,790
2026-07-17 10:15:00+00:00,7.0077,7.067,7.0077,7.039,15536.3,666
2026-07-17 10:30:00+00:00,7.046,7.28,6.9828,7.2487,28154.8,843
2026-07-17 10:45:00+00:00,7.2131,7.2657,6.9,6.916,32058.3,1063
2026-07-17 11:00:00+00:00,6.9108,6.9686,6.91,6.9684,18582.9,849
2026-07-17 11:15:00+00:00,6.9509,6.9684,6.9286,6.93,13885.2,629
2026-07-17 11:30:00+00:00,6.9404,6.9576,6.905,6.9067,14289.0,362
2026-07-17 11:45:00+00:00,6.9189,6.9814,6.905,6.905,14477.5,317
2026-07-17 12:00:00+00:00,6.9223,6.9665,6.88,6.9665,21938.2,247
2026-07-17 12:15:00+00:00,6.9573,7.0649,6.9485,7.0296,15284.3,914
2026-07-17 12:30:00+00:00,7.0246,7.2431,6.9734,6.9934,33346.5,694
2026-07-17 12:45:00+00:00,6.9925,7.0,6.8606,6.876,36017.4,959
2026-07-17 13:00:00+00:00,6.876,6.9005,6.8606,6.895,13047.4,823
2026-07-17 13:15:00+00:00,6.8969,6.9572,6.862,6.8999,19979.3,653
2026-07-17 13:30:00+00:00,6.8999,6.9699,6.8606,6.89,27046.4,1223
2026-07-17 13:45:00+00:00,6.8883,6.89,6.8202,6.8724,32954.4,379
2026-07-17 14:00:00+00:00,6.8691,7.0167,6.8617,7.0167,24707.0,574
2026-07-17 14:15:00+00:00,7.0055,7.1061,6.9852,7.08,34747.1,470
2026-07-17 14:30:00+00:00,7.077,7.08,6.9146,6.9663,4431.1,181
2026-07-17 14:45:00+00:00,6.9855,7.0467,6.92,7.0007,12129.1,621
2026-07-17 15:00:00+00:00,7.019,7.1,6.9249,6.9936,16461.6,774
2026-07-17 15:15:00+00:00,6.9911,7.0139,6.9,6.95,4288.9,257
2026-07-17 15:30:00+00:00,6.975,7.0679,6.9734,7.02,6901.1,146
2026-07-17 15:45:00+00:00,7.0338,7.0627,7.02,7.02,2563.6,61
2026-07-17 16:00:00+00:00,7.02,7.0629,6.98,7.022,3000.0,111
2026-07-17 16:15:00+00:00,7.022,7.151,7.0181,7.0788,10097.1,595
2026-07-17 16:30:00+00:00,7.0562,7.2,7.0331,7.182,18507.2,972
2026-07-17 16:45:00+00:00,7.1688,7.1853,7.0802,7.1307,5969.6,599
2026-07-17 17:00:00+00:00,7.1307,7.1656,7.07,7.1048,3737.5,533
2026-07-17 17:15:00+00:00,7.09,7.1291,7.0,7.0727,9115.4,380
2026-07-17 17:30:00+00:00,7.069,7.1073,7.0607,7.0748,689.7,127
2026-07-17 17:45:00+00:00,7.0675,7.1252,7.0636,7.0903,933.9,46
2026-07-17 18:00:00+00:00,7.0764,7.0889,7.0584,7.0591,862.4,57
2026-07-17 18:15:00+00:00,7.0626,7.1252,7.04,7.1101,1577.1,90
2026-07-17 18:30:00+00:00,7.1099,7.1472,7.0663,7.1044,2555.6,84
2026-07-17 18:45:00+00:00,7.1198,7.1309,7.102,7.1112,1136.9,57
2026-07-17 19:00:00+00:00,7.1113,7.14,7.08,7.0969,10314.6,33
2026-07-17 19:15:00+00:00,7.0872,7.17,7.0681,7.158,4809.0,204
2026-07-17 19:30:00+00:00,7.1573,7.1777,7.1567,7.1743,1091.0,94
2026-07-17 19:45:00+00:00,7.1622,7.1777,7.1567,7.1635,7076.0,43
2026-07-17 20:00:00+00:00,7.1671,7.1777,7.1573,7.1777,773.1,32
2026-07-17 20:15:00+00:00,7.1776,7.1776,7.063,7.1452,19345.4,192
2026-07-17 20:30:00+00:00,7.1383,7.143,7.05,7.1085,2266.3,186
2026-07-17 20:45:00+00:00,7.096,7.1704,7.05,7.1201,4487.8,678
2026-07-17 21:00:00+00:00,7.1237,7.1323,6.9343,7.0267,8454.7,470
2026-07-17 21:15:00+00:00,7.0267,7.119,6.9538,6.9695,7997.3,1212
2026-07-17 21:30:00+00:00,7.0064,7.0703,6.93,6.9768,5052.4,498
2026-07-17 21:45:00+00:00,6.9768,6.9946,6.9768,6.993,383.9,13
2026-07-17 22:00:00+00:00,6.9938,7.0309,6.94,6.9763,1440.9,80
2026-07-17 22:15:00+00:00,6.9685,6.985,6.935,6.9421,4342.9,649
2026-07-17 22:30:00+00:00,6.9408,6.9861,6.9251,6.9381,2671.7,411
2026-07-17 22:45:00+00:00,6.9433,6.9816,6.929,6.9816,2857.1,89
2026-07-17 23:00:00+00:00,6.9483,6.9896,6.9453,6.9455,495.4,85
2026-07-17 23:15:00+00:00,6.9456,6.9896,6.9453,6.9576,1582.0,180
2026-07-17 23:30:00+00:00,6.9596,6.9857,6.9577,6.983,585.1,19
2026-07-17 23:45:00+00:00,6.979,6.993,6.9515,6.9515,1139.2,122
2026-07-18 00:00:00+00:00,6.9704,7.11,6.9516,7.0219,4120.8,76
2026-07-18 00:15:00+00:00,7.0256,7.1825,6.96,7.1456,13269.1,1716
2026-07-18 00:30:00+00:00,7.1123,7.1376,7.0905,7.0905,2018.9,150
2026-07-18 00:45:00+00:00,7.0905,7.0905,7.0205,7.049,1441.7,55
2026-07-18 01:00:00+00:00,7.0664,7.0884,7.0343,7.0416,373.5,42
2026-07-18 01:15:00+00:00,7.0621,7.0621,6.916,7.03,26238.1,193
2026-07-18 01:30:00+00:00,7.0101,7.1128,7.0,7.0803,15077.7,661
2026-07-18 01:45:00+00:00,7.1117,7.1639,7.084,7.1182,17022.4,178
2026-07-18 02:00:00+00:00,7.1188,7.1639,7.0706,7.1631,2107.1,113
2026-07-18 02:15:00+00:00,7.1639,7.1639,7.1143,7.1288,1382.5,60
2026-07-18 02:30:00+00:00,7.1288,7.1639,7.0764,7.159,1569.9,143
2026-07-18 02:45:00+00:00,7.1454,7.1639,7.1142,7.1142,4036.8,54
2026-07-18 03:00:00+00:00,7.1225,7.1595,7.1027,7.1191,350.3,55
2026-07-18 03:15:00+00:00,7.1146,7.1629,7.0972,7.1448,1999.1,221
2026-07-18 03:30:00+00:00,7.1358,7.15,7.0724,7.1206,3229.1,214
2026-07-18 03:45:00+00:00,7.1218,7.1389,6.9218,7.0006,9459.4,206
2026-07-18 04:00:00+00:00,7.0006,7.0153,6.9331,6.961,2275.9,160
2026-07-18 04:15:00+00:00,6.9601,7.0899,6.96,7.0368,6483.6,214
2026-07-18 04:30:00+00:00,7.0368,7.0657,6.95,6.987,3284.4,112
2026-07-18 04:45:00+00:00,6.987,6.998,6.91,6.9979,12268.4,163
2026-07-18 05:00:00+00:00,6.998,7.1007,6.9636,7.1007,29177.6,165
2026-07-18 05:15:00+00:00,7.1006,7.161,7.0894,7.1304,10244.0,258
2026-07-18 05:30:00+00:00,7.1464,7.1639,7.1232,7.1318,2107.8,131
2026-07-18 05:45:00+00:00,7.1232,7.1445,7.1209,7.123,1817.0,118
2026-07-18 06:00:00+00:00,7.1415,7.2776,7.1209,7.1362,41922.0,487
2026-07-18 06:15:00+00:00,7.1562,7.2455,7.1362,7.186,11155.1,370
2026-07-18 06:30:00+00:00,7.161,7.199,7.1281,7.1527,2453.5,183
2026-07-18 06:45:00+00:00,7.1547,7.199,7.1238,7.1462,4150.3,242
2026-07-18 07:00:00+00:00,7.1453,7.1633,7.1453,7.1633,108.5,13
2026-07-18 07:15:00+00:00,7.1495,7.164,6.96,7.034,35734.7,403
2026-07-18 07:30:00+00:00,7.032,7.0807,7.0139,7.02,3575.9,191
2026-07-18 07:45:00+00:00,7.0465,7.116,7.0201,7.0317,2026.6,111
2026-07-18 08:00:00+00:00,7.0442,7.1224,7.0308,7.0679,2021.0,177
2026-07-18 08:15:00+00:00,7.0779,7.099,7.011,7.0494,3632.3,272
2026-07-18 08:30:00+00:00,7.0494,7.096,7.01,7.02,3117.8,344
2026-07-18 08:45:00+00:00,7.02,7.1176,7.0,7.1176,9204.5,454
2026-07-18 09:00:00+00:00,7.1012,7.1654,7.1012,7.1504,4120.3,316
2026-07-18 09:15:00+00:00,7.129,7.174,7.129,7.1443,3369.7,233
2026-07-18 09:30:00+00:00,7.1445,7.1676,7.092,7.0976,1146.7,73
2026-07-18 09:45:00+00:00,7.0841,7.134,7.048,7.0778,2248.7,162
2026-07-18 10:00:00+00:00,7.1192,7.1349,7.0518,7.0602,5419.0,385
2026-07-18 10:15:00+00:00,7.065,7.1046,7.06,7.0924,5675.5,393
2026-07-18 10:30:00+00:00,7.1046,7.1046,7.078,7.0951,3065.3,178
2026-07-18 10:45:00+00:00,7.1046,7.1588,7.0934,7.1253,3616.6,276
2026-07-18 11:00:00+00:00,7.1253,7.1651,7.1188,7.1551,2959.3,220
2026-07-18 11:15:00+00:00,7.1579,7.1767,7.1011,7.1322,6548.7,396
2026-07-18 11:30:00+00:00,7.161,7.168,7.1001,7.1544,5364.5,552
2026-07-18 11:45:00+00:00,7.1554,7.168,7.128,7.1595,4249.8,258
2026-07-18 12:00:00+00:00,7.158,7.17,7.1456,7.1593,5137.1,235
2026-07-18 12:15:00+00:00,7.161,7.17,7.128,7.141,5924.1,510
2026-07-18 12:30:00+00:00,7.14,7.162,7.128,7.137,7775.4,293
2026-07-18 12:45:00+00:00,7.1499,7.15,7.1023,7.1407,4045.4,307
2026-07-18 13:00:00+00:00,7.1498,7.1655,7.1372,7.149,4918.0,203
2026-07-18 13:15:00+00:00,7.1635,7.1767,7.1411,7.1601,7397.6,263
2026-07-18 13:30:00+00:00,7.1683,7.1767,7.1284,7.175,3577.9,238
2026-07-18 13:45:00+00:00,7.162,7.176,7.1,7.151,4917.9,368
2026-07-18 14:00:00+00:00,7.163,7.1767,7.146,7.168,3171.3,232
2026-07-18 14:15:00+00:00,7.168,7.1795,7.1287,7.1499,3799.6,206
2026-07-18 14:30:00+00:00,7.1747,7.1897,7.1562,7.1766,8992.1,193
2026-07-18 14:45:00+00:00,7.1897,7.1897,7.138,7.1792,3974.3,205
2026-07-18 15:00:00+00:00,7.1891,7.1976,7.1304,7.1693,3831.9,218
2026-07-18 15:15:00+00:00,7.1894,7.1976,7.0499,7.108,11243.8,456
2026-07-18 15:30:00+00:00,7.1359,7.1668,7.0861,7.1295,4541.9,268
2026-07-18 15:45:00+00:00,7.1398,7.1603,7.1083,7.1603,4100.9,266
2026-07-18 16:00:00+00:00,7.1602,7.196,7.0864,7.1385,5898.7,462
2026-07-18 16:15:00+00:00,7.139,7.1885,7.1131,7.158,6468.2,594
2026-07-18 16:30:00+00:00,7.158,7.2167,7.1565,7.182,16046.0,431
2026-07-18 16:45:00+00:00,7.1955,7.2167,6.9999,7.0848,20233.3,828
2026-07-18 17:00:00+00:00,7.0953,7.0955,7.0812,7.0832,3166.3,145
2026-07-18 17:15:00+00:00,7.0906,7.0907,7.05,7.0787,6151.3,526
2026-07-18 17:30:00+00:00,7.0668,7.0955,7.013,7.0938,6257.1,377
2026-07-18 17:45:00+00:00,7.0836,7.0955,7.0616,7.0887,4954.3,301
2026-07-18 18:00:00+00:00,7.0954,7.12,7.01,7.0758,6916.8,237
2026-07-18 18:15:00+00:00,7.1179,7.1299,7.0744,7.1105,3548.7,180
2026-07-18 18:30:00+00:00,7.1297,7.18,7.0997,7.15,4509.6,372
2026-07-18 18:45:00+00:00,7.1546,7.1855,7.1071,7.1672,5648.9,573
2026-07-18 19:00:00+00:00,7.1672,7.1887,7.1657,7.1672,7552.2,195
2026-07-18 19:15:00+00:00,7.1688,7.1987,7.1656,7.1878,3643.9,273
2026-07-18 19:30:00+00:00,7.1978,7.1987,7.1768,7.1873,3019.8,210
2026-07-18 19:45:00+00:00,7.1984,7.1987,7.1805,7.1851,2783.6,187
2026-07-18 20:00:00+00:00,7.1987,7.1987,7.1803,7.1921,2903.0,217
2026-07-18 20:15:00+00:00,7.198,7.1999,7.186,7.1894,2664.3,138
2026-07-18 20:30:00+00:00,7.1998,7.2,7.1821,7.1886,3232.9,181
2026-07-18 20:45:00+00:00,7.1989,7.199,7.1799,7.1803,3121.0,159
2026-07-18 21:00:00+00:00,7.1979,7.199,7.1701,7.1847,2704.8,157
2026-07-18 21:15:00+00:00,7.1975,7.2167,7.1286,7.143,9012.3,1676
2026-07-18 21:30:00+00:00,7.1449,7.23,7.1402,7.2017,7101.3,623
2026-07-18 21:45:00+00:00,7.2019,7.25,7.0215,7.1455,10088.9,339
2026-07-18 22:00:00+00:00,7.1699,7.2358,7.104,7.2083,4069.9,255
2026-07-18 22:15:00+00:00,7.2287,7.2318,7.1922,7.2146,3081.8,206
2026-07-18 22:30:00+00:00,7.2317,7.2384,7.215,7.2257,2898.4,164
2026-07-18 22:45:00+00:00,7.2359,7.24,7.2092,7.2338,4115.4,153
2026-07-18 23:00:00+00:00,7.2389,7.24,7.2105,7.2278,4449.2,186
2026-07-18 23:15:00+00:00,7.2388,7.239,7.1671,7.218,3641.4,179
2026-07-18 23:30:00+00:00,7.2359,7.238,7.1927,7.2271,3198.1,268
2026-07-18 23:45:00+00:00,7.2378,7.2378,7.1709,7.2242,2953.7,280
2026-07-19 00:00:00+00:00,7.2357,7.2379,7.2152,7.2272,3900.1,272
2026-07-19 00:15:00+00:00,7.2379,7.2379,7.1803,7.216,3811.0,449
2026-07-19 00:30:00+00:00,7.209,7.24,7.1998,7.221,3265.9,250
2026-07-19 00:45:00+00:00,7.233,7.2345,7.2016,7.2085,2994.3,224
2026-07-19 01:00:00+00:00,7.2317,7.2345,7.2127,7.224,2777.2,139
2026-07-19 01:15:00+00:00,7.224,7.2346,7.2192,7.2241,2752.8,201
2026-07-19 01:30:00+00:00,7.2337,7.2346,7.2097,7.2097,3116.2,196
2026-07-19 01:45:00+00:00,7.2269,7.2346,7.1997,7.1997,2142.6,144
2026-07-19 02:00:00+00:00,7.1997,7.2285,7.18,7.1801,846.8,91
2026-07-19 02:15:00+00:00,7.1821,7.2333,7.1821,7.2314,2895.9,151
2026-07-19 02:30:00+00:00,7.2072,7.2346,7.1651,7.2346,5782.4,228
2026-07-19 02:45:00+00:00,7.2105,7.235,7.2075,7.235,3554.7,165
2026-07-19 03:00:00+00:00,7.2205,7.2345,7.2039,7.234,3111.0,156
2026-07-19 03:15:00+00:00,7.2217,7.24,7.2128,7.24,4498.1,197
2026-07-19 03:30:00+00:00,7.2287,7.24,7.2224,7.24,4172.3,208
2026-07-19 03:45:00+00:00,7.2247,7.245,7.2247,7.245,3378.5,132
2026-07-19 04:00:00+00:00,7.2303,7.2544,7.2291,7.2544,3616.7,177
2026-07-19 04:15:00+00:00,7.245,7.2544,7.2401,7.2543,3402.1,181
2026-07-19 04:30:00+00:00,7.244,7.2566,7.2401,7.2455,2910.9,163
2026-07-19 04:45:00+00:00,7.247,7.2566,7.2422,7.2566,3200.5,254
2026-07-19 05:00:00+00:00,7.2481,7.2587,7.2401,7.2587,3351.7,226
2026-07-19 05:15:00+00:00,7.2491,7.2587,7.1502,7.208,14620.2,258
2026-07-19 05:30:00+00:00,7.2006,7.2486,7.1797,7.2486,3852.7,235
2026-07-19 05:45:00+00:00,7.2317,7.258,7.1704,7.2,6477.2,371
2026-07-19 06:00:00+00:00,7.1807,7.2,7.1659,7.184,6186.2,522
2026-07-19 06:15:00+00:00,7.1841,7.2343,7.174,7.2066,5845.1,500
2026-07-19 06:30:00+00:00,7.235,7.249,7.173,7.2467,5673.1,577
2026-07-19 06:45:00+00:00,7.2459,7.2466,7.2277,7.2449,2804.9,185
2026-07-19 07:00:00+00:00,7.2342,7.2448,7.1847,7.2344,4133.3,281
2026-07-19 07:15:00+00:00,7.2257,7.2348,7.2177,7.2269,2832.5,171
2026-07-19 07:30:00+00:00,7.2196,7.2269,7.2062,7.2269,3303.4,145
2026-07-19 07:45:00+00:00,7.2268,7.2576,7.2093,7.2558,8087.3,444
2026-07-19 08:00:00+00:00,7.2489,7.2579,7.2002,7.246,4436.2,225
2026-07-19 08:15:00+00:00,7.2357,7.247,7.216,7.239,3182.4,331
2026-07-19 08:30:00+00:00,7.2289,7.25,7.224,7.224,4990.8,197
2026-07-19 08:45:00+00:00,7.224,7.23,7.1804,7.2094,2843.1,409
2026-07-19 09:00:00+00:00,7.1972,7.2246,7.15,7.174,10767.2,493
2026-07-19 09:15:00+00:00,7.1732,7.24,7.1286,7.13,10067.3,401
2026-07-19 09:30:00+00:00,7.13,7.1968,7.0659,7.0706,4946.2,443
2026-07-19 09:45:00+00:00,7.0704,7.1485,7.0656,7.0656,5711.6,333
2026-07-19 10:00:00+00:00,7.0656,7.077,7.041,7.041,5033.3,135
2026-07-19 10:15:00+00:00,7.041,7.1884,7.021,7.0474,8628.4,400
2026-07-19 10:30:00+00:00,7.0474,7.0519,7.0,7.0,5251.5,289
2026-07-19 10:45:00+00:00,7.0,7.038,6.9701,6.9721,20523.9,706
2026-07-19 11:00:00+00:00,6.9803,6.9837,6.9267,6.9405,25902.5,837
2026-07-19 11:15:00+00:00,6.9493,7.068,6.9357,6.9588,17229.7,549
2026-07-19 11:30:00+00:00,6.9597,6.9691,6.8327,6.852,42144.4,1095
2026-07-19 11:45:00+00:00,6.854,6.8689,6.825,6.837,8581.5,548
2026-07-19 12:00:00+00:00,6.837,6.8389,6.817,6.817,9222.7,402
2026-07-19 12:15:00+00:00,6.817,6.8468,6.8145,6.8468,7736.8,575
2026-07-19 12:30:00+00:00,6.8402,6.8676,6.8145,6.815,7909.7,367
2026-07-19 12:45:00+00:00,6.815,6.8389,6.8101,6.816,5490.9,297
2026-07-19 13:00:00+00:00,6.816,6.8729,6.8132,6.8163,7403.2,395
2026-07-19 13:15:00+00:00,6.816,6.836,6.8155,6.8161,5490.8,171
2026-07-19 13:30:00+00:00,6.8179,6.831,6.81,6.82,9757.1,197
2026-07-19 13:45:00+00:00,6.8186,6.8543,6.81,6.81,21367.8,310
2026-07-19 14:00:00+00:00,6.8101,6.811,6.8,6.8,21667.5,210
2026-07-19 14:15:00+00:00,6.8,6.8147,6.78,6.78,17691.2,253
2026-07-19 14:30:00+00:00,6.78,6.796,6.75,6.7703,6413.1,496
2026-07-19 14:45:00+00:00,6.7628,6.797,6.75,6.7599,12220.8,349
2026-07-19 15:00:00+00:00,6.759,6.7705,6.62,6.6303,86881.1,1223
2026-07-19 15:15:00+00:00,6.6301,6.93,6.63,6.85,33086.6,721
2026-07-19 15:30:00+00:00,6.85,6.8888,6.7947,6.872,7360.1,326
2026-07-19 15:45:00+00:00,6.8674,6.872,6.853,6.865,1316.1,83
2026-07-19 16:00:00+00:00,6.8584,6.9401,6.855,6.9338,9118.6,161
2026-07-19 16:15:00+00:00,6.9141,6.9499,6.9,6.9254,3980.4,116
2026-07-19 16:30:00+00:00,6.9355,6.9919,6.9,6.9203,3614.5,305
2026-07-19 16:45:00+00:00,6.9606,7.0,6.8612,6.9472,12396.2,491
2026-07-19 17:00:00+00:00,6.9472,6.9801,6.9046,6.9228,5291.9,288
2026-07-19 17:15:00+00:00,6.9182,6.9316,6.9137,6.9192,2062.5,94
2026-07-19 17:30:00+00:00,6.9192,6.9294,6.9107,6.9107,2396.3,50
2026-07-19 17:45:00+00:00,6.9039,6.9209,6.9039,6.9039,2324.7,90
2026-07-19 18:00:00+00:00,6.9039,6.9059,6.881,6.888,3890.1,71
2026-07-19 18:15:00+00:00,6.888,6.9032,6.8616,6.8616,4313.6,102
2026-07-19 18:30:00+00:00,6.8601,6.8747,6.8197,6.8197,8139.8,105
2026-07-19 18:45:00+00:00,6.8197,6.8259,6.8005,6.8238,2500.7,129
2026-07-19 19:00:00+00:00,6.8237,6.828,6.8005,6.8034,3493.8,431
2026-07-19 19:15:00+00:00,6.801,6.8172,6.8,6.8,2629.8,143
2026-07-19 19:30:00+00:00,6.8001,6.8237,6.7496,6.7496,2368.5,125
2026-07-19 19:45:00+00:00,6.7496,6.7694,6.7496,6.75,2405.0,68
2026-07-19 20:00:00+00:00,6.7501,6.804,6.7501,6.7643,3495.9,93
2026-07-19 20:15:00+00:00,6.7665,6.8375,6.753,6.805,4141.7,139
2026-07-19 20:30:00+00:00,6.8006,6.823,6.7501,6.7501,2191.2,99
2026-07-19 20:45:00+00:00,6.7501,6.788,6.7501,6.788,2375.7,137
2026-07-19 21:00:00+00:00,6.78,6.7927,6.7799,6.7894,1972.0,53
2026-07-19 21:15:00+00:00,6.79,6.8999,6.7499,6.8542,7369.4,576
2026-07-19 21:30:00+00:00,6.8472,6.8914,6.7701,6.8037,7398.6,269
2026-07-19 21:45:00+00:00,6.8071,6.81,6.7581,6.7581,2481.5,149
2026-07-19 22:00:00+00:00,6.7581,6.7883,6.7516,6.7516,2452.4,140
2026-07-19 22:15:00+00:00,6.7593,6.85,6.7516,6.7548,3946.5,503
2026-07-19 22:30:00+00:00,6.7776,6.8274,6.753,6.7806,3894.8,651
2026-07-19 22:45:00+00:00,6.7786,6.8051,6.751,6.753,4186.3,329
2026-07-19 23:00:00+00:00,6.753,6.8036,6.751,6.753,3521.8,138
2026-07-19 23:15:00+00:00,6.753,6.8286,6.751,6.822,6541.2,586
2026-07-19 23:30:00+00:00,6.819,6.94,6.8,6.892,18728.6,769
2026-07-19 23:45:00+00:00,6.898,6.97,6.891,6.9539,11199.1,582
2026-07-20 00:00:00+00:00,6.9627,6.97,6.9101,6.9616,13164.4,898
2026-07-20 00:15:00+00:00,6.9658,7.024,6.9253,6.9963,13807.9,505
2026-07-20 00:30:00+00:00,7.0055,7.0999,6.9655,7.09,18377.7,712
2026-07-20 00:45:00+00:00,7.0899,7.099,7.0,7.044,10480.2,566
2026-07-20 01:00:00+00:00,7.0438,7.134,7.0438,7.1171,15403.7,470
2026-07-20 01:15:00+00:00,7.1181,7.1307,7.0173,7.0929,24539.9,735
2026-07-20 01:30:00+00:00,7.1065,7.134,6.96,7.016,23536.4,586
2026-07-20 01:45:00+00:00,7.0176,7.0879,6.9602,6.9637,13589.6,849
2026-07-20 02:00:00+00:00,6.9637,7.0487,6.8071,6.8686,27655.3,553
2026-07-20 02:15:00+00:00,6.868,6.8683,6.7449,6.7695,27617.5,730
2026-07-20 02:30:00+00:00,6.768,6.8099,6.7429,6.7429,6238.2,454
2026-07-20 02:45:00+00:00,6.743,6.7999,6.73,6.776,5346.9,340
2026-07-20 03:00:00+00:00,6.7979,6.81,6.7351,6.787,13199.1,583
2026-07-20 03:15:00+00:00,6.7864,6.81,6.71,6.7526,49167.0,819
2026-07-20 03:30:00+00:00,6.772,6.8098,6.71,6.745,8906.1,405
2026-07-20 03:45:00+00:00,6.7451,6.779,6.712,6.7401,10413.7,632
2026-07-20 04:00:00+00:00,6.7408,6.7744,6.7144,6.7152,6384.8,277
2026-07-20 04:15:00+00:00,6.7152,6.742,6.715,6.7414,3648.3,132
2026-07-20 04:30:00+00:00,6.7156,6.7363,6.7111,6.7113,5622.3,193
2026-07-20 04:45:00+00:00,6.7179,6.76,6.7113,6.7533,9835.6,339
2026-07-20 05:00:00+00:00,6.7518,6.865,6.726,6.729,25271.6,791
2026-07-20 05:15:00+00:00,6.728,6.7457,6.715,6.7158,7550.5,162
2026-07-20 05:30:00+00:00,6.7158,6.7877,6.715,6.7408,10885.5,233
2026-07-20 05:45:00+00:00,6.7407,6.741,6.7176,6.719,10042.3,578
2026-07-20 06:00:00+00:00,6.7279,6.733,6.715,6.7151,4675.2,260
2026-07-20 06:15:00+00:00,6.7151,6.741,6.7111,6.7175,8762.6,324
2026-07-20 06:30:00+00:00,6.724,6.724,6.657,6.678,44623.2,386
2026-07-20 06:45:00+00:00,6.68,6.7651,6.6725,6.6942,19352.0,552
2026-07-20 07:00:00+00:00,6.6872,6.76,6.6787,6.7008,4943.9,265
2026-07-20 07:15:00+00:00,6.6867,6.699,6.6803,6.694,5317.2,200
2026-07-20 07:30:00+00:00,6.6967,6.7455,6.678,6.7142,10848.8,266
2026-07-20 07:45:00+00:00,6.692,6.844,6.691,6.766,16972.8,710
2026-07-20 08:00:00+00:00,6.7661,6.7803,6.7242,6.7256,5488.7,359
2026-07-20 08:15:00+00:00,6.7256,6.8769,6.7197,6.7683,9947.2,563
2026-07-20 08:30:00+00:00,6.7635,6.773,6.6,6.6671,67657.5,454
2026-07-20 08:45:00+00:00,6.6242,6.6841,6.6194,6.6719,6661.2,315
2026-07-20 09:00:00+00:00,6.6518,6.6683,6.6325,6.6325,5387.4,277
2026-07-20 09:15:00+00:00,6.6331,6.6735,6.618,6.6188,5044.3,349
2026-07-20 09:30:00+00:00,6.6188,6.6378,6.611,6.611,6314.3,234
2026-07-20 09:45:00+00:00,6.613,6.6659,6.585,6.606,7988.2,424
2026-07-20 10:00:00+00:00,6.6118,6.6225,6.538,6.5556,18032.9,530
2026-07-20 10:15:00+00:00,6.5405,6.695,6.5367,6.6898,20947.5,422
2026-07-20 10:30:00+00:00,6.6862,6.745,6.6845,6.7169,5352.0,411
2026-07-20 10:45:00+00:00,6.716,6.7438,6.6745,6.6866,10298.8,220
2026-07-20 11:00:00+00:00,6.6746,6.73,6.6159,6.7056,12842.6,605
2026-07-20 11:15:00+00:00,6.6803,6.73,6.6803,6.691,7713.4,397
2026-07-20 11:30:00+00:00,6.7248,6.73,6.6781,6.7198,4771.7,321
2026-07-20 11:45:00+00:00,6.7186,6.73,6.704,6.73,10909.8,359
2026-07-20 12:00:00+00:00,6.7234,6.736,6.6804,6.6993,6939.5,298
2026-07-20 12:15:00+00:00,6.6834,6.7254,6.664,6.6759,8691.9,459
2026-07-20 12:30:00+00:00,6.6759,6.6971,6.664,6.6865,3787.4,478
2026-07-20 12:45:00+00:00,6.6725,6.716,6.664,6.6903,5031.1,343
2026-07-20 13:00:00+00:00,6.6792,6.7278,6.679,6.7229,7538.2,360
2026-07-20 13:15:00+00:00,6.7063,6.7343,6.69,6.7258,23928.5,431
2026-07-20 13:30:00+00:00,6.7237,6.783,6.721,6.7726,19483.3,454
2026-07-20 13:45:00+00:00,6.763,6.7722,6.714,6.714,5665.7,299
2026-07-20 14:00:00+00:00,6.718,6.7332,6.71,6.71,3750.2,208
2026-07-20 14:15:00+00:00,6.7193,6.7213,6.71,6.71,5760.2,159
2026-07-20 14:30:00+00:00,6.71,6.7139,6.69,6.69,10579.4,103
2026-07-20 14:45:00+00:00,6.6977,6.7066,6.69,6.69,2575.0,185
2026-07-20 15:00:00+00:00,6.69,6.7066,6.69,6.6953,9168.5,111
2026-07-20 15:15:00+00:00,6.6953,6.7005,6.6655,6.6655,3356.8,171
2026-07-20 15:30:00+00:00,6.6642,6.6759,6.642,6.642,4100.1,184
2026-07-20 15:45:00+00:00,6.642,6.6457,6.64,6.6404,2523.7,116
2026-07-20 16:00:00+00:00,6.6404,6.6457,6.64,6.64,3017.8,121
2026-07-20 16:15:00+00:00,6.64,6.6439,6.64,6.64,2419.1,88
2026-07-20 16:30:00+00:00,6.64,6.6407,6.64,6.64,3495.5,93
2026-07-20 16:45:00+00:00,6.64,6.6457,6.64,6.64,2604.7,85
2026-07-20 17:00:00+00:00,6.64,6.6456,6.6,6.6146,14267.6,353
2026-07-20 17:15:00+00:00,6.6146,6.6586,6.5333,6.593,37648.9,741
2026-07-20 17:30:00+00:00,6.591,6.591,6.5563,6.5767,1053.7,78
2026-07-20 17:45:00+00:00,6.5669,6.63,6.4556,6.4731,90495.6,380
2026-07-20 18:00:00+00:00,6.4693,6.5784,6.4628,6.5784,5068.2,198
2026-07-20 18:15:00+00:00,6.581,6.59,6.53,6.5301,4007.3,95
2026-07-20 18:30:00+00:00,6.5344,6.5783,6.532,6.5402,2245.8,71
2026-07-20 18:45:00+00:00,6.5361,6.6263,6.4892,6.5725,9220.4,245
2026-07-20 19:00:00+00:00,6.5725,6.6263,6.554,6.5857,7843.7,371
2026-07-20 19:15:00+00:00,6.5939,6.6033,6.5599,6.6033,1043.3,36
2026-07-20 19:30:00+00:00,6.6004,6.6088,6.6004,6.6041,77.2,15
2026-07-20 19:45:00+00:00,6.5854,6.5855,6.5767,6.578,335.4,13
2026-07-20 20:00:00+00:00,6.5758,6.6526,6.5577,6.6123,1586.2,53
2026-07-20 20:15:00+00:00,6.5967,6.8,6.5771,6.7198,40816.5,421
2026-07-20 20:30:00+00:00,6.7199,6.7675,6.5064,6.59,11904.7,238
2026-07-20 20:45:00+00:00,6.5887,6.5887,6.4515,6.5,11801.9,317
2026-07-20 21:00:00+00:00,6.5,6.5115,6.454,6.457,3803.5,242
2026-07-20 21:15:00+00:00,6.452,6.4907,6.45,6.4845,6983.9,196
2026-07-20 21:30:00+00:00,6.4743,6.4941,6.4605,6.4762,1953.3,180
2026-07-20 21:45:00+00:00,6.4735,6.5303,6.4735,6.5152,3913.8,156
2026-07-20 22:00:00+00:00,6.5147,6.6155,6.5147,6.5625,7314.1,345
2026-07-20 22:15:00+00:00,6.5587,6.592,6.54,6.55,6480.8,105
2026-07-20 22:30:00+00:00,6.55,6.606,6.55,6.5943,4133.3,108
2026-07-20 22:45:00+00:00,6.5925,6.6343,6.58,6.58,1705.6,87
2026-07-20 23:00:00+00:00,6.58,6.5935,6.544,6.56,3728.8,98
2026-07-20 23:15:00+00:00,6.5733,6.5753,6.56,6.56,2566.6,92
2026-07-20 23:30:00+00:00,6.5671,6.597,6.56,6.56,8699.0,727
2026-07-20 23:45:00+00:00,6.5601,6.6137,6.56,6.56,8245.6,1551
2026-07-21 00:00:00+00:00,6.5601,6.6106,6.5425,6.5441,11705.0,938
2026-07-21 00:15:00+00:00,6.5515,6.5675,6.54,6.5403,9025.9,187
2026-07-21 00:30:00+00:00,6.5426,6.5773,6.492,6.4999,18313.8,218
2026-07-21 00:45:00+00:00,6.5062,6.5407,6.4991,6.4991,5916.7,223
2026-07-21 01:00:00+00:00,6.5099,6.573,6.499,6.5,17844.4,226
2026-07-21 01:15:00+00:00,6.5156,6.5402,6.499,6.5241,4993.7,200
2026-07-21 01:30:00+00:00,6.5241,6.534,6.521,6.521,5569.7,125
2026-07-21 01:45:00+00:00,6.521,6.5673,6.4857,6.4862,7640.2,198
2026-07-21 02:00:00+00:00,6.4869,6.565,6.4857,6.51,35996.9,308
2026-07-21 02:15:00+00:00,6.5107,6.5258,6.51,6.5101,20490.1,123
2026-07-21 02:30:00+00:00,6.5101,6.5813,6.51,6.5812,22294.9,181
2026-07-21 02:45:00+00:00,6.542,6.5684,6.5401,6.55,3136.6,133
2026-07-21 03:00:00+00:00,6.5546,6.5721,6.54,6.54,3238.9,128
2026-07-21 03:15:00+00:00,6.54,6.7,6.54,6.698,14158.5,362
2026-07-21 03:30:00+00:00,6.6988,6.758,6.6733,6.7327,38308.6,525
2026-07-21 03:45:00+00:00,6.7443,6.7686,6.6786,6.7155,22649.0,503
2026-07-21 04:00:00+00:00,6.6994,6.755,6.6823,6.73,20330.9,1158
2026-07-21 04:15:00+00:00,6.7193,6.7613,6.6984,6.749,19896.3,709
2026-07-21 04:30:00+00:00,6.738,6.7842,6.7098,6.7842,36757.0,741
2026-07-21 04:45:00+00:00,6.7801,6.8399,6.78,6.8294,25172.0,680
2026-07-21 05:00:00+00:00,6.8294,6.84,6.76,6.786,19949.8,654
2026-07-21 05:15:00+00:00,6.7872,6.8199,6.7429,6.789,17593.6,743
2026-07-21 05:30:00+00:00,6.7642,6.7841,6.6627,6.7386,23386.1,742
2026-07-21 05:45:00+00:00,6.7425,6.7699,6.713,6.7699,14488.6,496
2026-07-21 06:00:00+00:00,6.761,6.783,6.6792,6.7694,18066.3,367
2026-07-21 06:15:00+00:00,6.772,6.7833,6.7597,6.7648,19274.1,543
2026-07-21 06:30:00+00:00,6.7654,6.8097,6.68,6.759,47209.8,787
2026-07-21 06:45:00+00:00,6.7481,6.83,6.711,6.8132,24207.9,800
2026-07-21 07:00:00+00:00,6.8135,6.83,6.78,6.8299,19635.9,621
2026-07-21 07:15:00+00:00,6.8216,6.84,6.8081,6.8391,13812.7,467
2026-07-21 07:30:00+00:00,6.827,6.8488,6.625,6.8216,42801.6,885
2026-07-21 07:45:00+00:00,6.8216,6.846,6.7963,6.8016,16118.1,604
2026-07-21 08:00:00+00:00,6.8021,6.83,6.735,6.801,18108.1,598
2026-07-21 08:15:00+00:00,6.7899,6.8277,6.7562,6.8164,15041.8,521
2026-07-21 08:30:00+00:00,6.8162,6.85,6.7821,6.8399,20029.9,502
2026-07-21 08:45:00+00:00,6.8325,6.843,6.8182,6.8291,11828.8,518
2026-07-21 09:00:00+00:00,6.8292,6.843,6.7755,6.822,18678.6,499
2026-07-21 09:15:00+00:00,6.82,6.8349,6.8071,6.8217,11048.3,372
2026-07-21 09:30:00+00:00,6.8289,6.8334,6.7901,6.827,13464.7,583
2026-07-21 09:45:00+00:00,6.8229,6.8299,6.7666,6.8263,9311.1,488
2026-07-21 10:00:00+00:00,6.8201,6.8242,6.758,6.7876,20480.1,450
2026-07-21 10:15:00+00:00,6.7849,6.7995,6.75,6.7738,8599.1,349
2026-07-21 10:30:00+00:00,6.7709,6.7994,6.75,6.7723,5365.8,237
2026-07-21 10:45:00+00:00,6.7722,6.813,6.7436,6.8045,6269.2,255
2026-07-21 11:00:00+00:00,6.7965,6.822,6.77,6.7846,8763.5,193
2026-07-21 11:15:00+00:00,6.7834,6.8263,6.7525,6.7904,6233.7,222
2026-07-21 11:30:00+00:00,6.7801,6.8217,6.7628,6.8104,4040.3,200
2026-07-21 11:45:00+00:00,6.7972,6.8089,6.751,6.751,17433.4,164
2026-07-21 12:00:00+00:00,6.7521,6.7799,6.717,6.717,13158.2,205
2026-07-21 12:15:00+00:00,6.717,6.78,6.6888,6.6888,6084.1,220
2026-07-21 12:30:00+00:00,6.6901,6.7102,6.67,6.69,7283.6,303
2026-07-21 12:45:00+00:00,6.6966,6.71,6.665,6.6651,4313.4,201
2026-07-21 13:00:00+00:00,6.67,6.7106,6.6582,6.693,4974.3,210
2026-07-21 13:15:00+00:00,6.6618,6.7201,6.55,6.6548,39089.7,751
2026-07-21 13:30:00+00:00,6.649,6.7798,6.58,6.7494,22566.2,697
2026-07-21 13:45:00+00:00,6.7494,6.76,6.63,6.72,25238.2,748
2026-07-21 14:00:00+00:00,6.7133,6.7669,6.6536,6.7445,12808.1,409
2026-07-21 14:15:00+00:00,6.7445,6.763,6.7089,6.73,11900.6,456
2026-07-21 14:30:00+00:00,6.73,6.755,6.63,6.72,20121.0,649
2026-07-21 14:45:00+00:00,6.7109,6.74,6.6281,6.6999,13915.5,514
2026-07-21 15:00:00+00:00,6.6862,6.7454,6.6641,6.7435,9482.5,307
2026-07-21 15:15:00+00:00,6.7343,6.8455,6.7227,6.834,35704.0,609
2026-07-21 15:30:00+00:00,6.8429,6.8587,6.8215,6.8385,29239.4,656
2026-07-21 15:45:00+00:00,6.8252,6.836,6.666,6.6671,29315.3,737
2026-07-21 16:00:00+00:00,6.6796,6.8103,6.6586,6.7762,14953.8,559
2026-07-21 16:15:00+00:00,6.766,6.8103,6.7381,6.8,9844.5,372
2026-07-21 16:30:00+00:00,6.791,6.8632,6.777,6.8,16977.0,496
2026-07-21 16:45:00+00:00,6.7998,6.8101,6.7572,6.7822,15157.6,421
2026-07-21 17:00:00+00:00,6.7716,6.802,6.7635,6.795,15195.7,546
2026-07-21 17:15:00+00:00,6.7894,6.8101,6.7603,6.7979,10987.7,450
2026-07-21 17:30:00+00:00,6.798,6.888,6.6829,6.7736,32549.5,865
2026-07-21 17:45:00+00:00,6.7805,6.8727,6.7484,6.847,13040.6,471
2026-07-21 18:00:00+00:00,6.8584,6.8752,6.8254,6.8641,10663.0,353
2026-07-21 18:15:00+00:00,6.8716,6.884,6.8193,6.8494,14617.4,502
2026-07-21 18:30:00+00:00,6.8505,6.8604,6.761,6.7635,17383.3,433
2026-07-21 18:45:00+00:00,6.7635,6.8359,6.7501,6.806,11685.5,415
2026-07-21 19:00:00+00:00,6.8206,6.8298,6.7804,6.7919,9431.8,327
2026-07-21 19:15:00+00:00,6.7949,6.8243,6.7511,6.7533,12521.2,553
2026-07-21 19:30:00+00:00,6.7651,6.8,6.714,6.7713,16015.4,526
2026-07-21 19:45:00+00:00,6.7734,6.78,6.6958,6.7361,14021.9,563
2026-07-21 20:00:00+00:00,6.7438,6.7686,6.66,6.66,13081.5,350
2026-07-21 20:15:00+00:00,6.6711,6.7232,6.6199,6.6199,11991.9,346
2026-07-21 20:30:00+00:00,6.6276,6.6867,6.6144,6.6148,4740.5,142
2026-07-21 20:45:00+00:00,6.6149,6.6349,6.5801,6.633,7688.9,136
2026-07-21 21:00:00+00:00,6.6201,6.6577,6.615,6.6235,6768.9,181
2026-07-21 21:15:00+00:00,6.6235,6.6329,6.601,6.601,3919.5,259
2026-07-21 21:30:00+00:00,6.6136,6.64,6.59,6.59,5267.2,356
2026-07-21 21:45:00+00:00,6.6041,6.6048,6.582,6.582,3481.3,92
2026-07-21 22:00:00+00:00,6.582,6.5835,6.5763,6.5763,4522.3,60
2026-07-21 22:15:00+00:00,6.58,6.597,6.5763,6.5833,3845.5,90
2026-07-21 22:30:00+00:00,6.584,6.6153,6.58,6.591,3598.6,142
2026-07-21 22:45:00+00:00,6.5907,6.68,6.58,6.6342,25285.4,2249
2026-07-21 23:00:00+00:00,6.6488,6.666,6.6027,6.6166,7721.7,489
2026-07-21 23:15:00+00:00,6.6324,6.67,6.5905,6.61,7316.4,246
2026-07-21 23:30:00+00:00,6.61,6.6279,6.6,6.6021,4475.1,108
2026-07-21 23:45:00+00:00,6.602,6.6681,6.6,6.6002,4767.4,114
2026-07-22 00:00:00+00:00,6.6002,6.642,6.6002,6.6225,5495.8,204
2026-07-22 00:15:00+00:00,6.6291,6.6538,6.601,6.601,10817.8,488
2026-07-22 00:30:00+00:00,6.6132,6.79,6.601,6.7498,27903.6,698
2026-07-22 00:45:00+00:00,6.7223,6.7992,6.68,6.7528,26968.2,594
2026-07-22 01:00:00+00:00,6.75,6.86,6.7206,6.8146,23465.5,524
2026-07-22 01:15:00+00:00,6.8139,6.8887,6.7924,6.8795,29403.2,527
2026-07-22 01:30:00+00:00,6.8658,6.8895,6.8282,6.853,12672.3,375
2026-07-22 01:45:00+00:00,6.8383,6.852,6.764,6.83,22734.4,612
2026-07-22 02:00:00+00:00,6.8046,6.8552,6.7429,6.8552,21110.7,510
2026-07-22 02:15:00+00:00,6.843,6.886,6.765,6.8,20635.8,300
2026-07-22 02:30:00+00:00,6.7896,6.8,6.75,6.799,13698.5,256
2026-07-22 02:45:00+00:00,6.7883,6.8,6.7867,6.8,11407.5,180
2026-07-22 03:00:00+00:00,6.793,6.8499,6.782,6.837,12916.4,299
2026-07-22 03:15:00+00:00,6.8249,6.8371,6.8178,6.8371,11372.2,230
2026-07-22 03:30:00+00:00,6.8258,6.867,6.782,6.862,13710.1,245
2026-07-22 03:45:00+00:00,6.8599,6.8957,6.8432,6.875,24695.4,592
2026-07-22 04:00:00+00:00,6.8654,6.8755,6.7775,6.788,9155.3,305
2026-07-22 04:15:00+00:00,6.7892,6.7933,6.7548,6.7548,3834.8,177
2026-07-22 04:30:00+00:00,6.7545,6.7734,6.6622,6.6728,11800.5,384
2026-07-22 04:45:00+00:00,6.6666,6.6666,6.61,6.61,33371.6,504
2026-07-22 05:00:00+00:00,6.6101,6.6804,6.5807,6.5876,36614.5,666
2026-07-22 05:15:00+00:00,6.5921,6.666,6.5807,6.627,16471.4,337
2026-07-22 05:30:00+00:00,6.6269,6.664,6.585,6.6478,8493.1,240
2026-07-22 05:45:00+00:00,6.6363,6.6553,6.5875,6.6,8106.7,291
2026-07-22 06:00:00+00:00,6.5885,6.6059,6.58,6.6042,3799.3,172
2026-07-22 06:15:00+00:00,6.5901,6.609,6.5763,6.5839,7542.6,202
2026-07-22 06:30:00+00:00,6.5804,6.5961,6.55,6.59,16699.2,304
2026-07-22 06:45:00+00:00,6.5849,6.6009,6.55,6.58,6318.7,227
2026-07-22 07:00:00+00:00,6.5763,6.58,6.528,6.5694,16447.3,522
2026-07-22 07:15:00+00:00,6.5546,6.6001,6.5393,6.5509,17634.0,305
2026-07-22 07:30:00+00:00,6.5492,6.6952,6.4596,6.5209,136369.0,1651
2026-07-22 07:45:00+00:00,6.5188,6.5188,6.445,6.4701,41350.2,615
2026-07-22 08:00:00+00:00,6.467,6.4744,6.4394,6.4555,27485.3,342
2026-07-22 08:15:00+00:00,6.4644,6.532,6.44,6.4793,19781.3,385
2026-07-22 08:30:00+00:00,6.47,6.515,6.468,6.4912,5883.1,229
2026-07-22 08:45:00+00:00,6.4837,6.4928,6.44,6.4402,13792.7,462
2026-07-22 09:00:00+00:00,6.4435,6.4608,6.4402,6.4608,6329.5,282
2026-07-22 09:15:00+00:00,6.4524,6.4852,6.4395,6.4395,14441.3,251
2026-07-22 09:30:00+00:00,6.4468,6.4486,6.4242,6.4242,20174.7,270
2026-07-22 09:45:00+00:00,6.4307,6.4562,6.4192,6.42,8090.1,220
2026-07-22 10:00:00+00:00,6.42,6.4407,6.42,6.432,5937.0,231
2026-07-22 10:15:00+00:00,6.425,6.4364,6.4227,6.423,12427.9,220
2026-07-22 10:30:00+00:00,6.4265,6.44,6.4227,6.4261,6684.5,176
2026-07-22 10:45:00+00:00,6.4262,6.44,6.4238,6.4251,5226.7,134
2026-07-22 11:00:00+00:00,6.4333,6.5,6.4252,6.4378,17536.1,405
2026-07-22 11:15:00+00:00,6.4345,6.4912,6.4261,6.4544,19424.7,417
2026-07-22 11:30:00+00:00,6.4556,6.465,6.4227,6.4227,9475.3,263
2026-07-22 11:45:00+00:00,6.424,6.4338,6.415,6.4217,21512.1,192
2026-07-22 12:00:00+00:00,6.4201,6.45,6.411,6.4161,22776.4,215
2026-07-22 12:15:00+00:00,6.4162,6.4261,6.4159,6.4159,7294.8,127
2026-07-22 12:30:00+00:00,6.4159,6.425,6.414,6.414,5307.9,86
2026-07-22 12:45:00+00:00,6.414,6.4457,6.412,6.4317,6385.6,231
2026-07-22 13:00:00+00:00,6.4376,6.4856,6.4244,6.4364,8289.6,211
2026-07-22 13:15:00+00:00,6.4353,6.5,6.4244,6.43,28266.2,515
2026-07-22 13:30:00+00:00,6.4362,6.495,6.43,6.48,14329.2,971
2026-07-22 13:45:00+00:00,6.4902,6.5505,6.4364,6.4879,17643.5,359
2026-07-22 14:00:00+00:00,6.4865,6.4917,6.4365,6.4523,6372.4,435
2026-07-22 14:15:00+00:00,6.4602,6.4691,6.45,6.452,9178.4,222
2026-07-22 14:30:00+00:00,6.4609,6.47,6.4501,6.4501,6751.0,202
2026-07-22 14:45:00+00:00,6.4501,6.4748,6.4501,6.4535,11034.1,271
2026-07-22 15:00:00+00:00,6.4629,6.4702,6.4351,6.442,14792.9,219
2026-07-22 15:15:00+00:00,6.4425,6.4518,6.4214,6.4284,21803.8,316
2026-07-22 15:30:00+00:00,6.4281,6.4305,6.42,6.4229,20358.5,483
2026-07-22 15:45:00+00:00,6.421,6.4378,6.42,6.434,7902.6,507
2026-07-22 16:00:00+00:00,6.4339,6.4376,6.421,6.4298,6001.3,521
2026-07-22 16:15:00+00:00,6.4297,6.4334,6.4202,6.4273,6785.1,430
2026-07-22 16:30:00+00:00,6.4274,6.4679,6.4202,6.4386,14874.3,574
2026-07-22 16:45:00+00:00,6.4383,6.439,6.4201,6.428,8754.3,502
2026-07-22 17:00:00+00:00,6.428,6.4466,6.42,6.4228,12294.9,598
2026-07-22 17:15:00+00:00,6.423,6.4288,6.42,6.4235,11204.8,593
2026-07-22 17:30:00+00:00,6.4234,6.432,6.42,6.4249,5140.5,579
2026-07-22 17:45:00+00:00,6.4249,6.432,6.42,6.432,5840.4,398
2026-07-22 18:00:00+00:00,6.4318,6.433,6.42,6.4255,4642.4,389
2026-07-22 18:15:00+00:00,6.4255,6.427,6.411,6.4198,10268.8,442
2026-07-22 18:30:00+00:00,6.42,6.427,6.41,6.4168,8311.2,676
2026-07-22 18:45:00+00:00,6.4168,6.4252,6.411,6.414,5556.4,671
2026-07-22 19:00:00+00:00,6.414,6.4184,6.41,6.4175,7442.2,682
2026-07-22 19:15:00+00:00,6.4172,6.4248,6.41,6.416,7747.1,507
2026-07-22 19:30:00+00:00,6.4155,6.4206,6.411,6.4169,6968.0,588
2026-07-22 19:45:00+00:00,6.4169,6.4204,6.41,6.4169,9104.7,488
2026-07-22 20:00:00+00:00,6.4195,6.4195,6.41,6.41,6512.9,472
2026-07-22 20:15:00+00:00,6.4174,6.4254,6.41,6.41,4495.9,687
2026-07-22 20:30:00+00:00,6.4185,6.4236,6.4091,6.4091,9929.9,723
2026-07-22 20:45:00+00:00,6.4161,6.4177,6.404,6.4118,4657.7,492
2026-07-22 21:00:00+00:00,6.4118,6.4252,6.399,6.399,6731.3,967
2026-07-22 21:15:00+00:00,6.404,6.4261,6.3737,6.3737,30988.5,592
2026-07-22 21:30:00+00:00,6.3838,6.3968,6.3684,6.3684,16040.9,493
2026-07-22 21:45:00+00:00,6.368,6.399,6.3636,6.366,9618.5,523
2026-07-22 22:00:00+00:00,6.39,6.3999,6.3601,6.3601,6479.5,404
2026-07-22 22:15:00+00:00,6.3682,6.382,6.3601,6.3796,4921.9,397
2026-07-22 22:30:00+00:00,6.379,6.4,6.363,6.363,5185.3,483
2026-07-22 22:45:00+00:00,6.3695,6.3766,6.363,6.363,4239.4,421
2026-07-22 23:00:00+00:00,6.3688,6.4079,6.3598,6.3598,5119.3,408
2026-07-22 23:15:00+00:00,6.3698,6.3729,6.3586,6.3587,4047.3,462
2026-07-22 23:30:00+00:00,6.3622,6.3801,6.3586,6.369,5325.3,511
2026-07-22 23:45:00+00:00,6.3742,6.3794,6.35,6.35,10356.7,419
2026-07-23 00:00:00+00:00,6.3582,6.3603,6.35,6.3505,4468.9,465
2026-07-23 00:15:00+00:00,6.3579,6.36,6.35,6.35,5381.5,574
2026-07-23 00:30:00+00:00,6.3548,6.3548,6.31,6.321,38344.0,494
2026-07-23 00:45:00+00:00,6.3282,6.3326,6.32,6.32,8409.7,349
2026-07-23 01:00:00+00:00,6.3244,6.42,6.32,6.3902,11080.2,422
2026-07-23 01:15:00+00:00,6.4036,6.4207,6.3529,6.369,18028.5,459
2026-07-23 01:30:00+00:00,6.3867,6.646,6.3538,6.4114,39802.4,820
2026-07-23 01:45:00+00:00,6.4293,6.5299,6.3998,6.4702,17634.8,410
2026-07-23 02:00:00+00:00,6.49,6.6344,6.4561,6.5424,38574.7,1029
2026-07-23 02:15:00+00:00,6.5553,6.5571,6.4857,6.488,18429.6,705
2026-07-23 02:30:00+00:00,6.5014,6.5045,6.4628,6.4971,14770.1,454
2026-07-23 02:45:00+00:00,6.5022,6.5103,6.4534,6.4749,12184.8,434
2026-07-23 03:00:00+00:00,6.5031,6.5039,6.4482,6.4581,10753.2,389
2026-07-23 03:15:00+00:00,6.4664,6.4809,6.447,6.447,9988.3,409
2026-07-23 03:30:00+00:00,6.4553,6.4585,6.4377,6.4461,10344.5,397
2026-07-23 03:45:00+00:00,6.4549,6.4581,6.4,6.437,14541.8,376
2026-07-23 04:00:00+00:00,6.45,6.5,6.4381,6.478,8505.0,361
2026-07-23 04:15:00+00:00,6.4893,6.5,6.458,6.476,10823.4,359
2026-07-23 04:30:00+00:00,6.4898,6.5063,6.4619,6.4655,8558.7,360
2026-07-23 04:45:00+00:00,6.4657,6.5258,6.4532,6.4994,12981.7,483
2026-07-23 05:00:00+00:00,6.5153,6.5161,6.4737,6.5092,9595.1,366
2026-07-23 05:15:00+00:00,6.5096,6.5161,6.4742,6.507,12062.6,318
2026-07-23 05:30:00+00:00,6.5069,6.58,6.4958,6.5676,20176.5,615
2026-07-23 05:45:00+00:00,6.5733,6.62,6.55,6.6066,26943.7,532
2026-07-23 06:00:00+00:00,6.615,6.618,6.46,6.519,66003.9,884
2026-07-23 06:15:00+00:00,6.5129,6.5506,6.47,6.5322,17788.0,522
2026-07-23 06:30:00+00:00,6.5409,6.5506,6.51,6.5116,18734.7,507
2026-07-23 06:45:00+00:00,6.5193,6.5249,6.4375,6.4727,25192.3,516
2026-07-23 07:00:00+00:00,6.4727,6.51,6.4616,6.4913,13527.2,442
2026-07-23 07:15:00+00:00,6.4978,6.5061,6.4838,6.4992,8236.4,309
2026-07-23 07:30:00+00:00,6.5059,6.54,6.484,6.4897,22061.5,547
2026-07-23 07:45:00+00:00,6.4973,6.5139,6.4898,6.5063,7992.8,289
2026-07-23 08:00:00+00:00,6.4994,6.5139,6.4677,6.5046,32468.0,411
2026-07-23 08:15:00+00:00,6.5113,6.6099,6.5047,6.5477,32903.3,684
2026-07-23 08:30:00+00:00,6.548,6.61,6.5304,6.564,34755.3,657
2026-07-23 08:45:00+00:00,6.5628,6.66,6.5565,6.6401,31849.7,505
2026-07-23 09:00:00+00:00,6.6496,6.671,6.5,6.6132,106998.8,901
2026-07-23 09:15:00+00:00,6.6067,6.6575,6.6012,6.6411,23144.5,650
2026-07-23 09:30:00+00:00,6.6346,6.6804,6.626,6.6702,22909.7,438
2026-07-23 09:45:00+00:00,6.6724,6.6873,6.6252,6.6348,12660.3,349
2026-07-23 10:00:00+00:00,6.6513,6.6633,6.6002,6.6333,14446.5,415
2026-07-23 10:15:00+00:00,6.6464,6.7306,6.6,6.7306,52161.9,706
2026-07-23 10:30:00+00:00,6.7204,6.7302,6.685,6.6855,20826.0,401
2026-07-23 10:45:00+00:00,6.6922,6.7094,6.68,6.6885,21080.9,408
2026-07-23 11:00:00+00:00,6.6995,6.7298,6.655,6.655,19825.3,539
2026-07-23 11:15:00+00:00,6.6629,6.72,6.655,6.6668,17360.0,623
2026-07-23 11:30:00+00:00,6.6672,6.69,6.6143,6.6144,14730.2,609
2026-07-23 11:45:00+00:00,6.6219,6.6533,6.5801,6.6096,16880.5,528
2026-07-23 12:00:00+00:00,6.601,6.6499,6.58,6.6125,22272.0,649
2026-07-23 12:15:00+00:00,6.6152,6.6427,6.5569,6.5739,17859.6,634
2026-07-23 12:30:00+00:00,6.5931,6.6068,6.5419,6.542,14819.8,469
2026-07-23 12:45:00+00:00,6.542,6.569,6.536,6.5435,20265.2,542
2026-07-23 13:00:00+00:00,6.5436,6.6035,6.5436,6.5641,30601.0,791
2026-07-23 13:15:00+00:00,6.57,6.6205,6.5641,6.6014,20971.1,438
2026-07-23 13:30:00+00:00,6.6015,6.6799,6.5777,6.6798,21155.8,628
2026-07-23 13:45:00+00:00,6.6798,6.68,6.6,6.6001,16322.3,419
2026-07-23 14:00:00+00:00,6.6001,6.6799,6.5504,6.6045,29092.8,700
2026-07-23 14:15:00+00:00,6.5909,6.6804,6.5841,6.6267,28979.9,547
2026-07-23 14:30:00+00:00,6.6274,6.636,6.592,6.615,8256.1,240
2026-07-23 14:45:00+00:00,6.6086,6.68,6.5898,6.6037,15888.2,422
2026-07-23 15:00:00+00:00,6.6041,6.6185,6.552,6.556,18749.5,529
2026-07-23 15:15:00+00:00,6.5579,6.5725,6.5501,6.5586,11840.0,472
2026-07-23 15:30:00+00:00,6.5588,6.5998,6.5506,6.5773,13123.1,322
2026-07-23 15:45:00+00:00,6.5699,6.6,6.5656,6.5902,9566.1,263
2026-07-23 16:00:00+00:00,6.5755,6.5941,6.5598,6.5692,14684.0,263
2026-07-23 16:15:00+00:00,6.5616,6.58,6.55,6.5594,6961.6,282
2026-07-23 16:30:00+00:00,6.5594,6.5928,6.5541,6.5856,7987.9,346
2026-07-23 16:45:00+00:00,6.5776,6.6132,6.5688,6.5689,9838.2,445
2026-07-23 17:00:00+00:00,6.5791,6.5843,6.55,6.55,7900.6,254
2026-07-23 17:15:00+00:00,6.5603,6.5658,6.53,6.5407,18536.6,282
2026-07-23 17:30:00+00:00,6.533,6.5958,6.5304,6.5515,17631.6,345
2026-07-23 17:45:00+00:00,6.5406,6.5524,6.53,6.5393,7402.6,264
2026-07-23 18:00:00+00:00,6.5323,6.541,6.53,6.5337,8847.8,418
2026-07-23 18:15:00+00:00,6.5337,6.5523,6.502,6.5092,14558.3,364
2026-07-23 18:30:00+00:00,6.5095,6.5158,6.502,6.5106,6828.3,439
2026-07-23 18:45:00+00:00,6.5025,6.5143,6.501,6.5078,9550.5,334
2026-07-23 19:00:00+00:00,6.5011,6.5133,6.5,6.509,7145.5,205
2026-07-23 19:15:00+00:00,6.5018,6.511,6.47,6.4758,7797.4,412
2026-07-23 19:30:00+00:00,6.4826,6.487,6.4414,6.4553,18924.8,549
2026-07-23 19:45:00+00:00,6.4564,6.4575,6.4245,6.4351,8855.5,373
2026-07-23 20:00:00+00:00,6.4269,6.495,6.42,6.4204,11058.9,388
2026-07-23 20:15:00+00:00,6.421,6.4345,6.42,6.4213,9077.3,374
2026-07-23 20:30:00+00:00,6.4217,6.4905,6.42,6.4288,10085.5,537
2026-07-23 20:45:00+00:00,6.4307,6.4508,6.42,6.4497,8036.6,301
2026-07-23 21:00:00+00:00,6.4338,6.474,6.4225,6.4438,11228.4,467
2026-07-23 21:15:00+00:00,6.4437,6.4501,6.42,6.4321,8228.1,369
2026-07-23 21:30:00+00:00,6.4241,6.4684,6.42,6.4202,11774.1,377
2026-07-23 21:45:00+00:00,6.4202,6.4317,6.39,6.418,41861.4,509
2026-07-23 22:00:00+00:00,6.3971,6.4128,6.3788,6.3879,12957.1,348
2026-07-23 22:15:00+00:00,6.3835,6.3998,6.3701,6.3805,12325.6,429
2026-07-23 22:30:00+00:00,6.3701,6.3997,6.3701,6.3837,14444.4,472
2026-07-23 22:45:00+00:00,6.3744,6.4133,6.3736,6.3837,8084.0,251
2026-07-23 23:00:00+00:00,6.3788,6.3891,6.37,6.3787,7110.0,231
2026-07-23 23:15:00+00:00,6.3701,6.4087,6.37,6.3788,12839.3,373
2026-07-23 23:30:00+00:00,6.3713,6.3951,6.37,6.3779,12754.2,420
2026-07-23 23:45:00+00:00,6.3767,6.3831,6.3571,6.371,9882.8,292
2026-07-24 00:00:00+00:00,6.3633,6.3835,6.3501,6.3618,9427.3,457
2026-07-24 00:15:00+00:00,6.352,6.3723,6.3501,6.3601,14210.7,580
2026-07-24 00:30:00+00:00,6.364,6.3712,6.3303,6.3369,44129.1,881
2026-07-24 00:45:00+00:00,6.3304,6.3662,6.3301,6.3628,16839.8,552
2026-07-24 01:00:00+00:00,6.3554,6.4817,6.3554,6.3987,18995.3,506
2026-07-24 01:15:00+00:00,6.392,6.4684,6.3752,6.417,12972.8,392
2026-07-24 01:30:00+00:00,6.4113,6.49,6.4113,6.432,10548.2,338
2026-07-24 01:45:00+00:00,6.4275,6.55,6.4145,6.4768,43404.4,471
2026-07-24 02:00:00+00:00,6.4261,6.578,6.4204,6.4842,38996.3,1077
2026-07-24 02:15:00+00:00,6.4826,6.4837,6.4,6.4136,24424.5,529
2026-07-24 02:30:00+00:00,6.4131,6.4146,6.3571,6.3691,21059.8,611
2026-07-24 02:45:00+00:00,6.3678,6.3703,6.35,6.3555,12324.9,425
2026-07-24 03:00:00+00:00,6.3555,6.413,6.339,6.4081,22196.7,737
2026-07-24 03:15:00+00:00,6.4075,6.48,6.3808,6.4751,32530.9,706
2026-07-24 03:30:00+00:00,6.4744,6.4792,6.436,6.4721,25222.4,665
2026-07-24 03:45:00+00:00,6.4713,6.4856,6.456,6.4682,13081.4,540
2026-07-24 04:00:00+00:00,6.4643,6.52,6.4425,6.4894,31082.6,541
2026-07-24 04:15:00+00:00,6.4895,6.5099,6.45,6.4578,14206.7,594
2026-07-24 04:30:00+00:00,6.4519,6.4637,6.43,6.437,8173.2,238
2026-07-24 04:45:00+00:00,6.4357,6.45,6.411,6.4494,14590.1,382
2026-07-24 05:00:00+00:00,6.4484,6.5098,6.4307,6.4496,18133.0,586
2026-07-24 05:15:00+00:00,6.4493,6.4908,6.4367,6.4907,21022.8,390
2026-07-24 05:30:00+00:00,6.4907,6.4908,6.4323,6.4463,19866.2,408
2026-07-24 05:45:00+00:00,6.4441,6.4839,6.438,6.4798,12091.5,454
2026-07-24 06:00:00+00:00,6.4797,6.4887,6.451,6.4611,11459.1,501
2026-07-24 06:15:00+00:00,6.4632,6.49,6.4502,6.4603,14216.6,477
2026-07-24 06:30:00+00:00,6.4568,6.5,6.4502,6.4867,19975.3,663
2026-07-24 06:45:00+00:00,6.4789,6.55,6.4515,6.4778,45282.5,743
2026-07-24 07:00:00+00:00,6.4851,6.5033,6.4573,6.4701,15382.8,535
2026-07-24 07:15:00+00:00,6.4678,6.4719,6.402,6.4291,25790.3,592
2026-07-24 07:30:00+00:00,6.4286,6.453,6.37,6.3837,63745.5,768
2026-07-24 07:45:00+00:00,6.3711,6.415,6.37,6.3959,22446.9,406
2026-07-24 08:00:00+00:00,6.3959,6.4025,6.3811,6.3956,13816.5,509
2026-07-24 08:15:00+00:00,6.4015,6.405,6.3721,6.3832,17290.4,524
2026-07-24 08:30:00+00:00,6.3899,6.438,6.374,6.3899,12815.7,422
2026-07-24 08:45:00+00:00,6.389,6.4086,6.3854,6.395,9923.4,298
2026-07-24 09:00:00+00:00,6.3944,6.4,6.3876,6.3937,11053.1,344
2026-07-24 09:15:00+00:00,6.3979,6.43,6.3876,6.394,10681.3,353
2026-07-24 09:30:00+00:00,6.3939,6.4124,6.3876,6.3993,9691.0,441
2026-07-24 09:45:00+00:00,6.3959,6.4088,6.389,6.3975,8440.2,373
2026-07-24 10:00:00+00:00,6.3965,6.42,6.3876,6.41,24253.3,446
2026-07-24 10:15:00+00:00,6.4098,6.41,6.3882,6.3927,12484.8,389
2026-07-24 10:30:00+00:00,6.3883,6.4,6.3722,6.3745,26486.3,409
2026-07-24 10:45:00+00:00,6.3745,6.3883,6.371,6.3793,8532.8,329
2026-07-24 11:00:00+00:00,6.3718,6.3872,6.371,6.3758,11176.4,418
2026-07-24 11:15:00+00:00,6.3747,6.3886,6.3711,6.3802,12534.3,419
2026-07-24 11:30:00+00:00,6.3771,6.3814,6.3711,6.3793,22767.9,478
2026-07-24 11:45:00+00:00,6.379,6.4248,6.3711,6.4163,63642.3,585
2026-07-24 12:00:00+00:00,6.4143,6.4247,6.3898,6.409,27826.8,630
2026-07-24 12:15:00+00:00,6.4176,6.42,6.3856,6.3881,14648.0,405
2026-07-24 12:30:00+00:00,6.3955,6.4018,6.378,6.3812,9961.0,321
2026-07-24 12:45:00+00:00,6.3903,6.3959,6.3742,6.379,12944.9,364
2026-07-24 13:00:00+00:00,6.3789,6.4216,6.373,6.373,15498.8,631
2026-07-24 13:15:00+00:00,6.3732,6.3844,6.3714,6.3714,13437.4,361
2026-07-24 13:30:00+00:00,6.372,6.3966,6.3268,6.3408,74334.6,883
2026-07-24 13:45:00+00:00,6.3427,6.432,6.3409,6.363,60923.5,921
2026-07-24 14:00:00+00:00,6.3713,6.3793,6.3122,6.3215,29948.5,529
2026-07-24 14:15:00+00:00,6.3313,6.332,6.3,6.3122,58973.7,661
2026-07-24 14:30:00+00:00,6.3125,6.318,6.2958,6.2994,31627.8,488
2026-07-24 14:45:00+00:00,6.2994,6.3231,6.2928,6.311,45008.1,640
2026-07-24 15:00:00+00:00,6.311,6.3176,6.2932,6.3011,23986.7,374
2026-07-24 15:15:00+00:00,6.3096,6.3504,6.295,6.296,17770.3,402
2026-07-24 15:30:00+00:00,6.3017,6.3099,6.294,6.2941,9137.9,425
2026-07-24 15:45:00+00:00,6.2982,6.3111,6.2941,6.2942,10071.1,296
2026-07-24 16:00:00+00:00,6.3009,6.308,6.2941,6.2956,14685.0,531
2026-07-24 16:15:00+00:00,6.2964,6.3071,6.292,6.2966,13533.2,589
2026-07-24 16:30:00+00:00,6.2967,6.305,6.29,6.29,17039.5,489
2026-07-24 16:45:00+00:00,6.2915,6.2945,6.29,6.2938,25364.5,519
2026-07-24 17:00:00+00:00,6.2936,6.2946,6.2785,6.2785,93575.7,920
2026-07-24 17:15:00+00:00,6.2785,6.2823,6.2527,6.254,31461.3,476
2026-07-24 17:30:00+00:00,6.255,6.2682,6.251,6.252,14860.7,566
2026-07-24 17:45:00+00:00,6.2521,6.256,6.2413,6.2445,19699.3,379
2026-07-24 18:00:00+00:00,6.2509,6.2657,6.2413,6.2632,10910.3,348
2026-07-24 18:15:00+00:00,6.2609,6.2656,6.21,6.222,59835.1,1121
2026-07-24 18:30:00+00:00,6.2208,6.2394,6.2077,6.2169,28828.2,1177
2026-07-24 18:45:00+00:00,6.2165,6.2197,6.21,6.2153,14519.2,499
2026-07-24 19:00:00+00:00,6.2208,6.2208,6.19,6.192,45975.7,490
2026-07-24 19:15:00+00:00,6.1903,6.2003,6.11,6.1381,117044.6,801
2026-07-24 19:30:00+00:00,6.1377,6.1447,6.0624,6.0772,126122.6,871
2026-07-24 19:45:00+00:00,6.0763,6.1296,6.069,6.1264,27863.4,616
2026-07-24 20:00:00+00:00,6.1262,6.154,6.1195,6.1308,20007.5,490
2026-07-24 20:15:00+00:00,6.1393,6.1608,6.1308,6.1379,12209.3,360
2026-07-24 20:30:00+00:00,6.1379,6.1668,6.1378,6.1661,12107.1,209
2026-07-24 20:45:00+00:00,6.1638,6.174,6.1105,6.118,11403.4,272
2026-07-24 21:00:00+00:00,6.1179,6.12,6.1133,6.12,6882.6,170
2026-07-24 21:15:00+00:00,6.12,6.12,6.1199,6.12,1390.0,127
2026-07-24 21:30:00+00:00,6.12,6.1626,6.1196,6.1536,14072.2,240
2026-07-24 21:45:00+00:00,6.1518,6.1767,6.1418,6.1496,2853.6,249
2026-07-24 22:00:00+00:00,6.1487,6.3,6.1465,6.2122,15198.6,417
2026-07-24 22:15:00+00:00,6.2156,6.2687,6.2037,6.2322,14635.2,315
2026-07-24 22:30:00+00:00,6.2339,6.2848,6.2339,6.2701,6018.9,362
2026-07-24 22:45:00+00:00,6.2743,6.2743,6.2161,6.2511,10217.7,385
2026-07-24 23:00:00+00:00,6.2481,6.2653,6.2438,6.2559,6707.8,361
2026-07-24 23:15:00+00:00,6.2485,6.2586,6.2138,6.2274,9083.5,415
2026-07-24 23:30:00+00:00,6.2202,6.2301,6.1644,6.1725,16639.5,442
2026-07-24 23:45:00+00:00,6.1649,6.1837,6.1329,6.1814,10871.0,500
2026-07-25 00:00:00+00:00,6.1728,6.1803,6.1546,6.1607,10321.8,439
2026-07-25 00:15:00+00:00,6.1571,6.1672,6.1282,6.1409,7995.0,329
2026-07-25 00:30:00+00:00,6.1343,6.145,6.1,6.1,11157.5,493
2026-07-25 00:45:00+00:00,6.1,6.1234,6.06,6.0751,25490.6,548
2026-07-25 01:00:00+00:00,6.0722,6.107,6.0701,6.09,13160.0,418
2026-07-25 01:15:00+00:00,6.09,6.0983,6.06,6.06,18931.6,439
2026-07-25 01:30:00+00:00,6.0603,6.0738,6.0581,6.0581,18870.5,581
2026-07-25 01:45:00+00:00,6.0585,6.0738,6.0472,6.0472,12480.2,372
2026-07-25 02:00:00+00:00,6.0468,6.1955,6.0423,6.083,27839.0,547
2026-07-25 02:15:00+00:00,6.0807,6.1545,6.0637,6.0708,19582.1,810
2026-07-25 02:30:00+00:00,6.0708,6.0938,6.0604,6.0636,14979.6,620
2026-07-25 02:45:00+00:00,6.0639,6.0833,6.06,6.0744,17791.9,646
2026-07-25 03:00:00+00:00,6.0674,6.0794,6.06,6.0669,10239.3,532
2026-07-25 03:15:00+00:00,6.06,6.1,6.05,6.0625,18239.5,425
2026-07-25 03:30:00+00:00,6.0602,6.0881,6.0601,6.0629,19444.1,504
2026-07-25 03:45:00+00:00,6.0603,6.0676,6.0211,6.0454,40050.8,543
2026-07-25 04:00:00+00:00,6.0396,6.0729,6.0233,6.0641,14749.8,717
2026-07-25 04:15:00+00:00,6.0646,6.0809,6.04,6.0412,15441.4,626
2026-07-25 04:30:00+00:00,6.0416,6.083,6.0312,6.0599,19453.4,587
2026-07-25 04:45:00+00:00,6.0514,6.0714,6.0459,6.0548,19873.5,449
2026-07-25 05:00:00+00:00,6.0498,6.14,6.0459,6.0792,23279.3,481
2026-07-25 05:15:00+00:00,6.072,6.0753,6.0491,6.051,14837.9,468
2026-07-25 05:30:00+00:00,6.0492,6.0818,6.0459,6.0735,17452.8,438
2026-07-25 05:45:00+00:00,6.0626,6.0701,6.0315,6.0497,18071.6,452
2026-07-25 06:00:00+00:00,6.0379,6.05,6.0321,6.0363,16202.3,490
2026-07-25 06:15:00+00:00,6.0333,6.0396,6.0215,6.023,18814.8,509
2026-07-25 06:30:00+00:00,6.0226,6.0471,6.02,6.0236,24372.6,518
2026-07-25 06:45:00+00:00,6.0243,6.0346,6.0,6.0054,99234.0,631
2026-07-25 07:00:00+00:00,6.0052,6.039,6.005,6.0081,23932.9,468
2026-07-25 07:15:00+00:00,6.0099,6.0207,6.0053,6.0157,22261.1,438
2026-07-25 07:30:00+00:00,6.0123,6.0468,6.011,6.035,36839.6,634
2026-07-25 07:45:00+00:00,6.0355,6.049,6.018,6.043,22698.3,796
2026-07-25 08:00:00+00:00,6.0372,6.043,6.0211,6.025,10720.7,396
2026-07-25 08:15:00+00:00,6.0272,6.048,6.016,6.0298,9103.9,326
2026-07-25 08:30:00+00:00,6.0191,6.0379,6.013,6.02,7266.0,270
2026-07-25 08:45:00+00:00,6.013,6.0242,6.0088,6.0145,7448.2,322
2026-07-25 09:00:00+00:00,6.0089,6.0152,6.0036,6.0098,29003.3,421
2026-07-25 09:15:00+00:00,6.0098,6.0147,6.0045,6.0124,21559.3,368
2026-07-25 09:30:00+00:00,6.0073,6.0124,6.0036,6.0118,11991.0,466
2026-07-25 09:45:00+00:00,6.0081,6.04,6.0037,6.0212,46624.7,616
2026-07-25 10:00:00+00:00,6.0223,6.0314,6.0171,6.0272,8066.5,491
2026-07-25 10:15:00+00:00,6.022,6.0354,6.012,6.0145,13829.7,533
2026-07-25 10:30:00+00:00,6.0134,6.0229,6.0122,6.0158,10826.9,684
2026-07-25 10:45:00+00:00,6.0134,6.036,6.012,6.0136,10192.3,604
2026-07-25 11:00:00+00:00,6.0124,6.0205,6.01,6.0138,9132.8,514
2026-07-25 11:15:00+00:00,6.0146,6.0319,6.0101,6.0165,14287.3,585
2026-07-25 11:30:00+00:00,6.014,6.0298,6.012,6.0186,6377.5,239
2026-07-25 11:45:00+00:00,6.0142,6.03,6.01,6.0198,6459.7,316
2026-07-25 12:00:00+00:00,6.0101,6.0901,6.01,6.078,112522.3,919
2026-07-25 12:15:00+00:00,6.08,6.13,6.0596,6.1098,87623.6,898
2026-07-25 12:30:00+00:00,6.1029,6.1157,6.07,6.0802,21249.5,562
2026-07-25 12:45:00+00:00,6.072,6.097,6.0602,6.074,10442.4,305
2026-07-25 13:00:00+00:00,6.0629,6.0754,6.0601,6.063,7359.0,285
2026-07-25 13:15:00+00:00,6.0631,6.0759,6.0,6.006,480609.0,555
2026-07-25 13:30:00+00:00,6.0031,6.4122,6.0,6.1723,300400.0,3380
2026-07-25 13:45:00+00:00,6.1689,6.2199,6.1307,6.1626,58558.1,821
2026-07-25 14:00:00+00:00,6.1659,6.1901,6.1532,6.177,13887.7,355
2026-07-25 14:15:00+00:00,6.1693,6.45,6.1661,6.3484,84065.3,1675
2026-07-25 14:30:00+00:00,6.3475,6.5,6.296,6.34,96929.7,1706
2026-07-25 14:45:00+00:00,6.3403,6.36,6.2838,6.307,27213.1,829
2026-07-25 15:00:00+00:00,6.3077,6.3089,6.23,6.238,19930.2,799
2026-07-25 15:15:00+00:00,6.242,6.2767,6.2325,6.246,15459.5,503
2026-07-25 15:30:00+00:00,6.2494,6.349,6.245,6.3382,26324.5,841
2026-07-25 15:45:00+00:00,6.338,6.398,6.3129,6.3879,37616.0,801
2026-07-25 16:00:00+00:00,6.3882,6.4207,6.2929,6.3409,147759.3,1198
2026-07-25 16:15:00+00:00,6.3064,6.3088,6.1674,6.2061,47138.4,831
2026-07-25 16:30:00+00:00,6.207,6.2189,6.2,6.2163,15857.7,508
2026-07-25 16:45:00+00:00,6.2113,6.2187,6.1877,6.2017,13661.1,478
2026-07-25 17:00:00+00:00,6.1944,6.2653,6.146,6.1735,23164.8,598
2026-07-25 17:15:00+00:00,6.1718,6.218,6.1515,6.17,12664.7,499
2026-07-25 17:30:00+00:00,6.1699,6.1833,6.145,6.1524,11371.5,559
2026-07-25 17:45:00+00:00,6.1517,6.1674,6.143,6.1508,13769.5,576
2026-07-25 18:00:00+00:00,6.1499,6.1551,6.024,6.0627,51972.4,694
2026-07-25 18:15:00+00:00,6.059,6.1777,6.0286,6.1061,23534.0,642
2026-07-25 18:30:00+00:00,6.106,6.1106,6.0684,6.1106,10394.6,396
2026-07-25 18:45:00+00:00,6.1104,6.1263,6.0692,6.1106,13277.3,479
2026-07-25 19:00:00+00:00,6.1154,6.1154,6.056,6.0673,9426.9,342
2026-07-25 19:15:00+00:00,6.0668,6.1188,6.06,6.095,19827.4,613
2026-07-25 19:30:00+00:00,6.0932,6.1154,6.07,6.0734,9584.2,412
2026-07-25 19:45:00+00:00,6.0761,6.0897,6.036,6.047,12713.3,537
2026-07-25 20:00:00+00:00,6.0468,6.0582,6.023,6.0464,10352.1,449
2026-07-25 20:15:00+00:00,6.0449,6.0495,6.022,6.0343,14250.7,488
2026-07-25 20:30:00+00:00,6.0325,6.1711,6.0303,6.036,20581.8,522
2026-07-25 20:45:00+00:00,6.0404,6.0796,6.0353,6.0465,9893.5,281
2026-07-25 21:00:00+00:00,6.0448,6.0453,6.015,6.02,16868.2,282
2026-07-25 21:15:00+00:00,6.0256,6.0336,6.011,6.0122,21144.0,396
2026-07-25 21:30:00+00:00,6.0196,6.0208,6.01,6.0105,9097.5,301
2026-07-25 21:45:00+00:00,6.0104,6.017,6.01,6.01,8836.9,249
2026-07-25 22:00:00+00:00,6.0137,6.0175,6.01,6.01,10290.2,379
2026-07-25 22:15:00+00:00,6.01,6.0153,6.01,6.0123,13621.8,392
2026-07-25 22:30:00+00:00,6.0114,6.0245,6.01,6.0109,8561.5,294
2026-07-25 22:45:00+00:00,6.0121,6.0122,6.0,6.0,39642.7,446
2026-07-25 23:00:00+00:00,6.0032,6.025,5.99,6.0096,29238.9,442
2026-07-25 23:15:00+00:00,6.0163,6.0221,6.0004,6.0213,3101.8,196
2026-07-25 23:30:00+00:00,6.0191,6.11,5.9868,6.0634,39335.6,606
2026-07-25 23:45:00+00:00,6.0651,6.1759,6.0497,6.1473,28010.7,662
2026-07-26 00:00:00+00:00,6.1537,6.1682,6.0994,6.1222,15056.7,626
2026-07-26 00:15:00+00:00,6.1254,6.1254,6.0994,6.1048,12957.6,420
2026-07-26 00:30:00+00:00,6.1048,6.1561,6.0796,6.14,13441.0,445
2026-07-26 00:45:00+00:00,6.1417,6.16,6.1051,6.1116,17132.3,405
2026-07-26 01:00:00+00:00,6.111,6.1157,6.0894,6.0894,18466.2,357
2026-07-26 01:15:00+00:00,6.0948,6.1033,6.08,6.0835,7147.5,287
2026-07-26 01:30:00+00:00,6.0928,6.2653,6.08,6.1659,22870.6,550
2026-07-26 01:45:00+00:00,6.1763,6.1763,6.1003,6.1003,8821.8,265
2026-07-26 02:00:00+00:00,6.1071,6.1205,6.0802,6.0927,9380.4,393
2026-07-26 02:15:00+00:00,6.1013,6.1057,6.08,6.09,10272.4,324
2026-07-26 02:30:00+00:00,6.0901,6.25,6.0803,6.204,33431.9,599
2026-07-26 02:45:00+00:00,6.2044,6.25,6.2,6.2124,15675.9,578
2026-07-26 03:00:00+00:00,6.2123,6.2221,6.2,6.2063,13545.5,409
2026-07-26 03:15:00+00:00,6.2086,6.2099,6.2,6.2033,29385.7,303
2026-07-26 03:30:00+00:00,6.206,6.2073,6.2,6.2018,13066.4,382
2026-07-26 03:45:00+00:00,6.2018,6.2324,6.2,6.2057,13978.7,362
2026-07-26 04:00:00+00:00,6.2059,6.2088,6.1528,6.1559,16370.6,335
2026-07-26 04:15:00+00:00,6.1613,6.1642,6.1151,6.1492,13617.8,392
2026-07-26 04:30:00+00:00,6.1485,6.1494,6.1231,6.1231,12626.4,320
2026-07-26 04:45:00+00:00,6.1287,6.1369,6.1115,6.122,13414.5,299
2026-07-26 05:00:00+00:00,6.119,6.1293,6.0862,6.0929,16909.9,367
2026-07-26 05:15:00+00:00,6.0923,6.116,6.0808,6.1,13707.8,292
2026-07-26 05:30:00+00:00,6.1078,6.1289,6.1,6.1,11761.6,273
2026-07-26 05:45:00+00:00,6.1035,6.1224,6.1,6.1194,14909.4,328
2026-07-26 06:00:00+00:00,6.112,6.1286,6.1,6.1,11112.0,321
2026-07-26 06:15:00+00:00,6.1032,6.1128,6.1,6.1,9999.6,204
2026-07-26 06:30:00+00:00,6.1084,6.1191,6.1,6.11,17237.1,291
2026-07-26 06:45:00+00:00,6.1166,6.1613,6.11,6.1446,13698.4,314
2026-07-26 07:00:00+00:00,6.1391,6.1577,6.1005,6.1523,13098.6,251
2026-07-26 07:15:00+00:00,6.1574,6.1589,6.09,6.094,13314.9,211
2026-07-26 07:30:00+00:00,6.0968,6.1012,6.088,6.09,8733.2,198
2026-07-26 07:45:00+00:00,6.0971,6.0971,6.0844,6.09,7509.2,175
2026-07-26 08:00:00+00:00,6.0917,6.1076,6.0865,6.0883,11977.5,311
2026-07-26 08:15:00+00:00,6.0939,6.0997,6.0845,6.088,14838.8,219
2026-07-26 08:30:00+00:00,6.0844,6.0922,6.0817,6.0922,7681.2,131
2026-07-26 08:45:00+00:00,6.0875,6.1101,6.0801,6.1013,10385.3,206
2026-07-26 09:00:00+00:00,6.1099,6.1375,6.1,6.1251,13367.9,305
2026-07-26 09:15:00+00:00,6.131,6.1557,6.115,6.1313,29430.1,809
2026-07-26 09:30:00+00:00,6.1283,6.1858,6.126,6.1648,38512.6,2546
2026-07-26 09:45:00+00:00,6.163,6.1962,6.1522,6.1556,31905.4,4662
2026-07-26 10:00:00+00:00,6.1549,6.184,6.1424,6.1499,31552.4,5222
2026-07-26 10:15:00+00:00,6.1492,6.246,6.138,6.2163,43571.5,4489
2026-07-26 10:30:00+00:00,6.215,6.25,6.1685,6.2079,31923.9,5059
2026-07-26 10:45:00+00:00,6.2084,6.2206,6.1208,6.1296,19677.7,3606
2026-07-26 11:00:00+00:00,6.1323,6.1349,6.116,6.1242,24771.7,3103
2026-07-26 11:15:00+00:00,6.1241,6.1672,6.12,6.1565,29482.4,3257
2026-07-26 11:30:00+00:00,6.1536,6.3,6.1522,6.2693,57309.8,3225
2026-07-26 11:45:00+00:00,6.266,6.3116,6.2384,6.2894,54158.8,6651
2026-07-26 12:00:00+00:00,6.2893,6.32,6.2823,6.2982,42866.3,4937
2026-07-26 12:15:00+00:00,6.2964,6.352,6.2927,6.3348,57561.5,5266
2026-07-26 12:30:00+00:00,6.3342,6.3558,6.3139,6.3537,51575.0,6801
2026-07-26 12:45:00+00:00,6.3539,6.487,6.3441,6.4266,155929.5,7226
2026-07-26 13:00:00+00:00,6.4265,6.46,6.34,6.4329,94056.0,9339
2026-07-26 13:15:00+00:00,6.4314,6.625,6.38,6.5548,199590.3,3507
2026-07-26 13:30:00+00:00,6.5446,6.63,6.4656,6.5021,149080.2,3036
2026-07-26 13:45:00+00:00,6.5021,6.5506,6.36,6.4549,110175.8,2250
2026-07-26 14:00:00+00:00,6.4452,6.483,6.3116,6.3439,81309.4,2306
2026-07-26 14:15:00+00:00,6.3435,6.535,6.3,6.4797,134404.8,3186
2026-07-26 14:30:00+00:00,6.4797,6.54,6.4471,6.5245,60530.6,1725
2026-07-26 14:45:00+00:00,6.5255,6.548,6.456,6.47,35092.1,1472
2026-07-26 15:00:00+00:00,6.4699,6.4927,6.3754,6.4336,53598.3,1919
2026-07-26 15:15:00+00:00,6.4333,6.4668,6.3778,6.3913,54257.4,1775
2026-07-26 15:30:00+00:00,6.3877,6.4,6.3001,6.3742,77256.4,2470
2026-07-26 15:45:00+00:00,6.3828,6.4166,6.3111,6.3203,79307.6,1537
2026-07-26 16:00:00+00:00,6.3266,6.3771,6.2888,6.298,53459.4,1629
2026-07-26 16:15:00+00:00,6.2993,6.3172,6.25,6.2837,75765.4,1537
2026-07-26 16:30:00+00:00,6.289,6.3455,6.2801,6.304,47368.2,1512
2026-07-26 16:45:00+00:00,6.3021,6.3246,6.29,6.2978,40357.8,1348
2026-07-26 17:00:00+00:00,6.3028,6.4383,6.1682,6.3692,244892.3,2630
2026-07-26 17:15:00+00:00,6.3739,6.4,6.3408,6.3462,18719.3,728
2026-07-26 17:30:00+00:00,6.3509,6.3628,6.293,6.2968,22916.1,1345
2026-07-26 17:45:00+00:00,6.2978,6.3,6.2911,6.2929,15744.8,1061
2026-07-26 18:00:00+00:00,6.2955,6.309,6.2801,6.2858,13038.4,1346
2026-07-26 18:15:00+00:00,6.2868,6.3,6.1568,6.171,48204.5,2265
2026-07-26 18:30:00+00:00,6.1736,6.375,6.17,6.3631,69939.6,2450
2026-07-26 18:45:00+00:00,6.3633,6.3996,6.3443,6.392,40375.0,2658
2026-07-26 19:00:00+00:00,6.378,6.3992,6.2707,6.2786,38035.8,2260
2026-07-26 19:15:00+00:00,6.2818,6.3152,6.21,6.2273,25748.3,1816
2026-07-26 19:30:00+00:00,6.2278,6.3812,6.2222,6.35,30392.4,1472
2026-07-26 19:45:00+00:00,6.3535,6.3655,6.2697,6.2921,21528.0,1113
2026-07-26 20:00:00+00:00,6.2969,6.4721,6.2632,6.4356,91812.8,2292
2026-07-26 20:15:00+00:00,6.4356,6.471,6.4063,6.4166,18888.3,1128
2026-07-26 20:30:00+00:00,6.4139,6.4833,6.36,6.4212,26223.7,1512
2026-07-26 20:45:00+00:00,6.4219,6.5,6.4219,6.4556,37888.0,1441
2026-07-26 21:00:00+00:00,6.4636,6.4763,6.4218,6.4707,25288.8,1657
2026-07-26 21:15:00+00:00,6.4707,6.5,6.4347,6.4897,42540.4,1624
2026-07-26 21:30:00+00:00,6.4897,6.498,6.2106,6.2451,40017.6,2202
2026-07-26 21:45:00+00:00,6.2476,6.4172,6.21,6.32,34325.5,1582
2026-07-26 22:00:00+00:00,6.3114,6.4856,6.2652,6.4397,48083.0,1605
2026-07-26 22:15:00+00:00,6.4375,6.5023,6.2593,6.2846,71707.2,2651
2026-07-26 22:30:00+00:00,6.2813,6.3558,6.25,6.312,35280.2,1645
2026-07-26 22:45:00+00:00,6.3082,6.445,6.3,6.3784,45159.3,2061
2026-07-26 23:00:00+00:00,6.3847,6.5098,6.3803,6.4623,44758.9,1850
2026-07-26 23:15:00+00:00,6.4686,6.52,6.4214,6.4671,45834.8,1852
2026-07-26 23:30:00+00:00,6.4674,6.5885,6.4399,6.5554,49337.7,2147
2026-07-26 23:45:00+00:00,6.5553,6.5798,6.5,6.532,53026.0,2295
2026-07-27 00:00:00+00:00,6.532,6.627,6.52,6.6203,84623.8,2214
2026-07-27 00:15:00+00:00,6.6239,7.1769,6.5933,6.8224,1129627.0,9325
2026-07-27 00:30:00+00:00,6.8142,6.8298,6.5627,6.663,263286.3,4242
2026-07-27 00:45:00+00:00,6.6633,6.688,6.4517,6.6321,232623.7,4714
2026-07-27 01:00:00+00:00,6.6231,6.8123,6.3174,6.3983,387655.4,4873
2026-07-27 01:15:00+00:00,6.3983,7.2702,6.3778,7.14,1950641.0,11806
2026-07-27 01:30:00+00:00,7.123,7.1546,5.964,6.206,4900873.7,15903
2026-07-27 01:45:00+00:00,6.2184,6.95,6.2,6.81,2942161.7,15046
2026-07-27 02:00:00+00:00,6.81,7.1,6.6219,6.9303,1735067.6,11729
2026-07-27 02:15:00+00:00,6.9414,7.06,6.8149,6.965,953417.1,7061
2026-07-27 02:30:00+00:00,6.965,7.05,6.7,7.05,1003669.5,11089
2026-07-27 02:45:00+00:00,7.0448,7.25,6.9594,7.1047,1551945.3,10385
2026-07-27 03:00:00+00:00,7.1047,7.48,7.02,7.4572,1528061.6,8227
2026-07-27 03:15:00+00:00,7.46,7.5889,7.1389,7.4458,1431277.9,8090
2026-07-27 03:30:00+00:00,7.4458,7.69,7.4306,7.4731,738130.0,7252
2026-07-27 03:45:00+00:00,7.4733,7.64,7.4035,7.6017,448944.2,12284
2026-07-27 04:00:00+00:00,7.5969,7.6389,7.451,7.6217,352348.6,18066
2026-07-27 04:15:00+00:00,7.6292,7.664,7.45,7.4618,331354.7,20682
2026-07-27 04:30:00+00:00,7.4552,7.56,7.45,7.56,682097.4,15681
2026-07-27 04:45:00+00:00,7.56,7.632,7.503,7.632,250443.5,13687
2026-07-27 05:00:00+00:00,7.631,7.75,7.31,7.445,1605082.7,12569
2026-07-27 05:15:00+00:00,7.4449,7.4499,7.214,7.3,619477.0,4857
2026-07-27 05:30:00+00:00,7.3055,7.3179,6.945,7.0841,1110246.3,8772
2026-07-27 05:45:00+00:00,7.0899,7.1693,7.0508,7.0897,516320.8,3754
2026-07-27 06:00:00+00:00,7.0921,7.0921,6.8111,6.8836,1262277.9,8465
2026-07-27 06:15:00+00:00,6.883,7.0956,6.883,7.045,587706.5,5535
2026-07-27 06:30:00+00:00,7.0565,7.0694,6.8456,7.007,363982.5,3724
2026-07-27 06:45:00+00:00,7.0086,7.06,6.94,6.9876,396453.4,2979
2026-07-27 07:00:00+00:00,6.982,7.0,6.9,6.933,306273.9,2627
2026-07-27 07:15:00+00:00,6.9329,6.97,6.8633,6.8816,256474.0,4871
2026-07-27 07:30:00+00:00,6.8824,6.964,6.8544,6.9279,243129.3,12923
2026-07-27 07:45:00+00:00,6.9264,6.96,6.88,6.9506,168082.0,9582
2026-07-27 08:00:00+00:00,6.9534,6.96,6.8376,6.8863,191015.6,7801
2026-07-27 08:15:00+00:00,6.8886,6.954,6.8714,6.948,85693.3,3097
2026-07-27 08:30:00+00:00,6.9435,6.949,6.9102,6.9268,41905.2,1588
2026-07-27 08:45:00+00:00,6.9268,6.931,6.8788,6.9141,29389.7,6315
2026-07-27 09:00:00+00:00,6.9184,6.942,6.88,6.9159,41783.0,2686
2026-07-27 09:15:00+00:00,6.9196,6.9222,6.8576,6.8842,41838.7,2561
2026-07-27 09:30:00+00:00,6.8853,6.91,6.8599,6.88,51761.8,5210
2026-07-27 09:45:00+00:00,6.88,6.9051,6.8376,6.8729,33442.2,4411
2026-07-27 10:00:00+00:00,6.8729,6.8865,6.8487,6.8709,23811.6,4054
2026-07-27 10:15:00+00:00,6.8718,6.8766,6.8,6.8101,48859.6,3315
2026-07-27 10:30:00+00:00,6.8135,6.87,6.805,6.857,67082.6,3262
2026-07-27 10:45:00+00:00,6.8526,6.908,6.8526,6.8988,45733.5,3195
2026-07-27 11:00:00+00:00,6.8997,6.91,6.8709,6.8711,53180.1,5302
2026-07-27 11:15:00+00:00,6.8711,6.88,6.83,6.83,33008.3,3661
2026-07-27 11:30:00+00:00,6.8301,6.8641,6.7932,6.838,137726.1,4075
2026-07-27 11:45:00+00:00,6.8397,6.8779,6.81,6.8145,23391.3,1167
2026-07-27 12:00:00+00:00,6.8138,6.8643,6.8071,6.849,26823.7,3145
2026-07-27 12:15:00+00:00,6.8455,6.9,6.845,6.9,97330.3,3218
2026-07-27 12:30:00+00:00,6.899,6.908,6.8647,6.8668,66149.1,1339
2026-07-27 12:45:00+00:00,6.8649,6.8693,6.84,6.8517,28088.2,1184
2026-07-27 13:00:00+00:00,6.8502,6.8509,6.8243,6.8293,46677.8,1058
2026-07-27 13:15:00+00:00,6.8319,6.8362,6.7559,6.79,132198.2,2010
2026-07-27 13:30:00+00:00,6.7832,6.7882,6.701,6.74,205213.9,2187
2026-07-27 13:45:00+00:00,6.7331,6.7429,6.65,6.6687,128990.5,2266
2026-07-27 14:00:00+00:00,6.665,6.67,6.5834,6.614,313382.8,2720
2026-07-27 14:15:00+00:00,6.6131,6.777,6.5968,6.6331,312170.2,3044
2026-07-27 14:30:00+00:00,6.6166,6.633,6.5177,6.5587,377983.7,3149
2026-07-27 14:45:00+00:00,6.5529,6.6,6.542,6.5999,133078.2,2154
2026-07-27 15:00:00+00:00,6.5998,6.6,6.5406,6.5409,76802.8,1854
2026-07-27 15:15:00+00:00,6.5409,6.566,6.53,6.5449,88398.0,1561
2026-07-27 15:30:00+00:00,6.5433,6.5601,6.533,6.5593,104182.4,1345
2026-07-27 15:45:00+00:00,6.5592,6.6799,6.5564,6.675,179175.9,2604
2026-07-27 16:00:00+00:00,6.6758,6.7752,6.5966,6.7202,313151.5,4720
2026-07-27 16:15:00+00:00,6.7216,6.74,6.6527,6.6963,44626.1,1947
2026-07-27 16:30:00+00:00,6.6963,6.7129,6.5991,6.6195,49139.3,1860
2026-07-27 16:45:00+00:00,6.615,6.7032,6.6021,6.6567,48820.8,1619
2026-07-27 17:00:00+00:00,6.6566,6.66,6.5989,6.6156,65331.5,1507
2026-07-27 17:15:00+00:00,6.6195,6.6231,6.53,6.5451,83118.8,1745
2026-07-27 17:30:00+00:00,6.547,6.5732,6.5435,6.5492,56615.2,1434
2026-07-27 17:45:00+00:00,6.5522,6.5522,6.53,6.5312,74113.9,890
2026-07-27 18:00:00+00:00,6.5334,6.5501,6.5301,6.5395,39416.5,822
2026-07-27 18:15:00+00:00,6.5397,6.5667,6.5387,6.5578,51015.0,934
2026-07-27 18:30:00+00:00,6.5578,6.5594,6.505,6.5093,80710.8,1606
2026-07-27 18:45:00+00:00,6.51,6.51,6.501,6.503,199416.8,934
2026-07-27 19:00:00+00:00,6.5065,6.5239,6.501,6.5224,35773.6,507
2026-07-27 19:15:00+00:00,6.5224,6.535,6.5204,6.5306,43504.8,903
2026-07-27 19:30:00+00:00,6.5304,6.675,6.5247,6.6442,92307.7,2157
2026-07-27 19:45:00+00:00,6.6481,6.67,6.6109,6.6511,37020.5,1121
2026-07-27 20:00:00+00:00,6.6502,6.6577,6.6219,6.6477,18020.8,913
2026-07-27 20:15:00+00:00,6.6498,6.6599,6.63,6.6578,12975.1,1140
2026-07-27 20:30:00+00:00,6.659,6.6779,6.6575,6.6638,10162.2,763
2026-07-27 20:45:00+00:00,6.6615,6.6646,6.5882,6.6213,23114.8,1527
2026-07-27 21:00:00+00:00,6.6213,6.6555,6.6176,6.6447,7579.6,732
2026-07-27 21:15:00+00:00,6.6437,6.6899,6.6401,6.6496,20188.3,1077
2026-07-27 21:30:00+00:00,6.645,6.6623,6.642,6.6521,6694.4,541
2026-07-27 21:45:00+00:00,6.6523,6.6661,6.6434,6.6494,16862.7,346
2026-07-27 22:00:00+00:00,6.6472,6.648,6.6054,6.6088,21073.2,705
2026-07-27 22:15:00+00:00,6.6088,6.61,6.5825,6.6097,18134.1,774
2026-07-27 22:30:00+00:00,6.6062,6.6162,6.6,6.6071,8525.7,340
2026-07-27 22:45:00+00:00,6.6071,6.6083,6.5687,6.5887,31669.9,1196
2026-07-27 23:00:00+00:00,6.5886,6.5915,6.5,6.5436,125738.0,1645
2026-07-27 23:15:00+00:00,6.5436,6.5443,6.5,6.5251,24246.5,402
2026-07-27 23:30:00+00:00,6.5247,6.5337,6.5,6.5039,16175.8,548
2026-07-27 23:45:00+00:00,6.5008,6.5182,6.4681,6.4829,42059.7,495
2026-07-28 00:00:00+00:00,6.4827,6.5354,6.45,6.52,56042.5,966
2026-07-28 00:15:00+00:00,6.5243,6.5382,6.51,6.5211,33329.3,501
2026-07-28 00:30:00+00:00,6.5211,6.688,6.521,6.6301,131999.9,2031
2026-07-28 00:45:00+00:00,6.6388,6.65,6.55,6.57,62738.7,522
2026-07-28 01:00:00+00:00,6.5698,6.695,6.5648,6.6052,101424.2,1172
2026-07-28 01:15:00+00:00,6.6088,6.695,6.32,6.3768,851919.2,5851
2026-07-28 01:30:00+00:00,6.3702,6.641,6.3,6.6279,1420536.1,7568
2026-07-28 01:45:00+00:00,6.6279,6.678,6.4918,6.55,763865.5,4779
2026-07-28 02:00:00+00:00,6.5475,6.7202,6.53,6.6087,924565.1,6660
2026-07-28 02:15:00+00:00,6.6087,6.7455,6.56,6.74,707575.3,4414
2026-07-28 02:30:00+00:00,6.7277,6.746,6.65,6.673,257224.0,3150
2026-07-28 02:45:00+00:00,6.6791,6.7388,6.558,6.7152,446090.9,4768
2026-07-28 03:00:00+00:00,6.7152,6.718,6.53,6.6388,663471.2,5138
2026-07-28 03:15:00+00:00,6.6387,6.742,6.6051,6.7073,230709.0,2799
2026-07-28 03:30:00+00:00,6.7012,7.0,6.7012,6.8202,581916.8,4316
2026-07-28 03:45:00+00:00,6.8202,6.87,6.74,6.7572,155811.8,2281
2026-07-28 04:00:00+00:00,6.7616,6.7631,6.6325,6.6631,186663.8,2566
2026-07-28 04:15:00+00:00,6.6631,6.718,6.5111,6.6013,203616.2,2649
2026-07-28 04:30:00+00:00,6.6013,6.8,6.5889,6.6722,99550.1,1600
2026-07-28 04:45:00+00:00,6.6728,6.6928,6.6337,6.6842,15836.4,440
2026-07-28 05:00:00+00:00,6.6809,6.7277,6.5995,6.711,328856.5,2509
2026-07-28 05:15:00+00:00,6.7113,6.7878,6.7046,6.7571,236192.3,1977
2026-07-28 05:30:00+00:00,6.7533,6.82,6.73,6.8138,231758.6,2819
2026-07-28 05:45:00+00:00,6.8138,6.85,6.77,6.8194,220925.5,2817
2026-07-28 06:00:00+00:00,6.8194,6.8194,6.622,6.69,119746.1,2324
2026-07-28 06:15:00+00:00,6.687,6.7873,6.6767,6.7576,161619.3,2485
2026-07-28 06:30:00+00:00,6.7576,6.7712,6.6497,6.7421,196605.2,2184
2026-07-28 06:45:00+00:00,6.7421,6.7628,6.642,6.6719,126616.1,1797
2026-07-28 07:00:00+00:00,6.6719,6.6835,6.5178,6.5742,190506.6,2411
2026-07-28 07:15:00+00:00,6.5738,6.613,6.5731,6.6128,73268.5,904
2026-07-28 07:30:00+00:00,6.6127,6.62,6.5901,6.6187,15736.8,840
2026-07-28 07:45:00+00:00,6.6187,6.675,6.6164,6.6505,57259.6,1182
2026-07-28 08:00:00+00:00,6.6505,6.6505,6.5618,6.5734,73027.8,1751
2026-07-28 08:15:00+00:00,6.5715,6.6178,6.5629,6.6,16381.2,664
2026-07-28 08:30:00+00:00,6.6014,6.64,6.5748,6.6159,13179.5,890
2026-07-28 08:45:00+00:00,6.6156,6.65,6.6124,6.6192,19057.1,1373
2026-07-28 09:00:00+00:00,6.6218,6.625,6.6156,6.6207,49151.1,359
2026-07-28 09:15:00+00:00,6.6192,6.6475,6.6164,6.6284,18625.9,1615
2026-07-28 09:30:00+00:00,6.6278,6.6321,6.6164,6.626,15677.9,645
2026-07-28 09:45:00+00:00,6.6291,6.65,6.6234,6.6235,18584.7,746
2026-07-28 10:00:00+00:00,6.6239,6.63,6.6234,6.6234,24528.4,207
2026-07-28 10:15:00+00:00,6.6234,6.6417,6.6234,6.6234,12012.3,461
2026-07-28 10:30:00+00:00,6.6234,6.65,6.6234,6.6473,20896.1,1478
2026-07-28 10:45:00+00:00,6.6436,6.6495,6.64,6.6425,9865.1,444
2026-07-28 11:00:00+00:00,6.6421,6.65,6.6234,6.6239,22209.1,1007
2026-07-28 11:15:00+00:00,6.6246,6.6246,6.6195,6.6195,11790.7,154
2026-07-28 11:30:00+00:00,6.6196,6.6296,6.6164,6.6232,12386.6,538
2026-07-28 11:45:00+00:00,6.6228,6.6271,6.6196,6.6263,9920.8,574
2026-07-28 12:00:00+00:00,6.6262,6.6453,6.6137,6.6436,45851.4,713
2026-07-28 12:15:00+00:00,6.6436,6.6475,6.64,6.6474,5147.6,666
2026-07-28 12:30:00+00:00,6.6473,6.6483,6.6385,6.6399,8826.3,787
2026-07-28 12:45:00+00:00,6.6391,6.6671,6.6385,6.6601,28340.6,1622
2026-07-28 13:00:00+00:00,6.6601,6.678,6.66,6.6701,9538.7,1291
2026-07-28 13:15:00+00:00,6.6726,6.68,6.667,6.6694,10297.7,316
2026-07-28 13:30:00+00:00,6.6694,6.67,6.6115,6.6206,67259.3,1509
2026-07-28 13:45:00+00:00,6.6189,6.63,6.571,6.579,63715.1,4064
2026-07-28 14:00:00+00:00,6.5839,6.64,6.572,6.5906,50335.0,1897
2026-07-28 14:15:00+00:00,6.5871,6.5999,6.5638,6.575,79395.0,1722
2026-07-28 14:30:00+00:00,6.575,6.5865,6.555,6.5777,72882.5,4013
2026-07-28 14:45:00+00:00,6.5772,6.5899,6.5553,6.5899,44189.5,1639
2026-07-28 15:00:00+00:00,6.5873,6.5899,6.5702,6.576,18698.2,1873
2026-07-28 15:15:00+00:00,6.576,6.5977,6.5682,6.5969,16714.9,1480
2026-07-28 15:30:00+00:00,6.5971,6.6017,6.557,6.5989,19218.5,1152
2026-07-28 15:45:00+00:00,6.5988,6.667,6.5973,6.6588,50829.3,3189
2026-07-28 16:00:00+00:00,6.6556,6.6591,6.6201,6.6589,27085.2,1247
2026-07-28 16:15:00+00:00,6.6576,6.6726,6.65,6.6659,18870.2,702
2026-07-28 16:30:00+00:00,6.666,6.6707,6.6544,6.6664,15333.0,627
2026-07-28 16:45:00+00:00,6.6684,6.6723,6.6454,6.67,13265.6,494
2026-07-28 17:00:00+00:00,6.6687,6.68,6.58,6.58,25616.5,989
2026-07-28 17:15:00+00:00,6.5914,6.6042,6.555,6.5881,97135.3,865
2026-07-28 17:30:00+00:00,6.5812,6.6034,6.5788,6.5894,9012.5,236
2026-07-28 17:45:00+00:00,6.5896,6.5951,6.586,6.5905,5955.9,199
2026-07-28 18:00:00+00:00,6.5902,6.6,6.5878,6.5879,10725.6,347
2026-07-28 18:15:00+00:00,6.5879,6.588,6.5778,6.5778,8960.8,136
2026-07-28 18:30:00+00:00,6.5787,6.6148,6.5616,6.6148,20068.3,263
2026-07-28 18:45:00+00:00,6.6136,6.6148,6.6059,6.6093,3520.9,112
2026-07-28 19:00:00+00:00,6.6097,6.61,6.6038,6.61,5497.6,68
2026-07-28 19:15:00+00:00,6.6092,6.67,6.5598,6.6573,57640.2,1322
2026-07-28 19:30:00+00:00,6.6498,6.6699,6.598,6.6027,8615.2,222
2026-07-28 19:45:00+00:00,6.6146,6.6152,6.5744,6.5744,4029.0,169
2026-07-28 20:00:00+00:00,6.5803,6.6009,6.5556,6.5955,8707.3,184
2026-07-28 20:15:00+00:00,6.5966,6.6277,6.5939,6.6123,7950.6,156
2026-07-28 20:30:00+00:00,6.6111,6.626,6.5976,6.5977,8464.4,102
2026-07-28 20:45:00+00:00,6.6058,6.607,6.5976,6.6004,1559.9,16
2026-07-28 21:00:00+00:00,6.6003,6.6135,6.5976,6.5982,2723.6,92
2026-07-28 21:15:00+00:00,6.5977,6.5977,6.5976,6.5976,134.7,2
2026-07-28 21:30:00+00:00,6.5978,6.6016,6.5976,6.6012,592.7,18
2026-07-28 21:45:00+00:00,6.6028,6.6061,6.6017,6.6061,591.4,20
2026-07-28 22:00:00+00:00,6.6043,6.6173,6.6012,6.6144,5421.1,200
2026-07-28 22:15:00+00:00,6.6149,6.63,6.6143,6.6185,4405.2,441
2026-07-28 22:30:00+00:00,6.6148,6.6199,6.607,6.6168,12001.5,637
2026-07-28 22:45:00+00:00,6.6164,6.6199,6.45,6.4588,104023.5,4452
2026-07-28 23:00:00+00:00,6.458,6.5448,6.424,6.5389,56218.2,4198
2026-07-28 23:15:00+00:00,6.5376,6.6574,6.5283,6.5761,29199.9,1941
2026-07-28 23:30:00+00:00,6.5778,6.6576,6.5623,6.6564,19466.5,2514
2026-07-28 23:45:00+00:00,6.6503,6.68,6.6202,6.68,54817.7,4171
2026-07-29 00:00:00+00:00,6.6793,6.8888,6.6266,6.8186,183471.8,3497
2026-07-29 00:15:00+00:00,6.8136,6.823,6.7137,6.7356,163133.2,1698
2026-07-29 00:30:00+00:00,6.7357,6.7742,6.61,6.6681,111056.7,2021
2026-07-29 00:45:00+00:00,6.6615,6.7105,6.573,6.5832,114378.5,3955
2026-07-29 01:00:00+00:00,6.5817,6.6751,6.5,6.521,175958.4,5211
2026-07-29 01:15:00+00:00,6.5262,6.645,6.5079,6.6104,223034.5,2639
2026-07-29 01:30:00+00:00,6.612,6.78,6.56,6.6808,560827.2,5258
2026-07-29 01:45:00+00:00,6.6826,6.73,6.653,6.713,287486.1,2453
2026-07-29 02:00:00+00:00,6.713,6.7572,6.6,6.699,366446.7,7175
2026-07-29 02:15:00+00:00,6.6864,6.8,6.644,6.7901,106876.8,4153
2026-07-29 02:30:00+00:00,6.7922,6.84,6.7431,6.8326,177586.2,2970
2026-07-29 02:45:00+00:00,6.8326,6.8356,6.7411,6.758,183767.4,4430
2026-07-29 03:00:00+00:00,6.7587,6.7833,6.6946,6.7685,116960.9,2300
2026-07-29 03:15:00+00:00,6.7638,6.881,6.7423,6.8304,244074.7,5148
2026-07-29 03:30:00+00:00,6.8305,6.84,6.772,6.7955,94768.6,1763
2026-07-29 03:45:00+00:00,6.7961,6.839,6.7818,6.8282,76495.5,1125
2026-07-29 04:00:00+00:00,6.8106,6.8227,6.79,6.8072,91249.4,1738
2026-07-29 04:15:00+00:00,6.793,6.8071,6.7,6.7185,75743.7,1708
2026-07-29 04:30:00+00:00,6.7104,6.806,6.701,6.7261,95768.8,995
2026-07-29 04:45:00+00:00,6.7261,6.79,6.7113,6.7729,78106.0,1232
2026-07-29 05:00:00+00:00,6.779,6.995,6.762,6.93,373991.4,3006
2026-07-29 05:15:00+00:00,6.9351,6.9959,6.8714,6.9369,146595.4,1531
2026-07-29 05:30:00+00:00,6.94,7.1591,6.94,7.1396,384994.6,4245
2026-07-29 05:45:00+00:00,7.1394,7.3,7.0918,7.2507,550494.7,5061
2026-07-29 06:00:00+00:00,7.2282,7.2525,7.04,7.119,198626.1,2038
2026-07-29 06:15:00+00:00,7.1153,7.18,7.0643,7.1106,108620.1,1853
2026-07-29 06:30:00+00:00,7.1193,7.1498,7.0314,7.0516,166588.3,2514
2026-07-29 06:45:00+00:00,7.0477,7.2,7.0236,7.1636,282832.3,2688
2026-07-29 07:00:00+00:00,7.1636,7.18,7.0757,7.1546,148488.7,2962
2026-07-29 07:15:00+00:00,7.1579,7.235,7.118,7.1497,122813.0,7089
2026-07-29 07:30:00+00:00,7.1485,7.272,7.14,7.2269,132811.7,8990
2026-07-29 07:45:00+00:00,7.2327,7.2776,7.196,7.196,157810.9,10252
2026-07-29 08:00:00+00:00,7.196,7.196,7.1142,7.153,85286.6,3525
2026-07-29 08:15:00+00:00,7.1505,7.1583,7.08,7.0991,96365.3,2996
2026-07-29 08:30:00+00:00,7.0986,7.136,7.0849,7.1236,62484.1,7843
2026-07-29 08:45:00+00:00,7.1246,7.1484,7.0644,7.0721,94243.4,6287
2026-07-29 09:00:00+00:00,7.0733,7.12,7.041,7.0833,100654.2,5484
2026-07-29 09:15:00+00:00,7.0837,7.1431,7.0743,7.1315,77184.1,4519
2026-07-29 09:30:00+00:00,7.1361,7.1489,7.13,7.1333,67551.7,2702
2026-07-29 09:45:00+00:00,7.1333,7.1488,7.13,7.135,40427.0,638
2026-07-29 10:00:00+00:00,7.13,7.14,7.0916,7.1165,37188.0,659
2026-07-29 10:15:00+00:00,7.1179,7.1179,7.0643,7.0682,16002.6,202
2026-07-29 10:30:00+00:00,7.0708,7.098,7.041,7.0901,26194.6,398
2026-07-29 10:45:00+00:00,7.0901,7.1079,7.078,7.1015,23497.4,303
2026-07-29 11:00:00+00:00,7.1015,7.1152,7.06,7.1003,11000.6,224
2026-07-29 11:15:00+00:00,7.1004,7.16,7.1,7.1254,44349.8,539
2026-07-29 11:30:00+00:00,7.1212,7.1502,7.0802,7.1375,29532.9,536
2026-07-29 11:45:00+00:00,7.1375,7.1699,7.1375,7.1628,37112.6,712
2026-07-29 12:00:00+00:00,7.1662,7.18,7.062,7.1475,28462.7,575
2026-07-29 12:15:00+00:00,7.1544,7.1558,7.1201,7.1353,14759.4,418
2026-07-29 12:30:00+00:00,7.1353,7.141,7.1275,7.1389,5921.2,307
2026-07-29 12:45:00+00:00,7.1389,7.139,7.1306,7.1387,12911.5,361
2026-07-29 13:00:00+00:00,7.1387,7.15,7.1372,7.1393,11781.9,491
2026-07-29 13:15:00+00:00,7.137,7.1535,7.1126,7.1458,41722.2,699
2026-07-29 13:30:00+00:00,7.1347,7.1888,7.1182,7.1681,64022.1,1145
2026-07-29 13:45:00+00:00,7.1676,7.1797,7.1129,7.1563,67437.3,1070
2026-07-29 14:00:00+00:00,7.155,7.2648,7.1547,7.2202,150744.1,2158
2026-07-29 14:15:00+00:00,7.2201,7.2365,7.2003,7.2094,61975.6,1132
2026-07-29 14:30:00+00:00,7.2089,7.2099,7.2,7.2,140433.1,1040
2026-07-29 14:45:00+00:00,7.2,7.2293,7.2,7.2172,27179.3,508
2026-07-29 15:00:00+00:00,7.2174,7.223,7.2,7.2,39402.3,771
2026-07-29 15:15:00+00:00,7.2013,7.223,7.2,7.2061,89836.9,577
2026-07-29 15:30:00+00:00,7.206,7.2098,7.15,7.1534,48748.4,623
2026-07-29 15:45:00+00:00,7.1538,7.18,7.1538,7.1671,32680.2,718
2026-07-29 16:00:00+00:00,7.1683,7.1776,7.1318,7.1412,44951.4,1016
2026-07-29 16:15:00+00:00,7.1411,7.2117,7.1318,7.1721,55243.0,1102
2026-07-29 16:30:00+00:00,7.1836,7.2096,7.1361,7.145,40565.5,1036
2026-07-29 16:45:00+00:00,7.149,7.1773,7.1385,7.1578,23262.2,980
2026-07-29 17:00:00+00:00,7.161,7.2426,7.158,7.1995,33577.8,952
2026-07-29 17:15:00+00:00,7.2,7.2356,7.1735,7.1926,37090.3,1046
2026-07-29 17:30:00+00:00,7.195,7.2098,7.1677,7.168,22654.4,927
2026-07-29 17:45:00+00:00,7.1722,7.1982,7.1608,7.1706,18703.3,810
2026-07-29 18:00:00+00:00,7.1787,7.25,7.1746,7.1864,60645.8,1431
2026-07-29 18:15:00+00:00,7.2015,7.2264,7.156,7.1872,53776.2,1279
2026-07-29 18:30:00+00:00,7.1956,7.253,7.1726,7.247,35446.5,1074
2026-07-29 18:45:00+00:00,7.2503,7.29,7.235,7.2417,63991.8,1157
2026-07-29 19:00:00+00:00,7.2502,7.3,7.2101,7.2397,60829.0,1145
2026-07-29 19:15:00+00:00,7.2392,7.2536,7.2047,7.2139,37966.6,990
2026-07-29 19:30:00+00:00,7.2215,7.2594,7.156,7.1678,45122.7,1350
2026-07-29 19:45:00+00:00,7.1734,7.1969,7.1126,7.1185,68936.1,1388
2026-07-29 20:00:00+00:00,7.1278,7.1386,7.0813,7.0895,66090.7,1124
2026-07-29 20:15:00+00:00,7.0903,7.1,7.061,7.0611,63994.8,957
2026-07-29 20:30:00+00:00,7.0679,7.09,7.061,7.073,15913.0,451
2026-07-29 20:45:00+00:00,7.0801,7.0824,7.061,7.061,20107.0,429
2026-07-29 21:00:00+00:00,7.0634,7.0677,7.0524,7.0531,23907.9,445
2026-07-29 21:15:00+00:00,7.0524,7.0699,7.0503,7.0567,18552.1,538
2026-07-29 21:30:00+00:00,7.0602,7.0657,7.0413,7.0413,23520.4,368
2026-07-29 21:45:00+00:00,7.0419,7.0753,7.041,7.0436,15934.5,411
2026-07-29 22:00:00+00:00,7.0479,7.1268,7.041,7.08,64802.1,893
2026-07-29 22:15:00+00:00,7.1041,7.1346,7.06,7.0761,60037.5,957
2026-07-29 22:30:00+00:00,7.0764,7.1,7.0601,7.0747,33667.1,767
2026-07-29 22:45:00+00:00,7.0802,7.0899,7.0601,7.0632,31360.0,493
2026-07-29 23:00:00+00:00,7.0695,7.13,7.0695,7.096,68149.2,2229
2026-07-29 23:15:00+00:00,7.1077,7.1259,7.0902,7.1149,66750.9,952
2026-07-29 23:30:00+00:00,7.1189,7.1517,7.1102,7.1257,44251.5,765
2026-07-29 23:45:00+00:00,7.1315,7.1742,7.1002,7.152,52922.5,1027
2026-07-30 00:00:00+00:00,7.1544,7.1748,7.1004,7.1582,84185.4,2090
2026-07-30 00:15:00+00:00,7.1575,7.1699,7.15,7.1558,56579.1,791
2026-07-30 00:30:00+00:00,7.1583,7.1683,7.0832,7.0836,65527.7,886
2026-07-30 00:45:00+00:00,7.0935,7.1268,7.06,7.111,86992.9,1621
2026-07-30 01:00:00+00:00,7.111,7.175,7.095,7.1343,76152.5,1302
2026-07-30 01:15:00+00:00,7.1356,7.242,7.1159,7.2024,159357.1,1934
2026-07-30 01:30:00+00:00,7.2068,7.6466,7.1131,7.2481,1022048.3,8314
2026-07-30 01:45:00+00:00,7.2651,7.35,7.16,7.3343,296997.0,3064
2026-07-30 02:00:00+00:00,7.3331,7.3354,7.2649,7.29,139915.2,1985
2026-07-30 02:15:00+00:00,7.2946,7.32,7.2,7.2374,159826.7,1929
2026-07-30 02:30:00+00:00,7.2277,7.2713,7.1,7.205,250144.5,2224
2026-07-30 02:45:00+00:00,7.205,7.2496,7.1,7.1182,199227.1,1723
2026-07-30 03:00:00+00:00,7.105,7.18,7.083,7.096,97022.8,1393
2026-07-30 03:15:00+00:00,7.1009,7.1608,7.0667,7.0766,176371.8,1265
2026-07-30 03:30:00+00:00,7.0782,7.1355,7.0718,7.1109,42039.7,1155
2026-07-30 03:45:00+00:00,7.1108,7.1445,7.1071,7.1436,39931.5,1085
2026-07-30 04:00:00+00:00,7.1249,7.1264,7.101,7.1046,12559.4,525
2026-07-30 04:15:00+00:00,7.1036,7.1255,7.101,7.1073,21448.5,323
2026-07-30 04:30:00+00:00,7.1099,7.14,7.101,7.1293,43687.5,485
2026-07-30 04:45:00+00:00,7.1295,7.135,7.0866,7.116,35131.1,441
2026-07-30 05:00:00+00:00,7.1157,7.24,6.9688,7.2127,360094.2,3249
2026-07-30 05:15:00+00:00,7.2086,7.3444,7.1465,7.2832,273571.9,2958
2026-07-30 05:30:00+00:00,7.2832,7.3588,7.27,7.3259,202609.1,2470
2026-07-30 05:45:00+00:00,7.3259,7.479,7.3253,7.4198,290512.3,2892
2026-07-30 06:00:00+00:00,7.4193,7.49,7.3338,7.4861,244105.9,2889
2026-07-30 06:15:00+00:00,7.4863,7.58,7.4725,7.51,252367.1,2144
2026-07-30 06:30:00+00:00,7.5116,7.54,7.405,7.4633,235318.9,1880
2026-07-30 06:45:00+00:00,7.4697,7.497,7.4491,7.4939,173038.5,1402
2026-07-30 07:00:00+00:00,7.4928,7.4946,7.44,7.4843,84479.3,2150
2026-07-30 07:15:00+00:00,7.4832,7.488,7.44,7.484,56846.4,1670
2026-07-30 07:30:00+00:00,7.4837,7.4993,7.4653,7.4917,70782.9,1100
2026-07-30 07:45:00+00:00,7.4917,7.5,7.47,7.4799,85126.8,2388
2026-07-30 08:00:00+00:00,7.4761,7.48,7.415,7.4627,97738.0,1837
2026-07-30 08:15:00+00:00,7.4623,7.485,7.4574,7.4807,56499.1,887
2026-07-30 08:30:00+00:00,7.4797,7.488,7.4525,7.4831,40786.3,1259
2026-07-30 08:45:00+00:00,7.4836,7.4836,7.4665,7.475,21795.3,482
2026-07-30 09:00:00+00:00,7.4756,7.4799,7.4558,7.4751,36304.2,669
2026-07-30 09:15:00+00:00,7.4737,7.4879,7.4566,7.4659,50127.5,721
2026-07-30 09:30:00+00:00,7.4651,7.4677,7.4287,7.4409,36369.3,929
2026-07-30 09:45:00+00:00,7.4429,7.4753,7.4321,7.443,33118.2,603
2026-07-30 10:00:00+00:00,7.443,7.4717,7.434,7.4468,25174.1,575
2026-07-30 10:15:00+00:00,7.447,7.4773,7.4469,7.4715,30239.3,532
2026-07-30 10:30:00+00:00,7.4712,7.4778,7.4569,7.4715,30101.4,523
2026-07-30 10:45:00+00:00,7.4735,7.4848,7.4631,7.4731,16659.0,572
2026-07-30 11:00:00+00:00,7.4731,7.492,7.4645,7.4835,21571.6,486
2026-07-30 11:15:00+00:00,7.4836,7.492,7.4776,7.4893,19933.2,316
2026-07-30 11:30:00+00:00,7.4894,7.4898,7.4767,7.4841,14620.8,257
2026-07-30 11:45:00+00:00,7.4824,7.4989,7.476,7.4942,28900.8,406
2026-07-30 12:00:00+00:00,7.4943,7.4998,7.4828,7.4857,34022.9,327
2026-07-30 12:15:00+00:00,7.4879,7.4998,7.4869,7.4932,18399.6,654
2026-07-30 12:30:00+00:00,7.4933,7.5816,7.4932,7.5542,89146.6,1284
2026-07-30 12:45:00+00:00,7.55,7.5533,7.5298,7.5438,23568.5,557
2026-07-30 13:00:00+00:00,7.5432,7.5667,7.5389,7.552,23956.1,519
2026-07-30 13:15:00+00:00,7.5501,7.5601,7.4841,7.5056,60034.9,1135
2026-07-30 13:30:00+00:00,7.5031,7.5737,7.4856,7.5462,71663.6,1109
2026-07-30 13:45:00+00:00,7.5462,7.65,7.5223,7.6326,167688.9,1774
2026-07-30 14:00:00+00:00,7.6326,7.6485,7.6,7.6066,66254.4,999
2026-07-30 14:15:00+00:00,7.607,7.9718,7.57,7.8525,659047.0,6661
2026-07-30 14:30:00+00:00,7.852,7.98,7.7971,7.8067,264075.5,3235
2026-07-30 14:45:00+00:00,7.8,7.837,7.7201,7.7398,154602.2,2071
2026-07-30 15:00:00+00:00,7.7338,7.78,7.71,7.763,79578.8,1363
2026-07-30 15:15:00+00:00,7.7589,7.78,7.7422,7.7458,41001.3,1163
2026-07-30 15:30:00+00:00,7.7471,7.76,7.743,7.7553,31483.6,553
2026-07-30 15:45:00+00:00,7.7557,7.8177,7.7461,7.7971,126952.4,1370
2026-07-30 16:00:00+00:00,7.7971,7.896,7.7642,7.88,111461.6,1717
2026-07-30 16:15:00+00:00,7.8799,7.9,7.7839,7.8101,95991.0,1897
2026-07-30 16:30:00+00:00,7.8104,7.8104,7.76,7.7603,38946.5,1009
2026-07-30 16:45:00+00:00,7.7621,7.7846,7.76,7.7624,14682.9,330
2026-07-30 17:00:00+00:00,7.7614,7.7845,7.7605,7.7777,11995.9,253
2026-07-30 17:15:00+00:00,7.7751,7.86,7.733,7.7616,52516.5,928
2026-07-30 17:30:00+00:00,7.76,7.8328,7.7596,7.7828,24768.9,715
2026-07-30 17:45:00+00:00,7.787,7.84,7.7833,7.8105,39066.8,1000
2026-07-30 18:00:00+00:00,7.8089,7.8851,7.7873,7.8427,41499.6,767
2026-07-30 18:15:00+00:00,7.8427,7.89,7.7983,7.7998,36833.9,812
2026-07-30 18:30:00+00:00,7.8071,7.8828,7.76,7.7712,30269.2,977
2026-07-30 18:45:00+00:00,7.7684,7.81,7.755,7.7857,22519.8,603
2026-07-30 19:00:00+00:00,7.788,7.8352,7.7777,7.8184,18505.1,682
2026-07-30 19:15:00+00:00,7.816,7.82,7.7851,7.8,15864.2,648
2026-07-30 19:30:00+00:00,7.8038,7.8148,7.7836,7.793,25458.7,606
2026-07-30 19:45:00+00:00,7.7919,7.7919,7.77,7.7718,5280.2,218
2026-07-30 20:00:00+00:00,7.7727,7.8145,7.77,7.7984,10595.7,534
2026-07-30 20:15:00+00:00,7.7998,7.828,7.7981,7.8233,10946.6,595
2026-07-30 20:30:00+00:00,7.8218,7.8313,7.8067,7.8144,8130.4,285
2026-07-30 20:45:00+00:00,7.8136,7.8313,7.7999,7.8163,18751.9,717
2026-07-30 21:00:00+00:00,7.8193,7.8313,7.7553,7.7889,30288.0,1202
2026-07-30 21:15:00+00:00,7.7941,7.7998,7.7444,7.75,7828.4,402
2026-07-30 21:30:00+00:00,7.752,7.8086,7.7444,7.7903,18872.2,1643
2026-07-30 21:45:00+00:00,7.7919,8.0144,7.79,7.9951,225613.4,4394
2026-07-30 22:00:00+00:00,7.9948,8.3694,7.9948,8.2474,394798.1,4678
2026-07-30 22:15:00+00:00,8.2473,8.3458,8.0373,8.0709,165678.8,2017
2026-07-30 22:30:00+00:00,8.0709,8.1299,7.79,7.9084,250258.3,3135
2026-07-30 22:45:00+00:00,7.9074,8.17,7.9073,8.1699,164423.8,5090
2026-07-30 23:00:00+00:00,8.1597,8.26,8.0316,8.0316,140043.6,4393
2026-07-30 23:15:00+00:00,8.0389,8.1051,7.9606,8.0217,104129.2,1693
2026-07-30 23:30:00+00:00,8.029,8.1104,8.01,8.024,57555.7,1395
2026-07-30 23:45:00+00:00,8.0218,8.1282,7.9605,8.1048,66277.9,2278
2026-07-31 00:00:00+00:00,8.0965,8.1707,8.0039,8.0783,69786.3,1897
2026-07-31 00:15:00+00:00,8.0918,8.1206,8.047,8.1042,54584.6,1200
2026-07-31 00:30:00+00:00,8.1069,8.18,8.0951,8.1292,118216.0,1933
2026-07-31 00:45:00+00:00,8.1291,8.23,8.104,8.2174,74827.1,1635
2026-07-31 01:00:00+00:00,8.2146,8.28,8.1516,8.1516,122934.5,5623
2026-07-31 01:15:00+00:00,8.1571,8.35,8.1516,8.3223,275763.3,7485
2026-07-31 01:30:00+00:00,8.3221,8.3934,7.91,8.0889,890295.7,9018
2026-07-31 01:45:00+00:00,8.0838,8.27,8.0621,8.242,327295.3,6324
2026-07-31 02:00:00+00:00,8.2396,8.2469,8.0886,8.1106,267063.2,10173
2026-07-31 02:15:00+00:00,8.1095,8.1479,8.0,8.134,271072.2,12046
2026-07-31 02:30:00+00:00,8.1276,8.2651,8.022,8.233,380912.2,10099
2026-07-31 02:45:00+00:00,8.235,8.2671,8.0,8.0989,361990.4,4727
2026-07-31 03:00:00+00:00,8.0945,8.12,7.9315,8.014,269625.8,9644
2026-07-31 03:15:00+00:00,8.0083,8.1493,8.0005,8.0799,158150.3,5328
2026-07-31 03:30:00+00:00,8.0755,8.15,8.0551,8.0741,73521.6,5510
2026-07-31 03:45:00+00:00,8.074,8.0894,7.93,8.0044,195969.0,3976
2026-07-31 04:00:00+00:00,8.0044,8.0044,7.86,7.9245,113768.4,2053
2026-07-31 04:15:00+00:00,7.931,7.977,7.9228,7.9549,56145.0,1707
2026-07-31 04:30:00+00:00,7.956,8.0699,7.9415,8.0191,45301.6,2219
2026-07-31 04:45:00+00:00,8.0151,8.15,8.0151,8.1428,103331.7,2469
2026-07-31 05:00:00+00:00,8.1389,8.2638,8.0825,8.1699,354230.0,4089
2026-07-31 05:15:00+00:00,8.1642,8.1835,8.1066,8.1588,96357.0,5595
2026-07-31 05:30:00+00:00,8.1601,8.1676,8.0401,8.0577,118584.2,6563
2026-07-31 05:45:00+00:00,8.0551,8.0979,7.9698,8.0113,115490.7,5161
2026-07-31 06:00:00+00:00,8.0122,8.0203,7.7716,7.8376,236711.0,10763
2026-07-31 06:15:00+00:00,7.8433,7.9998,7.7736,7.951,177378.1,3791
2026-07-31 06:30:00+00:00,7.9501,7.9501,7.615,7.6367,293619.4,4376
2026-07-31 06:45:00+00:00,7.6364,7.7,7.48,7.6599,385298.8,3590
2026-07-31 07:00:00+00:00,7.6543,7.6543,7.5,7.5563,149246.1,4300
2026-07-31 07:15:00+00:00,7.5588,7.65,7.5,7.5817,117628.5,6711
2026-07-31 07:30:00+00:00,7.582,7.61,7.5304,7.6028,72183.1,8303
2026-07-31 07:45:00+00:00,7.6025,7.6482,7.5974,7.6412,66147.8,3896
2026-07-31 08:00:00+00:00,7.6356,7.6373,7.4851,7.4955,60315.5,6222
2026-07-31 08:15:00+00:00,7.4956,7.5043,7.4001,7.4439,97927.8,5940
2026-07-31 08:30:00+00:00,7.4435,7.4978,7.3801,7.3901,112412.2,8891
2026-07-31 08:45:00+00:00,7.3873,7.515,7.3801,7.4316,61374.2,7572
2026-07-31 09:00:00+00:00,7.4322,7.5137,7.395,7.4784,64542.4,6297
2026-07-31 09:15:00+00:00,7.4763,7.515,7.404,7.4183,47723.0,4831
2026-07-31 09:30:00+00:00,7.4223,7.4516,7.4,7.4119,102804.9,5148
2026-07-31 09:45:00+00:00,7.4133,7.4218,7.3801,7.3801,45642.7,2605
2026-07-31 10:00:00+00:00,7.3801,7.4739,7.3801,7.3967,47882.4,3546
2026-07-31 10:15:00+00:00,7.4003,7.4676,7.3936,7.4399,35209.3,4471
2026-07-31 10:30:00+00:00,7.4341,7.49,7.4253,7.4781,58914.6,7145
2026-07-31 10:45:00+00:00,7.4793,7.4793,7.4211,7.4397,10600.2,727
2026-07-31 11:00:00+00:00,7.4412,7.47,7.4344,7.4562,28251.7,2240
2026-07-31 11:15:00+00:00,7.4578,7.4741,7.4401,7.4576,28389.1,2692
2026-07-31 11:30:00+00:00,7.4588,7.5254,7.4451,7.4908,27691.6,1736
2026-07-31 11:45:00+00:00,7.493,7.5519,7.4849,7.5429,52879.3,3338
2026-07-31 12:00:00+00:00,7.5458,7.5517,7.5,7.5052,21184.7,1271
2026-07-31 12:15:00+00:00,7.5048,7.5363,7.5028,7.5323,25379.3,3006
2026-07-31 12:30:00+00:00,7.5303,7.5312,7.501,7.5087,25947.3,2494
2026-07-31 12:45:00+00:00,7.5072,7.6092,7.501,7.5295,31002.8,2057
2026-07-31 13:00:00+00:00,7.5329,7.5926,7.5242,7.5731,15683.7,1297
2026-07-31 13:15:00+00:00,7.574,7.638,7.5691,7.6306,37994.5,2339
2026-07-31 13:30:00+00:00,7.63,7.6321,7.5516,7.5608,79328.1,3946
2026-07-31 13:45:00+00:00,7.5594,7.5607,7.51,7.5121,67590.2,2942
2026-07-31 14:00:00+00:00,7.5175,7.5246,7.425,7.5026,69315.2,1589
2026-07-31 14:15:00+00:00,7.507,7.5523,7.4931,7.5473,21906.5,511
2026-07-31 14:30:00+00:00,7.5478,7.5772,7.5257,7.548,22298.9,574
2026-07-31 14:45:00+00:00,7.5532,7.5593,7.5356,7.5514,12919.5,318
2026-07-31 15:00:00+00:00,7.5524,7.6299,7.5374,7.5659,44181.6,1102
2026-07-31 15:15:00+00:00,7.57,7.59,7.5103,7.5196,23746.9,545
2026-07-31 15:30:00+00:00,7.5202,7.5258,7.5026,7.5194,22149.1,364
2026-07-31 15:45:00+00:00,7.5214,7.5258,7.5,7.5121,18083.4,288
2026-07-31 16:00:00+00:00,7.521,7.5254,7.5044,7.5137,6196.2,127
2026-07-31 16:15:00+00:00,7.5131,7.5552,7.504,7.537,28184.8,345
2026-07-31 16:30:00+00:00,7.5343,7.5958,7.5343,7.5686,10803.4,269
2026-07-31 16:45:00+00:00,7.5681,7.5774,7.5638,7.5696,3365.1,120
2026-07-31 17:00:00+00:00,7.5686,7.5879,7.5248,7.5444,18998.4,418
2026-07-31 17:15:00+00:00,7.5465,7.5725,7.5465,7.5699,11146.9,186
2026-07-31 17:30:00+00:00,7.57,7.65,7.5698,7.6272,24033.4,273
2026-07-31 17:45:00+00:00,7.6223,7.6228,7.594,7.6029,4756.0,110
2026-07-31 18:00:00+00:00,7.5996,7.6051,7.5534,7.5534,13602.2,315
2026-07-31 18:15:00+00:00,7.553,7.5573,7.5144,7.5212,10831.6,275
2026-07-31 18:30:00+00:00,7.5204,7.5434,7.5051,7.5397,12755.3,156
2026-07-31 18:45:00+00:00,7.5397,7.5573,7.5272,7.5309,6221.7,154
2026-07-31 19:00:00+00:00,7.532,7.535,7.5125,7.5125,4472.1,84
2026-07-31 19:15:00+00:00,7.5186,7.5357,7.5,7.5317,10230.4,310
2026-07-31 19:30:00+00:00,7.5273,7.5316,7.5064,7.5142,7979.5,146
2026-07-31 19:45:00+00:00,7.5182,7.5224,7.5039,7.5074,7645.3,125
2026-07-31 20:00:00+00:00,7.5065,7.5144,7.4934,7.5087,10566.0,200
2026-07-31 20:15:00+00:00,7.5093,7.5138,7.4931,7.4931,4155.1,82
2026-07-31 20:30:00+00:00,7.4955,7.514,7.4327,7.4928,27311.7,553
2026-07-31 20:45:00+00:00,7.5057,7.5185,7.495,7.5001,6618.2,132
2026-07-31 21:00:00+00:00,7.4954,7.5314,7.4942,7.5271,5443.9,175
2026-07-31 21:15:00+00:00,7.5292,7.6316,7.5249,7.6121,11178.9,359
2026-07-31 21:30:00+00:00,7.6155,7.6282,7.4479,7.4893,65902.5,1604
2026-07-31 21:45:00+00:00,7.4894,7.5158,7.4762,7.4762,7767.9,171
2026-07-31 22:00:00+00:00,7.4729,7.4872,7.45,7.4561,19096.2,220
2026-07-31 22:15:00+00:00,7.4573,7.4629,7.45,7.45,807.2,50
2026-07-31 22:30:00+00:00,7.4602,7.4713,7.4538,7.4538,554.2,43
2026-07-31 22:45:00+00:00,7.4594,7.4645,7.45,7.45,3234.6,169
2026-07-31 23:00:00+00:00,7.4565,7.514,7.45,7.4923,5385.5,314
2026-07-31 23:15:00+00:00,7.4935,7.4981,7.446,7.4506,18079.1,257
2026-07-31 23:30:00+00:00,7.4504,7.4792,7.443,7.4754,8714.6,610
2026-07-31 23:45:00+00:00,7.4722,7.48,7.4512,7.48,1562.1,112
2026-08-01 00:00:00+00:00,7.4791,7.505,7.4444,7.4762,7436.5,265
2026-08-01 00:15:00+00:00,7.4719,7.5368,7.4505,7.4525,62443.5,506
2026-08-01 00:30:00+00:00,7.4525,7.4713,7.4337,7.4386,13929.9,361
2026-08-01 00:45:00+00:00,7.439,7.4419,7.4165,7.421,3407.4,160
2026-08-01 01:00:00+00:00,7.4211,7.4388,7.4,7.4297,6589.0,260
2026-08-01 01:15:00+00:00,7.4261,7.45,7.4167,7.4463,4393.4,258
2026-08-01 01:30:00+00:00,7.45,7.4523,7.4273,7.4279,1383.6,104
2026-08-01 01:45:00+00:00,7.4279,7.4283,7.4104,7.4143,2887.9,126
2026-08-01 02:00:00+00:00,7.4143,7.4398,7.4141,7.4344,3590.3,323
2026-08-01 02:15:00+00:00,7.4352,7.4432,7.43,7.4304,2286.8,278
2026-08-01 02:30:00+00:00,7.4365,7.4418,7.4246,7.4247,3602.4,177
2026-08-01 02:45:00+00:00,7.4311,7.4453,7.424,7.431,1928.2,173
2026-08-01 03:00:00+00:00,7.4367,7.4497,7.4314,7.4367,2717.0,230
2026-08-01 03:15:00+00:00,7.4451,7.4552,7.4366,7.4456,2201.3,257
2026-08-01 03:30:00+00:00,7.4498,7.4552,7.4424,7.4488,2566.9,189
2026-08-01 03:45:00+00:00,7.4534,7.4553,7.4429,7.4449,4197.8,315
2026-08-01 04:00:00+00:00,7.4505,7.4552,7.4448,7.4501,1173.7,135
2026-08-01 04:15:00+00:00,7.4528,7.4605,7.4491,7.4547,2294.5,223
2026-08-01 04:30:00+00:00,7.4546,7.4559,7.431,7.4477,10220.4,530
2026-08-01 04:45:00+00:00,7.4473,7.4517,7.4387,7.4432,3103.8,286
2026-08-01 05:00:00+00:00,7.4493,7.4517,7.4429,7.4447,2264.9,174
2026-08-01 05:15:00+00:00,7.4502,7.4507,7.4429,7.4431,3178.2,124
2026-08-01 05:30:00+00:00,7.4484,7.4495,7.431,7.431,4199.0,208
2026-08-01 05:45:00+00:00,7.4401,7.4437,7.431,7.4312,10113.7,213
2026-08-01 06:00:00+00:00,7.4346,7.4348,7.431,7.431,1266.3,115
2026-08-01 06:15:00+00:00,7.4326,7.4348,7.4243,7.4296,4449.8,232
2026-08-01 06:30:00+00:00,7.4338,7.4348,7.4296,7.43,1473.7,139
2026-08-01 06:45:00+00:00,7.4336,7.434,7.4253,7.4278,975.8,111
2026-08-01 07:00:00+00:00,7.4327,7.4346,7.4242,7.4265,1958.4,167
2026-08-01 07:15:00+00:00,7.4301,7.4321,7.424,7.424,5141.1,194
2026-08-01 07:30:00+00:00,7.424,7.4265,7.4105,7.4121,3355.2,179
2026-08-01 07:45:00+00:00,7.419,7.419,7.4041,7.4042,3723.7,129
2026-08-01 08:00:00+00:00,7.4084,7.43,7.4,7.4216,11370.2,352
2026-08-01 08:15:00+00:00,7.4224,7.4274,7.4104,7.4178,4029.1,366
2026-08-01 08:30:00+00:00,7.4123,7.431,7.4067,7.4259,6171.6,302
2026-08-01 08:45:00+00:00,7.4299,7.4347,7.4203,7.4217,2869.0,525
2026-08-01 09:00:00+00:00,7.4283,7.4347,7.4201,7.4237,1913.9,198
2026-08-01 09:15:00+00:00,7.4285,7.4311,7.4202,7.4213,1705.1,185
2026-08-01 09:30:00+00:00,7.4213,7.4258,7.4201,7.4201,1590.6,102
2026-08-01 09:45:00+00:00,7.4242,7.4264,7.4147,7.4151,2850.1,206
2026-08-01 10:00:00+00:00,7.4156,7.421,7.4102,7.4102,5532.4,248
2026-08-01 10:15:00+00:00,7.4151,7.4157,7.41,7.4103,4756.3,397
2026-08-01 10:30:00+00:00,7.4103,7.4157,7.41,7.4101,2137.5,226
2026-08-01 10:45:00+00:00,7.41,7.4157,7.41,7.4102,2295.8,188
2026-08-01 11:00:00+00:00,7.4116,7.4155,7.41,7.41,4908.7,193
2026-08-01 11:15:00+00:00,7.41,7.4157,7.4061,7.4066,6081.6,266
2026-08-01 11:30:00+00:00,7.4066,7.416,7.4061,7.4158,4587.6,196
2026-08-01 11:45:00+00:00,7.4116,7.4232,7.4089,7.422,9986.7,1073
2026-08-01 12:00:00+00:00,7.4195,7.4232,7.4168,7.421,8552.8,650
2026-08-01 12:15:00+00:00,7.421,7.4232,7.4153,7.4163,2257.5,477
2026-08-01 12:30:00+00:00,7.4163,7.4231,7.4122,7.4145,2468.2,359
2026-08-01 12:45:00+00:00,7.4145,7.4216,7.409,7.409,2213.7,291
2026-08-01 13:00:00+00:00,7.409,7.4177,7.4061,7.4085,6378.0,515
2026-08-01 13:15:00+00:00,7.4103,7.4149,7.4061,7.4061,4117.4,217
2026-08-01 13:30:00+00:00,7.4081,7.4149,7.406,7.4063,2925.4,281
2026-08-01 13:45:00+00:00,7.4063,7.416,7.406,7.4108,2768.3,319
2026-08-01 14:00:00+00:00,7.4071,7.4136,7.406,7.406,2347.8,228
2026-08-01 14:15:00+00:00,7.406,7.4232,7.406,7.4191,3708.6,281
2026-08-01 14:30:00+00:00,7.4201,7.4229,7.4061,7.4061,2671.4,315
2026-08-01 14:45:00+00:00,7.4062,7.421,7.4062,7.4123,1823.7,199
2026-08-01 15:00:00+00:00,7.4123,7.418,7.4061,7.4061,2919.7,196
2026-08-01 15:15:00+00:00,7.4061,7.4259,7.4061,7.4126,9777.5,1039
2026-08-01 15:30:00+00:00,7.4125,7.4183,7.4062,7.4062,2340.5,407
2026-08-01 15:45:00+00:00,7.4063,7.4188,7.4061,7.4087,14490.2,395
2026-08-01 16:00:00+00:00,7.4098,7.4154,7.4062,7.4063,3440.5,540
2026-08-01 16:15:00+00:00,7.4065,7.4175,7.4061,7.4104,3690.5,436
2026-08-01 16:30:00+00:00,7.4102,7.4152,7.4061,7.4116,4985.2,647
2026-08-01 16:45:00+00:00,7.4117,7.4145,7.3964,7.3964,28624.5,793
2026-08-01 17:00:00+00:00,7.3964,7.417,7.3905,7.405,10087.2,624
2026-08-01 17:15:00+00:00,7.4052,7.4139,7.4033,7.4045,7776.3,563
2026-08-01 17:30:00+00:00,7.4035,7.4082,7.3858,7.3933,3126.1,429
2026-08-01 17:45:00+00:00,7.3933,7.3976,7.3812,7.3827,3094.4,503
2026-08-01 18:00:00+00:00,7.3826,7.3886,7.3626,7.3626,5609.0,471
2026-08-01 18:15:00+00:00,7.3624,7.3751,7.3614,7.3669,5222.5,493
2026-08-01 18:30:00+00:00,7.367,7.3721,7.3353,7.3353,10655.6,507
2026-08-01 18:45:00+00:00,7.3354,7.35,7.3275,7.3493,6362.7,450
2026-08-01 19:00:00+00:00,7.3491,7.3526,7.3206,7.3224,4007.2,458
2026-08-01 19:15:00+00:00,7.3225,7.3311,7.32,7.32,2942.2,277
2026-08-01 19:30:00+00:00,7.32,7.3379,7.32,7.3264,5290.5,437
2026-08-01 19:45:00+00:00,7.3264,7.3361,7.32,7.3225,2480.0,279
2026-08-01 20:00:00+00:00,7.3225,7.3333,7.3202,7.3242,1338.9,241
2026-08-01 20:15:00+00:00,7.3243,7.3403,7.32,7.3202,3881.5,918
2026-08-01 20:30:00+00:00,7.3202,7.3285,7.312,7.312,3373.7,466
2026-08-01 20:45:00+00:00,7.312,7.314,7.312,7.312,1175.8,163
2026-08-01 21:00:00+00:00,7.312,7.3224,7.312,7.3157,1753.3,209
2026-08-01 21:15:00+00:00,7.3157,7.3317,7.3157,7.3194,6164.5,460
2026-08-01 21:30:00+00:00,7.3196,7.3291,7.3157,7.3185,2727.3,312
2026-08-01 21:45:00+00:00,7.3205,7.3507,7.3204,7.3347,5307.0,436
2026-08-01 22:00:00+00:00,7.3326,7.34,7.3158,7.3291,15067.5,1439
2026-08-01 22:15:00+00:00,7.3295,7.3428,7.3158,7.3227,17193.7,1590
2026-08-01 22:30:00+00:00,7.3225,7.335,7.3203,7.3263,1732.3,390
2026-08-01 22:45:00+00:00,7.3263,7.3304,7.3215,7.3216,1453.8,190
2026-08-01 23:00:00+00:00,7.3216,7.3473,7.3159,7.3408,3836.4,637
2026-08-01 23:15:00+00:00,7.3408,7.3499,7.34,7.34,3123.4,239
2026-08-01 23:30:00+00:00,7.34,7.3594,7.3244,7.3301,4874.8,963
2026-08-01 23:45:00+00:00,7.3305,7.3378,7.316,7.3167,4908.6,443
2026-08-02 00:00:00+00:00,7.3168,7.3254,7.3158,7.3189,3129.0,508
2026-08-02 00:15:00+00:00,7.3189,7.3253,7.3177,7.3177,8052.2,499
2026-08-02 00:30:00+00:00,7.3177,7.3254,7.3177,7.3193,1351.9,211
2026-08-02 00:45:00+00:00,7.3194,7.3253,7.3179,7.3213,2085.4,219
2026-08-02 01:00:00+00:00,7.3211,7.3514,7.32,7.3421,2637.0,333
2026-08-02 01:15:00+00:00,7.3414,7.3456,7.3301,7.334,940.0,188
2026-08-02 01:30:00+00:00,7.3364,7.36,7.326,7.335,6103.7,731
2026-08-02 01:45:00+00:00,7.3351,7.34,7.326,7.3351,2835.5,246
2026-08-02 02:00:00+00:00,7.3373,7.4264,7.3304,7.4208,11558.7,1294
2026-08-02 02:15:00+00:00,7.4212,7.4759,7.419,7.4236,21606.2,1181
2026-08-02 02:30:00+00:00,7.4232,7.4397,7.4,7.421,4673.8,471
2026-08-02 02:45:00+00:00,7.4212,7.4921,7.4212,7.4582,10996.7,625
2026-08-02 03:00:00+00:00,7.4572,7.4888,7.4572,7.4858,6146.7,316
2026-08-02 03:15:00+00:00,7.4862,7.4862,7.456,7.4684,9176.4,488
2026-08-02 03:30:00+00:00,7.4688,7.5105,7.4647,7.5035,19359.7,433
2026-08-02 03:45:00+00:00,7.5037,7.5037,7.4748,7.4839,1099.8,153
2026-08-02 04:00:00+00:00,7.484,7.5104,7.4754,7.5007,6107.5,547
2026-08-02 04:15:00+00:00,7.5007,7.5023,7.4633,7.4815,5422.6,528
2026-08-02 04:30:00+00:00,7.4815,7.4937,7.4697,7.4887,5931.1,1000
2026-08-02 04:45:00+00:00,7.4894,7.507,7.4894,7.496,2575.6,376
2026-08-02 05:00:00+00:00,7.4965,7.5,7.458,7.4729,6884.0,378
2026-08-02 05:15:00+00:00,7.4735,7.4918,7.4735,7.4782,5560.9,1330
2026-08-02 05:30:00+00:00,7.4843,7.4844,7.4617,7.472,1742.7,342
2026-08-02 05:45:00+00:00,7.473,7.4875,7.462,7.4701,4358.8,345
2026-08-02 06:00:00+00:00,7.4701,7.5,7.4701,7.4923,2394.3,320
2026-08-02 06:15:00+00:00,7.4927,7.51,7.4921,7.5001,3188.2,216
2026-08-02 06:30:00+00:00,7.5006,7.5491,7.492,7.5,15784.5,1151
2026-08-02 06:45:00+00:00,7.4938,7.5048,7.4921,7.4927,1816.7,336
2026-08-02 07:00:00+00:00,7.4928,7.4981,7.49,7.4928,1994.5,100
2026-08-02 07:15:00+00:00,7.4929,7.5009,7.4855,7.4922,2788.8,238
2026-08-02 07:30:00+00:00,7.4917,7.4992,7.4802,7.4802,1751.2,106
2026-08-02 07:45:00+00:00,7.4802,7.4804,7.449,7.4625,3257.5,176
2026-08-02 08:00:00+00:00,7.4616,7.4867,7.4593,7.4713,1094.6,154
2026-08-02 08:15:00+00:00,7.4713,7.4895,7.4666,7.4831,6122.4,434
2026-08-02 08:30:00+00:00,7.4832,7.4988,7.473,7.4933,10173.6,1000
2026-08-02 08:45:00+00:00,7.4934,7.505,7.4878,7.4927,2456.1,363
2026-08-02 09:00:00+00:00,7.4927,7.507,7.4868,7.487,4296.4,231
2026-08-02 09:15:00+00:00,7.4941,7.4952,7.4867,7.4873,2941.1,104
2026-08-02 09:30:00+00:00,7.4908,7.4949,7.4867,7.4868,1755.7,79
2026-08-02 09:45:00+00:00,7.4898,7.49,7.4867,7.4868,1821.4,74
2026-08-02 10:00:00+00:00,7.49,7.49,7.4867,7.4868,1582.1,71
2026-08-02 10:15:00+00:00,7.49,7.5045,7.4867,7.5041,7807.5,123
2026-08-02 10:30:00+00:00,7.5046,7.6,7.5002,7.5239,17159.1,543
2026-08-02 10:45:00+00:00,7.523,7.5685,7.5044,7.54,4853.4,440
2026-08-02 11:00:00+00:00,7.54,7.5454,7.516,7.5164,3748.9,320
2026-08-02 11:15:00+00:00,7.5147,7.5357,7.5067,7.514,4546.2,319
2026-08-02 11:30:00+00:00,7.5088,7.5217,7.4867,7.4922,9818.2,389
2026-08-02 11:45:00+00:00,7.487,7.5278,7.4867,7.4975,17545.9,411
2026-08-02 12:00:00+00:00,7.4979,7.55,7.4905,7.525,15485.0,683
2026-08-02 12:15:00+00:00,7.5203,7.5597,7.52,7.5566,8007.1,255
2026-08-02 12:30:00+00:00,7.5471,7.56,7.5373,7.5463,4389.6,224
2026-08-02 12:45:00+00:00,7.5413,7.5599,7.5286,7.5513,9244.4,368
2026-08-02 13:00:00+00:00,7.5522,7.5827,7.5491,7.5823,5667.6,176
2026-08-02 13:15:00+00:00,7.5822,7.5851,7.5728,7.5851,2107.6,162
2026-08-02 13:30:00+00:00,7.5801,7.595,7.5716,7.5787,8275.5,422
2026-08-02 13:45:00+00:00,7.5788,7.5899,7.5733,7.5888,3777.1,168
2026-08-02 14:00:00+00:00,7.585,7.6,7.585,7.5987,7696.7,220
2026-08-02 14:15:00+00:00,7.5985,7.599,7.5821,7.5925,2720.0,204
2026-08-02 14:30:00+00:00,7.5985,7.6,7.5904,7.5967,4345.3,127
2026-08-02 14:45:00+00:00,7.5945,7.5997,7.5717,7.5863,3676.5,470
2026-08-02 15:00:00+00:00,7.5891,7.5999,7.5865,7.597,7714.6,776
2026-08-02 15:15:00+00:00,7.5926,7.5988,7.59,7.5988,258.3,74
2026-08-02 15:30:00+00:00,7.5949,7.6,7.5949,7.598,1408.5,58
2026-08-02 15:45:00+00:00,7.5998,7.6,7.5892,7.5893,6072.7,194
2026-08-02 16:00:00+00:00,7.5998,7.5998,7.581,7.5821,1220.2,87
2026-08-02 16:15:00+00:00,7.5896,7.5999,7.58,7.5993,2826.5,211
2026-08-02 16:30:00+00:00,7.5997,7.6,7.5954,7.6,1511.5,50
2026-08-02 16:45:00+00:00,7.6,7.6,7.5933,7.5995,8106.5,76
2026-08-02 17:00:00+00:00,7.6,7.6416,7.5948,7.6416,17185.2,194
2026-08-02 17:15:00+00:00,7.6408,7.6495,7.6023,7.6132,10355.1,550
2026-08-02 17:30:00+00:00,7.6135,7.6603,7.6,7.6547,20524.3,2094
2026-08-02 17:45:00+00:00,7.6549,7.6815,7.5796,7.6139,23113.5,1980
2026-08-02 18:00:00+00:00,7.6138,7.6822,7.6138,7.6739,12792.1,914
2026-08-02 18:15:00+00:00,7.6678,7.7052,7.662,7.7051,12209.1,706
2026-08-02 18:30:00+00:00,7.7041,7.87,7.6993,7.852,75307.1,1685
2026-08-02 18:45:00+00:00,7.852,7.8663,7.76,7.7983,23913.2,504
2026-08-02 19:00:00+00:00,7.7999,7.869,7.782,7.79,44997.2,868
2026-08-02 19:15:00+00:00,7.7948,7.8037,7.7,7.7544,36517.1,967
2026-08-02 19:30:00+00:00,7.75,7.7801,7.6608,7.6644,32752.4,755
2026-08-02 19:45:00+00:00,7.666,7.6717,7.5141,7.5294,73178.8,1069
2026-08-02 20:00:00+00:00,7.5271,7.58,7.4615,7.5537,33289.1,652
2026-08-02 20:15:00+00:00,7.5441,7.5959,7.5116,7.5767,22456.1,575
2026-08-02 20:30:00+00:00,7.5743,7.6293,7.568,7.5814,28229.6,529
2026-08-02 20:45:00+00:00,7.5788,7.5942,7.5629,7.58,15151.1,289
2026-08-02 21:00:00+00:00,7.5856,7.5957,7.5664,7.5736,6339.0,131
2026-08-02 21:15:00+00:00,7.5726,7.66,7.5718,7.63,26583.1,889
2026-08-02 21:30:00+00:00,7.6343,7.7099,7.6247,7.6979,14357.7,903
2026-08-02 21:45:00+00:00,7.706,7.75,7.6226,7.659,9096.5,945
2026-08-02 22:00:00+00:00,7.6542,7.7299,7.635,7.6756,32089.3,1443
2026-08-02 22:15:00+00:00,7.6813,7.693,7.6349,7.6687,6260.5,282
2026-08-02 22:30:00+00:00,7.6584,7.6672,7.6042,7.6182,6553.1,335
2026-08-02 22:45:00+00:00,7.6264,7.6326,7.5655,7.5841,6644.2,410
2026-08-02 23:00:00+00:00,7.5823,7.69,7.5762,7.6769,16765.2,676
2026-08-02 23:15:00+00:00,7.6824,7.6898,7.612,7.6299,13425.5,553
2026-08-02 23:30:00+00:00,7.6263,7.67,7.62,7.6658,9821.3,420
2026-08-02 23:45:00+00:00,7.6593,7.6764,7.59,7.6437,17531.9,958
2026-08-03 00:00:00+00:00,7.6443,7.6443,7.504,7.5972,33530.9,1607
2026-08-03 00:15:00+00:00,7.5895,7.67,7.5838,7.6504,39485.5,1071
2026-08-03 00:30:00+00:00,7.6504,7.68,7.5617,7.6624,37701.7,1009
2026-08-03 00:45:00+00:00,7.6624,7.69,7.6204,7.6398,46499.4,659
2026-08-03 01:00:00+00:00,7.6395,7.6771,7.58,7.6054,24670.3,684
2026-08-03 01:15:00+00:00,7.6113,7.6359,7.5244,7.5801,114997.0,1989
2026-08-03 01:30:00+00:00,7.5801,7.68,7.3301,7.3899,277386.2,3441
2026-08-03 01:45:00+00:00,7.3898,7.66,7.3898,7.6093,217779.9,3399
2026-08-03 02:00:00+00:00,7.6094,7.7259,7.5811,7.7,179490.9,2921
2026-08-03 02:15:00+00:00,7.6972,7.745,7.6419,7.7047,116578.1,1819
2026-08-03 02:30:00+00:00,7.7043,7.8341,7.55,7.8006,273711.2,3327
2026-08-03 02:45:00+00:00,7.7949,7.8936,7.6999,7.8162,159000.8,2548
2026-08-03 03:00:00+00:00,7.8162,7.9,7.74,7.766,135324.3,2218
2026-08-03 03:15:00+00:00,7.7666,7.832,7.712,7.83,79399.8,1387
2026-08-03 03:30:00+00:00,7.83,7.8611,7.8184,7.8611,16670.1,487
2026-08-03 03:45:00+00:00,7.8575,7.9,7.8318,7.8521,59690.4,1617
2026-08-03 04:00:00+00:00,7.8425,7.8531,7.6615,7.7474,64129.2,1178
2026-08-03 04:15:00+00:00,7.7445,7.8101,7.7404,7.7905,37431.9,1350
2026-08-03 04:30:00+00:00,7.7909,7.819,7.781,7.7858,32750.7,750
2026-08-03 04:45:00+00:00,7.7879,7.8,7.7239,7.757,22984.7,840
2026-08-03 05:00:00+00:00,7.7571,7.8876,7.7462,7.8156,134967.7,2520
2026-08-03 05:15:00+00:00,7.8189,7.84,7.8,7.826,30007.9,488
2026-08-03 05:30:00+00:00,7.826,7.8399,7.78,7.8011,32767.7,533
2026-08-03 05:45:00+00:00,7.8123,7.8363,7.704,7.7369,46321.6,859
2026-08-03 06:00:00+00:00,7.7368,7.7623,7.6594,7.7233,103562.6,1640
2026-08-03 06:15:00+00:00,7.7232,7.7463,7.6104,7.7314,90241.5,1737
2026-08-03 06:30:00+00:00,7.7328,7.7893,7.691,7.7747,47078.3,1298
2026-08-03 06:45:00+00:00,7.775,7.888,7.75,7.8515,89054.7,1299
2026-08-03 07:00:00+00:00,7.8484,7.854,7.8028,7.83,65851.9,1835
2026-08-03 07:15:00+00:00,7.8343,7.8452,7.821,7.8263,20492.7,553
2026-08-03 07:30:00+00:00,7.8263,7.8335,7.8072,7.8137,20508.1,641
2026-08-03 07:45:00+00:00,7.8149,7.8278,7.7812,7.7822,42603.2,1252
2026-08-03 08:00:00+00:00,7.784,7.7951,7.7,7.7205,69373.4,1184
2026-08-03 08:15:00+00:00,7.7162,7.7494,7.6972,7.7375,37282.4,576
2026-08-03 08:30:00+00:00,7.7302,7.74,7.6939,7.7336,28562.2,905
2026-08-03 08:45:00+00:00,7.7309,7.82,7.7258,7.807,21616.9,794
2026-08-03 09:00:00+00:00,7.8071,7.8199,7.7401,7.7565,80404.5,838
2026-08-03 09:15:00+00:00,7.7553,7.82,7.7553,7.8008,25535.4,349
2026-08-03 09:30:00+00:00,7.8009,7.81,7.7854,7.8094,16235.0,380
2026-08-03 09:45:00+00:00,7.8037,7.81,7.74,7.765,32924.9,663
2026-08-03 10:00:00+00:00,7.7706,7.7706,7.7294,7.7349,14441.7,336
2026-08-03 10:15:00+00:00,7.732,7.7358,7.6705,7.6966,23666.8,672
2026-08-03 10:30:00+00:00,7.6923,7.6948,7.652,7.6646,19478.7,441
2026-08-03 10:45:00+00:00,7.6646,7.6777,7.6551,7.6772,11649.3,333
2026-08-03 11:00:00+00:00,7.6777,7.68,7.6613,7.6797,6940.7,284
2026-08-03 11:15:00+00:00,7.6797,7.68,7.6635,7.6764,7081.6,415
2026-08-03 11:30:00+00:00,7.6707,7.7,7.6592,7.6787,16543.3,1342
2026-08-03 11:45:00+00:00,7.672,7.7172,7.655,7.7172,31459.7,739
2026-08-03 12:00:00+00:00,7.7174,7.7275,7.7101,7.7186,16755.8,262
2026-08-03 12:15:00+00:00,7.7243,7.7299,7.7153,7.7296,8098.5,479
2026-08-03 12:30:00+00:00,7.7236,7.7929,7.7165,7.7788,80049.1,1123
2026-08-03 12:45:00+00:00,7.7788,7.7859,7.7135,7.7499,56746.6,603
2026-08-03 13:00:00+00:00,7.749,7.7722,7.734,7.757,11129.8,509
2026-08-03 13:15:00+00:00,7.7501,7.7894,7.7,7.7446,13860.0,474
2026-08-03 13:30:00+00:00,7.7366,7.7896,7.6926,7.7071,66021.3,1123
2026-08-03 13:45:00+00:00,7.7071,7.7072,7.6882,7.7072,36947.2,336
2026-08-03 14:00:00+00:00,7.7064,7.7072,7.682,7.7038,31749.7,514
2026-08-03 14:15:00+00:00,7.7069,7.768,7.7,7.768,50059.0,1031
2026-08-03 14:30:00+00:00,7.7651,7.7846,7.7249,7.7301,20760.9,432
2026-08-03 14:45:00+00:00,7.7316,7.8222,7.7216,7.8076,49303.9,744
2026-08-03 15:00:00+00:00,7.808,7.8142,7.7512,7.7648,30415.8,928
2026-08-03 15:15:00+00:00,7.7606,7.7816,7.718,7.7372,18413.1,810
2026-08-03 15:30:00+00:00,7.7373,7.7629,7.7184,7.7629,12218.0,1153
2026-08-03 15:45:00+00:00,7.7617,7.79,7.7605,7.7898,8218.1,509
2026-08-03 16:00:00+00:00,7.7835,7.79,7.755,7.79,7742.3,905
2026-08-03 16:15:00+00:00,7.7844,7.8432,7.7808,7.8281,19882.8,1024
2026-08-03 16:30:00+00:00,7.8237,7.8369,7.69,7.7798,35625.2,1043
2026-08-03 16:45:00+00:00,7.7729,7.8198,7.7677,7.8077,24066.8,306
2026-08-03 17:00:00+00:00,7.8006,7.8168,7.7872,7.7997,8210.5,548
2026-08-03 17:15:00+00:00,7.7924,7.8151,7.78,7.8149,8992.2,491
2026-08-03 17:30:00+00:00,7.8117,7.979,7.8077,7.882,57158.2,1000
2026-08-03 17:45:00+00:00,7.8788,7.9485,7.804,7.9027,31422.2,1047
2026-08-03 18:00:00+00:00,7.8971,7.9679,7.89,7.9062,21302.1,925
2026-08-03 18:15:00+00:00,7.9039,7.9345,7.8752,7.924,18408.4,462
2026-08-03 18:30:00+00:00,7.9223,7.9351,7.9024,7.9323,19297.2,340
2026-08-03 18:45:00+00:00,7.9342,8.05,7.9178,7.991,44057.7,542
2026-08-03 19:00:00+00:00,7.988,8.06,7.988,8.0169,22122.9,551
2026-08-03 19:15:00+00:00,8.0178,8.0778,8.0082,8.0727,20744.2,268
2026-08-03 19:30:00+00:00,8.0623,8.0763,7.996,8.0249,14967.6,290
2026-08-03 19:45:00+00:00,8.0193,8.0658,8.0138,8.051,7837.2,235
2026-08-03 20:00:00+00:00,8.0491,8.0937,8.0363,8.0937,15358.0,362
2026-08-03 20:15:00+00:00,8.0881,8.1,8.0803,8.0877,7065.4,183
2026-08-03 20:30:00+00:00,8.0876,8.0905,8.0701,8.0834,6125.8,185
2026-08-03 20:45:00+00:00,8.0845,8.1639,8.0744,8.1312,128676.2,1566
2026-08-03 21:00:00+00:00,8.1333,8.1362,8.0801,8.1179,53545.4,589
2026-08-03 21:15:00+00:00,8.114,8.1295,8.0571,8.0772,18734.3,580
2026-08-03 21:30:00+00:00,8.0779,8.1569,8.0676,8.0928,56297.3,950
2026-08-03 21:45:00+00:00,8.1,8.1386,8.0886,8.1224,15059.9,619
2026-08-03 22:00:00+00:00,8.1265,8.1852,8.055,8.1555,43962.1,1286
2026-08-03 22:15:00+00:00,8.1511,8.1759,8.1307,8.143,28129.2,635
2026-08-03 22:30:00+00:00,8.1416,8.164,8.1176,8.1358,25540.0,908
2026-08-03 22:45:00+00:00,8.1379,8.1418,8.1076,8.138,14579.9,526
2026-08-03 23:00:00+00:00,8.1378,8.1604,8.0813,8.113,25795.5,1089
2026-08-03 23:15:00+00:00,8.1084,8.1159,8.068,8.08,22869.0,702
2026-08-03 23:30:00+00:00,8.08,8.1285,8.0766,8.1285,41978.5,1341
2026-08-03 23:45:00+00:00,8.1285,8.2,8.1268,8.1957,82807.4,1838
2026-08-04 00:00:00+00:00,8.198,8.2,8.0645,8.0665,30799.1,909
2026-08-04 00:15:00+00:00,8.0748,8.1045,8.0236,8.0831,44627.6,1087
2026-08-04 00:30:00+00:00,8.0831,8.0832,8.0112,8.0448,35632.9,679
2026-08-04 00:45:00+00:00,8.0493,8.0523,7.9944,7.9995,18359.6,422
2026-08-04 01:00:00+00:00,8.0022,8.0328,7.9955,8.0187,10964.4,170
2026-08-04 01:15:00+00:00,8.0168,8.038,7.971,8.0176,44747.1,848
2026-08-04 01:30:00+00:00,8.0242,8.03,7.8772,7.9419,214741.3,3062
2026-08-04 01:45:00+00:00,7.9439,7.9528,7.8398,7.8419,111611.1,1906
2026-08-04 02:00:00+00:00,7.8399,7.8653,7.7321,7.7855,144052.5,1975
2026-08-04 02:15:00+00:00,7.7975,7.8929,7.71,7.89,72837.6,1094
2026-08-04 02:30:00+00:00,7.8893,7.9697,7.8302,7.8487,73459.6,1558
2026-08-04 02:45:00+00:00,7.8555,7.8931,7.8301,7.8432,64282.7,2221
2026-08-04 03:00:00+00:00,7.8433,7.8599,7.7926,7.822,64640.0,5439
2026-08-04 03:15:00+00:00,7.822,7.94,7.8051,7.92,70816.9,3157
2026-08-04 03:30:00+00:00,7.9265,7.9453,7.83,7.9453,42728.0,1386
2026-08-04 03:45:00+00:00,7.9341,7.996,7.9261,7.9358,48688.7,1650
2026-08-04 04:00:00+00:00,7.9275,7.9539,7.9193,7.9477,46236.6,646
2026-08-04 04:15:00+00:00,7.9495,7.9548,7.925,7.9313,7755.7,310
2026-08-04 04:30:00+00:00,7.9338,7.9869,7.9272,7.9557,37759.7,2112
2026-08-04 04:45:00+00:00,7.9518,7.9608,7.9302,7.9423,32626.6,4866
2026-08-04 05:00:00+00:00,7.9456,7.9632,7.89,7.9114,53821.0,1827
2026-08-04 05:15:00+00:00,7.9114,8.0,7.9042,7.9847,49203.5,1351
2026-08-04 05:30:00+00:00,7.9933,8.0484,7.976,8.0098,89743.5,1230
2026-08-04 05:45:00+00:00,8.0094,8.03,7.9801,7.991,40306.8,686
2026-08-04 06:00:00+00:00,7.9851,8.0232,7.974,7.9974,73704.4,1028
2026-08-04 06:15:00+00:00,7.9973,7.9973,7.8762,7.9272,218130.4,2623
2026-08-04 06:30:00+00:00,7.9272,7.928,7.8903,7.9,71176.9,1375
2026-08-04 06:45:00+00:00,7.9056,7.9286,7.8942,7.9247,63443.2,2476
2026-08-04 07:00:00+00:00,7.9247,7.9271,7.8473,7.8578,63672.6,2606
2026-08-04 07:15:00+00:00,7.8578,7.8681,7.8484,7.8599,24787.3,3189
2026-08-04 07:30:00+00:00,7.8569,7.875,7.8484,7.864,30666.0,2738
2026-08-04 07:45:00+00:00,7.866,7.8906,7.85,7.8898,61811.7,4838
2026-08-04 08:00:00+00:00,7.8893,7.8894,7.832,7.8753,57140.7,2126
2026-08-04 08:15:00+00:00,7.8749,7.925,7.8684,7.8983,28896.0,1129
2026-08-04 08:30:00+00:00,7.8951,7.9074,7.8648,7.8742,22591.8,756
2026-08-04 08:45:00+00:00,7.8785,7.8903,7.8467,7.863,30299.8,2087
2026-08-04 09:00:00+00:00,7.8667,7.88,7.8173,7.8237,37371.8,2286
2026-08-04 09:15:00+00:00,7.8252,7.8742,7.8001,7.8167,28948.6,979
2026-08-04 09:30:00+00:00,7.8145,7.86,7.8,7.8532,11430.1,455
2026-08-04 09:45:00+00:00,7.8532,7.8655,7.842,7.8594,4952.9,222
2026-08-04 10:00:00+00:00,7.8602,7.8641,7.8381,7.8579,10835.1,325
2026-08-04 10:15:00+00:00,7.8584,7.86,7.8324,7.8365,7069.4,145
2026-08-04 10:30:00+00:00,7.8378,7.8483,7.81,7.8438,13775.5,303
2026-08-04 10:45:00+00:00,7.8401,7.8463,7.7989,7.8201,18666.9,456
2026-08-04 11:00:00+00:00,7.8222,7.8899,7.8222,7.8841,13047.1,382
2026-08-04 11:15:00+00:00,7.8873,7.8975,7.839,7.8674,16668.4,523
2026-08-04 11:30:00+00:00,7.8671,7.8737,7.8593,7.8691,3406.2,83
2026-08-04 11:45:00+00:00,7.8731,7.8982,7.8639,7.8902,8007.3,173
2026-08-04 12:00:00+00:00,7.8891,7.9298,7.8866,7.9113,37606.0,742
2026-08-04 12:15:00+00:00,7.9119,7.9119,7.878,7.892,16205.6,376
2026-08-04 12:30:00+00:00,7.8915,7.93,7.8832,7.92,18564.8,514
2026-08-04 12:45:00+00:00,7.92,7.9211,7.8901,7.8921,10440.4,258
2026-08-04 13:00:00+00:00,7.8931,7.9112,7.8802,7.8802,29207.5,604
2026-08-04 13:15:00+00:00,7.8825,7.9075,7.8704,7.8916,16469.6,627
2026-08-04 13:30:00+00:00,7.8896,7.9214,7.88,7.9101,28730.8,898
2026-08-04 13:45:00+00:00,7.9101,7.9384,7.9007,7.9081,43628.3,781
2026-08-04 14:00:00+00:00,7.9091,7.9344,7.8884,7.9188,23691.8,578
2026-08-04 14:15:00+00:00,7.9133,7.9189,7.8885,7.9112,11131.7,320
2026-08-04 14:30:00+00:00,7.9095,7.9171,7.8877,7.907,18835.5,1106
2026-08-04 14:45:00+00:00,7.9032,7.9099,7.8508,7.87,23325.8,463
2026-08-04 15:00:00+00:00,7.87,7.9049,7.8696,7.8966,15987.8,1940
2026-08-04 15:15:00+00:00,7.9,7.93,7.8834,7.9077,14786.2,769
2026-08-04 15:30:00+00:00,7.9082,7.9319,7.9009,7.91,30847.6,583
2026-08-04 15:45:00+00:00,7.9101,8.0628,7.9066,8.0415,116096.5,3237
2026-08-04 16:00:00+00:00,8.0311,8.05,7.9928,8.017,27660.4,727
2026-08-04 16:15:00+00:00,8.0177,8.0238,8.0035,8.007,12393.2,341
2026-08-04 16:30:00+00:00,8.007,8.05,7.9837,7.9991,36344.8,1174
2026-08-04 16:45:00+00:00,7.9973,7.9973,7.95,7.9792,29249.0,866
2026-08-04 17:00:00+00:00,7.978,7.99,7.9628,7.969,19230.5,719
2026-08-04 17:15:00+00:00,7.9658,7.9937,7.9382,7.9894,25861.9,1120
2026-08-04 17:30:00+00:00,7.9883,8.0097,7.9664,7.969,37777.4,811
2026-08-04 17:45:00+00:00,7.9704,7.9929,7.9502,7.9926,23967.0,1890
2026-08-04 18:00:00+00:00,7.9921,8.0099,7.9615,8.0026,18806.8,1527
2026-08-04 18:15:00+00:00,8.0037,8.0377,8.001,8.0024,17038.3,1143
2026-08-04 18:30:00+00:00,8.0017,8.0192,8.0001,8.0119,7817.5,478
2026-08-04 18:45:00+00:00,8.012,8.012,7.9735,7.9753,8343.4,610
2026-08-04 19:00:00+00:00,7.9778,7.9964,7.9708,7.9876,8837.4,777
2026-08-04 19:15:00+00:00,7.9815,7.9854,7.94,7.9441,12159.2,599
2026-08-04 19:30:00+00:00,7.941,7.9515,7.9151,7.9251,7410.3,491
2026-08-04 19:45:00+00:00,7.9252,7.9354,7.9156,7.927,10898.5,457
2026-08-04 20:00:00+00:00,7.9273,7.9499,7.92,7.9235,7905.8,443
2026-08-04 20:15:00+00:00,7.9255,7.9275,7.91,7.9128,18747.5,410
2026-08-04 20:30:00+00:00,7.9112,7.9224,7.91,7.9137,4646.2,316
2026-08-04 20:45:00+00:00,7.9105,7.9152,7.91,7.91,5555.9,93
2026-08-04 21:00:00+00:00,7.91,7.96,7.895,7.9347,32513.2,683
2026-08-04 21:15:00+00:00,7.9338,7.9338,7.895,7.8951,10493.2,244
2026-08-04 21:30:00+00:00,7.8951,7.9065,7.895,7.8985,7460.1,162
2026-08-04 21:45:00+00:00,7.8985,7.95,7.895,7.9481,11476.1,196
2026-08-04 22:00:00+00:00,7.9471,8.0119,7.9052,7.9556,34062.0,1234
2026-08-04 22:15:00+00:00,7.9581,7.974,7.9149,7.9318,14915.7,1320
2026-08-04 22:30:00+00:00,7.9267,7.9515,7.8952,7.9007,21785.2,2214
2026-08-04 22:45:00+00:00,7.8967,7.9103,7.88,7.8917,17432.3,1978
2026-08-04 23:00:00+00:00,7.8888,7.9049,7.88,7.9,9415.0,1049
2026-08-04 23:15:00+00:00,7.8978,7.9339,7.8911,7.9314,13905.2,1547
2026-08-04 23:30:00+00:00,7.9348,7.9776,7.9306,7.9663,13610.2,1271
2026-08-04 23:45:00+00:00,7.9671,7.9851,7.9605,7.9739,14842.7,892
2026-08-05 00:00:00+00:00,7.9713,7.9891,7.9,7.9328,17957.5,838
2026-08-05 00:15:00+00:00,7.9355,7.946,7.9206,7.944,15056.4,835
2026-08-05 00:30:00+00:00,7.9424,7.9989,7.9332,7.9712,22552.3,2131
2026-08-05 00:45:00+00:00,7.9699,8.0,7.94,7.9857,26381.2,1738
2026-08-05 01:00:00+00:00,7.9857,7.9933,7.9438,7.9839,38462.8,1948
2026-08-05 01:15:00+00:00,7.9827,7.9868,7.8904,7.9299,37383.2,1903
2026-08-05 01:30:00+00:00,7.9298,8.05,7.904,7.9858,233581.1,3316
2026-08-05 01:45:00+00:00,7.9855,7.9999,7.9037,7.9167,123483.2,3714
2026-08-05 02:00:00+00:00,7.922,7.993,7.8264,7.8403,176758.7,5964
2026-08-05 02:15:00+00:00,7.8406,7.8635,7.7728,7.7825,94304.3,2114
2026-08-05 02:30:00+00:00,7.784,7.8001,7.711,7.7741,202871.6,3202
2026-08-05 02:45:00+00:00,7.7737,7.8206,7.7482,7.7894,104530.0,1894
2026-08-05 03:00:00+00:00,7.7865,7.814,7.7738,7.8019,89491.8,2072
2026-08-05 03:15:00+00:00,7.8039,7.88,7.79,7.8681,85853.9,2329
2026-08-05 03:30:00+00:00,7.8683,7.8895,7.8574,7.8627,68434.5,2384
2026-08-05 03:45:00+00:00,7.8664,7.8816,7.8234,7.8458,61017.2,3233
2026-08-05 04:00:00+00:00,7.845,7.8494,7.8062,7.8154,22726.0,1138
2026-08-05 04:15:00+00:00,7.818,7.818,7.7561,7.757,23684.3,1837
2026-08-05 04:30:00+00:00,7.7583,7.8284,7.7536,7.7754,28749.1,1894
2026-08-05 04:45:00+00:00,7.7716,7.7932,7.77,7.7849,37641.3,1862
2026-08-05 05:00:00+00:00,7.7784,7.8128,7.7602,7.7876,54083.2,1704
2026-08-05 05:15:00+00:00,7.7876,7.85,7.7868,7.7915,60029.9,1556
2026-08-05 05:30:00+00:00,7.7918,7.8443,7.7867,7.8336,49965.9,2894
2026-08-05 05:45:00+00:00,7.8338,7.8521,7.8,7.8329,48096.4,1727
2026-08-05 06:00:00+00:00,7.8324,7.833,7.7529,7.7589,81001.1,1238
2026-08-05 06:15:00+00:00,7.7591,7.7678,7.715,7.7509,74598.6,1531
2026-08-05 06:30:00+00:00,7.7502,7.7538,7.6723,7.7078,113937.0,2076
2026-08-05 06:45:00+00:00,7.7095,7.7607,7.67,7.7412,107341.4,2358
2026-08-05 07:00:00+00:00,7.7412,7.8389,7.7143,7.7926,199211.0,3585
2026-08-05 07:15:00+00:00,7.8069,7.8138,7.7926,7.7999,29788.2,841
2026-08-05 07:30:00+00:00,7.797,7.8069,7.7927,7.805,12635.9,345
2026-08-05 07:45:00+00:00,7.8036,7.856,7.7926,7.849,86150.7,1111
2026-08-05 08:00:00+00:00,7.8464,7.8748,7.73,7.755,78092.8,1157
2026-08-05 08:15:00+00:00,7.75,7.755,7.727,7.7375,40734.5,695
2026-08-05 08:30:00+00:00,7.7347,7.735,7.7032,7.7103,14943.7,373
2026-08-05 08:45:00+00:00,7.7101,7.73,7.7,7.7217,22390.1,741
2026-08-05 09:00:00+00:00,7.7159,7.74,7.7098,7.7248,22079.7,749
2026-08-05 09:15:00+00:00,7.7206,7.7265,7.7,7.7017,13691.2,341
2026-08-05 09:30:00+00:00,7.7007,7.7075,7.6656,7.6766,14840.2,711
2026-08-05 09:45:00+00:00,7.6764,7.6963,7.6732,7.6903,18061.3,457
2026-08-05 10:00:00+00:00,7.689,7.6999,7.6744,7.6857,7262.7,675
2026-08-05 10:15:00+00:00,7.6842,7.6867,7.6652,7.676,25556.1,942
2026-08-05 10:30:00+00:00,7.676,7.6866,7.66,7.6788,11704.4,632
2026-08-05 10:45:00+00:00,7.6755,7.6867,7.6557,7.67,17702.8,762
2026-08-05 11:00:00+00:00,7.6654,7.6789,7.663,7.6789,26156.6,428
2026-08-05 11:15:00+00:00,7.6765,7.7499,7.663,7.7224,41562.5,997
2026-08-05 11:30:00+00:00,7.7221,7.7587,7.7078,7.7189,15278.4,455
2026-08-05 11:45:00+00:00,7.7167,7.7198,7.6762,7.6871,21634.0,669
2026-08-05 12:00:00+00:00,7.684,7.7012,7.6798,7.6866,10923.7,385
2026-08-05 12:15:00+00:00,7.6836,7.6991,7.6814,7.6991,5448.6,294
2026-08-05 12:30:00+00:00,7.6918,7.7324,7.6855,7.7238,11061.9,586
2026-08-05 12:45:00+00:00,7.7227,7.7349,7.6816,7.6849,11705.5,567
2026-08-05 13:00:00+00:00,7.6879,7.6893,7.6539,7.671,20915.6,690
2026-08-05 13:15:00+00:00,7.6722,7.6727,7.6257,7.6346,28674.5,1134
2026-08-05 13:30:00+00:00,7.632,7.7059,7.6242,7.7027,40867.1,2827
2026-08-05 13:45:00+00:00,7.703,7.7622,7.6926,7.7136,45035.9,2460
2026-08-05 14:00:00+00:00,7.7141,7.7197,7.6456,7.6552,33331.4,1932
2026-08-05 14:15:00+00:00,7.6545,7.6575,7.6456,7.6462,29768.8,1059
2026-08-05 14:30:00+00:00,7.6461,7.6874,7.6461,7.6723,23781.2,1527
2026-08-05 14:45:00+00:00,7.6731,7.6741,7.646,7.6508,28683.6,882
2026-08-05 15:00:00+00:00,7.6468,7.6842,7.6457,7.6784,42090.8,885
2026-08-05 15:15:00+00:00,7.6824,7.69,7.6611,7.6703,36886.1,1730
2026-08-05 15:30:00+00:00,7.6678,7.6898,7.66,7.66,5021.1,193
2026-08-05 15:45:00+00:00,7.6602,7.6661,7.6485,7.654,14859.1,301
2026-08-05 16:00:00+00:00,7.6626,7.67,7.6502,7.6608,20534.7,620
2026-08-05 16:15:00+00:00,7.6617,7.6818,7.6595,7.6818,8084.1,207
2026-08-05 16:30:00+00:00,7.6795,7.6818,7.6702,7.6786,8383.0,157
2026-08-05 16:45:00+00:00,7.6765,7.6818,7.6608,7.6745,9028.5,258
2026-08-05 17:00:00+00:00,7.675,7.68,7.6685,7.6721,6250.3,144
2026-08-05 17:15:00+00:00,7.6687,7.6728,7.6682,7.6698,229.4,25
2026-08-05 17:30:00+00:00,7.6698,7.686,7.6668,7.6841,5185.8,113
2026-08-05 17:45:00+00:00,7.6831,7.699,7.6812,7.6987,6838.9,105
2026-08-05 18:00:00+00:00,7.6987,7.7,7.6845,7.6968,5626.5,221
2026-08-05 18:15:00+00:00,7.6999,7.7051,7.6949,7.705,1223.3,173
2026-08-05 18:30:00+00:00,7.6993,7.7039,7.6752,7.6847,7127.8,221
2026-08-05 18:45:00+00:00,7.6836,7.6924,7.677,7.6924,2372.9,121
2026-08-05 19:00:00+00:00,7.6923,7.6974,7.6732,7.6921,1780.5,90
2026-08-05 19:15:00+00:00,7.6964,7.6975,7.6857,7.6955,745.7,64
2026-08-05 19:30:00+00:00,7.6975,7.7051,7.6909,7.703,8084.2,84
2026-08-05 19:45:00+00:00,7.7012,7.705,7.68,7.6878,4481.1,127
2026-08-05 20:00:00+00:00,7.6874,7.729,7.6456,7.7196,45062.1,929
2026-08-05 20:15:00+00:00,7.7194,7.72,7.692,7.7135,6595.7,327
2026-08-05 20:30:00+00:00,7.7107,7.7187,7.7012,7.7137,1637.7,141
2026-08-05 20:45:00+00:00,7.7137,7.7137,7.69,7.6973,2372.8,122
2026-08-05 21:00:00+00:00,7.6952,7.718,7.6776,7.691,5327.3,393
2026-08-05 21:15:00+00:00,7.6912,7.6916,7.65,7.6592,4781.7,453
2026-08-05 21:30:00+00:00,7.6625,7.6719,7.6463,7.6516,4686.6,472
2026-08-05 21:45:00+00:00,7.6518,7.668,7.6477,7.668,1283.0,113
2026-08-05 22:00:00+00:00,7.6698,7.6898,7.6681,7.6712,6501.9,563
2026-08-05 22:15:00+00:00,7.6711,7.7081,7.6652,7.6758,15113.2,924
2026-08-05 22:30:00+00:00,7.6798,7.7184,7.6512,7.7126,10784.0,494
2026-08-05 22:45:00+00:00,7.7127,7.7249,7.7037,7.7166,2452.7,127
2026-08-05 23:00:00+00:00,7.72,7.7242,7.7,7.7081,3158.2,225
2026-08-05 23:15:00+00:00,7.704,7.7188,7.704,7.7174,834.5,87
2026-08-05 23:30:00+00:00,7.7172,7.7172,7.6502,7.6529,7255.7,512
2026-08-05 23:45:00+00:00,7.6557,7.729,7.6512,7.676,19326.7,976
2026-08-06 00:00:00+00:00,7.6778,7.713,7.669,7.6972,8311.3,1237
2026-08-06 00:15:00+00:00,7.6959,7.7065,7.678,7.6806,5616.4,682
2026-08-06 00:30:00+00:00,7.685,7.685,7.67,7.6723,5126.4,452
2026-08-06 00:45:00+00:00,7.6723,7.686,7.6457,7.6457,18778.0,1336
2026-08-06 01:00:00+00:00,7.6458,7.658,7.6456,7.6565,20621.6,427
2026-08-06 01:15:00+00:00,7.6544,7.6582,7.6456,7.6469,25816.9,493
2026-08-06 01:30:00+00:00,7.6457,7.6968,7.555,7.6311,177430.0,4172
2026-08-06 01:45:00+00:00,7.6333,7.6333,7.4822,7.5499,121429.7,3714
2026-08-06 02:00:00+00:00,7.551,7.5572,7.4141,7.4983,109423.2,3185
2026-08-06 02:15:00+00:00,7.4983,7.6312,7.4909,7.602,103621.8,2659
2026-08-06 02:30:00+00:00,7.6019,7.6312,7.535,7.6027,67344.5,1229
2026-08-06 02:45:00+00:00,7.6042,7.6435,7.565,7.6331,37544.4,1486
2026-08-06 03:00:00+00:00,7.6326,7.6326,7.5726,7.5749,32372.0,1730
2026-08-06 03:15:00+00:00,7.5771,7.5794,7.5047,7.5217,56855.2,1425
2026-08-06 03:30:00+00:00,7.5198,7.528,7.5081,7.5209,8188.0,219
2026-08-06 03:45:00+00:00,7.521,7.5298,7.5039,7.5075,12984.9,370
2026-08-06 04:00:00+00:00,7.5042,7.5042,7.4698,7.4698,13617.9,396
2026-08-06 04:15:00+00:00,7.468,7.4826,7.4301,7.4609,18082.8,1106
2026-08-06 04:30:00+00:00,7.4613,7.4669,7.4499,7.4559,6490.0,414
2026-08-06 04:45:00+00:00,7.4522,7.461,7.4301,7.4548,22622.1,576
2026-08-06 05:00:00+00:00,7.4511,7.4567,7.4153,7.425,34152.3,709
2026-08-06 05:15:00+00:00,7.422,7.49,7.4126,7.48,100430.6,1095
2026-08-06 05:30:00+00:00,7.4777,7.5119,7.46,7.465,33912.4,612
2026-08-06 05:45:00+00:00,7.465,7.4843,7.435,7.478,59046.1,1217
2026-08-06 06:00:00+00:00,7.4762,7.4769,7.436,7.439,33545.9,1209
2026-08-06 06:15:00+00:00,7.4361,7.449,7.435,7.4476,38811.1,1274
2026-08-06 06:30:00+00:00,7.4452,7.466,7.435,7.436,38178.0,1211
2026-08-06 06:45:00+00:00,7.436,7.4494,7.436,7.4417,16420.2,671
2026-08-06 07:00:00+00:00,7.4405,7.4919,7.431,7.4687,40919.4,1004
2026-08-06 07:15:00+00:00,7.4686,7.4733,7.4521,7.4552,17429.0,714
2026-08-06 07:30:00+00:00,7.4552,7.4621,7.4347,7.4408,15022.3,756
2026-08-06 07:45:00+00:00,7.438,7.4388,7.4181,7.4245,5858.3,675
2026-08-06 08:00:00+00:00,7.4273,7.43,7.401,7.4021,38892.8,1077
2026-08-06 08:15:00+00:00,7.4021,7.4081,7.4,7.404,9823.3,400
2026-08-06 08:30:00+00:00,7.404,7.4373,7.3746,7.3968,54921.3,888
2026-08-06 08:45:00+00:00,7.3968,7.4024,7.3737,7.3771,5224.7,263
2026-08-06 09:00:00+00:00,7.3768,7.379,7.359,7.361,7344.1,256
2026-08-06 09:15:00+00:00,7.359,7.3599,7.3202,7.3272,20583.9,739
2026-08-06 09:30:00+00:00,7.3264,7.3828,7.32,7.3353,10540.1,373
2026-08-06 09:45:00+00:00,7.338,7.34,7.32,7.32,7789.7,445
2026-08-06 10:00:00+00:00,7.32,7.3429,7.32,7.3252,6678.3,557
2026-08-06 10:15:00+00:00,7.3252,7.3412,7.26,7.3173,28987.2,1175
2026-08-06 10:30:00+00:00,7.3141,7.3226,7.2732,7.2761,10838.6,725
2026-08-06 10:45:00+00:00,7.2765,7.2862,7.2629,7.2735,11193.8,549
2026-08-06 11:00:00+00:00,7.2781,7.2984,7.259,7.2949,18588.0,471
2026-08-06 11:15:00+00:00,7.2998,7.3728,7.2832,7.3099,34945.8,829
2026-08-06 11:30:00+00:00,7.3099,7.3148,7.3021,7.304,3458.9,109
2026-08-06 11:45:00+00:00,7.303,7.3171,7.2938,7.3019,4022.7,156
2026-08-06 12:00:00+00:00,7.2993,7.3339,7.2892,7.3187,11779.9,455
2026-08-06 12:15:00+00:00,7.315,7.33,7.3034,7.3168,13485.2,607
2026-08-06 12:30:00+00:00,7.3184,7.3423,7.3055,7.3227,6659.6,371
2026-08-06 12:45:00+00:00,7.3226,7.3412,7.3104,7.3412,4758.1,138
2026-08-06 13:00:00+00:00,7.3422,7.3539,7.3104,7.3174,16098.3,498
2026-08-06 13:15:00+00:00,7.3171,7.338,7.3147,7.3299,4149.0,230
2026-08-06 13:30:00+00:00,7.3283,7.4298,7.2811,7.3939,35879.0,1988
2026-08-06 13:45:00+00:00,7.4017,7.4355,7.3704,7.4051,9797.9,1296
2026-08-06 14:00:00+00:00,7.4053,7.4199,7.3838,7.4143,4524.4,482
2026-08-06 14:15:00+00:00,7.4143,7.5054,7.3945,7.4494,24503.1,2472
2026-08-06 14:30:00+00:00,7.4499,7.46,7.3999,7.423,23418.1,1830
2026-08-06 14:45:00+00:00,7.4189,7.4273,7.36,7.3724,18386.8,2138
2026-08-06 15:00:00+00:00,7.3755,7.4847,7.3605,7.4649,19955.6,1496
2026-08-06 15:15:00+00:00,7.4647,7.5,7.4336,7.4532,49645.0,2329
2026-08-06 15:30:00+00:00,7.4517,7.46,7.405,7.4096,13959.8,2628
2026-08-06 15:45:00+00:00,7.4132,7.432,7.405,7.4159,21160.4,1896
2026-08-06 16:00:00+00:00,7.4176,7.425,7.405,7.4051,7140.8,896
2026-08-06 16:15:00+00:00,7.405,7.4098,7.4039,7.4039,9190.0,293
2026-08-06 16:30:00+00:00,7.4041,7.4143,7.4039,7.407,3466.3,388
2026-08-06 16:45:00+00:00,7.407,7.4168,7.4039,7.4039,2986.7,237
2026-08-06 17:00:00+00:00,7.4079,7.4112,7.4039,7.4049,2425.2,182
2026-08-06 17:15:00+00:00,7.4049,7.41,7.4039,7.4039,2317.2,208
2026-08-06 17:30:00+00:00,7.4039,7.4059,7.39,7.3902,4977.7,290
2026-08-06 17:45:00+00:00,7.3903,7.4011,7.39,7.3912,2795.1,254
2026-08-06 18:00:00+00:00,7.3908,7.3958,7.39,7.3903,3238.1,167
2026-08-06 18:15:00+00:00,7.3904,7.3957,7.39,7.39,2552.0,122
2026-08-06 18:30:00+00:00,7.39,7.3992,7.38,7.38,2598.2,314
2026-08-06 18:45:00+00:00,7.38,7.3856,7.3612,7.3615,2463.7,222
2026-08-06 19:00:00+00:00,7.3667,7.3742,7.355,7.3614,3503.5,447
2026-08-06 19:15:00+00:00,7.3632,7.3765,7.3401,7.3401,3632.4,551
2026-08-06 19:30:00+00:00,7.3435,7.3633,7.3234,7.3234,5771.9,634
2026-08-06 19:45:00+00:00,7.3268,7.3538,7.3195,7.3228,5144.7,638
2026-08-06 20:00:00+00:00,7.3252,7.3288,7.312,7.312,3019.5,447
2026-08-06 20:15:00+00:00,7.312,7.3215,7.298,7.2982,5496.2,604
2026-08-06 20:30:00+00:00,7.2982,7.3125,7.2864,7.2905,3818.5,563
2026-08-06 20:45:00+00:00,7.2905,7.3027,7.2823,7.285,5777.6,357
2026-08-06 21:00:00+00:00,7.2889,7.3,7.2807,7.2906,3524.4,306
2026-08-06 21:15:00+00:00,7.29,7.2941,7.274,7.2848,3909.6,305
2026-08-06 21:30:00+00:00,7.2843,7.2912,7.267,7.2673,3836.8,359
2026-08-06 21:45:00+00:00,7.2675,7.2762,7.267,7.2675,4184.5,212
2026-08-06 22:00:00+00:00,7.2723,7.3254,7.2671,7.3165,10033.9,988
2026-08-06 22:15:00+00:00,7.3107,7.3134,7.267,7.2717,5580.5,1126
2026-08-06 22:30:00+00:00,7.2736,7.2837,7.2639,7.2797,6586.5,1445
2026-08-06 22:45:00+00:00,7.2744,7.308,7.2666,7.3003,6831.5,1565
2026-08-06 23:00:00+00:00,7.2953,7.3024,7.2681,7.2761,11422.7,697
2026-08-06 23:15:00+00:00,7.2744,7.2785,7.2639,7.2673,8178.3,864
2026-08-06 23:30:00+00:00,7.2673,7.268,7.259,7.261,11180.6,546
2026-08-06 23:45:00+00:00,7.2646,7.2927,7.2602,7.2864,7883.3,506
2026-08-07 00:00:00+00:00,7.288,7.3608,7.288,7.3449,16147.4,761
2026-08-07 00:15:00+00:00,7.3425,7.3949,7.3158,7.3898,9635.3,655
2026-08-07 00:30:00+00:00,7.3898,7.3928,7.3721,7.3799,5279.3,383
2026-08-07 00:45:00+00:00,7.38,7.3854,7.3718,7.3761,6643.2,270
2026-08-07 01:00:00+00:00,7.379,7.3863,7.3431,7.3536,6115.5,270
2026-08-07 01:15:00+00:00,7.3539,7.387,7.347,7.3724,13793.1,356
2026-08-07 01:30:00+00:00,7.3734,7.4733,7.3701,7.382,91178.2,2447
2026-08-07 01:45:00+00:00,7.3798,7.4282,7.3101,7.3736,99335.7,1862
2026-08-07 02:00:00+00:00,7.3754,7.4045,7.343,7.3499,67615.0,1449
2026-08-07 02:15:00+00:00,7.3493,7.427,7.347,7.4099,77720.5,1855
2026-08-07 02:30:00+00:00,7.4115,7.4548,7.4052,7.4321,40470.8,1574
2026-08-07 02:45:00+00:00,7.434,7.4528,7.4,7.4312,28775.5,1028
2026-08-07 03:00:00+00:00,7.4268,7.4549,7.4023,7.453,60255.9,1310
2026-08-07 03:15:00+00:00,7.4523,7.4865,7.4523,7.4801,33433.3,863
2026-08-07 03:30:00+00:00,7.4801,7.4801,7.4229,7.445,35581.5,1013
2026-08-07 03:45:00+00:00,7.4452,7.45,7.4289,7.4325,20910.4,623
2026-08-07 04:00:00+00:00,7.433,7.433,7.378,7.3804,42000.1,694
2026-08-07 04:15:00+00:00,7.3805,7.3817,7.325,7.3499,34198.9,1423
2026-08-07 04:30:00+00:00,7.351,7.3671,7.3061,7.316,24991.2,1371
2026-08-07 04:45:00+00:00,7.3148,7.3228,7.2854,7.3127,39754.6,1954
2026-08-07 05:00:00+00:00,7.3088,7.4365,7.3062,7.4266,131905.8,2372
2026-08-07 05:15:00+00:00,7.4247,7.468,7.402,7.4392,53432.1,1098
2026-08-07 05:30:00+00:00,7.4411,7.489,7.396,7.45,59010.4,1086
2026-08-07 05:45:00+00:00,7.4474,7.4899,7.3923,7.4462,184255.8,2850
2026-08-07 06:00:00+00:00,7.446,7.446,7.3686,7.3901,93155.3,1339
2026-08-07 06:15:00+00:00,7.3917,7.4777,7.3829,7.411,112975.1,2368
2026-08-07 06:30:00+00:00,7.4113,7.4299,7.37,7.3824,95957.3,1964
2026-08-07 06:45:00+00:00,7.3781,7.4058,7.3513,7.3992,74670.2,1744
2026-08-07 07:00:00+00:00,7.3958,7.3959,7.3125,7.3529,62124.5,2328
2026-08-07 07:15:00+00:00,7.348,7.3728,7.3105,7.3425,28297.9,908
2026-08-07 07:30:00+00:00,7.3401,7.3786,7.3324,7.3436,27663.8,498
2026-08-07 07:45:00+00:00,7.3436,7.347,7.3113,7.3399,19378.4,446
2026-08-07 08:00:00+00:00,7.3326,7.3797,7.3111,7.356,19178.1,561
2026-08-07 08:15:00+00:00,7.3602,7.37,7.3493,7.3507,11003.9,884
2026-08-07 08:30:00+00:00,7.3509,7.3635,7.34,7.3586,6696.3,394
2026-08-07 08:45:00+00:00,7.3625,7.3631,7.3275,7.3413,8101.3,396
2026-08-07 09:00:00+00:00,7.3428,7.3571,7.324,7.3258,8968.4,618
2026-08-07 09:15:00+00:00,7.3262,7.3525,7.3256,7.3468,10604.7,852
2026-08-07 09:30:00+00:00,7.3433,7.3699,7.3287,7.339,17212.7,1398
2026-08-07 09:45:00+00:00,7.3424,7.3493,7.324,7.3304,16206.0,428
2026-08-07 10:00:00+00:00,7.3292,7.3453,7.3265,7.3368,3999.9,432
2026-08-07 10:15:00+00:00,7.3371,7.3462,7.3366,7.34,3906.0,294
2026-08-07 10:30:00+00:00,7.3407,7.37,7.3308,7.3564,14485.5,758
2026-08-07 10:45:00+00:00,7.3566,7.3694,7.324,7.3688,17649.3,408
2026-08-07 11:00:00+00:00,7.3658,7.3739,7.3517,7.3636,8293.4,457
2026-08-07 11:15:00+00:00,7.3626,7.3626,7.3301,7.3401,24947.8,581
2026-08-07 11:30:00+00:00,7.3393,7.3408,7.3286,7.3344,8909.5,260
2026-08-07 11:45:00+00:00,7.3353,7.3474,7.33,7.3422,2098.1,101
2026-08-07 12:00:00+00:00,7.342,7.3549,7.338,7.3475,3395.2,86
2026-08-07 12:15:00+00:00,7.3433,7.3631,7.33,7.3625,2500.3,151
2026-08-07 12:30:00+00:00,7.3607,7.3689,7.3286,7.3423,5992.5,320
2026-08-07 12:45:00+00:00,7.3385,7.36,7.331,7.331,5763.2,299
2026-08-07 13:00:00+00:00,7.3346,7.341,7.3201,7.324,9747.2,267
2026-08-07 13:15:00+00:00,7.3271,7.36,7.3242,7.3449,4018.2,210
2026-08-07 13:30:00+00:00,7.3449,7.36,7.3326,7.36,6807.4,384
2026-08-07 13:45:00+00:00,7.3608,7.4147,7.3112,7.314,16503.7,625
2026-08-07 14:00:00+00:00,7.3162,7.34,7.28,7.28,60525.6,4074
2026-08-07 14:15:00+00:00,7.2888,7.2958,7.2606,7.2738,23299.4,1270
2026-08-07 14:30:00+00:00,7.273,7.3398,7.254,7.254,12747.7,940
2026-08-07 14:45:00+00:00,7.2579,7.264,7.2504,7.2525,10241.0,565
2026-08-07 15:00:00+00:00,7.2516,7.2641,7.2474,7.2536,23899.2,1583
2026-08-07 15:15:00+00:00,7.2532,7.2905,7.242,7.2773,15496.6,812
2026-08-07 15:30:00+00:00,7.278,7.2795,7.2473,7.2535,6784.5,454
2026-08-07 15:45:00+00:00,7.2512,7.269,7.2427,7.2529,7479.6,743
2026-08-07 16:00:00+00:00,7.2495,7.27,7.242,7.2424,8812.2,698
2026-08-07 16:15:00+00:00,7.2437,7.2458,7.2042,7.2128,8197.7,487
2026-08-07 16:30:00+00:00,7.2145,7.2148,7.1793,7.1828,10454.9,385
2026-08-07 16:45:00+00:00,7.1809,7.187,7.173,7.1788,11111.1,512
2026-08-07 17:00:00+00:00,7.1782,7.2284,7.1742,7.2001,20213.5,1319
2026-08-07 17:15:00+00:00,7.2005,7.2013,7.1806,7.1811,9948.9,217
2026-08-07 17:30:00+00:00,7.1824,7.1928,7.1806,7.1808,2978.0,144
2026-08-07 17:45:00+00:00,7.1843,7.1982,7.1822,7.1919,3239.0,222
2026-08-07 18:00:00+00:00,7.1919,7.1976,7.1845,7.185,4711.1,79
2026-08-07 18:15:00+00:00,7.1851,7.189,7.185,7.185,2549.8,47
2026-08-07 18:30:00+00:00,7.185,7.1883,7.1806,7.1807,2813.4,56
2026-08-07 18:45:00+00:00,7.1806,7.183,7.1501,7.1531,9094.0,250
2026-08-07 19:00:00+00:00,7.1577,7.1809,7.1545,7.178,8536.7,255
2026-08-07 19:15:00+00:00,7.1775,7.179,7.151,7.1511,4808.7,147
2026-08-07 19:30:00+00:00,7.1511,7.1659,7.151,7.1564,4875.9,168
2026-08-07 19:45:00+00:00,7.1537,7.1627,7.151,7.1544,8527.7,334
2026-08-07 20:00:00+00:00,7.1543,7.2142,7.151,7.1548,16910.7,1230
2026-08-07 20:15:00+00:00,7.1548,7.2093,7.151,7.1569,13838.8,1603
2026-08-07 20:30:00+00:00,7.1526,7.1786,7.1512,7.1557,6835.9,348
2026-08-07 20:45:00+00:00,7.1557,7.1628,7.151,7.151,3351.0,165
2026-08-07 21:00:00+00:00,7.1552,7.159,7.151,7.1549,2798.6,126
2026-08-07 21:15:00+00:00,7.1511,7.1511,7.1376,7.1376,5592.2,126
2026-08-07 21:30:00+00:00,7.1379,7.1568,7.1342,7.136,4617.5,262
2026-08-07 21:45:00+00:00,7.1358,7.189,7.1344,7.1678,11010.6,803
2026-08-07 22:00:00+00:00,7.1687,7.1996,7.1341,7.1642,22537.6,2268
2026-08-07 22:15:00+00:00,7.1688,7.1826,7.1341,7.1414,19892.6,2541
2026-08-07 22:30:00+00:00,7.1386,7.1555,7.12,7.1224,17621.9,1444
2026-08-07 22:45:00+00:00,7.12,7.1278,7.1149,7.1195,8917.5,212
2026-08-07 23:00:00+00:00,7.1159,7.1216,7.11,7.11,4354.6,121
2026-08-07 23:15:00+00:00,7.11,7.1346,7.1001,7.117,11310.6,765
2026-08-07 23:30:00+00:00,7.1165,7.1677,7.1008,7.1105,17974.2,1982
2026-08-07 23:45:00+00:00,7.1107,7.1145,7.1002,7.1055,3682.0,146
2026-08-08 00:00:00+00:00,7.1056,7.11,7.1001,7.1083,8280.7,225
2026-08-08 00:15:00+00:00,7.1055,7.1438,7.1055,7.1428,6242.9,195
2026-08-08 00:30:00+00:00,7.1392,7.14,7.1259,7.1288,3447.0,121
2026-08-08 00:45:00+00:00,7.1256,7.13,7.1175,7.13,1146.1,71
2026-08-08 01:00:00+00:00,7.1259,7.1367,7.1218,7.1367,4766.5,141
2026-08-08 01:15:00+00:00,7.1322,7.1349,7.1217,7.1333,1605.3,78
2026-08-08 01:30:00+00:00,7.131,7.1367,7.1295,7.1367,3070.9,37
2026-08-08 01:45:00+00:00,7.1364,7.16,7.1305,7.16,9978.1,122
2026-08-08 02:00:00+00:00,7.1645,7.1725,7.1069,7.1083,7724.0,413
2026-08-08 02:15:00+00:00,7.1084,7.1341,7.1037,7.1285,32852.7,2395
2026-08-08 02:30:00+00:00,7.13,7.1899,7.116,7.1856,10129.2,575
2026-08-08 02:45:00+00:00,7.19,7.214,7.1668,7.21,10500.9,655
2026-08-08 03:00:00+00:00,7.2082,7.2156,7.2047,7.2054,3097.8,198
2026-08-08 03:15:00+00:00,7.209,7.2343,7.19,7.1994,7446.1,551
2026-08-08 03:30:00+00:00,7.1995,7.22,7.1622,7.1867,4028.3,501
2026-08-08 03:45:00+00:00,7.1849,7.2279,7.1849,7.2152,5089.7,453
2026-08-08 04:00:00+00:00,7.2152,7.23,7.2102,7.2266,2132.7,189
2026-08-08 04:15:00+00:00,7.2224,7.2455,7.2217,7.2451,3231.0,216
2026-08-08 04:30:00+00:00,7.2428,7.27,7.2386,7.2648,7393.4,283
2026-08-08 04:45:00+00:00,7.2679,7.28,7.25,7.28,5188.3,327
2026-08-08 05:00:00+00:00,7.2775,7.2864,7.2708,7.2864,3855.0,295
2026-08-08 05:15:00+00:00,7.287,7.3,7.2091,7.2091,17796.9,559
2026-08-08 05:30:00+00:00,7.2091,7.224,7.1882,7.207,8892.5,375
2026-08-08 05:45:00+00:00,7.2142,7.2284,7.2039,7.2245,3630.7,162
2026-08-08 06:00:00+00:00,7.2243,7.23,7.2174,7.23,2880.1,134
2026-08-08 06:15:00+00:00,7.2343,7.2571,7.2343,7.2563,2141.6,127
2026-08-08 06:30:00+00:00,7.2563,7.2596,7.2262,7.2477,3655.7,210
2026-08-08 06:45:00+00:00,7.2498,7.26,7.1646,7.17,16639.6,1276
2026-08-08 07:00:00+00:00,7.1755,7.2049,7.1637,7.1927,6795.0,520
2026-08-08 07:15:00+00:00,7.1864,7.2063,7.1806,7.2022,2611.0,126
2026-08-08 07:30:00+00:00,7.2071,7.2389,7.2069,7.2369,5966.9,379
2026-08-08 07:45:00+00:00,7.2341,7.25,7.1648,7.1814,18081.4,1179
2026-08-08 08:00:00+00:00,7.1819,7.1898,7.1753,7.1842,1769.7,200
2026-08-08 08:15:00+00:00,7.1878,7.2348,7.1832,7.2347,2941.6,195
2026-08-08 08:30:00+00:00,7.2354,7.238,7.2038,7.209,1227.1,85
2026-08-08 08:45:00+00:00,7.2156,7.2156,7.18,7.1897,1111.4,134
2026-08-08 09:00:00+00:00,7.1869,7.2159,7.1839,7.2114,664.3,102
2026-08-08 09:15:00+00:00,7.2059,7.2215,7.2038,7.2072,559.6,123
2026-08-08 09:30:00+00:00,7.2083,7.23,7.2083,7.23,880.2,100
2026-08-08 09:45:00+00:00,7.2347,7.2361,7.18,7.2105,8222.7,543
2026-08-08 10:00:00+00:00,7.2054,7.228,7.2001,7.2078,1396.5,231
2026-08-08 10:15:00+00:00,7.2114,7.22,7.177,7.22,3248.3,328
2026-08-08 10:30:00+00:00,7.2196,7.2303,7.2066,7.2141,1135.6,187
2026-08-08 10:45:00+00:00,7.2135,7.2149,7.1854,7.1958,2417.9,192
2026-08-08 11:00:00+00:00,7.1998,7.23,7.1998,7.2198,814.1,116
2026-08-08 11:15:00+00:00,7.2164,7.2168,7.1932,7.2008,784.4,138
2026-08-08 11:30:00+00:00,7.1956,7.1956,7.1761,7.1832,3106.9,250
2026-08-08 11:45:00+00:00,7.1845,7.204,7.1781,7.2025,2197.8,254
2026-08-08 12:00:00+00:00,7.2025,7.2056,7.1957,7.2025,411.8,64
2026-08-08 12:15:00+00:00,7.2019,7.2158,7.19,7.1941,788.7,197
2026-08-08 12:30:00+00:00,7.1953,7.2015,7.1801,7.1966,728.8,145
2026-08-08 12:45:00+00:00,7.2026,7.2256,7.168,7.1738,6572.5,557
2026-08-08 13:00:00+00:00,7.1735,7.2381,7.16,7.2233,18770.4,1702
2026-08-08 13:15:00+00:00,7.2216,7.2351,7.1902,7.2206,2179.8,263
2026-08-08 13:30:00+00:00,7.2185,7.23,7.1823,7.201,1212.7,294
2026-08-08 13:45:00+00:00,7.1981,7.24,7.1908,7.2185,3343.4,456
2026-08-08 14:00:00+00:00,7.2196,7.2207,7.2,7.2095,2769.8,210
2026-08-08 14:15:00+00:00,7.2099,7.2123,7.2017,7.2098,1627.2,119
2026-08-08 14:30:00+00:00,7.2085,7.2122,7.2017,7.2033,1448.9,130
2026-08-08 14:45:00+00:00,7.2,7.2198,7.1914,7.2124,1163.2,144
2026-08-08 15:00:00+00:00,7.2096,7.2096,7.1947,7.2096,1283.7,136
2026-08-08 15:15:00+00:00,7.2096,7.2136,7.2027,7.2136,1147.5,117
2026-08-08 15:30:00+00:00,7.2134,7.2199,7.2134,7.2184,435.9,51
2026-08-08 15:45:00+00:00,7.2141,7.2198,7.2105,7.2159,1367.6,83
2026-08-08 16:00:00+00:00,7.2117,7.22,7.2001,7.2114,3049.9,190
2026-08-08 16:15:00+00:00,7.212,7.22,7.21,7.2157,938.5,70
2026-08-08 16:30:00+00:00,7.2161,7.2296,7.2098,7.2296,2098.6,118
2026-08-08 16:45:00+00:00,7.23,7.2618,7.23,7.2618,2309.1,179
2026-08-08 17:00:00+00:00,7.2591,7.2701,7.2475,7.2536,3934.6,320
2026-08-08 17:15:00+00:00,7.256,7.2754,7.2516,7.2707,3721.7,304
2026-08-08 17:30:00+00:00,7.2725,7.3,7.2667,7.2758,7552.8,361
2026-08-08 17:45:00+00:00,7.274,7.2858,7.267,7.2858,1683.3,122
2026-08-08 18:00:00+00:00,7.2886,7.2976,7.2836,7.2972,2032.1,293
2026-08-08 18:15:00+00:00,7.2941,7.3,7.2908,7.2997,1918.8,316
2026-08-08 18:30:00+00:00,7.2962,7.2962,7.2737,7.2943,3537.2,445
2026-08-08 18:45:00+00:00,7.2943,7.2962,7.2729,7.2818,2728.0,154
2026-08-08 19:00:00+00:00,7.2816,7.285,7.2667,7.2714,1950.9,130
2026-08-08 19:15:00+00:00,7.2714,7.28,7.2714,7.2773,481.3,44
2026-08-08 19:30:00+00:00,7.2776,7.318,7.2676,7.307,11060.9,1587
2026-08-08 19:45:00+00:00,7.311,7.311,7.276,7.2835,3939.7,95
2026-08-08 20:00:00+00:00,7.2875,7.312,7.2875,7.3095,1966.7,104
2026-08-08 20:15:00+00:00,7.3058,7.3058,7.2877,7.2898,665.4,168
2026-08-08 20:30:00+00:00,7.2909,7.2945,7.2826,7.2936,1264.6,168
2026-08-08 20:45:00+00:00,7.2936,7.3062,7.2692,7.2692,3603.4,282
2026-08-08 21:00:00+00:00,7.2692,7.313,7.2667,7.3127,8415.2,1148
2026-08-08 21:15:00+00:00,7.3126,7.33,7.2672,7.3247,13597.2,1430
2026-08-08 21:30:00+00:00,7.324,7.3244,7.2675,7.278,15745.1,2122
2026-08-08 21:45:00+00:00,7.2798,7.3373,7.2672,7.3059,15024.2,1831
2026-08-08 22:00:00+00:00,7.3065,7.336,7.2669,7.3323,21949.7,2182
2026-08-08 22:15:00+00:00,7.332,7.3344,7.2857,7.3086,10965.7,1036
2026-08-08 22:30:00+00:00,7.3086,7.3289,7.2958,7.3244,2074.0,289
2026-08-08 22:45:00+00:00,7.3266,7.3266,7.313,7.3224,1701.9,119
2026-08-08 23:00:00+00:00,7.3248,7.3398,7.3248,7.3333,2019.8,99
2026-08-08 23:15:00+00:00,7.3333,7.3376,7.3156,7.3272,1747.3,238
2026-08-08 23:30:00+00:00,7.3233,7.3262,7.299,7.299,1778.1,161
2026-08-08 23:45:00+00:00,7.3012,7.3048,7.2957,7.297,379.2,91
2026-08-09 00:00:00+00:00,7.2929,7.315,7.286,7.3077,1846.6,150
2026-08-09 00:15:00+00:00,7.3066,7.3155,7.3,7.3151,1001.1,91
2026-08-09 00:30:00+00:00,7.3123,7.3199,7.3087,7.3199,228.5,26
2026-08-09 00:45:00+00:00,7.3143,7.3143,7.29,7.304,858.2,129
2026-08-09 01:00:00+00:00,7.3009,7.3116,7.2878,7.2931,2586.6,307
2026-08-09 01:15:00+00:00,7.304,7.304,7.2829,7.2961,896.7,107
2026-08-09 01:30:00+00:00,7.2999,7.3174,7.2999,7.3079,1618.7,131
2026-08-09 01:45:00+00:00,7.3037,7.3054,7.3,7.3,55.9,12
2026-08-09 02:00:00+00:00,7.3,7.302,7.292,7.3019,843.4,42
2026-08-09 02:15:00+00:00,7.308,7.308,7.2762,7.28,3307.2,307
2026-08-09 02:30:00+00:00,7.2812,7.2875,7.2615,7.2645,6093.8,288
2026-08-09 02:45:00+00:00,7.2658,7.2999,7.2642,7.2861,2535.5,205
2026-08-09 03:00:00+00:00,7.2861,7.2888,7.2786,7.281,303.3,84
2026-08-09 03:15:00+00:00,7.287,7.2913,7.2837,7.2883,1161.0,81
2026-08-09 03:30:00+00:00,7.2846,7.2855,7.28,7.2854,216.5,25
2026-08-09 03:45:00+00:00,7.2854,7.2927,7.2854,7.2926,874.2,34
2026-08-09 04:00:00+00:00,7.2928,7.3014,7.2856,7.2906,2573.2,156
2026-08-09 04:15:00+00:00,7.2946,7.3016,7.2946,7.3016,665.9,37
2026-08-09 04:30:00+00:00,7.3051,7.3087,7.298,7.2994,706.5,60
2026-08-09 04:45:00+00:00,7.2959,7.2999,7.2948,7.2999,120.7,31
2026-08-09 05:00:00+00:00,7.2997,7.3,7.2995,7.2998,69.8,12
2026-08-09 05:15:00+00:00,7.2999,7.2999,7.2771,7.29,2142.3,289
2026-08-09 05:30:00+00:00,7.2898,7.3056,7.2822,7.3056,1505.0,164
2026-08-09 05:45:00+00:00,7.3049,7.3122,7.3,7.3046,5092.2,903
2026-08-09 06:00:00+00:00,7.3052,7.3069,7.3023,7.3053,128.6,25
2026-08-09 06:15:00+00:00,7.3048,7.3059,7.3013,7.3059,170.4,24
2026-08-09 06:30:00+00:00,7.3068,7.3198,7.3068,7.3198,531.4,28
2026-08-09 06:45:00+00:00,7.3182,7.3194,7.3115,7.3115,586.6,32
2026-08-09 07:00:00+00:00,7.3072,7.32,7.3037,7.32,1126.7,86
2026-08-09 07:15:00+00:00,7.3154,7.3165,7.3,7.3058,419.5,55
2026-08-09 07:30:00+00:00,7.3042,7.3044,7.2858,7.2897,3797.5,218
2026-08-09 07:45:00+00:00,7.2884,7.2908,7.2778,7.2891,1314.4,142
2026-08-09 08:00:00+00:00,7.2896,7.2994,7.2735,7.2991,1467.0,86
2026-08-09 08:15:00+00:00,7.2997,7.3216,7.2997,7.307,3535.3,172
2026-08-09 08:30:00+00:00,7.3046,7.3064,7.2924,7.3014,1304.0,59
2026-08-09 08:45:00+00:00,7.301,7.3107,7.2937,7.2961,1705.6,164
2026-08-09 09:00:00+00:00,7.2976,7.298,7.2859,7.2937,907.9,91
2026-08-09 09:15:00+00:00,7.2956,7.3031,7.2956,7.2988,849.5,53
2026-08-09 09:30:00+00:00,7.3001,7.3001,7.2861,7.2936,1708.2,200
2026-08-09 09:45:00+00:00,7.2912,7.3075,7.2501,7.2655,7899.1,1406
2026-08-09 10:00:00+00:00,7.2655,7.3222,7.2615,7.3108,7954.3,853
2026-08-09 10:15:00+00:00,7.3092,7.3149,7.2371,7.3148,14270.6,2179
2026-08-09 10:30:00+00:00,7.3146,7.3229,7.251,7.3014,19824.7,2001
2026-08-09 10:45:00+00:00,7.3014,7.317,7.2692,7.3054,20533.1,2000
2026-08-09 11:00:00+00:00,7.3088,7.33,7.2617,7.2702,15333.6,1506
2026-08-09 11:15:00+00:00,7.2702,7.3179,7.2512,7.28,31359.8,1920
2026-08-09 11:30:00+00:00,7.2786,7.32,7.2703,7.3095,18809.4,1372
2026-08-09 11:45:00+00:00,7.309,7.335,7.3076,7.3223,9178.0,620
2026-08-09 12:00:00+00:00,7.3193,7.331,7.2856,7.3191,5406.8,844
2026-08-09 12:15:00+00:00,7.3206,7.332,7.2848,7.2848,9221.3,1251
2026-08-09 12:30:00+00:00,7.285,7.3225,7.2721,7.274,10163.0,1432
2026-08-09 12:45:00+00:00,7.2741,7.3022,7.261,7.3017,22068.7,2399
2026-08-09 13:00:00+00:00,7.3017,7.3212,7.2881,7.3168,17048.4,1163
2026-08-09 13:15:00+00:00,7.316,7.3239,7.266,7.3137,28018.9,2121
2026-08-09 13:30:00+00:00,7.322,7.3393,7.2844,7.3066,20175.9,1461
2026-08-09 13:45:00+00:00,7.3003,7.3248,7.2728,7.316,21423.9,2315
2026-08-09 14:00:00+00:00,7.316,7.328,7.2901,7.3128,9785.4,1721
2026-08-09 14:15:00+00:00,7.3186,7.33,7.2978,7.3095,11409.4,1000
2026-08-09 14:30:00+00:00,7.3093,7.3241,7.2901,7.3103,9122.5,1075
2026-08-09 14:45:00+00:00,7.31,7.3279,7.291,7.291,6354.3,349
2026-08-09 15:00:00+00:00,7.2909,7.3275,7.2754,7.3275,17322.0,2271
2026-08-09 15:15:00+00:00,7.3275,7.336,7.3124,7.327,12337.3,1754
2026-08-09 15:30:00+00:00,7.3209,7.3333,7.293,7.3326,13369.7,748
2026-08-09 15:45:00+00:00,7.3287,7.3359,7.3087,7.3195,3264.4,289
2026-08-09 16:00:00+00:00,7.3197,7.3249,7.3149,7.3248,1777.4,36
2026-08-09 16:15:00+00:00,7.317,7.336,7.3148,7.336,3384.0,47
2026-08-09 16:30:00+00:00,7.3249,7.3249,7.323,7.323,271.5,43
2026-08-09 16:45:00+00:00,7.3252,7.3306,7.3243,7.3306,186.1,6
2026-08-09 17:00:00+00:00,7.3319,7.3399,7.33,7.3379,2407.7,29
2026-08-09 17:15:00+00:00,7.3313,7.34,7.331,7.3352,793.4,40
2026-08-09 17:30:00+00:00,7.3353,7.3385,7.329,7.3331,3201.4,78
2026-08-09 17:45:00+00:00,7.3333,7.3383,7.3321,7.3323,812.4,73
2026-08-09 18:00:00+00:00,7.3322,7.3382,7.329,7.3292,4220.6,211
2026-08-09 18:15:00+00:00,7.3291,7.3323,7.324,7.3244,923.7,71
2026-08-09 18:30:00+00:00,7.3271,7.3271,7.2823,7.3049,14792.8,1550
2026-08-09 18:45:00+00:00,7.305,7.3072,7.2766,7.2824,2797.7,192
2026-08-09 19:00:00+00:00,7.2854,7.3433,7.2828,7.3384,7905.6,988
2026-08-09 19:15:00+00:00,7.338,7.3425,7.2767,7.2911,21563.1,2185
2026-08-09 19:30:00+00:00,7.286,7.319,7.2819,7.2997,5032.2,266
2026-08-09 19:45:00+00:00,7.3,7.3,7.2848,7.297,607.8,27
2026-08-09 20:00:00+00:00,7.291,7.3102,7.291,7.2944,1184.7,42
2026-08-09 20:15:00+00:00,7.2911,7.3018,7.2836,7.2877,1324.3,69
2026-08-09 20:30:00+00:00,7.2966,7.3148,7.2966,7.3039,1344.7,35
2026-08-09 20:45:00+00:00,7.3055,7.32,7.3055,7.3127,846.8,27
2026-08-09 21:00:00+00:00,7.3198,7.3202,7.3127,7.3156,834.8,17
2026-08-09 21:15:00+00:00,7.3132,7.329,7.3128,7.329,363.5,15
2026-08-09 21:30:00+00:00,7.3222,7.3222,7.3056,7.3056,862.7,31
2026-08-09 21:45:00+00:00,7.3056,7.3295,7.3056,7.3245,2721.0,202
2026-08-09 22:00:00+00:00,7.3254,7.3617,7.3254,7.3439,8323.1,137
2026-08-09 22:15:00+00:00,7.3434,7.36,7.3419,7.3505,2796.0,54
2026-08-09 22:30:00+00:00,7.3549,7.36,7.3483,7.3488,2296.9,94
2026-08-09 22:45:00+00:00,7.3479,7.3571,7.2696,7.302,18755.7,419
2026-08-09 23:00:00+00:00,7.303,7.3277,7.303,7.3208,4184.8,68
2026-08-09 23:15:00+00:00,7.3218,7.3293,7.3184,7.3221,789.8,21
2026-08-09 23:30:00+00:00,7.3221,7.3304,7.3175,7.3277,1505.0,54
2026-08-09 23:45:00+00:00,7.3271,7.3271,7.3105,7.3195,574.3,27
2026-08-10 00:00:00+00:00,7.3195,7.3356,7.307,7.3319,4404.4,198
2026-08-10 00:15:00+00:00,7.3352,7.3999,7.3289,7.3996,10608.3,233
2026-08-10 00:30:00+00:00,7.3918,7.3998,7.3367,7.3582,15200.7,785
2026-08-10 00:45:00+00:00,7.3586,7.4129,7.3582,7.3949,46265.3,1241
2026-08-10 01:00:00+00:00,7.3875,7.4,7.362,7.3886,24705.1,622
2026-08-10 01:15:00+00:00,7.3891,7.4369,7.3282,7.37,41672.6,670
2026-08-10 01:30:00+00:00,7.37,7.4903,7.285,7.3644,295175.9,2884
2026-08-10 01:45:00+00:00,7.3649,7.59,7.35,7.468,209235.4,7486
2026-08-10 02:00:00+00:00,7.4658,7.475,7.3463,7.3827,116302.0,2904
2026-08-10 02:15:00+00:00,7.3828,7.3937,7.3375,7.3639,55392.1,2224
2026-08-10 02:30:00+00:00,7.3639,7.3891,7.3443,7.3467,33108.7,1650
2026-08-10 02:45:00+00:00,7.3476,7.3814,7.2766,7.3116,86985.1,2361
2026-08-10 03:00:00+00:00,7.3082,7.312,7.2761,7.2807,42405.1,680
2026-08-10 03:15:00+00:00,7.2842,7.2851,7.2545,7.2759,33451.6,563
2026-08-10 03:30:00+00:00,7.2735,7.2779,7.2309,7.2349,8297.3,302
2026-08-10 03:45:00+00:00,7.2323,7.2407,7.1952,7.2183,12806.3,285
2026-08-10 04:00:00+00:00,7.214,7.2434,7.2073,7.2118,9424.8,255
2026-08-10 04:15:00+00:00,7.2134,7.2342,7.2076,7.2342,4791.0,282
2026-08-10 04:30:00+00:00,7.2342,7.24,7.22,7.2296,13369.5,390
2026-08-10 04:45:00+00:00,7.2316,7.2368,7.2271,7.236,6293.5,164
2026-08-10 05:00:00+00:00,7.2319,7.2534,7.1541,7.2374,39260.3,1130
2026-08-10 05:15:00+00:00,7.2389,7.2945,7.225,7.2597,34883.9,1147
2026-08-10 05:30:00+00:00,7.2618,7.3662,7.2576,7.3135,69931.4,5768
2026-08-10 05:45:00+00:00,7.3129,7.3203,7.2834,7.315,42710.0,3007
2026-08-10 06:00:00+00:00,7.3118,7.32,7.28,7.2816,30378.1,1773
2026-08-10 06:15:00+00:00,7.2821,7.3079,7.2771,7.3026,32443.6,2117
2026-08-10 06:30:00+00:00,7.3029,7.34,7.271,7.3276,64731.1,2344
2026-08-10 06:45:00+00:00,7.3276,7.35,7.2944,7.3164,68839.4,3046
2026-08-10 07:00:00+00:00,7.3162,7.37,7.2852,7.31,36649.3,2739
2026-08-10 07:15:00+00:00,7.3087,7.36,7.2812,7.3505,45985.5,3574
2026-08-10 07:30:00+00:00,7.3543,7.3597,7.322,7.3388,9241.9,1651
2026-08-10 07:45:00+00:00,7.3436,7.3473,7.3318,7.3447,3874.1,1166
2026-08-10 08:00:00+00:00,7.3395,7.3448,7.31,7.3147,8751.5,1419
2026-08-10 08:15:00+00:00,7.3102,7.314,7.2848,7.2862,12160.9,1084
2026-08-10 08:30:00+00:00,7.2886,7.2905,7.264,7.2736,11948.3,1208
2026-08-10 08:45:00+00:00,7.2744,7.2821,7.2661,7.2789,4647.5,1000
2026-08-10 09:00:00+00:00,7.2758,7.2799,7.265,7.2742,5942.8,1288
2026-08-10 09:15:00+00:00,7.2742,7.2885,7.27,7.2858,4785.5,639
2026-08-10 09:30:00+00:00,7.2815,7.309,7.2773,7.2838,11141.4,895
2026-08-10 09:45:00+00:00,7.2802,7.2952,7.2772,7.2914,3076.1,398
2026-08-10 10:00:00+00:00,7.2926,7.3012,7.2597,7.2984,15371.5,815
2026-08-10 10:15:00+00:00,7.3016,7.3247,7.2944,7.3164,5777.9,448
2026-08-10 10:30:00+00:00,7.3205,7.3228,7.3043,7.3209,3902.1,339
2026-08-10 10:45:00+00:00,7.3205,7.3232,7.3042,7.3061,5176.9,260
2026-08-10 11:00:00+00:00,7.3042,7.3084,7.2935,7.298,6250.7,76
2026-08-10 11:15:00+00:00,7.2998,7.3139,7.2933,7.3041,7553.8,543
2026-08-10 11:30:00+00:00,7.3053,7.3118,7.2771,7.2933,7392.4,450
2026-08-10 11:45:00+00:00,7.2897,7.2968,7.2816,7.291,300.7,22
2026-08-10 12:00:00+00:00,7.2931,7.2968,7.2856,7.2885,604.6,62
2026-08-10 12:15:00+00:00,7.2896,7.2925,7.286,7.2903,768.0,44
2026-08-10 12:30:00+00:00,7.2902,7.3,7.178,7.27,26981.3,520
2026-08-10 12:45:00+00:00,7.27,7.2869,7.2475,7.2791,6691.4,276
2026-08-10 13:00:00+00:00,7.2801,7.2865,7.268,7.2749,2703.0,74
2026-08-10 13:15:00+00:00,7.2749,7.2772,7.2692,7.2692,7430.1,59
2026-08-10 13:30:00+00:00,7.2692,7.2847,7.2,7.2372,31459.3,908
2026-08-10 13:45:00+00:00,7.2393,7.2773,7.2387,7.2759,10844.8,213
2026-08-10 14:00:00+00:00,7.2735,7.3344,7.27,7.3181,19413.1,499
2026-08-10 14:15:00+00:00,7.3181,7.3182,7.257,7.2641,10974.5,512
2026-08-10 14:30:00+00:00,7.2634,7.2871,7.26,7.2714,8480.4,396
2026-08-10 14:45:00+00:00,7.2685,7.2797,7.2605,7.2747,2961.1,197
2026-08-10 15:00:00+00:00,7.2747,7.2871,7.254,7.2675,7277.3,416
2026-08-10 15:15:00+00:00,7.2675,7.2756,7.24,7.2465,8859.7,467
2026-08-10 15:30:00+00:00,7.2476,7.2671,7.2317,7.2427,8094.5,1135
2026-08-10 15:45:00+00:00,7.2466,7.2592,7.2384,7.244,12749.1,1517
2026-08-10 16:00:00+00:00,7.2474,7.2662,7.2329,7.2627,4582.2,683
2026-08-10 16:15:00+00:00,7.2631,7.2791,7.252,7.2557,7200.0,413
2026-08-10 16:30:00+00:00,7.2557,7.2685,7.252,7.2611,1844.3,240
2026-08-10 16:45:00+00:00,7.2621,7.2837,7.2599,7.2764,1722.7,181
2026-08-10 17:00:00+00:00,7.277,7.2846,7.2582,7.2846,1785.2,171
2026-08-10 17:15:00+00:00,7.2859,7.3,7.2803,7.2984,2713.1,115
2026-08-10 17:30:00+00:00,7.3,7.318,7.2757,7.2867,9740.6,722
2026-08-10 17:45:00+00:00,7.2862,7.306,7.2842,7.302,2243.6,67
2026-08-10 18:00:00+00:00,7.3047,7.305,7.2825,7.2955,5180.2,69
2026-08-10 18:15:00+00:00,7.2977,7.2977,7.2701,7.2873,853.7,73
2026-08-10 18:30:00+00:00,7.2861,7.2917,7.2854,7.2917,502.6,24
2026-08-10 18:45:00+00:00,7.288,7.288,7.2658,7.2719,352.7,44
2026-08-10 19:00:00+00:00,7.2719,7.2987,7.2549,7.2969,6664.5,628
2026-08-10 19:15:00+00:00,7.2951,7.32,7.27,7.27,12521.2,1124
2026-08-10 19:30:00+00:00,7.2761,7.2926,7.2761,7.2926,438.3,29
2026-08-10 19:45:00+00:00,7.2875,7.291,7.2634,7.267,4004.7,131
2026-08-10 20:00:00+00:00,7.2651,7.2848,7.26,7.2845,1212.9,67
2026-08-10 20:15:00+00:00,7.2843,7.2926,7.2721,7.2723,609.8,55
2026-08-10 20:30:00+00:00,7.2749,7.2749,7.26,7.26,655.2,84
2026-08-10 20:45:00+00:00,7.2644,7.2644,7.2411,7.25,10916.2,202
2026-08-10 21:00:00+00:00,7.2478,7.2478,7.2478,7.2478,1.5,1
2026-08-10 21:15:00+00:00,7.2469,7.251,7.2039,7.23,2307.6,235
2026-08-10 21:30:00+00:00,7.2283,7.2633,7.2283,7.2412,1013.9,63
2026-08-10 21:45:00+00:00,7.25,7.2785,7.25,7.2766,1393.6,67
2026-08-10 22:00:00+00:00,7.2765,7.3048,7.2519,7.2553,4052.4,261
2026-08-10 22:15:00+00:00,7.2553,7.278,7.2485,7.278,2261.7,133
2026-08-10 22:30:00+00:00,7.2749,7.2823,7.2692,7.2801,2498.7,119
2026-08-10 22:45:00+00:00,7.2772,7.2833,7.2388,7.2458,4072.2,235
2026-08-10 23:00:00+00:00,7.248,7.26,7.2465,7.255,2536.8,257
2026-08-10 23:15:00+00:00,7.251,7.2547,7.2427,7.2547,1115.1,137
2026-08-10 23:30:00+00:00,7.2517,7.2663,7.2476,7.2656,2409.3,388
2026-08-10 23:45:00+00:00,7.2655,7.2665,7.259,7.266,5966.1,305
2026-08-11 00:00:00+00:00,7.2607,7.2665,7.26,7.2649,2172.1,246
2026-08-11 00:15:00+00:00,7.2647,7.2665,7.2601,7.2624,3592.7,282
2026-08-11 00:30:00+00:00,7.2663,7.2665,7.2543,7.2624,6839.4,535
2026-08-11 00:45:00+00:00,7.2623,7.2665,7.2563,7.2665,9854.6,644
2026-08-11 01:00:00+00:00,7.2665,7.2665,7.2532,7.2661,4432.6,398
2026-08-11 01:15:00+00:00,7.2617,7.282,7.2584,7.2791,9940.6,539
2026-08-11 01:30:00+00:00,7.2791,7.329,7.2627,7.3052,73323.7,2422
2026-08-11 01:45:00+00:00,7.3053,7.3167,7.2861,7.2863,45690.5,1177
2026-08-11 02:00:00+00:00,7.29,7.2908,7.27,7.2844,16506.4,310
2026-08-11 02:15:00+00:00,7.2843,7.29,7.2727,7.2866,11259.4,357
2026-08-11 02:30:00+00:00,7.2847,7.3155,7.276,7.3087,25704.9,993
2026-08-11 02:45:00+00:00,7.3091,7.4301,7.2958,7.3364,133962.2,1948
2026-08-11 03:00:00+00:00,7.3336,7.3381,7.3002,7.3209,33229.5,716
2026-08-11 03:15:00+00:00,7.3248,7.3629,7.3095,7.3232,27832.7,338
2026-08-11 03:30:00+00:00,7.3231,7.3869,7.3118,7.37,26120.0,680
2026-08-11 03:45:00+00:00,7.3686,7.3704,7.3527,7.3612,4354.5,162
2026-08-11 04:00:00+00:00,7.3612,7.3612,7.3381,7.3443,9771.2,243
2026-08-11 04:15:00+00:00,7.3446,7.3697,7.3397,7.3627,8605.7,185
2026-08-11 04:30:00+00:00,7.3601,7.3661,7.36,7.3655,6609.9,92
2026-08-11 04:45:00+00:00,7.3655,7.3758,7.3634,7.3635,13667.3,126
2026-08-11 05:00:00+00:00,7.3606,7.4852,7.332,7.3464,122203.3,1489
2026-08-11 05:15:00+00:00,7.3494,7.3756,7.3343,7.345,53644.1,1021
2026-08-11 05:30:00+00:00,7.3485,7.3626,7.3329,7.359,14405.6,378
2026-08-11 05:45:00+00:00,7.3613,7.392,7.35,7.3781,33342.1,657
2026-08-11 06:00:00+00:00,7.375,7.375,7.3127,7.3166,58817.0,558
2026-08-11 06:15:00+00:00,7.315,7.45,7.3,7.3053,153491.2,1252
2026-08-11 06:30:00+00:00,7.3053,7.3923,7.2741,7.2862,154023.5,1419
2026-08-11 06:45:00+00:00,7.2862,7.3149,7.2823,7.3005,26924.4,638
2026-08-11 07:00:00+00:00,7.3005,7.3005,7.27,7.2823,38794.5,1794
2026-08-11 07:15:00+00:00,7.2822,7.2929,7.2805,7.2898,17813.3,861
2026-08-11 07:30:00+00:00,7.2863,7.2948,7.2801,7.2906,17608.1,828
2026-08-11 07:45:00+00:00,7.2927,7.302,7.2899,7.2945,27498.5,1368
2026-08-11 08:00:00+00:00,7.2955,7.2976,7.28,7.2844,32022.4,1081
2026-08-11 08:15:00+00:00,7.2841,7.292,7.28,7.2804,19297.5,1386
2026-08-11 08:30:00+00:00,7.2804,7.2877,7.28,7.2805,13998.0,410
2026-08-11 08:45:00+00:00,7.284,7.2872,7.28,7.2863,5052.9,401
2026-08-11 09:00:00+00:00,7.2839,7.2954,7.28,7.2866,6777.2,330
2026-08-11 09:15:00+00:00,7.2902,7.2927,7.28,7.28,10834.4,220
2026-08-11 09:30:00+00:00,7.28,7.2862,7.28,7.28,8840.2,294
2026-08-11 09:45:00+00:00,7.28,7.2875,7.28,7.2806,5398.0,206
2026-08-11 10:00:00+00:00,7.28,7.2801,7.28,7.28,1380.6,53
2026-08-11 10:15:00+00:00,7.28,7.2909,7.28,7.2844,2701.7,95
2026-08-11 10:30:00+00:00,7.283,7.2859,7.28,7.2834,7373.7,18
2026-08-11 10:45:00+00:00,7.2834,7.2845,7.2801,7.2827,1583.6,73
2026-08-11 11:00:00+00:00,7.2841,7.29,7.2749,7.2775,43242.2,217
2026-08-11 11:15:00+00:00,7.2782,7.2802,7.2701,7.2738,12876.8,209
2026-08-11 11:30:00+00:00,7.2719,7.2777,7.2715,7.2727,1730.2,33
2026-08-11 11:45:00+00:00,7.2747,7.2793,7.27,7.2721,6736.6,57
2026-08-11 12:00:00+00:00,7.2701,7.2771,7.2685,7.2771,5339.5,91
2026-08-11 12:15:00+00:00,7.2757,7.2799,7.2492,7.2643,11611.4,155
2026-08-11 12:30:00+00:00,7.2661,7.2693,7.2585,7.2659,5208.9,70
2026-08-11 12:45:00+00:00,7.2637,7.276,7.2637,7.276,2314.8,76
2026-08-11 13:00:00+00:00,7.275,7.2791,7.2684,7.2791,2028.4,34
2026-08-11 13:15:00+00:00,7.2778,7.2829,7.2692,7.2828,3670.3,65
2026-08-11 13:30:00+00:00,7.2823,7.2997,7.2623,7.2646,18671.8,323
2026-08-11 13:45:00+00:00,7.2642,7.2642,7.23,7.2413,25432.6,520
2026-08-11 14:00:00+00:00,7.2386,7.2596,7.2386,7.2535,15030.0,223
2026-08-11 14:15:00+00:00,7.2512,7.2671,7.2391,7.2671,25139.3,288
2026-08-11 14:30:00+00:00,7.2615,7.2624,7.2446,7.2487,11810.3,142
2026-08-11 14:45:00+00:00,7.2506,7.2611,7.2486,7.261,17745.6,157
2026-08-11 15:00:00+00:00,7.2611,7.2738,7.26,7.2738,7212.1,109
2026-08-11 15:15:00+00:00,7.2748,7.28,7.2729,7.2791,4588.8,55
2026-08-11 15:30:00+00:00,7.2791,7.2791,7.266,7.266,4882.1,74
2026-08-11 15:45:00+00:00,7.2689,7.2825,7.2689,7.2799,11134.6,142
2026-08-11 16:00:00+00:00,7.2793,7.2794,7.2562,7.2655,10522.3,159
2026-08-11 16:15:00+00:00,7.2682,7.2706,7.2369,7.237,14217.5,296
2026-08-11 16:30:00+00:00,7.2385,7.2385,7.2315,7.2325,18971.4,265
2026-08-11 16:45:00+00:00,7.2349,7.2381,7.2214,7.2285,25413.4,337
2026-08-11 17:00:00+00:00,7.2285,7.2307,7.21,7.21,36605.7,202
2026-08-11 17:15:00+00:00,7.2102,7.2124,7.21,7.21,11037.2,103
2026-08-11 17:30:00+00:00,7.21,7.2156,7.2002,7.2002,21420.9,237
2026-08-11 17:45:00+00:00,7.2002,7.2071,7.2,7.2032,16814.3,188
2026-08-11 18:00:00+00:00,7.2031,7.2197,7.2031,7.2193,16344.9,187
2026-08-11 18:15:00+00:00,7.2194,7.2202,7.2,7.2004,10633.3,135
2026-08-11 18:30:00+00:00,7.2009,7.2041,7.1696,7.1738,13984.4,183
2026-08-11 18:45:00+00:00,7.1736,7.1799,7.1673,7.1701,14446.6,160
2026-08-11 19:00:00+00:00,7.1674,7.1748,7.1635,7.1698,10551.2,101
2026-08-11 19:15:00+00:00,7.1698,7.1723,7.1679,7.1681,4145.2,95
2026-08-11 19:30:00+00:00,7.1669,7.1757,7.1665,7.1754,7311.6,137
2026-08-11 19:45:00+00:00,7.176,7.218,7.1721,7.217,17322.6,271
2026-08-11 20:00:00+00:00,7.2196,7.2485,7.2035,7.2296,46662.3,610
2026-08-11 20:15:00+00:00,7.2282,7.2472,7.2277,7.2453,13701.5,195
2026-08-11 20:30:00+00:00,7.247,7.26,7.246,7.26,4752.9,172
2026-08-11 20:45:00+00:00,7.2598,7.2667,7.2554,7.263,3816.1,176
2026-08-11 21:00:00+00:00,7.263,7.2699,7.2539,7.2632,16548.4,364
2026-08-11 21:15:00+00:00,7.264,7.27,7.2553,7.2666,6109.0,167
2026-08-11 21:30:00+00:00,7.2676,7.2798,7.2671,7.2797,3240.9,64
2026-08-11 21:45:00+00:00,7.2749,7.2786,7.2749,7.2757,3747.2,49
2026-08-11 22:00:00+00:00,7.2759,7.28,7.2684,7.2753,26858.5,274
2026-08-11 22:15:00+00:00,7.2787,7.28,7.2632,7.2649,6194.8,105
2026-08-11 22:30:00+00:00,7.2673,7.2729,7.263,7.2679,3951.5,77
2026-08-11 22:45:00+00:00,7.2689,7.2694,7.2587,7.2667,7321.0,106
2026-08-11 23:00:00+00:00,7.2698,7.2698,7.251,7.2537,5328.1,172
2026-08-11 23:15:00+00:00,7.254,7.2572,7.251,7.2546,11107.3,179
2026-08-11 23:30:00+00:00,7.2548,7.2638,7.2532,7.2577,5195.3,89
2026-08-11 23:45:00+00:00,7.2554,7.2688,7.2543,7.2666,9919.3,152
2026-08-12 00:00:00+00:00,7.2672,7.2846,7.251,7.2629,74603.1,1427
2026-08-12 00:15:00+00:00,7.2622,7.3653,7.253,7.339,96415.7,1276
2026-08-12 00:30:00+00:00,7.339,7.3454,7.2802,7.2887,46440.7,917
2026-08-12 00:45:00+00:00,7.2885,7.3097,7.2618,7.29,46636.9,1055
2026-08-12 01:00:00+00:00,7.2932,7.3074,7.266,7.2839,52969.7,976
2026-08-12 01:15:00+00:00,7.2829,7.35,7.2755,7.3374,51812.9,816
2026-08-12 01:30:00+00:00,7.3376,7.55,7.3128,7.5401,234830.5,2676
2026-08-12 01:45:00+00:00,7.5418,7.5705,7.5008,7.5633,120131.1,1088
2026-08-12 02:00:00+00:00,7.5632,7.6,7.5287,7.592,100082.9,945
2026-08-12 02:15:00+00:00,7.5881,7.593,7.5441,7.5661,145613.4,816
2026-08-12 02:30:00+00:00,7.5643,7.6119,7.547,7.582,83366.0,1092
2026-08-12 02:45:00+00:00,7.5815,7.66,7.5815,7.658,94651.0,960
2026-08-12 03:00:00+00:00,7.658,7.718,7.6482,7.6977,89579.8,1402
2026-08-12 03:15:00+00:00,7.6977,7.75,7.6901,7.7426,93686.6,935
2026-08-12 03:30:00+00:00,7.7425,7.8,7.7367,7.7939,42341.1,538
2026-08-12 03:45:00+00:00,7.7969,7.8268,7.7876,7.8136,50035.9,581
2026-08-12 04:00:00+00:00,7.8111,7.8111,7.7574,7.7587,50930.4,641
2026-08-12 04:15:00+00:00,7.7582,7.84,7.7561,7.8277,111410.6,1276
2026-08-12 04:30:00+00:00,7.8294,7.8298,7.7757,7.7757,26551.2,553
2026-08-12 04:45:00+00:00,7.78,7.8176,7.7799,7.8117,32684.7,466
2026-08-12 05:00:00+00:00,7.8115,8.009,7.8115,7.8458,676328.7,3113
2026-08-12 05:15:00+00:00,7.8418,7.8536,7.7693,7.77,88963.5,1147
2026-08-12 05:30:00+00:00,7.77,7.8123,7.7688,7.78,59308.6,886
2026-08-12 05:45:00+00:00,7.7769,7.7906,7.7735,7.7773,29423.4,1066
2026-08-12 06:00:00+00:00,7.7806,7.7846,7.7307,7.7725,94600.6,7206
2026-08-12 06:15:00+00:00,7.7747,7.7846,7.75,7.7661,17365.2,968
2026-08-12 06:30:00+00:00,7.7602,7.79,7.7601,7.79,19567.4,284
2026-08-12 06:45:00+00:00,7.7878,7.8501,7.7848,7.816,161393.4,1556
2026-08-12 07:00:00+00:00,7.816,7.8326,7.7939,7.8021,44215.9,753
2026-08-12 07:15:00+00:00,7.8017,7.83,7.797,7.8124,18738.6,587
2026-08-12 07:30:00+00:00,7.8114,7.8182,7.7933,7.8034,43365.7,1137
2026-08-12 07:45:00+00:00,7.804,7.8591,7.8035,7.8164,44232.9,897
2026-08-12 08:00:00+00:00,7.8187,7.8225,7.81,7.8199,16731.6,266
2026-08-12 08:15:00+00:00,7.8171,7.829,7.8135,7.8199,23003.3,269
2026-08-12 08:30:00+00:00,7.8197,7.841,7.8185,7.8283,27548.1,340
2026-08-12 08:45:00+00:00,7.823,7.83,7.7727,7.7727,36935.7,717
2026-08-12 09:00:00+00:00,7.7771,7.79,7.7718,7.78,43262.4,757
2026-08-12 09:15:00+00:00,7.7804,7.7846,7.77,7.7817,46653.4,849
2026-08-12 09:30:00+00:00,7.7807,7.785,7.7663,7.7669,29608.1,443
2026-08-12 09:45:00+00:00,7.7669,7.7683,7.7574,7.758,17400.4,270
2026-08-12 10:00:00+00:00,7.7578,7.764,7.7541,7.7615,6307.2,76
2026-08-12 10:15:00+00:00,7.7616,7.767,7.7602,7.761,6059.9,84
2026-08-12 10:30:00+00:00,7.7581,7.7667,7.7581,7.7667,3290.6,46
2026-08-12 10:45:00+00:00,7.7683,7.7684,7.7609,7.7663,2435.6,31
2026-08-12 11:00:00+00:00,7.7644,7.7673,7.7616,7.7673,997.7,46
2026-08-12 11:15:00+00:00,7.7673,7.7673,7.7602,7.7628,4426.5,86
2026-08-12 11:30:00+00:00,7.7633,7.773,7.7611,7.7729,4750.9,76
2026-08-12 11:45:00+00:00,7.7767,7.8204,7.7767,7.8203,11511.2,147
2026-08-12 12:00:00+00:00,7.8155,7.8166,7.8056,7.8069,1777.9,30
2026-08-12 12:15:00+00:00,7.8094,7.82,7.8019,7.8024,12434.4,235
2026-08-12 12:30:00+00:00,7.8019,7.8229,7.7932,7.8227,17740.6,252
2026-08-12 12:45:00+00:00,7.8222,7.823,7.8122,7.8212,5891.1,126
2026-08-12 13:00:00+00:00,7.8226,7.83,7.7987,7.8072,25562.5,359
2026-08-12 13:15:00+00:00,7.8072,7.8097,7.8003,7.8075,6856.2,137
2026-08-12 13:30:00+00:00,7.8028,7.8479,7.7949,7.8479,20763.8,405
2026-08-12 13:45:00+00:00,7.8473,7.8982,7.8472,7.8878,51746.8,876
2026-08-12 14:00:00+00:00,7.8877,7.8928,7.8,7.8001,45044.2,775
2026-08-12 14:15:00+00:00,7.8001,7.85,7.7716,7.84,89958.8,1095
2026-08-12 14:30:00+00:00,7.8399,7.8758,7.8398,7.8733,60726.9,652
2026-08-12 14:45:00+00:00,7.8647,7.8951,7.8647,7.8752,37071.5,511
2026-08-12 15:00:00+00:00,7.8753,7.8995,7.86,7.8992,23827.6,298
2026-08-12 15:15:00+00:00,7.899,7.9043,7.8966,7.9026,12737.6,160
2026-08-12 15:30:00+00:00,7.9026,7.9064,7.8701,7.8701,34237.2,330
2026-08-12 15:45:00+00:00,7.87,7.9118,7.8583,7.9112,22977.8,395
2026-08-12 16:00:00+00:00,7.9076,7.9131,7.8898,7.9101,12176.3,174
2026-08-12 16:15:00+00:00,7.9075,7.9166,7.9054,7.9166,13834.4,225
2026-08-12 16:30:00+00:00,7.9134,7.92,7.9103,7.9175,8596.0,186
2026-08-12 16:45:00+00:00,7.9142,7.9241,7.9128,7.9241,7570.0,96
2026-08-12 17:00:00+00:00,7.9241,7.9301,7.9126,7.9165,19475.1,283
2026-08-12 17:15:00+00:00,7.9166,7.9316,7.9065,7.9096,17395.5,296
2026-08-12 17:30:00+00:00,7.9066,7.9299,7.893,7.9299,14326.3,171
2026-08-12 17:45:00+00:00,7.9276,7.9433,7.9259,7.9432,13374.5,120
2026-08-12 18:00:00+00:00,7.9432,7.9432,7.9303,7.9386,13449.4,169
2026-08-12 18:15:00+00:00,7.94,7.95,7.9396,7.942,10232.5,171
2026-08-12 18:30:00+00:00,7.9437,7.95,7.9367,7.95,7219.0,133
2026-08-12 18:45:00+00:00,7.95,7.95,7.9429,7.9469,4321.7,78
2026-08-12 19:00:00+00:00,7.9499,7.95,7.9463,7.95,2894.8,64
2026-08-12 19:15:00+00:00,7.9488,7.97,7.9463,7.9653,12172.8,162
2026-08-12 19:30:00+00:00,7.9631,7.9651,7.9174,7.9514,18781.0,251
2026-08-12 19:45:00+00:00,7.9468,7.959,7.9353,7.959,17895.7,266
2026-08-12 20:00:00+00:00,7.959,7.9699,7.95,7.96,10345.9,188
2026-08-12 20:15:00+00:00,7.9623,7.9742,7.9608,7.9742,6284.8,131
2026-08-12 20:30:00+00:00,7.974,7.9812,7.9702,7.9812,6077.4,138
2026-08-12 20:45:00+00:00,7.9816,7.99,7.9803,7.9873,5771.1,127
2026-08-12 21:00:00+00:00,7.9873,7.99,7.9742,7.9816,6212.1,135
2026-08-12 21:15:00+00:00,7.9819,7.99,7.9742,7.99,15627.6,114
2026-08-12 21:30:00+00:00,7.99,7.99,7.9693,7.9774,13604.5,256
2026-08-12 21:45:00+00:00,7.9769,7.9769,7.9072,7.9487,52610.8,785
2026-08-12 22:00:00+00:00,7.9461,7.97,7.9171,7.97,39102.8,890
2026-08-12 22:15:00+00:00,7.97,7.99,7.9606,7.9886,20822.6,621
2026-08-12 22:30:00+00:00,7.9892,8.0388,7.9863,8.0287,63287.3,564
2026-08-12 22:45:00+00:00,8.0255,8.0255,7.9439,7.9439,92235.7,852
2026-08-12 23:00:00+00:00,7.9435,7.9741,7.9,7.9641,75026.0,701
2026-08-12 23:15:00+00:00,7.9605,7.973,7.9558,7.9656,17384.6,230
2026-08-12 23:30:00+00:00,7.9654,7.9919,7.9568,7.9919,10873.9,158
2026-08-12 23:45:00+00:00,7.9864,7.9979,7.9834,7.9947,17552.5,289
2026-08-13 00:00:00+00:00,7.9941,8.0358,7.9897,8.0257,39666.3,516
2026-08-13 00:15:00+00:00,8.0256,8.0402,8.0201,8.0378,34127.6,581
2026-08-13 00:30:00+00:00,8.0378,8.0423,8.0301,8.0382,10949.1,370
2026-08-13 00:45:00+00:00,8.0382,8.0424,8.0,8.001,18096.3,477
2026-08-13 01:00:00+00:00,8.0054,8.0375,8.0,8.0285,24418.6,492
2026-08-13 01:15:00+00:00,8.0283,8.0346,8.0253,8.0281,24239.3,224
2026-08-13 01:30:00+00:00,8.03,8.1722,8.0284,8.0594,598798.2,3865
2026-08-13 01:45:00+00:00,8.0652,8.0908,7.9772,8.026,319535.4,1591
2026-08-13 02:00:00+00:00,8.0259,8.1103,8.0259,8.1096,69791.4,700
2026-08-13 02:15:00+00:00,8.1112,8.1313,8.0953,8.098,55781.9,454
2026-08-13 02:30:00+00:00,8.0993,8.1005,7.9526,7.9593,116487.3,1078
2026-08-13 02:45:00+00:00,7.9532,7.9699,7.9001,7.954,87130.7,1082
2026-08-13 03:00:00+00:00,7.958,8.03,7.947,7.9731,93286.6,1036
2026-08-13 03:15:00+00:00,7.9747,7.9904,7.9524,7.9587,74933.1,671
2026-08-13 03:30:00+00:00,7.964,7.9735,7.9358,7.9405,15866.4,166
2026-08-13 03:45:00+00:00,7.9408,7.963,7.9335,7.9606,12582.6,210
2026-08-13 04:00:00+00:00,7.9558,7.9735,7.9558,7.9606,15759.8,263
2026-08-13 04:15:00+00:00,7.9575,7.9683,7.9412,7.9675,18231.3,232
2026-08-13 04:30:00+00:00,7.9663,8.02,7.9629,8.02,28048.3,273
2026-08-13 04:45:00+00:00,8.0199,8.0199,7.9969,8.0095,25264.6,288
2026-08-13 05:00:00+00:00,8.0101,8.0309,7.9929,8.0246,49674.9,508
2026-08-13 05:15:00+00:00,8.0209,8.0209,7.958,7.9677,41077.9,408
2026-08-13 05:30:00+00:00,7.971,7.9744,7.9002,7.905,46794.8,730
2026-08-13 05:45:00+00:00,7.9027,7.9066,7.817,7.823,134877.6,1502
2026-08-13 06:00:00+00:00,7.8205,7.86,7.8002,7.8088,140255.5,1026
2026-08-13 06:15:00+00:00,7.8093,7.8093,7.7252,7.7591,185543.8,4405
2026-08-13 06:30:00+00:00,7.7602,7.78,7.726,7.7378,132995.9,1322
2026-08-13 06:45:00+00:00,7.7382,7.7409,7.6851,7.6986,102073.8,975
2026-08-13 07:00:00+00:00,7.6986,7.6986,7.6403,7.6403,106600.6,974
2026-08-13 07:15:00+00:00,7.6403,7.6899,7.6403,7.6851,59545.4,676
2026-08-13 07:30:00+00:00,7.6851,7.6935,7.6764,7.688,24898.1,314
2026-08-13 07:45:00+00:00,7.6902,7.7299,7.688,7.7155,25166.5,454
2026-08-13 08:00:00+00:00,7.7132,7.7135,7.677,7.6791,15202.1,714
2026-08-13 08:15:00+00:00,7.6794,7.6807,7.6379,7.6414,26524.4,781
2026-08-13 08:30:00+00:00,7.6413,7.6684,7.6262,7.6682,22837.2,1257
2026-08-13 08:45:00+00:00,7.6632,7.67,7.6463,7.6533,15064.1,832
2026-08-13 09:00:00+00:00,7.656,7.6673,7.626,7.6284,21304.7,877
2026-08-13 09:15:00+00:00,7.6284,7.6356,7.6209,7.6276,2267.9,175
2026-08-13 09:30:00+00:00,7.6276,7.6385,7.6001,7.605,21269.7,403
2026-08-13 09:45:00+00:00,7.6064,7.6399,7.6053,7.6399,7592.1,493
2026-08-13 10:00:00+00:00,7.6399,7.6414,7.62,7.62,5711.6,446
2026-08-13 10:15:00+00:00,7.6239,7.6253,7.62,7.6212,846.5,26
2026-08-13 10:30:00+00:00,7.6212,7.6221,7.6146,7.6176,10584.1,109
2026-08-13 10:45:00+00:00,7.6169,7.6328,7.6159,7.6314,5049.8,300
2026-08-13 11:00:00+00:00,7.6374,7.649,7.5949,7.6014,19485.7,855
2026-08-13 11:15:00+00:00,7.6058,7.608,7.57,7.572,10041.4,914
2026-08-13 11:30:00+00:00,7.57,7.6184,7.569,7.6134,7252.1,331
2026-08-13 11:45:00+00:00,7.6172,7.636,7.6101,7.62,6571.7,611
2026-08-13 12:00:00+00:00,7.6125,7.6163,7.5954,7.6035,2013.1,158
2026-08-13 12:15:00+00:00,7.6031,7.6034,7.5604,7.58,18629.2,1334
2026-08-13 12:30:00+00:00,7.5899,7.6399,7.5803,7.6251,18061.4,1254
2026-08-13 12:45:00+00:00,7.6284,7.639,7.6239,7.6374,2563.3,240
2026-08-13 13:00:00+00:00,7.6321,7.6392,7.6254,7.6273,3907.3,439
2026-08-13 13:15:00+00:00,7.6277,7.645,7.627,7.638,8694.7,323
2026-08-13 13:30:00+00:00,7.638,7.6662,7.6301,7.6579,40143.9,1440
2026-08-13 13:45:00+00:00,7.6579,7.7,7.6531,7.6935,47459.4,1615
2026-08-13 14:00:00+00:00,7.6853,7.7,7.6852,7.6996,39516.7,1485
2026-08-13 14:15:00+00:00,7.6994,7.7365,7.6851,7.7365,23827.7,958
2026-08-13 14:30:00+00:00,7.7364,7.8234,7.7277,7.8188,36242.2,1210
2026-08-13 14:45:00+00:00,7.818,7.8462,7.8175,7.8408,17214.0,1100
2026-08-13 15:00:00+00:00,7.8381,7.8998,7.8343,7.894,24394.8,1355
2026-08-13 15:15:00+00:00,7.889,7.92,7.8859,7.9199,24283.3,985
2026-08-13 15:30:00+00:00,7.9198,7.96,7.7857,7.8414,56854.1,2232
2026-08-13 15:45:00+00:00,7.8419,7.8628,7.7721,7.7857,44858.2,2791
2026-08-13 16:00:00+00:00,7.7838,7.8297,7.7804,7.7969,27485.2,1883
2026-08-13 16:15:00+00:00,7.796,7.8833,7.796,7.8774,13225.9,817
2026-08-13 16:30:00+00:00,7.8771,7.8899,7.861,7.87,7795.7,700
2026-08-13 16:45:00+00:00,7.87,7.9088,7.87,7.898,14244.0,821
2026-08-13 17:00:00+00:00,7.8982,7.8982,7.8803,7.8835,5492.6,528
2026-08-13 17:15:00+00:00,7.8819,7.8929,7.8706,7.8929,6675.8,427
2026-08-13 17:30:00+00:00,7.8961,7.9567,7.8918,7.9303,15990.3,793
2026-08-13 17:45:00+00:00,7.9274,7.9376,7.9205,7.9317,4740.6,426
2026-08-13 18:00:00+00:00,7.932,7.9366,7.9102,7.9152,9777.7,758
2026-08-13 18:15:00+00:00,7.9143,7.9143,7.9008,7.9045,3574.0,288
2026-08-13 18:30:00+00:00,7.9044,7.9071,7.8847,7.9031,5119.5,484
2026-08-13 18:45:00+00:00,7.9035,7.9111,7.8968,7.9111,4958.6,407
2026-08-13 19:00:00+00:00,7.9107,7.9416,7.9032,7.908,11704.8,985
2026-08-13 19:15:00+00:00,7.9056,7.9089,7.8877,7.891,5704.4,557
2026-08-13 19:30:00+00:00,7.8897,7.8907,7.8476,7.8476,3807.0,347
2026-08-13 19:45:00+00:00,7.847,7.8973,7.8469,7.8891,9071.1,667
2026-08-13 20:00:00+00:00,7.8887,7.9043,7.8887,7.9003,3386.3,374
2026-08-13 20:15:00+00:00,7.9011,7.937,7.9008,7.9254,4075.1,217
2026-08-13 20:30:00+00:00,7.927,7.936,7.9254,7.9324,1107.2,93
2026-08-13 20:45:00+00:00,7.9327,7.937,7.9262,7.9289,1064.0,98
2026-08-13 21:00:00+00:00,7.9297,7.9312,7.9179,7.9188,5075.1,341
2026-08-13 21:15:00+00:00,7.9188,7.9214,7.9123,7.9209,1676.8,53
2026-08-13 21:30:00+00:00,7.9204,7.9214,7.8597,7.9158,6772.3,532
2026-08-13 21:45:00+00:00,7.9198,7.9214,7.8882,7.8893,5005.4,368
2026-08-13 22:00:00+00:00,7.8937,7.8997,7.7903,7.84,7691.8,313
2026-08-13 22:15:00+00:00,7.8397,7.8586,7.8266,7.8586,4773.1,444
2026-08-13 22:30:00+00:00,7.86,7.8997,7.86,7.8974,5392.0,457
2026-08-13 22:45:00+00:00,7.8979,7.9164,7.8979,7.9087,5753.1,350
2026-08-13 23:00:00+00:00,7.9095,7.9154,7.9001,7.9154,2917.5,272
2026-08-13 23:15:00+00:00,7.916,7.9214,7.9136,7.9136,5063.6,183
2026-08-13 23:30:00+00:00,7.9136,7.9214,7.9135,7.9197,2479.9,72
2026-08-13 23:45:00+00:00,7.9173,7.9422,7.9173,7.9335,4352.3,425
2026-08-14 00:00:00+00:00,7.942,7.9479,7.9,7.926,17793.0,1577
2026-08-14 00:15:00+00:00,7.9228,7.9285,7.7953,7.8502,36377.3,2277
2026-08-14 00:30:00+00:00,7.8555,7.8615,7.8257,7.8349,10295.9,860
2026-08-14 00:45:00+00:00,7.8336,7.84,7.8282,7.834,3738.5,343
2026-08-14 01:00:00+00:00,7.834,7.8445,7.8205,7.8225,10789.1,569
2026-08-14 01:15:00+00:00,7.832,7.95,7.832,7.9382,56514.8,1330
2026-08-14 01:30:00+00:00,7.942,7.99,7.8654,7.8777,281774.3,4652
2026-08-14 01:45:00+00:00,7.8767,7.957,7.8533,7.8682,107978.6,3131
2026-08-14 02:00:00+00:00,7.8701,7.91,7.8655,7.9012,56187.9,2366
2026-08-14 02:15:00+00:00,7.9003,8.0,7.8871,7.9007,99317.0,2285
2026-08-14 02:30:00+00:00,7.9004,8.09,7.9004,7.9736,169026.6,3619
2026-08-14 02:45:00+00:00,7.9736,7.98,7.9502,7.9591,55668.0,2257
2026-08-14 03:00:00+00:00,7.9546,7.9565,7.93,7.9436,56137.8,1865
2026-08-14 03:15:00+00:00,7.9467,8.04,7.9359,7.9593,93886.4,2266
2026-08-14 03:30:00+00:00,7.9596,7.9664,7.95,7.9538,9744.1,636
2026-08-14 03:45:00+00:00,7.9573,8.0225,7.95,7.9765,20606.0,858
2026-08-14 04:00:00+00:00,7.9736,7.9739,7.8929,7.9383,12230.5,544
2026-08-14 04:15:00+00:00,7.9361,7.9413,7.9214,7.9268,6180.9,392
2026-08-14 04:30:00+00:00,7.9252,7.9336,7.9051,7.9091,8741.6,534
2026-08-14 04:45:00+00:00,7.9096,7.93,7.9054,7.9286,6798.8,209
2026-08-14 05:00:00+00:00,7.928,7.9699,7.88,7.8872,80258.0,2081
2026-08-14 05:15:00+00:00,7.8929,7.935,7.8701,7.9145,61407.5,1568
2026-08-14 05:30:00+00:00,7.9169,7.9776,7.9061,7.9247,64527.0,1965
2026-08-14 05:45:00+00:00,7.9264,7.9365,7.9039,7.9361,33627.0,1268
2026-08-14 06:00:00+00:00,7.9303,7.9345,7.865,7.9157,52268.0,1287
2026-08-14 06:15:00+00:00,7.9179,8.0,7.9156,7.9615,83274.6,1393
2026-08-14 06:30:00+00:00,7.9644,7.9694,7.924,7.9319,20144.3,886
2026-08-14 06:45:00+00:00,7.932,7.9664,7.9281,7.9661,31688.7,1457
2026-08-14 07:00:00+00:00,7.9574,7.9583,7.9165,7.9327,34689.1,1462
2026-08-14 07:15:00+00:00,7.9284,7.94,7.9214,7.9261,8973.0,720
2026-08-14 07:30:00+00:00,7.9238,7.9321,7.92,7.9215,3620.9,298
2026-08-14 07:45:00+00:00,7.9215,7.9354,7.9041,7.9324,21230.1,1530
2026-08-14 08:00:00+00:00,7.933,7.9433,7.9145,7.9273,13476.9,1696
2026-08-14 08:15:00+00:00,7.9272,7.9359,7.92,7.9315,4255.1,537
2026-08-14 08:30:00+00:00,7.9256,7.94,7.9201,7.9265,8908.3,427
2026-08-14 08:45:00+00:00,7.9266,7.9266,7.9027,7.9162,5325.2,519
2026-08-14 09:00:00+00:00,7.9142,7.9179,7.9,7.9055,4083.9,660
2026-08-14 09:15:00+00:00,7.9041,7.9499,7.9,7.9403,10312.3,813
2026-08-14 09:30:00+00:00,7.94,7.9557,7.93,7.9557,13799.0,772
2026-08-14 09:45:00+00:00,7.9557,7.9999,7.95,7.9914,15560.2,762
2026-08-14 10:00:00+00:00,7.9917,7.9956,7.974,7.9808,6052.6,920
2026-08-14 10:15:00+00:00,7.9811,7.9849,7.978,7.9793,2549.0,298
2026-08-14 10:30:00+00:00,7.9797,7.9843,7.974,7.9805,3163.6,190
2026-08-14 10:45:00+00:00,7.9814,7.9968,7.9806,7.995,8050.8,868
2026-08-14 11:00:00+00:00,7.9954,8.04,7.9954,8.0395,17318.3,1093
2026-08-14 11:15:00+00:00,8.0395,8.07,8.0188,8.0452,13074.7,1657
2026-08-14 11:30:00+00:00,8.047,8.07,8.02,8.0661,11425.4,1732
2026-08-14 11:45:00+00:00,8.0616,8.066,8.0335,8.0529,8223.9,771
2026-08-14 12:00:00+00:00,8.0528,8.06,8.0378,8.0415,7756.6,745
2026-08-14 12:15:00+00:00,8.0417,8.0538,8.0415,8.0471,2413.8,356
2026-08-14 12:30:00+00:00,8.0437,8.058,8.0437,8.0507,3510.3,375
2026-08-14 12:45:00+00:00,8.0504,8.0559,8.0415,8.0466,1014.0,234
2026-08-14 13:00:00+00:00,8.0431,8.0708,8.0415,8.058,7725.1,726
2026-08-14 13:15:00+00:00,8.058,8.0615,8.0404,8.0522,10810.7,1506
2026-08-14 13:30:00+00:00,8.0544,8.0562,7.9038,7.9753,35353.9,3607
2026-08-14 13:45:00+00:00,7.9751,7.9937,7.9305,7.9405,18393.1,1904
2026-08-14 14:00:00+00:00,7.9397,8.0276,7.9342,8.0192,34118.0,2009
2026-08-14 14:15:00+00:00,8.0202,8.0223,7.9327,7.9364,13885.1,1685
2026-08-14 14:30:00+00:00,7.9367,7.9926,7.9038,7.9882,31840.6,2476
2026-08-14 14:45:00+00:00,7.9882,8.0083,7.9304,7.9345,9953.3,1704
2026-08-14 15:00:00+00:00,7.9343,7.9488,7.9301,7.9392,6684.9,1018
2026-08-14 15:15:00+00:00,7.9392,7.9597,7.92,7.9202,22528.0,1756
2026-08-14 15:30:00+00:00,7.9217,7.925,7.8801,7.8868,26617.2,1845
2026-08-14 15:45:00+00:00,7.8875,7.9338,7.8707,7.8783,8352.5,1185
2026-08-14 16:00:00+00:00,7.8796,7.9,7.8701,7.8804,5003.2,353
2026-08-14 16:15:00+00:00,7.8892,7.9,7.872,7.8866,3750.4,433
2026-08-14 16:30:00+00:00,7.8858,7.9036,7.8782,7.9023,3554.9,259
2026-08-14 16:45:00+00:00,7.9068,7.9253,7.8867,7.899,2952.8,681
2026-08-14 17:00:00+00:00,7.8988,7.9141,7.8963,7.9048,1144.8,339
2026-08-14 17:15:00+00:00,7.9055,7.9299,7.902,7.9054,2894.1,362
2026-08-14 17:30:00+00:00,7.9133,7.9221,7.9017,7.9078,1496.7,516
2026-08-14 17:45:00+00:00,7.9063,7.92,7.8866,7.9197,6615.5,680
2026-08-14 18:00:00+00:00,7.9157,7.92,7.9095,7.9098,1235.5,336
2026-08-14 18:15:00+00:00,7.9138,7.9177,7.9051,7.9059,85.1,20
2026-08-14 18:30:00+00:00,7.9035,7.9126,7.8922,7.8992,1612.0,333
2026-08-14 18:45:00+00:00,7.9073,7.91,7.8939,7.9056,708.8,258
2026-08-14 19:00:00+00:00,7.9092,7.9161,7.9065,7.9142,1173.7,380
2026-08-14 19:15:00+00:00,7.9063,7.9138,7.9061,7.9138,507.4,184
2026-08-14 19:30:00+00:00,7.9137,7.9138,7.9043,7.9043,280.6,68
2026-08-14 19:45:00+00:00,7.9085,7.9136,7.9085,7.9119,658.4,19
2026-08-14 20:00:00+00:00,7.9139,7.9141,7.9139,7.9141,23.3,3
2026-08-14 20:15:00+00:00,7.9104,7.9104,7.9043,7.9067,217.8,89
2026-08-14 20:30:00+00:00,7.9016,7.9016,7.9016,7.9016,2.0,1
2026-08-14 20:45:00+00:00,7.9097,7.9142,7.9088,7.9142,674.7,122
2026-08-14 21:00:00+00:00,7.9122,7.9122,7.89,7.9024,2743.7,127
2026-08-14 21:15:00+00:00,7.9022,7.9035,7.89,7.8971,4834.9,400
2026-08-14 21:30:00+00:00,7.8971,7.9142,7.8971,7.9077,1429.3,267
2026-08-14 21:45:00+00:00,7.9108,7.9762,7.8934,7.9762,16460.3,2083
2026-08-14 22:00:00+00:00,7.9758,7.9761,7.8985,7.9581,22160.6,3580
2026-08-14 22:15:00+00:00,7.964,7.9763,7.904,7.913,24111.1,2904
2026-08-14 22:30:00+00:00,7.9139,7.95,7.913,7.93,11245.3,1100
2026-08-14 22:45:00+00:00,7.9337,7.9415,7.9337,7.9365,719.8,163
2026-08-14 23:00:00+00:00,7.9387,7.9435,7.9051,7.9121,6339.7,907
2026-08-14 23:15:00+00:00,7.9086,7.9763,7.9053,7.925,20639.0,2719
2026-08-14 23:30:00+00:00,7.922,7.9452,7.9164,7.9246,2693.6,487
2026-08-14 23:45:00+00:00,7.9265,7.9659,7.9049,7.9503,10554.8,1765
2026-08-15 00:00:00+00:00,7.95,7.9569,7.9167,7.9379,15325.2,1839
2026-08-15 00:15:00+00:00,7.9319,7.9339,7.9081,7.9186,1657.9,269
2026-08-15 00:30:00+00:00,7.9199,7.9242,7.9141,7.9177,805.3,50
2026-08-15 00:45:00+00:00,7.9171,7.9407,7.9132,7.9308,2059.5,190
2026-08-15 01:00:00+00:00,7.9317,7.935,7.93,7.9344,418.9,99
2026-08-15 01:15:00+00:00,7.9359,7.9383,7.9265,7.932,665.7,156
2026-08-15 01:30:00+00:00,7.9249,7.935,7.9242,7.9321,1283.0,284
2026-08-15 01:45:00+00:00,7.9327,7.9398,7.9307,7.9374,509.0,112
2026-08-15 02:00:00+00:00,7.9391,7.9392,7.9278,7.9278,468.5,43
2026-08-15 02:15:00+00:00,7.9271,7.9294,7.9153,7.9164,376.0,71
2026-08-15 02:30:00+00:00,7.9168,7.9272,7.9067,7.9102,1657.0,459
2026-08-15 02:45:00+00:00,7.9157,7.9206,7.9143,7.9204,264.4,109
2026-08-15 03:00:00+00:00,7.923,7.93,7.923,7.93,54.8,19
2026-08-15 03:15:00+00:00,7.9298,7.9307,7.9274,7.9307,7.4,4
2026-08-15 03:30:00+00:00,7.9274,7.9274,7.9191,7.9249,457.2,163
2026-08-15 03:45:00+00:00,7.9199,7.925,7.9169,7.9169,127.6,32
2026-08-15 04:00:00+00:00,7.9253,7.9253,7.9215,7.9227,69.7,24
2026-08-15 04:15:00+00:00,7.9223,7.9224,7.9092,7.9172,698.7,186
2026-08-15 04:30:00+00:00,7.9164,7.9164,7.9094,7.9094,379.9,58
2026-08-15 04:45:00+00:00,7.9102,7.9266,7.9087,7.9236,1927.0,418
2026-08-15 05:00:00+00:00,7.9208,7.9358,7.9146,7.9309,1489.4,228
2026-08-15 05:15:00+00:00,7.9319,7.936,7.9254,7.9303,847.4,56
2026-08-15 05:30:00+00:00,7.9328,7.9371,7.9261,7.9283,501.3,77
2026-08-15 05:45:00+00:00,7.9255,7.9369,7.9253,7.9333,1798.8,496
2026-08-15 06:00:00+00:00,7.9331,7.9552,7.9239,7.9282,1387.1,214
2026-08-15 06:15:00+00:00,7.9312,7.9446,7.9312,7.9446,358.2,69
2026-08-15 06:30:00+00:00,7.9405,7.9471,7.9402,7.9449,38.7,15
2026-08-15 06:45:00+00:00,7.9425,7.9425,7.9395,7.9395,35.1,17
2026-08-15 07:00:00+00:00,7.9445,7.9461,7.9394,7.9461,1275.0,32
2026-08-15 07:15:00+00:00,7.9454,7.9469,7.9432,7.9452,1170.1,319
2026-08-15 07:30:00+00:00,7.9434,7.95,7.9434,7.9455,684.2,43
2026-08-15 07:45:00+00:00,7.9445,7.9499,7.9445,7.949,851.1,137
2026-08-15 08:00:00+00:00,7.9474,7.9477,7.9394,7.9429,1068.5,216
2026-08-15 08:15:00+00:00,7.9432,7.9455,7.9398,7.9402,143.3,42
2026-08-15 08:30:00+00:00,7.9448,7.9448,7.9368,7.9391,1096.8,37
2026-08-15 08:45:00+00:00,7.9345,7.9406,7.9342,7.94,272.4,47
2026-08-15 09:00:00+00:00,7.9366,7.9421,7.9201,7.9413,497.2,146
2026-08-15 09:15:00+00:00,7.9412,7.95,7.94,7.9416,410.2,66
2026-08-15 09:30:00+00:00,7.944,7.944,7.9385,7.9387,81.8,24
2026-08-15 09:45:00+00:00,7.9386,7.9418,7.9386,7.9418,99.1,13
2026-08-15 10:00:00+00:00,7.9398,7.9417,7.9386,7.9386,371.7,48
2026-08-15 10:15:00+00:00,7.9387,7.9913,7.9204,7.9551,17978.9,2092
2026-08-15 10:30:00+00:00,7.9564,7.9817,7.9527,7.9527,2138.9,412
2026-08-15 10:45:00+00:00,7.9539,7.9697,7.9539,7.9697,129.0,17
2026-08-15 11:00:00+00:00,7.9685,7.9685,7.9628,7.9631,159.3,27
2026-08-15 11:15:00+00:00,7.966,7.9948,7.9647,7.9756,3523.7,332
2026-08-15 11:30:00+00:00,7.9751,7.9803,7.9664,7.9798,942.0,172
2026-08-15 11:45:00+00:00,7.9758,7.9783,7.9646,7.9716,871.1,260
2026-08-15 12:00:00+00:00,7.9706,7.9762,7.967,7.9682,483.5,110
2026-08-15 12:15:00+00:00,7.9679,7.9684,7.9573,7.9598,1463.4,238
2026-08-15 12:30:00+00:00,7.9598,7.9637,7.9547,7.9553,1112.0,119
2026-08-15 12:45:00+00:00,7.9597,7.9624,7.9597,7.961,100.9,12
2026-08-15 13:00:00+00:00,7.9663,7.9665,7.9612,7.9665,148.0,10
2026-08-15 13:15:00+00:00,7.9656,7.9782,7.9652,7.9777,643.6,54
2026-08-15 13:30:00+00:00,7.9781,7.9854,7.9739,7.9787,2152.1,415
2026-08-15 13:45:00+00:00,7.9784,7.9784,7.9362,7.9448,13758.3,2280
2026-08-15 14:00:00+00:00,7.9442,8.0,7.9442,7.979,20190.0,2060
2026-08-15 14:15:00+00:00,7.9796,7.9882,7.9776,7.98,1747.8,321
2026-08-15 14:30:00+00:00,7.982,7.9878,7.9767,7.9767,639.6,112
2026-08-15 14:45:00+00:00,7.977,7.98,7.9651,7.9754,2590.5,468
2026-08-15 15:00:00+00:00,7.98,8.0,7.98,7.9985,2285.4,403
2026-08-15 15:15:00+00:00,7.9948,8.0,7.9933,7.9966,310.5,84
2026-08-15 15:30:00+00:00,7.9963,7.9991,7.9892,7.9911,403.2,65
2026-08-15 15:45:00+00:00,7.9908,7.9909,7.9651,7.9784,4532.3,534
2026-08-15 16:00:00+00:00,7.9798,8.0,7.9622,7.9872,4306.7,762
2026-08-15 16:15:00+00:00,7.9881,8.0,7.9881,7.9973,771.1,78
2026-08-15 16:30:00+00:00,7.9989,8.0098,7.9722,7.9963,5802.4,761
2026-08-15 16:45:00+00:00,7.9984,7.9985,7.9944,7.998,90.7,30
2026-08-15 17:00:00+00:00,7.9944,7.9989,7.9927,7.993,118.3,53
2026-08-15 17:15:00+00:00,7.9959,7.9959,7.9711,7.9767,2804.8,534
2026-08-15 17:30:00+00:00,7.977,7.99,7.9731,7.9898,357.2,41
2026-08-15 17:45:00+00:00,7.9875,7.9888,7.9875,7.9888,289.5,47
2026-08-15 18:00:00+00:00,7.9881,7.993,7.9877,7.9925,302.0,79
2026-08-15 18:15:00+00:00,7.995,7.9961,7.995,7.996,11.8,7
2026-08-15 18:30:00+00:00,7.9973,8.0012,7.9951,7.9987,332.8,114
2026-08-15 18:45:00+00:00,8.0021,8.02,7.9998,8.0109,1185.1,214
2026-08-15 19:00:00+00:00,8.0097,8.0128,8.001,8.0064,641.9,233
2026-08-15 19:15:00+00:00,8.0062,8.0123,8.0024,8.0024,373.2,116
2026-08-15 19:30:00+00:00,8.0026,8.009,8.0002,8.005,1458.8,471
2026-08-15 19:45:00+00:00,8.0001,8.005,7.9986,8.005,230.0,43
2026-08-15 20:00:00+00:00,8.0046,8.0098,7.9987,7.9987,1179.1,350
2026-08-15 20:15:00+00:00,8.0007,8.0679,7.9986,8.0629,23533.2,1834
2026-08-15 20:30:00+00:00,8.0632,8.0683,8.035,8.0624,9378.3,1384
2026-08-15 20:45:00+00:00,8.0645,8.0727,8.037,8.0373,1342.2,145
2026-08-15 21:00:00+00:00,8.0368,8.0799,8.0307,8.0798,3892.4,698
2026-08-15 21:15:00+00:00,8.0755,8.0847,8.0743,8.0847,705.3,70
2026-08-15 21:30:00+00:00,8.0827,8.085,8.05,8.0519,2926.1,305
2026-08-15 21:45:00+00:00,8.0501,8.0795,8.05,8.0729,3910.4,806
2026-08-15 22:00:00+00:00,8.0741,8.085,8.05,8.0831,12103.4,1514
2026-08-15 22:15:00+00:00,8.0834,8.0884,8.0695,8.0717,4086.5,870
2026-08-15 22:30:00+00:00,8.0603,8.0737,8.0505,8.0642,23000.8,1661
2026-08-15 22:45:00+00:00,8.0645,8.0886,8.0589,8.0633,15536.6,1501
2026-08-15 23:00:00+00:00,8.0577,8.0694,8.0567,8.0694,730.7,53
2026-08-15 23:15:00+00:00,8.0654,8.08,8.0654,8.0716,2477.7,148
2026-08-15 23:30:00+00:00,8.0703,8.074,8.0677,8.074,253.6,41
2026-08-15 23:45:00+00:00,8.0713,8.0716,8.06,8.063,807.5,277
2026-08-16 00:00:00+00:00,8.0666,8.0666,8.0577,8.0608,240.6,93
2026-08-16 00:15:00+00:00,8.0608,8.0695,8.0488,8.0512,6075.4,1152
2026-08-16 00:30:00+00:00,8.0557,8.0581,8.011,8.011,5767.2,1373
2026-08-16 00:45:00+00:00,8.0199,8.0202,7.9986,7.9989,1397.6,278
2026-08-16 01:00:00+00:00,8.0024,8.0093,7.9986,8.0029,243.2,64
2026-08-16 01:15:00+00:00,8.002,8.0095,7.9992,8.0095,507.0,26
2026-08-16 01:30:00+00:00,8.0087,8.0099,8.0034,8.0098,41.9,29
2026-08-16 01:45:00+00:00,8.007,8.0099,8.0017,8.0056,428.6,138
2026-08-16 02:00:00+00:00,8.0056,8.0191,8.0002,8.0101,430.2,65
2026-08-16 02:15:00+00:00,8.0128,8.0178,8.0108,8.0168,141.5,7
2026-08-16 02:30:00+00:00,8.0179,8.0179,8.0112,8.0179,194.1,6
2026-08-16 02:45:00+00:00,8.0154,8.0154,8.0154,8.0154,50.0,2
2026-08-16 03:00:00+00:00,8.0154,8.0194,8.0154,8.0194,4.2,2
2026-08-16 03:15:00+00:00,8.0183,8.03,8.0183,8.0257,898.1,153
2026-08-16 03:30:00+00:00,8.0241,8.0761,8.0241,8.0348,7773.3,1419
2026-08-16 03:45:00+00:00,8.0368,8.05,8.0276,8.0427,3366.4,488
2026-08-16 04:00:00+00:00,8.043,8.0447,8.0341,8.0393,1050.2,278
2026-08-16 04:15:00+00:00,8.0383,8.051,8.0326,8.051,1874.1,227
2026-08-16 04:30:00+00:00,8.0464,8.0464,7.9908,8.005,7829.2,753
2026-08-16 04:45:00+00:00,8.0021,8.0021,7.924,7.924,10708.2,1187
2026-08-16 05:00:00+00:00,7.9231,7.9779,7.9181,7.9674,6134.0,1324
2026-08-16 05:15:00+00:00,7.9676,7.9799,7.94,7.9417,2543.8,699
2026-08-16 05:30:00+00:00,7.9451,7.9633,7.9448,7.9591,1251.3,283
2026-08-16 05:45:00+00:00,7.9573,7.9878,7.9556,7.9878,1965.6,382
2026-08-16 06:00:00+00:00,7.9899,8.0322,7.9889,8.0278,2760.9,534
2026-08-16 06:15:00+00:00,8.0265,8.0304,7.98,8.0177,2268.2,549
2026-08-16 06:30:00+00:00,8.0199,8.0455,8.0199,8.0329,4315.6,663
2026-08-16 06:45:00+00:00,8.0331,8.0367,8.0147,8.0272,10518.9,1351
2026-08-16 07:00:00+00:00,8.0274,8.03,8.0169,8.0251,2459.1,753
2026-08-16 07:15:00+00:00,8.025,8.03,8.0196,8.03,3736.9,227
2026-08-16 07:30:00+00:00,8.03,8.0318,8.027,8.0296,3281.1,244
2026-08-16 07:45:00+00:00,8.0293,8.0368,8.0071,8.012,910.0,149
2026-08-16 08:00:00+00:00,8.0178,8.02,8.0041,8.01,457.6,77
2026-08-16 08:15:00+00:00,8.0182,8.0182,7.994,7.994,2397.6,292
2026-08-16 08:30:00+00:00,7.9968,8.0084,7.9913,8.0072,1364.1,161
2026-08-16 08:45:00+00:00,8.0067,8.0165,8.0056,8.0131,1532.4,137
2026-08-16 09:00:00+00:00,8.0184,8.0185,8.0074,8.0176,917.6,98
2026-08-16 09:15:00+00:00,8.0184,8.0184,8.0148,8.0148,3.6,2
2026-08-16 09:30:00+00:00,8.0184,8.0184,8.0138,8.0138,219.5,8
2026-08-16 09:45:00+00:00,8.0123,8.0188,8.0089,8.0153,2691.7,196
2026-08-16 10:00:00+00:00,8.0188,8.0381,8.0188,8.0331,1827.2,55
2026-08-16 10:15:00+00:00,8.0361,8.0361,8.0001,8.0142,5584.8,1101
2026-08-16 10:30:00+00:00,8.0139,8.0143,8.0025,8.0081,488.9,139
2026-08-16 10:45:00+00:00,8.0078,8.0078,8.0003,8.0042,622.1,6
2026-08-16 11:00:00+00:00,8.0038,8.0054,7.9967,8.0038,885.1,164
2026-08-16 11:15:00+00:00,8.0029,8.0029,7.9966,7.9995,64.2,13
2026-08-16 11:30:00+00:00,7.9946,7.995,7.9863,7.9933,2213.1,263
2026-08-16 11:45:00+00:00,7.991,7.9994,7.9833,7.9994,936.7,63
2026-08-16 12:00:00+00:00,7.9971,8.0417,7.9968,8.0415,5817.0,473
2026-08-16 12:15:00+00:00,8.038,8.038,7.9859,8.0236,9274.8,1133
2026-08-16 12:30:00+00:00,8.0252,8.0333,7.9554,7.9564,11856.8,1366
2026-08-16 12:45:00+00:00,7.962,7.9898,7.9554,7.9898,4912.7,958
2026-08-16 13:00:00+00:00,7.9899,7.994,7.976,7.9764,2573.7,448
2026-08-16 13:15:00+00:00,7.9725,7.9757,7.9666,7.9691,1827.4,190
2026-08-16 13:30:00+00:00,7.9731,7.9763,7.9651,7.9675,3454.4,252
2026-08-16 13:45:00+00:00,7.9632,7.9632,7.9352,7.9479,5382.0,590
2026-08-16 14:00:00+00:00,7.9476,7.9564,7.9465,7.9465,1163.0,134
2026-08-16 14:15:00+00:00,7.9473,7.9828,7.9423,7.9786,2263.4,214
2026-08-16 14:30:00+00:00,7.9736,7.9805,7.97,7.9797,5441.6,615
2026-08-16 14:45:00+00:00,7.9693,7.987,7.9687,7.9844,2379.5,154
2026-08-16 15:00:00+00:00,7.9874,7.9969,7.9816,7.9893,923.7,209
2026-08-16 15:15:00+00:00,7.9953,7.9953,7.9944,7.9944,19.1,7
2026-08-16 15:30:00+00:00,7.9881,7.9943,7.98,7.991,1947.4,287
2026-08-16 15:45:00+00:00,7.993,7.9943,7.9823,7.9908,2061.9,324
2026-08-16 16:00:00+00:00,7.9863,7.9918,7.9815,7.9876,193.8,55
2026-08-16 16:15:00+00:00,7.9919,8.0058,7.9856,7.9876,752.7,135
2026-08-16 16:30:00+00:00,7.9835,7.9881,7.98,7.9831,792.0,174
2026-08-16 16:45:00+00:00,7.9858,7.9876,7.9831,7.9832,126.9,43
2026-08-16 17:00:00+00:00,7.9843,7.9887,7.9842,7.9884,330.3,25
2026-08-16 17:15:00+00:00,7.9881,7.9952,7.9881,7.9952,93.8,24
2026-08-16 17:30:00+00:00,7.9933,7.9964,7.9892,7.9896,1411.9,97
2026-08-16 17:45:00+00:00,7.9921,8.012,7.9892,7.9927,2741.1,248
2026-08-16 18:00:00+00:00,7.9914,7.9951,7.9735,7.9785,1226.2,331
2026-08-16 18:15:00+00:00,7.9764,7.9848,7.974,7.9755,91.9,40
2026-08-16 18:30:00+00:00,7.9772,7.9785,7.9742,7.9781,100.1,62
2026-08-16 18:45:00+00:00,7.9799,8.0199,7.9735,8.019,5502.7,766
2026-08-16 19:00:00+00:00,8.0196,8.0487,8.0062,8.031,18295.5,3216
2026-08-16 19:15:00+00:00,8.0335,8.0344,8.01,8.0165,7019.4,906
2026-08-16 19:30:00+00:00,8.0194,8.0207,8.0162,8.0172,1060.5,321
2026-08-16 19:45:00+00:00,8.0199,8.022,7.9801,7.986,846.9,260
2026-08-16 20:00:00+00:00,7.9832,8.003,7.9832,7.9958,6735.9,389
2026-08-16 20:15:00+00:00,7.995,8.0008,7.995,8.0008,62.2,3
2026-08-16 20:30:00+00:00,7.9963,7.9967,7.9788,7.9877,1812.4,67
2026-08-16 20:45:00+00:00,7.9807,7.9842,7.962,7.9736,4219.5,574
2026-08-16 21:00:00+00:00,7.9742,7.9785,7.9442,7.9467,5957.8,1902
2026-08-16 21:15:00+00:00,7.9544,7.9567,7.9343,7.936,1210.9,185
2026-08-16 21:30:00+00:00,7.9422,7.9498,7.9364,7.9447,1608.3,162
2026-08-16 21:45:00+00:00,7.9446,7.9604,7.935,7.9475,5557.6,763
2026-08-16 22:00:00+00:00,7.9495,7.9812,7.9381,7.9727,4299.6,837
2026-08-16 22:15:00+00:00,7.9752,7.9769,7.9437,7.947,1818.7,417
2026-08-16 22:30:00+00:00,7.95,7.95,7.9361,7.9439,1281.9,366
2026-08-16 22:45:00+00:00,7.9397,7.9532,7.9393,7.9418,7748.9,1210
2026-08-16 23:00:00+00:00,7.94,7.948,7.93,7.9357,4437.9,910
2026-08-16 23:15:00+00:00,7.9357,7.948,7.9334,7.9372,4937.7,890
2026-08-16 23:30:00+00:00,7.9409,7.9499,7.9375,7.9433,1941.0,615
2026-08-16 23:45:00+00:00,7.9445,7.9616,7.9,7.9436,16011.0,1219
2026-08-17 00:00:00+00:00,7.9434,7.97,7.94,7.9628,12930.7,1542
2026-08-17 00:15:00+00:00,7.9655,7.9655,7.9404,7.9462,2071.3,311
2026-08-17 00:30:00+00:00,7.9414,7.9999,7.9405,7.9945,15964.4,1495
2026-08-17 00:45:00+00:00,7.999,8.0535,7.98,8.0061,36160.2,2807
2026-08-17 01:00:00+00:00,8.0028,8.0273,7.9935,8.0066,10401.8,1987
2026-08-17 01:15:00+00:00,8.0055,8.085,7.98,8.0804,33063.7,2291
2026-08-17 01:30:00+00:00,8.0835,8.2338,8.08,8.1916,225376.1,5587
2026-08-17 01:45:00+00:00,8.1875,8.3772,8.156,8.2919,314336.7,6344
2026-08-17 02:00:00+00:00,8.2863,8.4,8.2511,8.3844,121863.5,6024
2026-08-17 02:15:00+00:00,8.3895,8.5544,8.3671,8.4678,247625.2,5839
2026-08-17 02:30:00+00:00,8.4679,8.6327,8.4543,8.5223,142738.7,3189
2026-08-17 02:45:00+00:00,8.5284,8.847,8.5157,8.7353,530023.3,6087
2026-08-17 03:00:00+00:00,8.7224,8.7293,8.6544,8.6643,76777.2,3512
2026-08-17 03:15:00+00:00,8.6642,8.7073,8.6357,8.6862,40246.8,2469
2026-08-17 03:30:00+00:00,8.6822,8.708,8.6434,8.6721,22956.7,1765
2026-08-17 03:45:00+00:00,8.67,8.71,8.595,8.666,37299.1,2098
2026-08-17 04:00:00+00:00,8.6602,8.7,8.604,8.6927,30451.3,2487
2026-08-17 04:15:00+00:00,8.6867,8.695,8.652,8.6527,10854.9,1544
2026-08-17 04:30:00+00:00,8.6552,8.6993,8.59,8.603,49342.7,3732
2026-08-17 04:45:00+00:00,8.6033,8.7,8.5959,8.681,26084.5,2187
2026-08-17 05:00:00+00:00,8.6795,8.847,8.6064,8.8062,108483.9,4533
2026-08-17 05:15:00+00:00,8.8168,8.8291,8.665,8.6874,60567.2,2602
2026-08-17 05:30:00+00:00,8.688,8.7152,8.6562,8.7071,37100.3,1789
2026-08-17 05:45:00+00:00,8.7083,8.7475,8.64,8.736,54174.5,2698
2026-08-17 06:00:00+00:00,8.7315,8.8531,8.6663,8.7876,88670.1,3567
2026-08-17 06:15:00+00:00,8.7883,8.8298,8.73,8.7637,80623.0,2835
2026-08-17 06:30:00+00:00,8.764,8.8187,8.7135,8.7827,57245.6,3557
2026-08-17 06:45:00+00:00,8.7824,9.0,8.7768,8.9734,233046.6,3788
2026-08-17 07:00:00+00:00,8.9659,8.9734,8.8918,8.911,25402.6,428
