ts,open,high,low,close,volume,trades
2026-07-15 01:30:00+00:00,6.0,6.0,6.0,6.0,5876.9,36
2026-07-15 02:00:00+00:00,6.0,6.0,6.0,6.0,94009.2,91
2026-07-15 02:30:00+00:00,6.0,7.2,6.0,7.2,62772.6,77
2026-07-15 03:00:00+00:00,7.2,7.2,7.2,7.2,19013.1,63
2026-07-15 03:30:00+00:00,7.2,7.2,7.2,7.2,29357.2,28
2026-07-15 04:00:00+00:00,7.2,8.64,7.2,8.1459,960353.3,4863
2026-07-15 04:30:00+00:00,8.1984,8.21,7.5636,7.7616,539082.5,3728
2026-07-15 05:00:00+00:00,7.77,7.8096,7.21,7.3255,653072.7,4152
2026-07-15 05:30:00+00:00,7.326,7.611,7.2,7.3478,519617.7,3024
2026-07-15 06:00:00+00:00,7.34,7.39,7.195,7.2101,274521.1,3148
2026-07-15 06:30:00+00:00,7.2298,7.3829,7.1,7.2277,250472.5,2241
2026-07-15 07:00:00+00:00,7.1937,7.756,7.16,7.756,336268.9,2807
2026-07-15 07:30:00+00:00,7.7502,7.88,7.4501,7.6211,219577.3,2028
2026-07-15 08:00:00+00:00,7.6214,7.85,7.6,7.7031,143026.7,1782
2026-07-15 08:30:00+00:00,7.7031,8.488,7.6791,8.1205,556667.7,4161
2026-07-15 09:00:00+00:00,8.1486,8.38,8.0323,8.0666,179135.6,2359
2026-07-15 09:30:00+00:00,8.0666,8.3532,7.9887,8.2651,101635.6,2409
2026-07-15 10:00:00+00:00,8.2661,8.39,7.9585,8.0327,103351.1,1308
2026-07-15 10:30:00+00:00,8.0328,8.0695,7.7908,7.94,96615.0,1253
2026-07-15 11:00:00+00:00,7.9326,7.9974,7.8613,7.893,43498.0,949
2026-07-15 11:30:00+00:00,7.893,7.9744,7.7,7.9744,45492.1,1209
2026-07-15 12:00:00+00:00,7.9699,7.98,7.7814,7.876,29581.2,1339
2026-07-15 12:30:00+00:00,7.8799,7.8799,7.3276,7.4,196169.9,3041
2026-07-15 13:00:00+00:00,7.4,7.7033,7.3,7.7033,175472.2,3511
2026-07-15 13:30:00+00:00,7.6872,7.7033,7.35,7.4896,95333.8,1416
2026-07-15 14:00:00+00:00,7.4999,7.5525,7.345,7.3699,70246.1,1339
2026-07-15 14:30:00+00:00,7.3699,7.448,7.341,7.3852,84943.4,1846
2026-07-15 15:00:00+00:00,7.4085,7.7399,7.354,7.5549,103053.6,2551
2026-07-15 15:30:00+00:00,7.5549,7.7799,7.341,7.5579,93492.9,1210
2026-07-15 16:00:00+00:00,7.5201,7.58,7.38,7.5151,64199.2,1082
2026-07-15 16:30:00+00:00,7.5151,7.59,7.4722,7.5674,31873.3,987
2026-07-15 17:00:00+00:00,7.5674,7.6,7.4385,7.59,33646.9,766
2026-07-15 17:30:00+00:00,7.5902,7.6595,7.5504,7.5682,29496.8,1792
2026-07-15 18:00:00+00:00,7.5535,7.6594,7.5524,7.5999,15701.7,1046
2026-07-15 18:30:00+00:00,7.5999,7.6121,7.5819,7.5996,18338.1,719
2026-07-15 19:00:00+00:00,7.5942,7.6011,7.351,7.4464,54254.9,939
2026-07-15 19:30:00+00:00,7.445,7.5415,7.4179,7.5272,39126.0,1049
2026-07-15 20:00:00+00:00,7.5272,7.6169,7.38,7.3842,17458.9,545
2026-07-15 20:30:00+00:00,7.3993,7.4116,7.382,7.382,3565.7,213
2026-07-15 21:00:00+00:00,7.3848,7.4187,7.3805,7.4186,5226.6,293
2026-07-15 21:30:00+00:00,7.4186,7.47,7.371,7.4543,14633.3,792
2026-07-15 22:00:00+00:00,7.4537,7.4537,7.351,7.41,16963.6,835
2026-07-15 22:30:00+00:00,7.409,7.4415,7.3512,7.3802,15862.8,943
2026-07-15 23:00:00+00:00,7.3869,7.4418,7.3869,7.4014,6179.2,264
2026-07-15 23:30:00+00:00,7.4013,7.4232,7.3981,7.4207,3159.0,166
2026-07-16 00:00:00+00:00,7.423,7.45,7.398,7.398,22538.0,492
2026-07-16 00:30:00+00:00,7.4152,7.4518,7.398,7.4508,17808.7,702
2026-07-16 01:00:00+00:00,7.4516,7.47,7.31,7.3178,121720.7,555
2026-07-16 01:30:00+00:00,7.3363,7.4085,7.2869,7.3933,61565.5,1367
2026-07-16 02:00:00+00:00,7.3931,7.4,7.336,7.3635,16571.8,1131
2026-07-16 02:30:00+00:00,7.3632,7.365,7.3,7.31,32972.3,544
2026-07-16 03:00:00+00:00,7.3199,7.3259,7.28,7.3112,57879.3,638
2026-07-16 03:30:00+00:00,7.3109,7.3259,7.2759,7.2766,22198.4,464
2026-07-16 04:00:00+00:00,7.2954,7.3062,7.221,7.2586,65521.0,719
2026-07-16 04:30:00+00:00,7.2736,7.299,7.21,7.2186,142165.1,641
2026-07-16 05:00:00+00:00,7.2249,7.2684,7.2186,7.2261,10251.0,320
2026-07-16 05:30:00+00:00,7.2293,7.2517,7.2257,7.2358,6229.5,274
2026-07-16 06:00:00+00:00,7.246,7.4156,7.2305,7.3611,36482.6,424
2026-07-16 06:30:00+00:00,7.3867,7.4197,7.3,7.3143,11273.6,440
2026-07-16 07:00:00+00:00,7.315,7.3219,7.238,7.244,34411.5,456
2026-07-16 07:30:00+00:00,7.244,7.2556,7.233,7.2342,20106.8,625
2026-07-16 08:00:00+00:00,7.2344,7.2628,7.22,7.22,32117.8,734
2026-07-16 08:30:00+00:00,7.22,7.263,7.21,7.2101,43905.3,808
2026-07-16 09:00:00+00:00,7.21,7.2296,7.21,7.22,20776.8,443
2026-07-16 09:30:00+00:00,7.22,7.2279,7.2102,7.212,18410.6,412
2026-07-16 10:00:00+00:00,7.212,7.2267,7.1566,7.187,218263.2,669
2026-07-16 10:30:00+00:00,7.182,7.2267,7.158,7.18,19807.4,862
2026-07-16 11:00:00+00:00,7.1801,7.37,7.18,7.3617,27604.2,1068
2026-07-16 11:30:00+00:00,7.3699,7.399,7.2695,7.29,17493.9,1415
2026-07-16 12:00:00+00:00,7.29,7.3,7.1756,7.18,9531.0,351
2026-07-16 12:30:00+00:00,7.1975,7.2026,7.15,7.1717,43683.1,632
2026-07-16 13:00:00+00:00,7.1787,7.18,7.02,7.0741,161060.7,1333
2026-07-16 13:30:00+00:00,7.0842,7.1451,7.0396,7.1413,25970.6,821
2026-07-16 14:00:00+00:00,7.1449,7.1691,7.1,7.1326,12242.3,467
2026-07-16 14:30:00+00:00,7.144,7.2,7.1338,7.1896,14486.5,309
2026-07-16 15:00:00+00:00,7.1895,7.2,7.1721,7.1771,3598.9,191
2026-07-16 15:30:00+00:00,7.1771,7.1843,7.1243,7.132,8709.5,265
2026-07-16 16:00:00+00:00,7.132,7.14,7.07,7.1267,10236.7,347
2026-07-16 16:30:00+00:00,7.1354,7.1356,7.07,7.0715,5533.8,339
2026-07-16 17:00:00+00:00,7.0827,7.1704,7.05,7.0726,18784.5,433
2026-07-16 17:30:00+00:00,7.0862,7.148,7.0,7.058,60631.2,1442
2026-07-16 18:00:00+00:00,7.058,7.134,6.99,7.0181,88945.4,976
2026-07-16 18:30:00+00:00,7.0307,7.0752,7.0144,7.02,2094.2,286
2026-07-16 19:00:00+00:00,7.02,7.0456,6.966,6.9685,23127.8,431
2026-07-16 19:30:00+00:00,6.9777,7.1448,6.9541,7.0825,54461.5,1112
2026-07-16 20:00:00+00:00,7.0898,7.09,7.01,7.01,7597.5,433
2026-07-16 20:30:00+00:00,7.01,7.079,7.0021,7.0414,3576.3,492
2026-07-16 21:00:00+00:00,7.0494,7.09,6.9541,6.9631,25589.1,623
2026-07-16 21:30:00+00:00,6.9631,7.0272,6.93,7.0115,22456.6,310
2026-07-16 22:00:00+00:00,7.0119,7.0708,6.936,6.9931,10647.0,530
2026-07-16 22:30:00+00:00,6.9931,7.0019,6.9253,6.9605,8522.7,244
2026-07-16 23:00:00+00:00,6.9609,6.98,6.91,6.9267,15467.1,379
2026-07-16 23:30:00+00:00,6.9278,7.03,6.91,6.991,83152.8,445
2026-07-17 00:00:00+00:00,6.9912,7.11,6.91,6.936,39398.0,692
2026-07-17 00:30:00+00:00,6.938,6.99,6.91,6.9246,30645.6,620
2026-07-17 01:00:00+00:00,6.9246,6.9614,6.9112,6.9112,9979.4,310
2026-07-17 01:30:00+00:00,6.9112,6.92,6.7959,6.7959,118176.5,590
2026-07-17 02:00:00+00:00,6.7959,6.8435,6.76,6.7705,49471.3,463
2026-07-17 02:30:00+00:00,6.7624,6.7901,6.72,6.7203,21394.2,456
2026-07-17 03:00:00+00:00,6.7203,6.8188,6.72,6.7306,31625.6,481
2026-07-17 03:30:00+00:00,6.7307,6.8233,6.7265,6.7509,9183.3,237
2026-07-17 04:00:00+00:00,6.7515,7.08,6.75,6.9374,47498.7,1108
2026-07-17 04:30:00+00:00,6.933,7.06,6.8646,7.0508,57090.7,914
2026-07-17 05:00:00+00:00,7.0584,7.06,6.8555,6.9866,58952.8,2175
2026-07-17 05:30:00+00:00,6.9866,7.047,6.9675,7.0014,38387.3,1856
2026-07-17 06:00:00+00:00,7.0014,7.15,7.0014,7.134,84626.5,781
2026-07-17 06:30:00+00:00,7.137,7.25,7.0692,7.18,62025.7,731
2026-07-17 07:00:00+00:00,7.18,7.2459,6.99,7.2238,106810.3,1148
2026-07-17 07:30:00+00:00,7.1962,7.295,7.113,7.2563,57561.1,1240
2026-07-17 08:00:00+00:00,7.2565,7.2991,6.93,6.98,72594.1,2394
2026-07-17 08:30:00+00:00,6.9801,7.0576,6.91,6.93,37590.5,2136
2026-07-17 09:00:00+00:00,6.93,7.0238,6.91,7.013,49825.3,2033
2026-07-17 09:30:00+00:00,7.0112,7.0797,7.0078,7.0463,34631.0,1599
2026-07-17 10:00:00+00:00,7.0425,7.067,6.95,7.039,34633.9,1456
2026-07-17 10:30:00+00:00,7.046,7.28,6.9,6.916,60213.1,1906
2026-07-17 11:00:00+00:00,6.9108,6.9686,6.91,6.93,32468.1,1478
2026-07-17 11:30:00+00:00,6.9404,6.9814,6.905,6.905,28766.5,679
2026-07-17 12:00:00+00:00,6.9223,7.0649,6.88,7.0296,37222.5,1161
2026-07-17 12:30:00+00:00,7.0246,7.2431,6.8606,6.876,69363.9,1653
2026-07-17 13:00:00+00:00,6.876,6.9572,6.8606,6.8999,33026.7,1476
2026-07-17 13:30:00+00:00,6.8999,6.9699,6.8202,6.8724,60000.8,1602
2026-07-17 14:00:00+00:00,6.8691,7.1061,6.8617,7.08,59454.1,1044
2026-07-17 14:30:00+00:00,7.077,7.08,6.9146,7.0007,16560.2,802
2026-07-17 15:00:00+00:00,7.019,7.1,6.9,6.95,20750.5,1031
2026-07-17 15:30:00+00:00,6.975,7.0679,6.9734,7.02,9464.7,207
2026-07-17 16:00:00+00:00,7.02,7.151,6.98,7.0788,13097.1,706
2026-07-17 16:30:00+00:00,7.0562,7.2,7.0331,7.1307,24476.8,1571
2026-07-17 17:00:00+00:00,7.1307,7.1656,7.0,7.0727,12852.9,913
2026-07-17 17:30:00+00:00,7.069,7.1252,7.0607,7.0903,1623.6,173
2026-07-17 18:00:00+00:00,7.0764,7.1252,7.04,7.1101,2439.5,147
2026-07-17 18:30:00+00:00,7.1099,7.1472,7.0663,7.1112,3692.5,141
2026-07-17 19:00:00+00:00,7.1113,7.17,7.0681,7.158,15123.6,237
2026-07-17 19:30:00+00:00,7.1573,7.1777,7.1567,7.1635,8167.0,137
2026-07-17 20:00:00+00:00,7.1671,7.1777,7.063,7.1452,20118.5,224
2026-07-17 20:30:00+00:00,7.1383,7.1704,7.05,7.1201,6754.1,864
2026-07-17 21:00:00+00:00,7.1237,7.1323,6.9343,6.9695,16452.0,1682
2026-07-17 21:30:00+00:00,7.0064,7.0703,6.93,6.993,5436.3,511
2026-07-17 22:00:00+00:00,6.9938,7.0309,6.935,6.9421,5783.8,729
2026-07-17 22:30:00+00:00,6.9408,6.9861,6.9251,6.9816,5528.8,500
2026-07-17 23:00:00+00:00,6.9483,6.9896,6.9453,6.9576,2077.4,265
2026-07-17 23:30:00+00:00,6.9596,6.993,6.9515,6.9515,1724.3,141
2026-07-18 00:00:00+00:00,6.9704,7.1825,6.9516,7.1456,17389.9,1792
2026-07-18 00:30:00+00:00,7.1123,7.1376,7.0205,7.049,3460.6,205
2026-07-18 01:00:00+00:00,7.0664,7.0884,6.916,7.03,26611.6,235
2026-07-18 01:30:00+00:00,7.0101,7.1639,7.0,7.1182,32100.1,839
2026-07-18 02:00:00+00:00,7.1188,7.1639,7.0706,7.1288,3489.6,173
2026-07-18 02:30:00+00:00,7.1288,7.1639,7.0764,7.1142,5606.7,197
2026-07-18 03:00:00+00:00,7.1225,7.1629,7.0972,7.1448,2349.4,276
2026-07-18 03:30:00+00:00,7.1358,7.15,6.9218,7.0006,12688.5,420
2026-07-18 04:00:00+00:00,7.0006,7.0899,6.9331,7.0368,8759.5,374
2026-07-18 04:30:00+00:00,7.0368,7.0657,6.91,6.9979,15552.8,275
2026-07-18 05:00:00+00:00,6.998,7.161,6.9636,7.1304,39421.6,423
2026-07-18 05:30:00+00:00,7.1464,7.1639,7.1209,7.123,3924.8,249
2026-07-18 06:00:00+00:00,7.1415,7.2776,7.1209,7.186,53077.1,857
2026-07-18 06:30:00+00:00,7.161,7.199,7.1238,7.1462,6603.8,425
2026-07-18 07:00:00+00:00,7.1453,7.164,6.96,7.034,35843.2,416
2026-07-18 07:30:00+00:00,7.032,7.116,7.0139,7.0317,5602.5,302
2026-07-18 08:00:00+00:00,7.0442,7.1224,7.011,7.0494,5653.3,449
2026-07-18 08:30:00+00:00,7.0494,7.1176,7.0,7.1176,12322.3,798
2026-07-18 09:00:00+00:00,7.1012,7.174,7.1012,7.1443,7490.0,549
2026-07-18 09:30:00+00:00,7.1445,7.1676,7.048,7.0778,3395.4,235
2026-07-18 10:00:00+00:00,7.1192,7.1349,7.0518,7.0924,11094.5,778
2026-07-18 10:30:00+00:00,7.1046,7.1588,7.078,7.1253,6681.9,454
2026-07-18 11:00:00+00:00,7.1253,7.1767,7.1011,7.1322,9508.0,616
2026-07-18 11:30:00+00:00,7.161,7.168,7.1001,7.1595,9614.3,810
2026-07-18 12:00:00+00:00,7.158,7.17,7.128,7.141,11061.2,745
2026-07-18 12:30:00+00:00,7.14,7.162,7.1023,7.1407,11820.8,600
2026-07-18 13:00:00+00:00,7.1498,7.1767,7.1372,7.1601,12315.6,466
2026-07-18 13:30:00+00:00,7.1683,7.1767,7.1,7.151,8495.8,606
2026-07-18 14:00:00+00:00,7.163,7.1795,7.1287,7.1499,6970.9,438
2026-07-18 14:30:00+00:00,7.1747,7.1897,7.138,7.1792,12966.4,398
2026-07-18 15:00:00+00:00,7.1891,7.1976,7.0499,7.108,15075.7,674
2026-07-18 15:30:00+00:00,7.1359,7.1668,7.0861,7.1603,8642.8,534
2026-07-18 16:00:00+00:00,7.1602,7.196,7.0864,7.158,12366.9,1056
2026-07-18 16:30:00+00:00,7.158,7.2167,6.9999,7.0848,36279.3,1259
2026-07-18 17:00:00+00:00,7.0953,7.0955,7.05,7.0787,9317.6,671
2026-07-18 17:30:00+00:00,7.0668,7.0955,7.013,7.0887,11211.4,678
2026-07-18 18:00:00+00:00,7.0954,7.1299,7.01,7.1105,10465.5,417
2026-07-18 18:30:00+00:00,7.1297,7.1855,7.0997,7.1672,10158.5,945
2026-07-18 19:00:00+00:00,7.1672,7.1987,7.1656,7.1878,11196.1,468
2026-07-18 19:30:00+00:00,7.1978,7.1987,7.1768,7.1851,5803.4,397
2026-07-18 20:00:00+00:00,7.1987,7.1999,7.1803,7.1894,5567.3,355
2026-07-18 20:30:00+00:00,7.1998,7.2,7.1799,7.1803,6353.9,340
2026-07-18 21:00:00+00:00,7.1979,7.2167,7.1286,7.143,11717.1,1833
2026-07-18 21:30:00+00:00,7.1449,7.25,7.0215,7.1455,17190.2,962
2026-07-18 22:00:00+00:00,7.1699,7.2358,7.104,7.2146,7151.7,461
2026-07-18 22:30:00+00:00,7.2317,7.24,7.2092,7.2338,7013.8,317
2026-07-18 23:00:00+00:00,7.2389,7.24,7.1671,7.218,8090.6,365
2026-07-18 23:30:00+00:00,7.2359,7.238,7.1709,7.2242,6151.8,548
2026-07-19 00:00:00+00:00,7.2357,7.2379,7.1803,7.216,7711.1,721
2026-07-19 00:30:00+00:00,7.209,7.24,7.1998,7.2085,6260.2,474
2026-07-19 01:00:00+00:00,7.2317,7.2346,7.2127,7.2241,5530.0,340
2026-07-19 01:30:00+00:00,7.2337,7.2346,7.1997,7.1997,5258.8,340
2026-07-19 02:00:00+00:00,7.1997,7.2333,7.18,7.2314,3742.7,242
2026-07-19 02:30:00+00:00,7.2072,7.235,7.1651,7.235,9337.1,393
2026-07-19 03:00:00+00:00,7.2205,7.24,7.2039,7.24,7609.1,353
2026-07-19 03:30:00+00:00,7.2287,7.245,7.2224,7.245,7550.8,340
2026-07-19 04:00:00+00:00,7.2303,7.2544,7.2291,7.2543,7018.8,358
2026-07-19 04:30:00+00:00,7.244,7.2566,7.2401,7.2566,6111.4,417
2026-07-19 05:00:00+00:00,7.2481,7.2587,7.1502,7.208,17971.9,484
2026-07-19 05:30:00+00:00,7.2006,7.258,7.1704,7.2,10329.9,606
2026-07-19 06:00:00+00:00,7.1807,7.2343,7.1659,7.2066,12031.3,1022
2026-07-19 06:30:00+00:00,7.235,7.249,7.173,7.2449,8478.0,762
2026-07-19 07:00:00+00:00,7.2342,7.2448,7.1847,7.2269,6965.8,452
2026-07-19 07:30:00+00:00,7.2196,7.2576,7.2062,7.2558,11390.7,589
2026-07-19 08:00:00+00:00,7.2489,7.2579,7.2002,7.239,7618.6,556
2026-07-19 08:30:00+00:00,7.2289,7.25,7.1804,7.2094,7833.9,606
2026-07-19 09:00:00+00:00,7.1972,7.24,7.1286,7.13,20834.5,894
2026-07-19 09:30:00+00:00,7.13,7.1968,7.0656,7.0656,10657.8,776
2026-07-19 10:00:00+00:00,7.0656,7.1884,7.021,7.0474,13661.7,535
2026-07-19 10:30:00+00:00,7.0474,7.0519,6.9701,6.9721,25775.4,995
2026-07-19 11:00:00+00:00,6.9803,7.068,6.9267,6.9588,43132.2,1386
2026-07-19 11:30:00+00:00,6.9597,6.9691,6.825,6.837,50725.9,1643
2026-07-19 12:00:00+00:00,6.837,6.8468,6.8145,6.8468,16959.5,977
2026-07-19 12:30:00+00:00,6.8402,6.8676,6.8101,6.816,13400.6,664
2026-07-19 13:00:00+00:00,6.816,6.8729,6.8132,6.8161,12894.0,566
2026-07-19 13:30:00+00:00,6.8179,6.8543,6.81,6.81,31124.9,507
2026-07-19 14:00:00+00:00,6.8101,6.8147,6.78,6.78,39358.7,463
2026-07-19 14:30:00+00:00,6.78,6.797,6.75,6.7599,18633.9,845
2026-07-19 15:00:00+00:00,6.759,6.93,6.62,6.85,119967.7,1944
2026-07-19 15:30:00+00:00,6.85,6.8888,6.7947,6.865,8676.2,409
2026-07-19 16:00:00+00:00,6.8584,6.9499,6.855,6.9254,13099.0,277
2026-07-19 16:30:00+00:00,6.9355,7.0,6.8612,6.9472,16010.7,796
2026-07-19 17:00:00+00:00,6.9472,6.9801,6.9046,6.9192,7354.4,382
2026-07-19 17:30:00+00:00,6.9192,6.9294,6.9039,6.9039,4721.0,140
2026-07-19 18:00:00+00:00,6.9039,6.9059,6.8616,6.8616,8203.7,173
2026-07-19 18:30:00+00:00,6.8601,6.8747,6.8005,6.8238,10640.5,234
2026-07-19 19:00:00+00:00,6.8237,6.828,6.8,6.8,6123.6,574
2026-07-19 19:30:00+00:00,6.8001,6.8237,6.7496,6.75,4773.5,193
2026-07-19 20:00:00+00:00,6.7501,6.8375,6.7501,6.805,7637.6,232
2026-07-19 20:30:00+00:00,6.8006,6.823,6.7501,6.788,4566.9,236
2026-07-19 21:00:00+00:00,6.78,6.8999,6.7499,6.8542,9341.4,629
2026-07-19 21:30:00+00:00,6.8472,6.8914,6.7581,6.7581,9880.1,418
2026-07-19 22:00:00+00:00,6.7581,6.85,6.7516,6.7548,6398.9,643
2026-07-19 22:30:00+00:00,6.7776,6.8274,6.751,6.753,8081.1,980
2026-07-19 23:00:00+00:00,6.753,6.8286,6.751,6.822,10063.0,724
2026-07-19 23:30:00+00:00,6.819,6.97,6.8,6.9539,29927.7,1351
2026-07-20 00:00:00+00:00,6.9627,7.024,6.9101,6.9963,26972.3,1403
2026-07-20 00:30:00+00:00,7.0055,7.0999,6.9655,7.044,28857.9,1278
2026-07-20 01:00:00+00:00,7.0438,7.134,7.0173,7.0929,39943.6,1205
2026-07-20 01:30:00+00:00,7.1065,7.134,6.96,6.9637,37126.0,1435
2026-07-20 02:00:00+00:00,6.9637,7.0487,6.7449,6.7695,55272.8,1283
2026-07-20 02:30:00+00:00,6.768,6.8099,6.73,6.776,11585.1,794
2026-07-20 03:00:00+00:00,6.7979,6.81,6.71,6.7526,62366.1,1402
2026-07-20 03:30:00+00:00,6.772,6.8098,6.71,6.7401,19319.8,1037
2026-07-20 04:00:00+00:00,6.7408,6.7744,6.7144,6.7414,10033.1,409
2026-07-20 04:30:00+00:00,6.7156,6.76,6.7111,6.7533,15457.9,532
2026-07-20 05:00:00+00:00,6.7518,6.865,6.715,6.7158,32822.1,953
2026-07-20 05:30:00+00:00,6.7158,6.7877,6.715,6.719,20927.8,811
2026-07-20 06:00:00+00:00,6.7279,6.741,6.7111,6.7175,13437.8,584
2026-07-20 06:30:00+00:00,6.724,6.7651,6.657,6.6942,63975.2,938
2026-07-20 07:00:00+00:00,6.6872,6.76,6.6787,6.694,10261.1,465
2026-07-20 07:30:00+00:00,6.6967,6.844,6.678,6.766,27821.6,976
2026-07-20 08:00:00+00:00,6.7661,6.8769,6.7197,6.7683,15435.9,922
2026-07-20 08:30:00+00:00,6.7635,6.773,6.6,6.6719,74318.7,769
2026-07-20 09:00:00+00:00,6.6518,6.6735,6.618,6.6188,10431.7,626
2026-07-20 09:30:00+00:00,6.6188,6.6659,6.585,6.606,14302.5,658
2026-07-20 10:00:00+00:00,6.6118,6.695,6.5367,6.6898,38980.4,952
2026-07-20 10:30:00+00:00,6.6862,6.745,6.6745,6.6866,15650.8,631
2026-07-20 11:00:00+00:00,6.6746,6.73,6.6159,6.691,20556.0,1002
2026-07-20 11:30:00+00:00,6.7248,6.73,6.6781,6.73,15681.5,680
2026-07-20 12:00:00+00:00,6.7234,6.736,6.664,6.6759,15631.4,757
2026-07-20 12:30:00+00:00,6.6759,6.716,6.664,6.6903,8818.5,821
2026-07-20 13:00:00+00:00,6.6792,6.7343,6.679,6.7258,31466.7,791
2026-07-20 13:30:00+00:00,6.7237,6.783,6.714,6.714,25149.0,753
2026-07-20 14:00:00+00:00,6.718,6.7332,6.71,6.71,9510.4,367
2026-07-20 14:30:00+00:00,6.71,6.7139,6.69,6.69,13154.4,288
2026-07-20 15:00:00+00:00,6.69,6.7066,6.6655,6.6655,12525.3,282
2026-07-20 15:30:00+00:00,6.6642,6.6759,6.64,6.6404,6623.8,300
2026-07-20 16:00:00+00:00,6.6404,6.6457,6.64,6.64,5436.9,209
2026-07-20 16:30:00+00:00,6.64,6.6457,6.64,6.64,6100.2,178
2026-07-20 17:00:00+00:00,6.64,6.6586,6.5333,6.593,51916.5,1094
2026-07-20 17:30:00+00:00,6.591,6.63,6.4556,6.4731,91549.3,458
2026-07-20 18:00:00+00:00,6.4693,6.59,6.4628,6.5301,9075.5,293
2026-07-20 18:30:00+00:00,6.5344,6.6263,6.4892,6.5725,11466.2,316
2026-07-20 19:00:00+00:00,6.5725,6.6263,6.554,6.6033,8887.0,407
2026-07-20 19:30:00+00:00,6.6004,6.6088,6.5767,6.578,412.6,28
2026-07-20 20:00:00+00:00,6.5758,6.8,6.5577,6.7198,42402.7,474
2026-07-20 20:30:00+00:00,6.7199,6.7675,6.4515,6.5,23706.6,555
2026-07-20 21:00:00+00:00,6.5,6.5115,6.45,6.4845,10787.4,438
2026-07-20 21:30:00+00:00,6.4743,6.5303,6.4605,6.5152,5867.1,336
2026-07-20 22:00:00+00:00,6.5147,6.6155,6.5147,6.55,13794.9,450
2026-07-20 22:30:00+00:00,6.55,6.6343,6.55,6.58,5838.9,195
2026-07-20 23:00:00+00:00,6.58,6.5935,6.544,6.56,6295.4,190
2026-07-20 23:30:00+00:00,6.5671,6.6137,6.56,6.56,16944.6,2278
2026-07-21 00:00:00+00:00,6.5601,6.6106,6.54,6.5403,20730.9,1125
2026-07-21 00:30:00+00:00,6.5426,6.5773,6.492,6.4991,24230.5,441
2026-07-21 01:00:00+00:00,6.5099,6.573,6.499,6.5241,22838.1,426
2026-07-21 01:30:00+00:00,6.5241,6.5673,6.4857,6.4862,13209.9,323
2026-07-21 02:00:00+00:00,6.4869,6.565,6.4857,6.5101,56487.0,431
2026-07-21 02:30:00+00:00,6.5101,6.5813,6.51,6.55,25431.5,314
2026-07-21 03:00:00+00:00,6.5546,6.7,6.54,6.698,17397.4,490
2026-07-21 03:30:00+00:00,6.6988,6.7686,6.6733,6.7155,60957.6,1028
2026-07-21 04:00:00+00:00,6.6994,6.7613,6.6823,6.749,40227.2,1867
2026-07-21 04:30:00+00:00,6.738,6.8399,6.7098,6.8294,61929.0,1421
2026-07-21 05:00:00+00:00,6.8294,6.84,6.7429,6.789,37543.4,1397
2026-07-21 05:30:00+00:00,6.7642,6.7841,6.6627,6.7699,37874.7,1238
2026-07-21 06:00:00+00:00,6.761,6.7833,6.6792,6.7648,37340.4,910
2026-07-21 06:30:00+00:00,6.7654,6.83,6.68,6.8132,71417.7,1587
2026-07-21 07:00:00+00:00,6.8135,6.84,6.78,6.8391,33448.6,1088
2026-07-21 07:30:00+00:00,6.827,6.8488,6.625,6.8016,58919.7,1489
2026-07-21 08:00:00+00:00,6.8021,6.83,6.735,6.8164,33149.9,1119
2026-07-21 08:30:00+00:00,6.8162,6.85,6.7821,6.8291,31858.7,1020
2026-07-21 09:00:00+00:00,6.8292,6.843,6.7755,6.8217,29726.9,871
2026-07-21 09:30:00+00:00,6.8289,6.8334,6.7666,6.8263,22775.8,1071
2026-07-21 10:00:00+00:00,6.8201,6.8242,6.75,6.7738,29079.2,799
2026-07-21 10:30:00+00:00,6.7709,6.813,6.7436,6.8045,11635.0,492
2026-07-21 11:00:00+00:00,6.7965,6.8263,6.7525,6.7904,14997.2,415
2026-07-21 11:30:00+00:00,6.7801,6.8217,6.751,6.751,21473.7,364
2026-07-21 12:00:00+00:00,6.7521,6.78,6.6888,6.6888,19242.3,425
2026-07-21 12:30:00+00:00,6.6901,6.7102,6.665,6.6651,11597.0,504
2026-07-21 13:00:00+00:00,6.67,6.7201,6.55,6.6548,44064.0,961
2026-07-21 13:30:00+00:00,6.649,6.7798,6.58,6.72,47804.4,1445
2026-07-21 14:00:00+00:00,6.7133,6.7669,6.6536,6.73,24708.7,865
2026-07-21 14:30:00+00:00,6.73,6.755,6.6281,6.6999,34036.5,1163
2026-07-21 15:00:00+00:00,6.6862,6.8455,6.6641,6.834,45186.5,916
2026-07-21 15:30:00+00:00,6.8429,6.8587,6.666,6.6671,58554.7,1393
2026-07-21 16:00:00+00:00,6.6796,6.8103,6.6586,6.8,24798.3,931
2026-07-21 16:30:00+00:00,6.791,6.8632,6.7572,6.7822,32134.6,917
2026-07-21 17:00:00+00:00,6.7716,6.8101,6.7603,6.7979,26183.4,996
2026-07-21 17:30:00+00:00,6.798,6.888,6.6829,6.847,45590.1,1336
2026-07-21 18:00:00+00:00,6.8584,6.884,6.8193,6.8494,25280.4,855
2026-07-21 18:30:00+00:00,6.8505,6.8604,6.7501,6.806,29068.8,848
2026-07-21 19:00:00+00:00,6.8206,6.8298,6.7511,6.7533,21953.0,880
2026-07-21 19:30:00+00:00,6.7651,6.8,6.6958,6.7361,30037.3,1089
2026-07-21 20:00:00+00:00,6.7438,6.7686,6.6199,6.6199,25073.4,696
2026-07-21 20:30:00+00:00,6.6276,6.6867,6.5801,6.633,12429.4,278
2026-07-21 21:00:00+00:00,6.6201,6.6577,6.601,6.601,10688.4,440
2026-07-21 21:30:00+00:00,6.6136,6.64,6.582,6.582,8748.5,448
2026-07-21 22:00:00+00:00,6.582,6.597,6.5763,6.5833,8367.8,150
2026-07-21 22:30:00+00:00,6.584,6.68,6.58,6.6342,28884.0,2391
2026-07-21 23:00:00+00:00,6.6488,6.67,6.5905,6.61,15038.1,735
2026-07-21 23:30:00+00:00,6.61,6.6681,6.6,6.6002,9242.5,222
2026-07-22 00:00:00+00:00,6.6002,6.6538,6.6002,6.601,16313.6,692
2026-07-22 00:30:00+00:00,6.6132,6.7992,6.601,6.7528,54871.8,1292
2026-07-22 01:00:00+00:00,6.75,6.8887,6.7206,6.8795,52868.7,1051
2026-07-22 01:30:00+00:00,6.8658,6.8895,6.764,6.83,35406.7,987
2026-07-22 02:00:00+00:00,6.8046,6.886,6.7429,6.8,41746.5,810
2026-07-22 02:30:00+00:00,6.7896,6.8,6.75,6.8,25106.0,436
2026-07-22 03:00:00+00:00,6.793,6.8499,6.782,6.8371,24288.6,529
2026-07-22 03:30:00+00:00,6.8258,6.8957,6.782,6.875,38405.5,837
2026-07-22 04:00:00+00:00,6.8654,6.8755,6.7548,6.7548,12990.1,482
2026-07-22 04:30:00+00:00,6.7545,6.7734,6.61,6.61,45172.1,888
2026-07-22 05:00:00+00:00,6.6101,6.6804,6.5807,6.627,53085.9,1003
2026-07-22 05:30:00+00:00,6.6269,6.664,6.585,6.6,16599.8,531
2026-07-22 06:00:00+00:00,6.5885,6.609,6.5763,6.5839,11341.9,374
2026-07-22 06:30:00+00:00,6.5804,6.6009,6.55,6.58,23017.9,531
2026-07-22 07:00:00+00:00,6.5763,6.6001,6.528,6.5509,34081.3,827
2026-07-22 07:30:00+00:00,6.5492,6.6952,6.445,6.4701,177719.2,2266
2026-07-22 08:00:00+00:00,6.467,6.532,6.4394,6.4793,47266.6,727
2026-07-22 08:30:00+00:00,6.47,6.515,6.44,6.4402,19675.8,691
2026-07-22 09:00:00+00:00,6.4435,6.4852,6.4395,6.4395,20770.8,533
2026-07-22 09:30:00+00:00,6.4468,6.4562,6.4192,6.42,28264.8,490
2026-07-22 10:00:00+00:00,6.42,6.4407,6.42,6.423,18364.9,451
2026-07-22 10:30:00+00:00,6.4265,6.44,6.4227,6.4251,11911.2,310
2026-07-22 11:00:00+00:00,6.4333,6.5,6.4252,6.4544,36960.8,822
2026-07-22 11:30:00+00:00,6.4556,6.465,6.415,6.4217,30987.4,455
2026-07-22 12:00:00+00:00,6.4201,6.45,6.411,6.4159,30071.2,342
2026-07-22 12:30:00+00:00,6.4159,6.4457,6.412,6.4317,11693.5,317
2026-07-22 13:00:00+00:00,6.4376,6.5,6.4244,6.43,36555.8,726
2026-07-22 13:30:00+00:00,6.4362,6.5505,6.43,6.4879,31972.7,1330
2026-07-22 14:00:00+00:00,6.4865,6.4917,6.4365,6.452,15550.8,657
2026-07-22 14:30:00+00:00,6.4609,6.4748,6.4501,6.4535,17785.1,473
2026-07-22 15:00:00+00:00,6.4629,6.4702,6.4214,6.4284,36596.7,535
2026-07-22 15:30:00+00:00,6.4281,6.4378,6.42,6.434,28261.1,990
2026-07-22 16:00:00+00:00,6.4339,6.4376,6.4202,6.4273,12786.4,951
2026-07-22 16:30:00+00:00,6.4274,6.4679,6.4201,6.428,23628.6,1076
2026-07-22 17:00:00+00:00,6.428,6.4466,6.42,6.4235,23499.7,1191
2026-07-22 17:30:00+00:00,6.4234,6.432,6.42,6.432,10980.9,977
2026-07-22 18:00:00+00:00,6.4318,6.433,6.411,6.4198,14911.2,831
2026-07-22 18:30:00+00:00,6.42,6.427,6.41,6.414,13867.6,1347
2026-07-22 19:00:00+00:00,6.414,6.4248,6.41,6.416,15189.3,1189
2026-07-22 19:30:00+00:00,6.4155,6.4206,6.41,6.4169,16072.7,1076
2026-07-22 20:00:00+00:00,6.4195,6.4254,6.41,6.41,11008.8,1159
2026-07-22 20:30:00+00:00,6.4185,6.4236,6.404,6.4118,14587.6,1215
2026-07-22 21:00:00+00:00,6.4118,6.4261,6.3737,6.3737,37719.8,1559
2026-07-22 21:30:00+00:00,6.3838,6.399,6.3636,6.366,25659.4,1016
2026-07-22 22:00:00+00:00,6.39,6.3999,6.3601,6.3796,11401.4,801
2026-07-22 22:30:00+00:00,6.379,6.4,6.363,6.363,9424.7,904
2026-07-22 23:00:00+00:00,6.3688,6.4079,6.3586,6.3587,9166.6,870
2026-07-22 23:30:00+00:00,6.3622,6.3801,6.35,6.35,15682.0,930
2026-07-23 00:00:00+00:00,6.3582,6.3603,6.35,6.35,9850.4,1039
2026-07-23 00:30:00+00:00,6.3548,6.3548,6.31,6.32,46753.7,843
2026-07-23 01:00:00+00:00,6.3244,6.4207,6.32,6.369,29108.7,881
2026-07-23 01:30:00+00:00,6.3867,6.646,6.3538,6.4702,57437.2,1230
2026-07-23 02:00:00+00:00,6.49,6.6344,6.4561,6.488,57004.3,1734
2026-07-23 02:30:00+00:00,6.5014,6.5103,6.4534,6.4749,26954.9,888
2026-07-23 03:00:00+00:00,6.5031,6.5039,6.447,6.447,20741.5,798
2026-07-23 03:30:00+00:00,6.4553,6.4585,6.4,6.437,24886.3,773
2026-07-23 04:00:00+00:00,6.45,6.5,6.4381,6.476,19328.4,720
2026-07-23 04:30:00+00:00,6.4898,6.5258,6.4532,6.4994,21540.4,843
2026-07-23 05:00:00+00:00,6.5153,6.5161,6.4737,6.507,21657.7,684
2026-07-23 05:30:00+00:00,6.5069,6.62,6.4958,6.6066,47120.2,1147
2026-07-23 06:00:00+00:00,6.615,6.618,6.46,6.5322,83791.9,1406
2026-07-23 06:30:00+00:00,6.5409,6.5506,6.4375,6.4727,43927.0,1023
2026-07-23 07:00:00+00:00,6.4727,6.51,6.4616,6.4992,21763.6,751
2026-07-23 07:30:00+00:00,6.5059,6.54,6.484,6.5063,30054.3,836
2026-07-23 08:00:00+00:00,6.4994,6.6099,6.4677,6.5477,65371.3,1095
2026-07-23 08:30:00+00:00,6.548,6.66,6.5304,6.6401,66605.0,1162
2026-07-23 09:00:00+00:00,6.6496,6.671,6.5,6.6411,130143.3,1551
2026-07-23 09:30:00+00:00,6.6346,6.6873,6.6252,6.6348,35570.0,787
2026-07-23 10:00:00+00:00,6.6513,6.7306,6.6,6.7306,66608.4,1121
2026-07-23 10:30:00+00:00,6.7204,6.7302,6.68,6.6885,41906.9,809
2026-07-23 11:00:00+00:00,6.6995,6.7298,6.655,6.6668,37185.3,1162
2026-07-23 11:30:00+00:00,6.6672,6.69,6.5801,6.6096,31610.7,1137
2026-07-23 12:00:00+00:00,6.601,6.6499,6.5569,6.5739,40131.6,1283
2026-07-23 12:30:00+00:00,6.5931,6.6068,6.536,6.5435,35085.0,1011
2026-07-23 13:00:00+00:00,6.5436,6.6205,6.5436,6.6014,51572.1,1229
2026-07-23 13:30:00+00:00,6.6015,6.68,6.5777,6.6001,37478.1,1047
2026-07-23 14:00:00+00:00,6.6001,6.6804,6.5504,6.6267,58072.7,1247
2026-07-23 14:30:00+00:00,6.6274,6.68,6.5898,6.6037,24144.3,662
2026-07-23 15:00:00+00:00,6.6041,6.6185,6.5501,6.5586,30589.5,1001
2026-07-23 15:30:00+00:00,6.5588,6.6,6.5506,6.5902,22689.2,585
2026-07-23 16:00:00+00:00,6.5755,6.5941,6.55,6.5594,21645.6,545
2026-07-23 16:30:00+00:00,6.5594,6.6132,6.5541,6.5689,17826.1,791
2026-07-23 17:00:00+00:00,6.5791,6.5843,6.53,6.5407,26437.2,536
2026-07-23 17:30:00+00:00,6.533,6.5958,6.53,6.5393,25034.2,609
2026-07-23 18:00:00+00:00,6.5323,6.5523,6.502,6.5092,23406.1,782
2026-07-23 18:30:00+00:00,6.5095,6.5158,6.501,6.5078,16378.8,773
2026-07-23 19:00:00+00:00,6.5011,6.5133,6.47,6.4758,14942.9,617
2026-07-23 19:30:00+00:00,6.4826,6.487,6.4245,6.4351,27780.3,922
2026-07-23 20:00:00+00:00,6.4269,6.495,6.42,6.4213,20136.2,762
2026-07-23 20:30:00+00:00,6.4217,6.4905,6.42,6.4497,18122.1,838
2026-07-23 21:00:00+00:00,6.4338,6.474,6.42,6.4321,19456.5,836
2026-07-23 21:30:00+00:00,6.4241,6.4684,6.39,6.418,53635.5,886
2026-07-23 22:00:00+00:00,6.3971,6.4128,6.3701,6.3805,25282.7,777
2026-07-23 22:30:00+00:00,6.3701,6.4133,6.3701,6.3837,22528.4,723
2026-07-23 23:00:00+00:00,6.3788,6.4087,6.37,6.3788,19949.3,604
2026-07-23 23:30:00+00:00,6.3713,6.3951,6.3571,6.371,22637.0,712
2026-07-24 00:00:00+00:00,6.3633,6.3835,6.3501,6.3601,23638.0,1037
2026-07-24 00:30:00+00:00,6.364,6.3712,6.3301,6.3628,60968.9,1433
2026-07-24 01:00:00+00:00,6.3554,6.4817,6.3554,6.417,31968.1,898
2026-07-24 01:30:00+00:00,6.4113,6.55,6.4113,6.4768,53952.6,809
2026-07-24 02:00:00+00:00,6.4261,6.578,6.4,6.4136,63420.8,1606
2026-07-24 02:30:00+00:00,6.4131,6.4146,6.35,6.3555,33384.7,1036
2026-07-24 03:00:00+00:00,6.3555,6.48,6.339,6.4751,54727.6,1443
2026-07-24 03:30:00+00:00,6.4744,6.4856,6.436,6.4682,38303.8,1205
2026-07-24 04:00:00+00:00,6.4643,6.52,6.4425,6.4578,45289.3,1135
2026-07-24 04:30:00+00:00,6.4519,6.4637,6.411,6.4494,22763.3,620
2026-07-24 05:00:00+00:00,6.4484,6.5098,6.4307,6.4907,39155.8,976
2026-07-24 05:30:00+00:00,6.4907,6.4908,6.4323,6.4798,31957.7,862
2026-07-24 06:00:00+00:00,6.4797,6.49,6.4502,6.4603,25675.7,978
2026-07-24 06:30:00+00:00,6.4568,6.55,6.4502,6.4778,65257.8,1406
2026-07-24 07:00:00+00:00,6.4851,6.5033,6.402,6.4291,41173.1,1127
2026-07-24 07:30:00+00:00,6.4286,6.453,6.37,6.3959,86192.4,1174
2026-07-24 08:00:00+00:00,6.3959,6.405,6.3721,6.3832,31106.9,1033
2026-07-24 08:30:00+00:00,6.3899,6.438,6.374,6.395,22739.1,720
2026-07-24 09:00:00+00:00,6.3944,6.43,6.3876,6.394,21734.4,697
2026-07-24 09:30:00+00:00,6.3939,6.4124,6.3876,6.3975,18131.2,814
2026-07-24 10:00:00+00:00,6.3965,6.42,6.3876,6.3927,36738.1,835
2026-07-24 10:30:00+00:00,6.3883,6.4,6.371,6.3793,35019.1,738
2026-07-24 11:00:00+00:00,6.3718,6.3886,6.371,6.3802,23710.7,837
2026-07-24 11:30:00+00:00,6.3771,6.4248,6.3711,6.4163,86410.2,1063
2026-07-24 12:00:00+00:00,6.4143,6.4247,6.3856,6.3881,42474.8,1035
2026-07-24 12:30:00+00:00,6.3955,6.4018,6.3742,6.379,22905.9,685
2026-07-24 13:00:00+00:00,6.3789,6.4216,6.3714,6.3714,28936.2,992
2026-07-24 13:30:00+00:00,6.372,6.432,6.3268,6.363,135258.1,1804
2026-07-24 14:00:00+00:00,6.3713,6.3793,6.3,6.3122,88922.2,1190
2026-07-24 14:30:00+00:00,6.3125,6.3231,6.2928,6.311,76635.9,1128
2026-07-24 15:00:00+00:00,6.311,6.3504,6.2932,6.296,41757.0,776
2026-07-24 15:30:00+00:00,6.3017,6.3111,6.294,6.2942,19209.0,721
2026-07-24 16:00:00+00:00,6.3009,6.308,6.292,6.2966,28218.2,1120
2026-07-24 16:30:00+00:00,6.2967,6.305,6.29,6.2938,42404.0,1008
2026-07-24 17:00:00+00:00,6.2936,6.2946,6.2527,6.254,125037.0,1396
2026-07-24 17:30:00+00:00,6.255,6.2682,6.2413,6.2445,34560.0,945
2026-07-24 18:00:00+00:00,6.2509,6.2657,6.21,6.222,70745.4,1469
2026-07-24 18:30:00+00:00,6.2208,6.2394,6.2077,6.2153,43347.4,1676
2026-07-24 19:00:00+00:00,6.2208,6.2208,6.11,6.1381,163020.3,1291
2026-07-24 19:30:00+00:00,6.1377,6.1447,6.0624,6.1264,153986.0,1487
2026-07-24 20:00:00+00:00,6.1262,6.1608,6.1195,6.1379,32216.8,850
2026-07-24 20:30:00+00:00,6.1379,6.174,6.1105,6.118,23510.5,481
2026-07-24 21:00:00+00:00,6.1179,6.12,6.1133,6.12,8272.6,297
2026-07-24 21:30:00+00:00,6.12,6.1767,6.1196,6.1496,16925.8,489
2026-07-24 22:00:00+00:00,6.1487,6.3,6.1465,6.2322,29833.8,732
2026-07-24 22:30:00+00:00,6.2339,6.2848,6.2161,6.2511,16236.6,747
2026-07-24 23:00:00+00:00,6.2481,6.2653,6.2138,6.2274,15791.3,776
2026-07-24 23:30:00+00:00,6.2202,6.2301,6.1329,6.1814,27510.5,942
2026-07-25 00:00:00+00:00,6.1728,6.1803,6.1282,6.1409,18316.8,768
2026-07-25 00:30:00+00:00,6.1343,6.145,6.06,6.0751,36648.1,1041
2026-07-25 01:00:00+00:00,6.0722,6.107,6.06,6.06,32091.6,857
2026-07-25 01:30:00+00:00,6.0603,6.0738,6.0472,6.0472,31350.7,953
2026-07-25 02:00:00+00:00,6.0468,6.1955,6.0423,6.0708,47421.1,1357
2026-07-25 02:30:00+00:00,6.0708,6.0938,6.06,6.0744,32771.5,1266
2026-07-25 03:00:00+00:00,6.0674,6.1,6.05,6.0625,28478.8,957
2026-07-25 03:30:00+00:00,6.0602,6.0881,6.0211,6.0454,59494.9,1047
2026-07-25 04:00:00+00:00,6.0396,6.0809,6.0233,6.0412,30191.2,1343
2026-07-25 04:30:00+00:00,6.0416,6.083,6.0312,6.0548,39326.9,1036
2026-07-25 05:00:00+00:00,6.0498,6.14,6.0459,6.051,38117.2,949
2026-07-25 05:30:00+00:00,6.0492,6.0818,6.0315,6.0497,35524.4,890
2026-07-25 06:00:00+00:00,6.0379,6.05,6.0215,6.023,35017.1,999
2026-07-25 06:30:00+00:00,6.0226,6.0471,6.0,6.0054,123606.6,1149
2026-07-25 07:00:00+00:00,6.0052,6.039,6.005,6.0157,46194.0,906
2026-07-25 07:30:00+00:00,6.0123,6.049,6.011,6.043,59537.9,1430
2026-07-25 08:00:00+00:00,6.0372,6.048,6.016,6.0298,19824.6,722
2026-07-25 08:30:00+00:00,6.0191,6.0379,6.0088,6.0145,14714.2,592
2026-07-25 09:00:00+00:00,6.0089,6.0152,6.0036,6.0124,50562.6,789
2026-07-25 09:30:00+00:00,6.0073,6.04,6.0036,6.0212,58615.7,1082
2026-07-25 10:00:00+00:00,6.0223,6.0354,6.012,6.0145,21896.2,1024
2026-07-25 10:30:00+00:00,6.0134,6.036,6.012,6.0136,21019.2,1288
2026-07-25 11:00:00+00:00,6.0124,6.0319,6.01,6.0165,23420.1,1099
2026-07-25 11:30:00+00:00,6.014,6.03,6.01,6.0198,12837.2,555
2026-07-25 12:00:00+00:00,6.0101,6.13,6.01,6.1098,200145.9,1817
2026-07-25 12:30:00+00:00,6.1029,6.1157,6.0602,6.074,31691.9,867
2026-07-25 13:00:00+00:00,6.0629,6.0759,6.0,6.006,487968.0,840
2026-07-25 13:30:00+00:00,6.0031,6.4122,6.0,6.1626,358958.1,4201
2026-07-25 14:00:00+00:00,6.1659,6.45,6.1532,6.3484,97953.0,2030
2026-07-25 14:30:00+00:00,6.3475,6.5,6.2838,6.307,124142.8,2535
2026-07-25 15:00:00+00:00,6.3077,6.3089,6.23,6.246,35389.7,1302
2026-07-25 15:30:00+00:00,6.2494,6.398,6.245,6.3879,63940.5,1642
2026-07-25 16:00:00+00:00,6.3882,6.4207,6.1674,6.2061,194897.7,2029
2026-07-25 16:30:00+00:00,6.207,6.2189,6.1877,6.2017,29518.8,986
2026-07-25 17:00:00+00:00,6.1944,6.2653,6.146,6.17,35829.5,1097
2026-07-25 17:30:00+00:00,6.1699,6.1833,6.143,6.1508,25141.0,1135
2026-07-25 18:00:00+00:00,6.1499,6.1777,6.024,6.1061,75506.4,1336
2026-07-25 18:30:00+00:00,6.106,6.1263,6.0684,6.1106,23671.9,875
2026-07-25 19:00:00+00:00,6.1154,6.1188,6.056,6.095,29254.3,955
2026-07-25 19:30:00+00:00,6.0932,6.1154,6.036,6.047,22297.5,949
2026-07-25 20:00:00+00:00,6.0468,6.0582,6.022,6.0343,24602.8,937
2026-07-25 20:30:00+00:00,6.0325,6.1711,6.0303,6.0465,30475.3,803
2026-07-25 21:00:00+00:00,6.0448,6.0453,6.011,6.0122,38012.2,678
2026-07-25 21:30:00+00:00,6.0196,6.0208,6.01,6.01,17934.4,550
2026-07-25 22:00:00+00:00,6.0137,6.0175,6.01,6.0123,23912.0,771
2026-07-25 22:30:00+00:00,6.0114,6.0245,6.0,6.0,48204.2,740
2026-07-25 23:00:00+00:00,6.0032,6.025,5.99,6.0213,32340.7,638
2026-07-25 23:30:00+00:00,6.0191,6.1759,5.9868,6.1473,67346.3,1268
2026-07-26 00:00:00+00:00,6.1537,6.1682,6.0994,6.1048,28014.3,1046
2026-07-26 00:30:00+00:00,6.1048,6.16,6.0796,6.1116,30573.3,850
2026-07-26 01:00:00+00:00,6.111,6.1157,6.08,6.0835,25613.7,644
2026-07-26 01:30:00+00:00,6.0928,6.2653,6.08,6.1003,31692.4,815
2026-07-26 02:00:00+00:00,6.1071,6.1205,6.08,6.09,19652.8,717
2026-07-26 02:30:00+00:00,6.0901,6.25,6.0803,6.2124,49107.8,1177
2026-07-26 03:00:00+00:00,6.2123,6.2221,6.2,6.2033,42931.2,712
2026-07-26 03:30:00+00:00,6.206,6.2324,6.2,6.2057,27045.1,744
2026-07-26 04:00:00+00:00,6.2059,6.2088,6.1151,6.1492,29988.4,727
2026-07-26 04:30:00+00:00,6.1485,6.1494,6.1115,6.122,26040.9,619
2026-07-26 05:00:00+00:00,6.119,6.1293,6.0808,6.1,30617.7,659
2026-07-26 05:30:00+00:00,6.1078,6.1289,6.1,6.1194,26671.0,601
2026-07-26 06:00:00+00:00,6.112,6.1286,6.1,6.1,21111.6,525
2026-07-26 06:30:00+00:00,6.1084,6.1613,6.1,6.1446,30935.5,605
2026-07-26 07:00:00+00:00,6.1391,6.1589,6.09,6.094,26413.5,462
2026-07-26 07:30:00+00:00,6.0968,6.1012,6.0844,6.09,16242.4,373
2026-07-26 08:00:00+00:00,6.0917,6.1076,6.0845,6.088,26816.3,530
2026-07-26 08:30:00+00:00,6.0844,6.1101,6.0801,6.1013,18066.5,337
2026-07-26 09:00:00+00:00,6.1099,6.1557,6.1,6.1313,42798.0,1114
2026-07-26 09:30:00+00:00,6.1283,6.1962,6.126,6.1556,70418.0,7208
2026-07-26 10:00:00+00:00,6.1549,6.246,6.138,6.2163,75123.9,9711
2026-07-26 10:30:00+00:00,6.215,6.25,6.1208,6.1296,51601.6,8665
2026-07-26 11:00:00+00:00,6.1323,6.1672,6.116,6.1565,54254.1,6360
2026-07-26 11:30:00+00:00,6.1536,6.3116,6.1522,6.2894,111468.6,9876
2026-07-26 12:00:00+00:00,6.2893,6.352,6.2823,6.3348,100427.8,10203
2026-07-26 12:30:00+00:00,6.3342,6.487,6.3139,6.4266,207504.5,14027
2026-07-26 13:00:00+00:00,6.4265,6.625,6.34,6.5548,293646.3,12846
2026-07-26 13:30:00+00:00,6.5446,6.63,6.36,6.4549,259256.0,5286
2026-07-26 14:00:00+00:00,6.4452,6.535,6.3,6.4797,215714.2,5492
2026-07-26 14:30:00+00:00,6.4797,6.548,6.4471,6.47,95622.7,3197
2026-07-26 15:00:00+00:00,6.4699,6.4927,6.3754,6.3913,107855.7,3694
2026-07-26 15:30:00+00:00,6.3877,6.4166,6.3001,6.3203,156564.0,4007
2026-07-26 16:00:00+00:00,6.3266,6.3771,6.25,6.2837,129224.8,3166
2026-07-26 16:30:00+00:00,6.289,6.3455,6.2801,6.2978,87726.0,2860
2026-07-26 17:00:00+00:00,6.3028,6.4383,6.1682,6.3462,263611.6,3358
2026-07-26 17:30:00+00:00,6.3509,6.3628,6.2911,6.2929,38660.9,2406
2026-07-26 18:00:00+00:00,6.2955,6.309,6.1568,6.171,61242.9,3611
2026-07-26 18:30:00+00:00,6.1736,6.3996,6.17,6.392,110314.6,5108
2026-07-26 19:00:00+00:00,6.378,6.3992,6.21,6.2273,63784.1,4076
2026-07-26 19:30:00+00:00,6.2278,6.3812,6.2222,6.2921,51920.4,2585
2026-07-26 20:00:00+00:00,6.2969,6.4721,6.2632,6.4166,110701.1,3420
2026-07-26 20:30:00+00:00,6.4139,6.5,6.36,6.4556,64111.7,2953
2026-07-26 21:00:00+00:00,6.4636,6.5,6.4218,6.4897,67829.2,3281
2026-07-26 21:30:00+00:00,6.4897,6.498,6.21,6.32,74343.1,3784
2026-07-26 22:00:00+00:00,6.3114,6.5023,6.2593,6.2846,119790.2,4256
2026-07-26 22:30:00+00:00,6.2813,6.445,6.25,6.3784,80439.5,3706
2026-07-26 23:00:00+00:00,6.3847,6.52,6.3803,6.4671,90593.7,3702
2026-07-26 23:30:00+00:00,6.4674,6.5885,6.4399,6.532,102363.7,4442
2026-07-27 00:00:00+00:00,6.532,7.1769,6.52,6.8224,1214250.8,11539
2026-07-27 00:30:00+00:00,6.8142,6.8298,6.4517,6.6321,495910.0,8956
2026-07-27 01:00:00+00:00,6.6231,7.2702,6.3174,7.14,2338296.4,16679
2026-07-27 01:30:00+00:00,7.123,7.1546,5.964,6.81,7843035.4,30949
2026-07-27 02:00:00+00:00,6.81,7.1,6.6219,6.965,2688484.7,18790
2026-07-27 02:30:00+00:00,6.965,7.25,6.7,7.1047,2555614.8,21474
2026-07-27 03:00:00+00:00,7.1047,7.5889,7.02,7.4458,2959339.5,16317
2026-07-27 03:30:00+00:00,7.4458,7.69,7.4035,7.6017,1187074.2,19536
2026-07-27 04:00:00+00:00,7.5969,7.664,7.45,7.4618,683703.3,38748
2026-07-27 04:30:00+00:00,7.4552,7.632,7.45,7.632,932540.9,29368
2026-07-27 05:00:00+00:00,7.631,7.75,7.214,7.3,2224559.7,17426
2026-07-27 05:30:00+00:00,7.3055,7.3179,6.945,7.0897,1626567.1,12526
2026-07-27 06:00:00+00:00,7.0921,7.0956,6.8111,7.045,1849984.4,14000
2026-07-27 06:30:00+00:00,7.0565,7.0694,6.8456,6.9876,760435.9,6703
2026-07-27 07:00:00+00:00,6.982,7.0,6.8633,6.8816,562747.9,7498
2026-07-27 07:30:00+00:00,6.8824,6.964,6.8544,6.9506,411211.3,22505
2026-07-27 08:00:00+00:00,6.9534,6.96,6.8376,6.948,276708.9,10898
2026-07-27 08:30:00+00:00,6.9435,6.949,6.8788,6.9141,71294.9,7903
2026-07-27 09:00:00+00:00,6.9184,6.942,6.8576,6.8842,83621.7,5247
2026-07-27 09:30:00+00:00,6.8853,6.91,6.8376,6.8729,85204.0,9621
2026-07-27 10:00:00+00:00,6.8729,6.8865,6.8,6.8101,72671.2,7369
2026-07-27 10:30:00+00:00,6.8135,6.908,6.805,6.8988,112816.1,6457
2026-07-27 11:00:00+00:00,6.8997,6.91,6.83,6.83,86188.4,8963
2026-07-27 11:30:00+00:00,6.8301,6.8779,6.7932,6.8145,161117.4,5242
2026-07-27 12:00:00+00:00,6.8138,6.9,6.8071,6.9,124154.0,6363
2026-07-27 12:30:00+00:00,6.899,6.908,6.84,6.8517,94237.3,2523
2026-07-27 13:00:00+00:00,6.8502,6.8509,6.7559,6.79,178876.0,3068
2026-07-27 13:30:00+00:00,6.7832,6.7882,6.65,6.6687,334204.4,4453
2026-07-27 14:00:00+00:00,6.665,6.777,6.5834,6.6331,625553.0,5764
2026-07-27 14:30:00+00:00,6.6166,6.633,6.5177,6.5999,511061.9,5303
2026-07-27 15:00:00+00:00,6.5998,6.6,6.53,6.5449,165200.8,3415
2026-07-27 15:30:00+00:00,6.5433,6.6799,6.533,6.675,283358.3,3949
2026-07-27 16:00:00+00:00,6.6758,6.7752,6.5966,6.6963,357777.6,6667
2026-07-27 16:30:00+00:00,6.6963,6.7129,6.5991,6.6567,97960.1,3479
2026-07-27 17:00:00+00:00,6.6566,6.66,6.53,6.5451,148450.3,3252
2026-07-27 17:30:00+00:00,6.547,6.5732,6.53,6.5312,130729.1,2324
2026-07-27 18:00:00+00:00,6.5334,6.5667,6.5301,6.5578,90431.5,1756
2026-07-27 18:30:00+00:00,6.5578,6.5594,6.501,6.503,280127.6,2540
2026-07-27 19:00:00+00:00,6.5065,6.535,6.501,6.5306,79278.4,1410
2026-07-27 19:30:00+00:00,6.5304,6.675,6.5247,6.6511,129328.2,3278
2026-07-27 20:00:00+00:00,6.6502,6.6599,6.6219,6.6578,30995.9,2053
2026-07-27 20:30:00+00:00,6.659,6.6779,6.5882,6.6213,33277.0,2290
2026-07-27 21:00:00+00:00,6.6213,6.6899,6.6176,6.6496,27767.9,1809
2026-07-27 21:30:00+00:00,6.645,6.6661,6.642,6.6494,23557.1,887
2026-07-27 22:00:00+00:00,6.6472,6.648,6.5825,6.6097,39207.3,1479
2026-07-27 22:30:00+00:00,6.6062,6.6162,6.5687,6.5887,40195.6,1536
2026-07-27 23:00:00+00:00,6.5886,6.5915,6.5,6.5251,149984.5,2047
2026-07-27 23:30:00+00:00,6.5247,6.5337,6.4681,6.4829,58235.5,1043
2026-07-28 00:00:00+00:00,6.4827,6.5382,6.45,6.5211,89371.8,1467
2026-07-28 00:30:00+00:00,6.5211,6.688,6.521,6.57,194738.6,2553
2026-07-28 01:00:00+00:00,6.5698,6.695,6.32,6.3768,953343.4,7023
2026-07-28 01:30:00+00:00,6.3702,6.678,6.3,6.55,2184401.6,12347
2026-07-28 02:00:00+00:00,6.5475,6.7455,6.53,6.74,1632140.4,11074
2026-07-28 02:30:00+00:00,6.7277,6.746,6.558,6.7152,703314.9,7918
2026-07-28 03:00:00+00:00,6.7152,6.742,6.53,6.7073,894180.2,7937
2026-07-28 03:30:00+00:00,6.7012,7.0,6.7012,6.7572,737728.6,6597
2026-07-28 04:00:00+00:00,6.7616,6.7631,6.5111,6.6013,390280.0,5215
2026-07-28 04:30:00+00:00,6.6013,6.8,6.5889,6.6842,115386.5,2040
2026-07-28 05:00:00+00:00,6.6809,6.7878,6.5995,6.7571,565048.8,4486
2026-07-28 05:30:00+00:00,6.7533,6.85,6.73,6.8194,452684.1,5636
2026-07-28 06:00:00+00:00,6.8194,6.8194,6.622,6.7576,281365.4,4809
2026-07-28 06:30:00+00:00,6.7576,6.7712,6.642,6.6719,323221.3,3981
2026-07-28 07:00:00+00:00,6.6719,6.6835,6.5178,6.6128,263775.1,3315
2026-07-28 07:30:00+00:00,6.6127,6.675,6.5901,6.6505,72996.4,2022
2026-07-28 08:00:00+00:00,6.6505,6.6505,6.5618,6.6,89409.0,2415
2026-07-28 08:30:00+00:00,6.6014,6.65,6.5748,6.6192,32236.6,2263
2026-07-28 09:00:00+00:00,6.6218,6.6475,6.6156,6.6284,67777.0,1974
2026-07-28 09:30:00+00:00,6.6278,6.65,6.6164,6.6235,34262.6,1391
2026-07-28 10:00:00+00:00,6.6239,6.6417,6.6234,6.6234,36540.7,668
2026-07-28 10:30:00+00:00,6.6234,6.65,6.6234,6.6425,30761.2,1922
2026-07-28 11:00:00+00:00,6.6421,6.65,6.6195,6.6195,33999.8,1161
2026-07-28 11:30:00+00:00,6.6196,6.6296,6.6164,6.6263,22307.4,1112
2026-07-28 12:00:00+00:00,6.6262,6.6475,6.6137,6.6474,50999.0,1379
2026-07-28 12:30:00+00:00,6.6473,6.6671,6.6385,6.6601,37166.9,2409
2026-07-28 13:00:00+00:00,6.6601,6.68,6.66,6.6694,19836.4,1607
2026-07-28 13:30:00+00:00,6.6694,6.67,6.571,6.579,130974.4,5573
2026-07-28 14:00:00+00:00,6.5839,6.64,6.5638,6.575,129730.0,3619
2026-07-28 14:30:00+00:00,6.575,6.5899,6.555,6.5899,117072.0,5652
2026-07-28 15:00:00+00:00,6.5873,6.5977,6.5682,6.5969,35413.1,3353
2026-07-28 15:30:00+00:00,6.5971,6.667,6.557,6.6588,70047.8,4341
2026-07-28 16:00:00+00:00,6.6556,6.6726,6.6201,6.6659,45955.4,1949
2026-07-28 16:30:00+00:00,6.666,6.6723,6.6454,6.67,28598.6,1121
2026-07-28 17:00:00+00:00,6.6687,6.68,6.555,6.5881,122751.8,1854
2026-07-28 17:30:00+00:00,6.5812,6.6034,6.5788,6.5905,14968.4,435
2026-07-28 18:00:00+00:00,6.5902,6.6,6.5778,6.5778,19686.4,483
2026-07-28 18:30:00+00:00,6.5787,6.6148,6.5616,6.6093,23589.2,375
2026-07-28 19:00:00+00:00,6.6097,6.67,6.5598,6.6573,63137.8,1390
2026-07-28 19:30:00+00:00,6.6498,6.6699,6.5744,6.5744,12644.2,391
2026-07-28 20:00:00+00:00,6.5803,6.6277,6.5556,6.6123,16657.9,340
2026-07-28 20:30:00+00:00,6.6111,6.626,6.5976,6.6004,10024.3,118
2026-07-28 21:00:00+00:00,6.6003,6.6135,6.5976,6.5976,2858.3,94
2026-07-28 21:30:00+00:00,6.5978,6.6061,6.5976,6.6061,1184.1,38
2026-07-28 22:00:00+00:00,6.6043,6.63,6.6012,6.6185,9826.3,641
2026-07-28 22:30:00+00:00,6.6148,6.6199,6.45,6.4588,116025.0,5089
2026-07-28 23:00:00+00:00,6.458,6.6574,6.424,6.5761,85418.1,6139
2026-07-28 23:30:00+00:00,6.5778,6.68,6.5623,6.68,74284.2,6685
2026-07-29 00:00:00+00:00,6.6793,6.8888,6.6266,6.7356,346605.0,5195
2026-07-29 00:30:00+00:00,6.7357,6.7742,6.573,6.5832,225435.2,5976
2026-07-29 01:00:00+00:00,6.5817,6.6751,6.5,6.6104,398992.9,7850
2026-07-29 01:30:00+00:00,6.612,6.78,6.56,6.713,848313.3,7711
2026-07-29 02:00:00+00:00,6.713,6.8,6.6,6.7901,473323.5,11328
2026-07-29 02:30:00+00:00,6.7922,6.84,6.7411,6.758,361353.6,7400
2026-07-29 03:00:00+00:00,6.7587,6.881,6.6946,6.8304,361035.6,7448
2026-07-29 03:30:00+00:00,6.8305,6.84,6.772,6.8282,171264.1,2888
2026-07-29 04:00:00+00:00,6.8106,6.8227,6.7,6.7185,166993.1,3446
2026-07-29 04:30:00+00:00,6.7104,6.806,6.701,6.7729,173874.8,2227
2026-07-29 05:00:00+00:00,6.779,6.9959,6.762,6.9369,520586.8,4537
2026-07-29 05:30:00+00:00,6.94,7.3,6.94,7.2507,935489.3,9306
2026-07-29 06:00:00+00:00,7.2282,7.2525,7.04,7.1106,307246.2,3891
2026-07-29 06:30:00+00:00,7.1193,7.2,7.0236,7.1636,449420.6,5202
2026-07-29 07:00:00+00:00,7.1636,7.235,7.0757,7.1497,271301.7,10051
2026-07-29 07:30:00+00:00,7.1485,7.2776,7.14,7.196,290622.6,19242
2026-07-29 08:00:00+00:00,7.196,7.196,7.08,7.0991,181651.9,6521
2026-07-29 08:30:00+00:00,7.0986,7.1484,7.0644,7.0721,156727.5,14130
2026-07-29 09:00:00+00:00,7.0733,7.1431,7.041,7.1315,177838.3,10003
2026-07-29 09:30:00+00:00,7.1361,7.1489,7.13,7.135,107978.7,3340
2026-07-29 10:00:00+00:00,7.13,7.14,7.0643,7.0682,53190.6,861
2026-07-29 10:30:00+00:00,7.0708,7.1079,7.041,7.1015,49692.0,701
2026-07-29 11:00:00+00:00,7.1015,7.16,7.06,7.1254,55350.4,763
2026-07-29 11:30:00+00:00,7.1212,7.1699,7.0802,7.1628,66645.5,1248
2026-07-29 12:00:00+00:00,7.1662,7.18,7.062,7.1353,43222.1,993
2026-07-29 12:30:00+00:00,7.1353,7.141,7.1275,7.1387,18832.7,668
2026-07-29 13:00:00+00:00,7.1387,7.1535,7.1126,7.1458,53504.1,1190
2026-07-29 13:30:00+00:00,7.1347,7.1888,7.1129,7.1563,131459.4,2215
2026-07-29 14:00:00+00:00,7.155,7.2648,7.1547,7.2094,212719.7,3290
2026-07-29 14:30:00+00:00,7.2089,7.2293,7.2,7.2172,167612.4,1548
2026-07-29 15:00:00+00:00,7.2174,7.223,7.2,7.2061,129239.2,1348
2026-07-29 15:30:00+00:00,7.206,7.2098,7.15,7.1671,81428.6,1341
2026-07-29 16:00:00+00:00,7.1683,7.2117,7.1318,7.1721,100194.4,2118
2026-07-29 16:30:00+00:00,7.1836,7.2096,7.1361,7.1578,63827.7,2016
2026-07-29 17:00:00+00:00,7.161,7.2426,7.158,7.1926,70668.1,1998
2026-07-29 17:30:00+00:00,7.195,7.2098,7.1608,7.1706,41357.7,1737
2026-07-29 18:00:00+00:00,7.1787,7.25,7.156,7.1872,114422.0,2710
2026-07-29 18:30:00+00:00,7.1956,7.29,7.1726,7.2417,99438.3,2231
2026-07-29 19:00:00+00:00,7.2502,7.3,7.2047,7.2139,98795.6,2135
2026-07-29 19:30:00+00:00,7.2215,7.2594,7.1126,7.1185,114058.8,2738
2026-07-29 20:00:00+00:00,7.1278,7.1386,7.061,7.0611,130085.5,2081
2026-07-29 20:30:00+00:00,7.0679,7.09,7.061,7.061,36020.0,880
2026-07-29 21:00:00+00:00,7.0634,7.0699,7.0503,7.0567,42460.0,983
2026-07-29 21:30:00+00:00,7.0602,7.0753,7.041,7.0436,39454.9,779
2026-07-29 22:00:00+00:00,7.0479,7.1346,7.041,7.0761,124839.6,1850
2026-07-29 22:30:00+00:00,7.0764,7.1,7.0601,7.0632,65027.1,1260
2026-07-29 23:00:00+00:00,7.0695,7.13,7.0695,7.1149,134900.1,3181
2026-07-29 23:30:00+00:00,7.1189,7.1742,7.1002,7.152,97174.0,1792
2026-07-30 00:00:00+00:00,7.1544,7.1748,7.1004,7.1558,140764.5,2881
2026-07-30 00:30:00+00:00,7.1583,7.1683,7.06,7.111,152520.6,2507
2026-07-30 01:00:00+00:00,7.111,7.242,7.095,7.2024,235509.6,3236
2026-07-30 01:30:00+00:00,7.2068,7.6466,7.1131,7.3343,1319045.3,11378
2026-07-30 02:00:00+00:00,7.3331,7.3354,7.2,7.2374,299741.9,3914
2026-07-30 02:30:00+00:00,7.2277,7.2713,7.1,7.1182,449371.6,3947
2026-07-30 03:00:00+00:00,7.105,7.18,7.0667,7.0766,273394.6,2658
2026-07-30 03:30:00+00:00,7.0782,7.1445,7.0718,7.1436,81971.2,2240
2026-07-30 04:00:00+00:00,7.1249,7.1264,7.101,7.1073,34007.9,848
2026-07-30 04:30:00+00:00,7.1099,7.14,7.0866,7.116,78818.6,926
2026-07-30 05:00:00+00:00,7.1157,7.3444,6.9688,7.2832,633666.1,6207
2026-07-30 05:30:00+00:00,7.2832,7.479,7.27,7.4198,493121.4,5362
2026-07-30 06:00:00+00:00,7.4193,7.58,7.3338,7.51,496473.0,5033
2026-07-30 06:30:00+00:00,7.5116,7.54,7.405,7.4939,408357.4,3282
2026-07-30 07:00:00+00:00,7.4928,7.4946,7.44,7.484,141325.7,3820
2026-07-30 07:30:00+00:00,7.4837,7.5,7.4653,7.4799,155909.7,3488
2026-07-30 08:00:00+00:00,7.4761,7.485,7.415,7.4807,154237.1,2724
2026-07-30 08:30:00+00:00,7.4797,7.488,7.4525,7.475,62581.6,1741
2026-07-30 09:00:00+00:00,7.4756,7.4879,7.4558,7.4659,86431.7,1390
2026-07-30 09:30:00+00:00,7.4651,7.4753,7.4287,7.443,69487.5,1532
2026-07-30 10:00:00+00:00,7.443,7.4773,7.434,7.4715,55413.4,1107
2026-07-30 10:30:00+00:00,7.4712,7.4848,7.4569,7.4731,46760.4,1095
2026-07-30 11:00:00+00:00,7.4731,7.492,7.4645,7.4893,41504.8,802
2026-07-30 11:30:00+00:00,7.4894,7.4989,7.476,7.4942,43521.6,663
2026-07-30 12:00:00+00:00,7.4943,7.4998,7.4828,7.4932,52422.5,981
2026-07-30 12:30:00+00:00,7.4933,7.5816,7.4932,7.5438,112715.1,1841
2026-07-30 13:00:00+00:00,7.5432,7.5667,7.4841,7.5056,83991.0,1654
2026-07-30 13:30:00+00:00,7.5031,7.65,7.4856,7.6326,239352.5,2883
2026-07-30 14:00:00+00:00,7.6326,7.9718,7.57,7.8525,725301.4,7660
2026-07-30 14:30:00+00:00,7.852,7.98,7.7201,7.7398,418677.7,5306
2026-07-30 15:00:00+00:00,7.7338,7.78,7.71,7.7458,120580.1,2526
2026-07-30 15:30:00+00:00,7.7471,7.8177,7.743,7.7971,158436.0,1923
2026-07-30 16:00:00+00:00,7.7971,7.9,7.7642,7.8101,207452.6,3614
2026-07-30 16:30:00+00:00,7.8104,7.8104,7.76,7.7624,53629.4,1339
2026-07-30 17:00:00+00:00,7.7614,7.86,7.733,7.7616,64512.4,1181
2026-07-30 17:30:00+00:00,7.76,7.84,7.7596,7.8105,63835.7,1715
2026-07-30 18:00:00+00:00,7.8089,7.89,7.7873,7.7998,78333.5,1579
2026-07-30 18:30:00+00:00,7.8071,7.8828,7.755,7.7857,52789.0,1580
2026-07-30 19:00:00+00:00,7.788,7.8352,7.7777,7.8,34369.3,1330
2026-07-30 19:30:00+00:00,7.8038,7.8148,7.77,7.7718,30738.9,824
2026-07-30 20:00:00+00:00,7.7727,7.828,7.77,7.8233,21542.3,1129
2026-07-30 20:30:00+00:00,7.8218,7.8313,7.7999,7.8163,26882.3,1002
2026-07-30 21:00:00+00:00,7.8193,7.8313,7.7444,7.75,38116.4,1604
2026-07-30 21:30:00+00:00,7.752,8.0144,7.7444,7.9951,244485.6,6037
2026-07-30 22:00:00+00:00,7.9948,8.3694,7.9948,8.0709,560476.9,6695
2026-07-30 22:30:00+00:00,8.0709,8.17,7.79,8.1699,414682.1,8225
2026-07-30 23:00:00+00:00,8.1597,8.26,7.9606,8.0217,244172.8,6086
2026-07-30 23:30:00+00:00,8.029,8.1282,7.9605,8.1048,123833.6,3673
2026-07-31 00:00:00+00:00,8.0965,8.1707,8.0039,8.1042,124370.9,3097
2026-07-31 00:30:00+00:00,8.1069,8.23,8.0951,8.2174,193043.1,3568
2026-07-31 01:00:00+00:00,8.2146,8.35,8.1516,8.3223,398697.8,13108
2026-07-31 01:30:00+00:00,8.3221,8.3934,7.91,8.242,1217591.0,15342
2026-07-31 02:00:00+00:00,8.2396,8.2469,8.0,8.134,538135.4,22219
2026-07-31 02:30:00+00:00,8.1276,8.2671,8.0,8.0989,742902.6,14826
2026-07-31 03:00:00+00:00,8.0945,8.1493,7.9315,8.0799,427776.1,14972
2026-07-31 03:30:00+00:00,8.0755,8.15,7.93,8.0044,269490.6,9486
2026-07-31 04:00:00+00:00,8.0044,8.0044,7.86,7.9549,169913.4,3760
2026-07-31 04:30:00+00:00,7.956,8.15,7.9415,8.1428,148633.3,4688
2026-07-31 05:00:00+00:00,8.1389,8.2638,8.0825,8.1588,450587.0,9684
2026-07-31 05:30:00+00:00,8.1601,8.1676,7.9698,8.0113,234074.9,11724
2026-07-31 06:00:00+00:00,8.0122,8.0203,7.7716,7.951,414089.1,14554
2026-07-31 06:30:00+00:00,7.9501,7.9501,7.48,7.6599,678918.2,7966
2026-07-31 07:00:00+00:00,7.6543,7.6543,7.5,7.5817,266874.6,11011
2026-07-31 07:30:00+00:00,7.582,7.6482,7.5304,7.6412,138330.9,12199
2026-07-31 08:00:00+00:00,7.6356,7.6373,7.4001,7.4439,158243.3,12162
2026-07-31 08:30:00+00:00,7.4435,7.515,7.3801,7.4316,173786.4,16463
2026-07-31 09:00:00+00:00,7.4322,7.515,7.395,7.4183,112265.4,11128
2026-07-31 09:30:00+00:00,7.4223,7.4516,7.3801,7.3801,148447.6,7753
2026-07-31 10:00:00+00:00,7.3801,7.4739,7.3801,7.4399,83091.7,8017
2026-07-31 10:30:00+00:00,7.4341,7.49,7.4211,7.4397,69514.8,7872
2026-07-31 11:00:00+00:00,7.4412,7.4741,7.4344,7.4576,56640.8,4932
2026-07-31 11:30:00+00:00,7.4588,7.5519,7.4451,7.5429,80570.9,5074
2026-07-31 12:00:00+00:00,7.5458,7.5517,7.5,7.5323,46564.0,4277
2026-07-31 12:30:00+00:00,7.5303,7.6092,7.501,7.5295,56950.1,4551
2026-07-31 13:00:00+00:00,7.5329,7.638,7.5242,7.6306,53678.2,3636
2026-07-31 13:30:00+00:00,7.63,7.6321,7.51,7.5121,146918.3,6888
2026-07-31 14:00:00+00:00,7.5175,7.5523,7.425,7.5473,91221.7,2100
2026-07-31 14:30:00+00:00,7.5478,7.5772,7.5257,7.5514,35218.4,892
2026-07-31 15:00:00+00:00,7.5524,7.6299,7.5103,7.5196,67928.5,1647
2026-07-31 15:30:00+00:00,7.5202,7.5258,7.5,7.5121,40232.5,652
2026-07-31 16:00:00+00:00,7.521,7.5552,7.504,7.537,34381.0,472
2026-07-31 16:30:00+00:00,7.5343,7.5958,7.5343,7.5696,14168.5,389
2026-07-31 17:00:00+00:00,7.5686,7.5879,7.5248,7.5699,30145.3,604
2026-07-31 17:30:00+00:00,7.57,7.65,7.5698,7.6029,28789.4,383
2026-07-31 18:00:00+00:00,7.5996,7.6051,7.5144,7.5212,24433.8,590
2026-07-31 18:30:00+00:00,7.5204,7.5573,7.5051,7.5309,18977.0,310
2026-07-31 19:00:00+00:00,7.532,7.5357,7.5,7.5317,14702.5,394
2026-07-31 19:30:00+00:00,7.5273,7.5316,7.5039,7.5074,15624.8,271
2026-07-31 20:00:00+00:00,7.5065,7.5144,7.4931,7.4931,14721.1,282
2026-07-31 20:30:00+00:00,7.4955,7.5185,7.4327,7.5001,33929.9,685
2026-07-31 21:00:00+00:00,7.4954,7.6316,7.4942,7.6121,16622.8,534
2026-07-31 21:30:00+00:00,7.6155,7.6282,7.4479,7.4762,73670.4,1775
2026-07-31 22:00:00+00:00,7.4729,7.4872,7.45,7.45,19903.4,270
2026-07-31 22:30:00+00:00,7.4602,7.4713,7.45,7.45,3788.8,212
2026-07-31 23:00:00+00:00,7.4565,7.514,7.446,7.4506,23464.6,571
2026-07-31 23:30:00+00:00,7.4504,7.48,7.443,7.48,10276.7,722
2026-08-01 00:00:00+00:00,7.4791,7.5368,7.4444,7.4525,69880.0,771
2026-08-01 00:30:00+00:00,7.4525,7.4713,7.4165,7.421,17337.3,521
2026-08-01 01:00:00+00:00,7.4211,7.45,7.4,7.4463,10982.4,518
2026-08-01 01:30:00+00:00,7.45,7.4523,7.4104,7.4143,4271.5,230
2026-08-01 02:00:00+00:00,7.4143,7.4432,7.4141,7.4304,5877.1,601
2026-08-01 02:30:00+00:00,7.4365,7.4453,7.424,7.431,5530.6,350
2026-08-01 03:00:00+00:00,7.4367,7.4552,7.4314,7.4456,4918.3,487
2026-08-01 03:30:00+00:00,7.4498,7.4553,7.4424,7.4449,6764.7,504
2026-08-01 04:00:00+00:00,7.4505,7.4605,7.4448,7.4547,3468.2,358
2026-08-01 04:30:00+00:00,7.4546,7.4559,7.431,7.4432,13324.2,816
2026-08-01 05:00:00+00:00,7.4493,7.4517,7.4429,7.4431,5443.1,298
2026-08-01 05:30:00+00:00,7.4484,7.4495,7.431,7.4312,14312.7,421
2026-08-01 06:00:00+00:00,7.4346,7.4348,7.4243,7.4296,5716.1,347
2026-08-01 06:30:00+00:00,7.4338,7.4348,7.4253,7.4278,2449.5,250
2026-08-01 07:00:00+00:00,7.4327,7.4346,7.424,7.424,7099.5,361
2026-08-01 07:30:00+00:00,7.424,7.4265,7.4041,7.4042,7078.9,308
2026-08-01 08:00:00+00:00,7.4084,7.43,7.4,7.4178,15399.3,718
2026-08-01 08:30:00+00:00,7.4123,7.4347,7.4067,7.4217,9040.6,827
2026-08-01 09:00:00+00:00,7.4283,7.4347,7.4201,7.4213,3619.0,383
2026-08-01 09:30:00+00:00,7.4213,7.4264,7.4147,7.4151,4440.7,308
2026-08-01 10:00:00+00:00,7.4156,7.421,7.41,7.4103,10288.7,645
2026-08-01 10:30:00+00:00,7.4103,7.4157,7.41,7.4102,4433.3,414
2026-08-01 11:00:00+00:00,7.4116,7.4157,7.4061,7.4066,10990.3,459
2026-08-01 11:30:00+00:00,7.4066,7.4232,7.4061,7.422,14574.3,1269
2026-08-01 12:00:00+00:00,7.4195,7.4232,7.4153,7.4163,10810.3,1127
2026-08-01 12:30:00+00:00,7.4163,7.4231,7.409,7.409,4681.9,650
2026-08-01 13:00:00+00:00,7.409,7.4177,7.4061,7.4061,10495.4,732
2026-08-01 13:30:00+00:00,7.4081,7.416,7.406,7.4108,5693.7,600
2026-08-01 14:00:00+00:00,7.4071,7.4232,7.406,7.4191,6056.4,509
2026-08-01 14:30:00+00:00,7.4201,7.4229,7.4061,7.4123,4495.1,514
2026-08-01 15:00:00+00:00,7.4123,7.4259,7.4061,7.4126,12697.2,1235
2026-08-01 15:30:00+00:00,7.4125,7.4188,7.4061,7.4087,16830.7,802
2026-08-01 16:00:00+00:00,7.4098,7.4175,7.4061,7.4104,7131.0,976
2026-08-01 16:30:00+00:00,7.4102,7.4152,7.3964,7.3964,33609.7,1440
2026-08-01 17:00:00+00:00,7.3964,7.417,7.3905,7.4045,17863.5,1187
2026-08-01 17:30:00+00:00,7.4035,7.4082,7.3812,7.3827,6220.5,932
2026-08-01 18:00:00+00:00,7.3826,7.3886,7.3614,7.3669,10831.5,964
2026-08-01 18:30:00+00:00,7.367,7.3721,7.3275,7.3493,17018.3,957
2026-08-01 19:00:00+00:00,7.3491,7.3526,7.32,7.32,6949.4,735
2026-08-01 19:30:00+00:00,7.32,7.3379,7.32,7.3225,7770.5,716
2026-08-01 20:00:00+00:00,7.3225,7.3403,7.32,7.3202,5220.4,1159
2026-08-01 20:30:00+00:00,7.3202,7.3285,7.312,7.312,4549.5,629
2026-08-01 21:00:00+00:00,7.312,7.3317,7.312,7.3194,7917.8,669
2026-08-01 21:30:00+00:00,7.3196,7.3507,7.3157,7.3347,8034.3,748
2026-08-01 22:00:00+00:00,7.3326,7.3428,7.3158,7.3227,32261.2,3029
2026-08-01 22:30:00+00:00,7.3225,7.335,7.3203,7.3216,3186.1,580
2026-08-01 23:00:00+00:00,7.3216,7.3499,7.3159,7.34,6959.8,876
2026-08-01 23:30:00+00:00,7.34,7.3594,7.316,7.3167,9783.4,1406
2026-08-02 00:00:00+00:00,7.3168,7.3254,7.3158,7.3177,11181.2,1007
2026-08-02 00:30:00+00:00,7.3177,7.3254,7.3177,7.3213,3437.3,430
2026-08-02 01:00:00+00:00,7.3211,7.3514,7.32,7.334,3577.0,521
2026-08-02 01:30:00+00:00,7.3364,7.36,7.326,7.3351,8939.2,977
2026-08-02 02:00:00+00:00,7.3373,7.4759,7.3304,7.4236,33164.9,2475
2026-08-02 02:30:00+00:00,7.4232,7.4921,7.4,7.4582,15670.5,1096
2026-08-02 03:00:00+00:00,7.4572,7.4888,7.456,7.4684,15323.1,804
2026-08-02 03:30:00+00:00,7.4688,7.5105,7.4647,7.4839,20459.5,586
2026-08-02 04:00:00+00:00,7.484,7.5104,7.4633,7.4815,11530.1,1075
2026-08-02 04:30:00+00:00,7.4815,7.507,7.4697,7.496,8506.7,1376
2026-08-02 05:00:00+00:00,7.4965,7.5,7.458,7.4782,12444.9,1708
2026-08-02 05:30:00+00:00,7.4843,7.4875,7.4617,7.4701,6101.5,687
2026-08-02 06:00:00+00:00,7.4701,7.51,7.4701,7.5001,5582.5,536
2026-08-02 06:30:00+00:00,7.5006,7.5491,7.492,7.4927,17601.2,1487
2026-08-02 07:00:00+00:00,7.4928,7.5009,7.4855,7.4922,4783.3,338
2026-08-02 07:30:00+00:00,7.4917,7.4992,7.449,7.4625,5008.7,282
2026-08-02 08:00:00+00:00,7.4616,7.4895,7.4593,7.4831,7217.0,588
2026-08-02 08:30:00+00:00,7.4832,7.505,7.473,7.4927,12629.7,1363
2026-08-02 09:00:00+00:00,7.4927,7.507,7.4867,7.4873,7237.5,335
2026-08-02 09:30:00+00:00,7.4908,7.4949,7.4867,7.4868,3577.1,153
2026-08-02 10:00:00+00:00,7.49,7.5045,7.4867,7.5041,9389.6,194
2026-08-02 10:30:00+00:00,7.5046,7.6,7.5002,7.54,22012.5,983
2026-08-02 11:00:00+00:00,7.54,7.5454,7.5067,7.514,8295.1,639
2026-08-02 11:30:00+00:00,7.5088,7.5278,7.4867,7.4975,27364.1,800
2026-08-02 12:00:00+00:00,7.4979,7.5597,7.4905,7.5566,23492.1,938
2026-08-02 12:30:00+00:00,7.5471,7.56,7.5286,7.5513,13634.0,592
2026-08-02 13:00:00+00:00,7.5522,7.5851,7.5491,7.5851,7775.2,338
2026-08-02 13:30:00+00:00,7.5801,7.595,7.5716,7.5888,12052.6,590
2026-08-02 14:00:00+00:00,7.585,7.6,7.5821,7.5925,10416.7,424
2026-08-02 14:30:00+00:00,7.5985,7.6,7.5717,7.5863,8021.8,597
2026-08-02 15:00:00+00:00,7.5891,7.5999,7.5865,7.5988,7972.9,850
2026-08-02 15:30:00+00:00,7.5949,7.6,7.5892,7.5893,7481.2,252
2026-08-02 16:00:00+00:00,7.5998,7.5999,7.58,7.5993,4046.7,298
2026-08-02 16:30:00+00:00,7.5997,7.6,7.5933,7.5995,9618.0,126
2026-08-02 17:00:00+00:00,7.6,7.6495,7.5948,7.6132,27540.3,744
2026-08-02 17:30:00+00:00,7.6135,7.6815,7.5796,7.6139,43637.8,4074
2026-08-02 18:00:00+00:00,7.6138,7.7052,7.6138,7.7051,25001.2,1620
2026-08-02 18:30:00+00:00,7.7041,7.87,7.6993,7.7983,99220.3,2189
2026-08-02 19:00:00+00:00,7.7999,7.869,7.7,7.7544,81514.3,1835
2026-08-02 19:30:00+00:00,7.75,7.7801,7.5141,7.5294,105931.2,1824
2026-08-02 20:00:00+00:00,7.5271,7.5959,7.4615,7.5767,55745.2,1227
2026-08-02 20:30:00+00:00,7.5743,7.6293,7.5629,7.58,43380.7,818
2026-08-02 21:00:00+00:00,7.5856,7.66,7.5664,7.63,32922.1,1020
2026-08-02 21:30:00+00:00,7.6343,7.75,7.6226,7.659,23454.2,1848
2026-08-02 22:00:00+00:00,7.6542,7.7299,7.6349,7.6687,38349.8,1725
2026-08-02 22:30:00+00:00,7.6584,7.6672,7.5655,7.5841,13197.3,745
2026-08-02 23:00:00+00:00,7.5823,7.69,7.5762,7.6299,30190.7,1229
2026-08-02 23:30:00+00:00,7.6263,7.6764,7.59,7.6437,27353.2,1378
2026-08-03 00:00:00+00:00,7.6443,7.67,7.504,7.6504,73016.4,2678
2026-08-03 00:30:00+00:00,7.6504,7.69,7.5617,7.6398,84201.1,1668
2026-08-03 01:00:00+00:00,7.6395,7.6771,7.5244,7.5801,139667.3,2673
2026-08-03 01:30:00+00:00,7.5801,7.68,7.3301,7.6093,495166.1,6840
2026-08-03 02:00:00+00:00,7.6094,7.745,7.5811,7.7047,296069.0,4740
2026-08-03 02:30:00+00:00,7.7043,7.8936,7.55,7.8162,432712.0,5875
2026-08-03 03:00:00+00:00,7.8162,7.9,7.712,7.83,214724.1,3605
2026-08-03 03:30:00+00:00,7.83,7.9,7.8184,7.8521,76360.5,2104
2026-08-03 04:00:00+00:00,7.8425,7.8531,7.6615,7.7905,101561.1,2528
2026-08-03 04:30:00+00:00,7.7909,7.819,7.7239,7.757,55735.4,1590
2026-08-03 05:00:00+00:00,7.7571,7.8876,7.7462,7.826,164975.6,3008
2026-08-03 05:30:00+00:00,7.826,7.8399,7.704,7.7369,79089.3,1392
2026-08-03 06:00:00+00:00,7.7368,7.7623,7.6104,7.7314,193804.1,3377
2026-08-03 06:30:00+00:00,7.7328,7.888,7.691,7.8515,136133.0,2597
2026-08-03 07:00:00+00:00,7.8484,7.854,7.8028,7.8263,86344.6,2388
2026-08-03 07:30:00+00:00,7.8263,7.8335,7.7812,7.7822,63111.3,1893
2026-08-03 08:00:00+00:00,7.784,7.7951,7.6972,7.7375,106655.8,1760
2026-08-03 08:30:00+00:00,7.7302,7.82,7.6939,7.807,50179.1,1699
2026-08-03 09:00:00+00:00,7.8071,7.82,7.7401,7.8008,105939.9,1187
2026-08-03 09:30:00+00:00,7.8009,7.81,7.74,7.765,49159.9,1043
2026-08-03 10:00:00+00:00,7.7706,7.7706,7.6705,7.6966,38108.5,1008
2026-08-03 10:30:00+00:00,7.6923,7.6948,7.652,7.6772,31128.0,774
2026-08-03 11:00:00+00:00,7.6777,7.68,7.6613,7.6764,14022.3,699
2026-08-03 11:30:00+00:00,7.6707,7.7172,7.655,7.7172,48003.0,2081
2026-08-03 12:00:00+00:00,7.7174,7.7299,7.7101,7.7296,24854.3,741
2026-08-03 12:30:00+00:00,7.7236,7.7929,7.7135,7.7499,136795.7,1726
2026-08-03 13:00:00+00:00,7.749,7.7894,7.7,7.7446,24989.8,983
2026-08-03 13:30:00+00:00,7.7366,7.7896,7.6882,7.7072,102968.5,1459
2026-08-03 14:00:00+00:00,7.7064,7.768,7.682,7.768,81808.7,1545
2026-08-03 14:30:00+00:00,7.7651,7.8222,7.7216,7.8076,70064.8,1176
2026-08-03 15:00:00+00:00,7.808,7.8142,7.718,7.7372,48828.9,1738
2026-08-03 15:30:00+00:00,7.7373,7.79,7.7184,7.7898,20436.1,1662
2026-08-03 16:00:00+00:00,7.7835,7.8432,7.755,7.8281,27625.1,1929
2026-08-03 16:30:00+00:00,7.8237,7.8369,7.69,7.8077,59692.0,1349
2026-08-03 17:00:00+00:00,7.8006,7.8168,7.78,7.8149,17202.7,1039
2026-08-03 17:30:00+00:00,7.8117,7.979,7.804,7.9027,88580.4,2047
2026-08-03 18:00:00+00:00,7.8971,7.9679,7.8752,7.924,39710.5,1387
2026-08-03 18:30:00+00:00,7.9223,8.05,7.9024,7.991,63354.9,882
2026-08-03 19:00:00+00:00,7.988,8.0778,7.988,8.0727,42867.1,819
2026-08-03 19:30:00+00:00,8.0623,8.0763,7.996,8.051,22804.8,525
2026-08-03 20:00:00+00:00,8.0491,8.1,8.0363,8.0877,22423.4,545
2026-08-03 20:30:00+00:00,8.0876,8.1639,8.0701,8.1312,134802.0,1751
2026-08-03 21:00:00+00:00,8.1333,8.1362,8.0571,8.0772,72279.7,1169
2026-08-03 21:30:00+00:00,8.0779,8.1569,8.0676,8.1224,71357.2,1569
2026-08-03 22:00:00+00:00,8.1265,8.1852,8.055,8.143,72091.3,1921
2026-08-03 22:30:00+00:00,8.1416,8.164,8.1076,8.138,40119.9,1434
2026-08-03 23:00:00+00:00,8.1378,8.1604,8.068,8.08,48664.5,1791
2026-08-03 23:30:00+00:00,8.08,8.2,8.0766,8.1957,124785.9,3179
2026-08-04 00:00:00+00:00,8.198,8.2,8.0236,8.0831,75426.7,1996
2026-08-04 00:30:00+00:00,8.0831,8.0832,7.9944,7.9995,53992.5,1101
2026-08-04 01:00:00+00:00,8.0022,8.038,7.971,8.0176,55711.5,1018
2026-08-04 01:30:00+00:00,8.0242,8.03,7.8398,7.8419,326352.4,4968
2026-08-04 02:00:00+00:00,7.8399,7.8929,7.71,7.89,216890.1,3069
2026-08-04 02:30:00+00:00,7.8893,7.9697,7.8301,7.8432,137742.3,3779
2026-08-04 03:00:00+00:00,7.8433,7.94,7.7926,7.92,135456.9,8596
2026-08-04 03:30:00+00:00,7.9265,7.996,7.83,7.9358,91416.7,3036
2026-08-04 04:00:00+00:00,7.9275,7.9548,7.9193,7.9313,53992.3,956
2026-08-04 04:30:00+00:00,7.9338,7.9869,7.9272,7.9423,70386.3,6978
2026-08-04 05:00:00+00:00,7.9456,8.0,7.89,7.9847,103024.5,3178
2026-08-04 05:30:00+00:00,7.9933,8.0484,7.976,7.991,130050.3,1916
2026-08-04 06:00:00+00:00,7.9851,8.0232,7.8762,7.9272,291834.8,3651
2026-08-04 06:30:00+00:00,7.9272,7.9286,7.8903,7.9247,134620.1,3851
2026-08-04 07:00:00+00:00,7.9247,7.9271,7.8473,7.8599,88459.9,5795
2026-08-04 07:30:00+00:00,7.8569,7.8906,7.8484,7.8898,92477.7,7576
2026-08-04 08:00:00+00:00,7.8893,7.925,7.832,7.8983,86036.7,3255
2026-08-04 08:30:00+00:00,7.8951,7.9074,7.8467,7.863,52891.6,2843
2026-08-04 09:00:00+00:00,7.8667,7.88,7.8001,7.8167,66320.4,3265
2026-08-04 09:30:00+00:00,7.8145,7.8655,7.8,7.8594,16383.0,677
2026-08-04 10:00:00+00:00,7.8602,7.8641,7.8324,7.8365,17904.5,470
2026-08-04 10:30:00+00:00,7.8378,7.8483,7.7989,7.8201,32442.4,759
2026-08-04 11:00:00+00:00,7.8222,7.8975,7.8222,7.8674,29715.5,905
2026-08-04 11:30:00+00:00,7.8671,7.8982,7.8593,7.8902,11413.5,256
2026-08-04 12:00:00+00:00,7.8891,7.9298,7.878,7.892,53811.6,1118
2026-08-04 12:30:00+00:00,7.8915,7.93,7.8832,7.8921,29005.2,772
2026-08-04 13:00:00+00:00,7.8931,7.9112,7.8704,7.8916,45677.1,1231
2026-08-04 13:30:00+00:00,7.8896,7.9384,7.88,7.9081,72359.1,1679
2026-08-04 14:00:00+00:00,7.9091,7.9344,7.8884,7.9112,34823.5,898
2026-08-04 14:30:00+00:00,7.9095,7.9171,7.8508,7.87,42161.3,1569
2026-08-04 15:00:00+00:00,7.87,7.93,7.8696,7.9077,30774.0,2709
2026-08-04 15:30:00+00:00,7.9082,8.0628,7.9009,8.0415,146944.1,3820
2026-08-04 16:00:00+00:00,8.0311,8.05,7.9928,8.007,40053.6,1068
2026-08-04 16:30:00+00:00,8.007,8.05,7.95,7.9792,65593.8,2040
2026-08-04 17:00:00+00:00,7.978,7.9937,7.9382,7.9894,45092.4,1839
2026-08-04 17:30:00+00:00,7.9883,8.0097,7.9502,7.9926,61744.4,2701
2026-08-04 18:00:00+00:00,7.9921,8.0377,7.9615,8.0024,35845.1,2670
2026-08-04 18:30:00+00:00,8.0017,8.0192,7.9735,7.9753,16160.9,1088
2026-08-04 19:00:00+00:00,7.9778,7.9964,7.94,7.9441,20996.6,1376
2026-08-04 19:30:00+00:00,7.941,7.9515,7.9151,7.927,18308.8,948
2026-08-04 20:00:00+00:00,7.9273,7.9499,7.91,7.9128,26653.3,853
2026-08-04 20:30:00+00:00,7.9112,7.9224,7.91,7.91,10202.1,409
2026-08-04 21:00:00+00:00,7.91,7.96,7.895,7.8951,43006.4,927
2026-08-04 21:30:00+00:00,7.8951,7.95,7.895,7.9481,18936.2,358
2026-08-04 22:00:00+00:00,7.9471,8.0119,7.9052,7.9318,48977.7,2554
2026-08-04 22:30:00+00:00,7.9267,7.9515,7.88,7.8917,39217.5,4192
2026-08-04 23:00:00+00:00,7.8888,7.9339,7.88,7.9314,23320.2,2596
2026-08-04 23:30:00+00:00,7.9348,7.9851,7.9306,7.9739,28452.9,2163
2026-08-05 00:00:00+00:00,7.9713,7.9891,7.9,7.944,33013.9,1673
2026-08-05 00:30:00+00:00,7.9424,8.0,7.9332,7.9857,48933.5,3869
2026-08-05 01:00:00+00:00,7.9857,7.9933,7.8904,7.9299,75846.0,3851
2026-08-05 01:30:00+00:00,7.9298,8.05,7.9037,7.9167,357064.3,7030
2026-08-05 02:00:00+00:00,7.922,7.993,7.7728,7.7825,271063.0,8078
2026-08-05 02:30:00+00:00,7.784,7.8206,7.711,7.7894,307401.6,5096
2026-08-05 03:00:00+00:00,7.7865,7.88,7.7738,7.8681,175345.7,4401
2026-08-05 03:30:00+00:00,7.8683,7.8895,7.8234,7.8458,129451.7,5617
2026-08-05 04:00:00+00:00,7.845,7.8494,7.7561,7.757,46410.3,2975
2026-08-05 04:30:00+00:00,7.7583,7.8284,7.7536,7.7849,66390.4,3756
2026-08-05 05:00:00+00:00,7.7784,7.85,7.7602,7.7915,114113.1,3260
2026-08-05 05:30:00+00:00,7.7918,7.8521,7.7867,7.8329,98062.3,4621
2026-08-05 06:00:00+00:00,7.8324,7.833,7.715,7.7509,155599.7,2769
2026-08-05 06:30:00+00:00,7.7502,7.7607,7.67,7.7412,221278.4,4434
2026-08-05 07:00:00+00:00,7.7412,7.8389,7.7143,7.7999,228999.2,4426
2026-08-05 07:30:00+00:00,7.797,7.856,7.7926,7.849,98786.6,1456
2026-08-05 08:00:00+00:00,7.8464,7.8748,7.727,7.7375,118827.3,1852
2026-08-05 08:30:00+00:00,7.7347,7.735,7.7,7.7217,37333.8,1114
2026-08-05 09:00:00+00:00,7.7159,7.74,7.7,7.7017,35770.9,1090
2026-08-05 09:30:00+00:00,7.7007,7.7075,7.6656,7.6903,32901.5,1168
2026-08-05 10:00:00+00:00,7.689,7.6999,7.6652,7.676,32818.8,1617
2026-08-05 10:30:00+00:00,7.676,7.6867,7.6557,7.67,29407.2,1394
2026-08-05 11:00:00+00:00,7.6654,7.7499,7.663,7.7224,67719.1,1425
2026-08-05 11:30:00+00:00,7.7221,7.7587,7.6762,7.6871,36912.4,1124
2026-08-05 12:00:00+00:00,7.684,7.7012,7.6798,7.6991,16372.3,679
2026-08-05 12:30:00+00:00,7.6918,7.7349,7.6816,7.6849,22767.4,1153
2026-08-05 13:00:00+00:00,7.6879,7.6893,7.6257,7.6346,49590.1,1824
2026-08-05 13:30:00+00:00,7.632,7.7622,7.6242,7.7136,85903.0,5287
2026-08-05 14:00:00+00:00,7.7141,7.7197,7.6456,7.6462,63100.2,2991
2026-08-05 14:30:00+00:00,7.6461,7.6874,7.646,7.6508,52464.8,2409
2026-08-05 15:00:00+00:00,7.6468,7.69,7.6457,7.6703,78976.9,2615
2026-08-05 15:30:00+00:00,7.6678,7.6898,7.6485,7.654,19880.2,494
2026-08-05 16:00:00+00:00,7.6626,7.6818,7.6502,7.6818,28618.8,827
2026-08-05 16:30:00+00:00,7.6795,7.6818,7.6608,7.6745,17411.5,415
2026-08-05 17:00:00+00:00,7.675,7.68,7.6682,7.6698,6479.7,169
2026-08-05 17:30:00+00:00,7.6698,7.699,7.6668,7.6987,12024.7,218
2026-08-05 18:00:00+00:00,7.6987,7.7051,7.6845,7.705,6849.8,394
2026-08-05 18:30:00+00:00,7.6993,7.7039,7.6752,7.6924,9500.7,342
2026-08-05 19:00:00+00:00,7.6923,7.6975,7.6732,7.6955,2526.2,154
2026-08-05 19:30:00+00:00,7.6975,7.7051,7.68,7.6878,12565.3,211
2026-08-05 20:00:00+00:00,7.6874,7.729,7.6456,7.7135,51657.8,1256
2026-08-05 20:30:00+00:00,7.7107,7.7187,7.69,7.6973,4010.5,263
2026-08-05 21:00:00+00:00,7.6952,7.718,7.65,7.6592,10109.0,846
2026-08-05 21:30:00+00:00,7.6625,7.6719,7.6463,7.668,5969.6,585
2026-08-05 22:00:00+00:00,7.6698,7.7081,7.6652,7.6758,21615.1,1487
2026-08-05 22:30:00+00:00,7.6798,7.7249,7.6512,7.7166,13236.7,621
2026-08-05 23:00:00+00:00,7.72,7.7242,7.7,7.7174,3992.7,312
2026-08-05 23:30:00+00:00,7.7172,7.729,7.6502,7.676,26582.4,1488
2026-08-06 00:00:00+00:00,7.6778,7.713,7.669,7.6806,13927.7,1919
2026-08-06 00:30:00+00:00,7.685,7.686,7.6457,7.6457,23904.4,1788
2026-08-06 01:00:00+00:00,7.6458,7.6582,7.6456,7.6469,46438.5,920
2026-08-06 01:30:00+00:00,7.6457,7.6968,7.4822,7.5499,298859.7,7886
2026-08-06 02:00:00+00:00,7.551,7.6312,7.4141,7.602,213045.0,5844
2026-08-06 02:30:00+00:00,7.6019,7.6435,7.535,7.6331,104888.9,2715
2026-08-06 03:00:00+00:00,7.6326,7.6326,7.5047,7.5217,89227.2,3155
2026-08-06 03:30:00+00:00,7.5198,7.5298,7.5039,7.5075,21172.9,589
2026-08-06 04:00:00+00:00,7.5042,7.5042,7.4301,7.4609,31700.7,1502
2026-08-06 04:30:00+00:00,7.4613,7.4669,7.4301,7.4548,29112.1,990
2026-08-06 05:00:00+00:00,7.4511,7.49,7.4126,7.48,134582.9,1804
2026-08-06 05:30:00+00:00,7.4777,7.5119,7.435,7.478,92958.5,1829
2026-08-06 06:00:00+00:00,7.4762,7.4769,7.435,7.4476,72357.0,2483
2026-08-06 06:30:00+00:00,7.4452,7.466,7.435,7.4417,54598.2,1882
2026-08-06 07:00:00+00:00,7.4405,7.4919,7.431,7.4552,58348.4,1718
2026-08-06 07:30:00+00:00,7.4552,7.4621,7.4181,7.4245,20880.6,1431
2026-08-06 08:00:00+00:00,7.4273,7.43,7.4,7.404,48716.1,1477
2026-08-06 08:30:00+00:00,7.404,7.4373,7.3737,7.3771,60146.0,1151
2026-08-06 09:00:00+00:00,7.3768,7.379,7.3202,7.3272,27928.0,995
2026-08-06 09:30:00+00:00,7.3264,7.3828,7.32,7.32,18329.8,818
2026-08-06 10:00:00+00:00,7.32,7.3429,7.26,7.3173,35665.5,1732
2026-08-06 10:30:00+00:00,7.3141,7.3226,7.2629,7.2735,22032.4,1274
2026-08-06 11:00:00+00:00,7.2781,7.3728,7.259,7.3099,53533.8,1300
2026-08-06 11:30:00+00:00,7.3099,7.3171,7.2938,7.3019,7481.6,265
2026-08-06 12:00:00+00:00,7.2993,7.3339,7.2892,7.3168,25265.1,1062
2026-08-06 12:30:00+00:00,7.3184,7.3423,7.3055,7.3412,11417.7,509
2026-08-06 13:00:00+00:00,7.3422,7.3539,7.3104,7.3299,20247.3,728
2026-08-06 13:30:00+00:00,7.3283,7.4355,7.2811,7.4051,45676.9,3284
2026-08-06 14:00:00+00:00,7.4053,7.5054,7.3838,7.4494,29027.5,2954
2026-08-06 14:30:00+00:00,7.4499,7.46,7.36,7.3724,41804.9,3968
2026-08-06 15:00:00+00:00,7.3755,7.5,7.3605,7.4532,69600.6,3825
2026-08-06 15:30:00+00:00,7.4517,7.46,7.405,7.4159,35120.2,4524
2026-08-06 16:00:00+00:00,7.4176,7.425,7.4039,7.4039,16330.8,1189
2026-08-06 16:30:00+00:00,7.4041,7.4168,7.4039,7.4039,6453.0,625
2026-08-06 17:00:00+00:00,7.4079,7.4112,7.4039,7.4039,4742.4,390
2026-08-06 17:30:00+00:00,7.4039,7.4059,7.39,7.3912,7772.8,544
2026-08-06 18:00:00+00:00,7.3908,7.3958,7.39,7.39,5790.1,289
2026-08-06 18:30:00+00:00,7.39,7.3992,7.3612,7.3615,5061.9,536
2026-08-06 19:00:00+00:00,7.3667,7.3765,7.3401,7.3401,7135.9,998
2026-08-06 19:30:00+00:00,7.3435,7.3633,7.3195,7.3228,10916.6,1272
2026-08-06 20:00:00+00:00,7.3252,7.3288,7.298,7.2982,8515.7,1051
2026-08-06 20:30:00+00:00,7.2982,7.3125,7.2823,7.285,9596.1,920
2026-08-06 21:00:00+00:00,7.2889,7.3,7.274,7.2848,7434.0,611
2026-08-06 21:30:00+00:00,7.2843,7.2912,7.267,7.2675,8021.3,571
2026-08-06 22:00:00+00:00,7.2723,7.3254,7.267,7.2717,15614.4,2114
2026-08-06 22:30:00+00:00,7.2736,7.308,7.2639,7.3003,13418.0,3010
2026-08-06 23:00:00+00:00,7.2953,7.3024,7.2639,7.2673,19601.0,1561
2026-08-06 23:30:00+00:00,7.2673,7.2927,7.259,7.2864,19063.9,1052
2026-08-07 00:00:00+00:00,7.288,7.3949,7.288,7.3898,25782.7,1416
2026-08-07 00:30:00+00:00,7.3898,7.3928,7.3718,7.3761,11922.5,653
2026-08-07 01:00:00+00:00,7.379,7.387,7.3431,7.3724,19908.6,626
2026-08-07 01:30:00+00:00,7.3734,7.4733,7.3101,7.3736,190513.9,4309
2026-08-07 02:00:00+00:00,7.3754,7.427,7.343,7.4099,145335.5,3304
2026-08-07 02:30:00+00:00,7.4115,7.4548,7.4,7.4312,69246.3,2602
2026-08-07 03:00:00+00:00,7.4268,7.4865,7.4023,7.4801,93689.2,2173
2026-08-07 03:30:00+00:00,7.4801,7.4801,7.4229,7.4325,56491.9,1636
2026-08-07 04:00:00+00:00,7.433,7.433,7.325,7.3499,76199.0,2117
2026-08-07 04:30:00+00:00,7.351,7.3671,7.2854,7.3127,64745.8,3325
2026-08-07 05:00:00+00:00,7.3088,7.468,7.3062,7.4392,185337.9,3470
2026-08-07 05:30:00+00:00,7.4411,7.4899,7.3923,7.4462,243266.2,3936
2026-08-07 06:00:00+00:00,7.446,7.4777,7.3686,7.411,206130.4,3707
2026-08-07 06:30:00+00:00,7.4113,7.4299,7.3513,7.3992,170627.5,3708
2026-08-07 07:00:00+00:00,7.3958,7.3959,7.3105,7.3425,90422.4,3236
2026-08-07 07:30:00+00:00,7.3401,7.3786,7.3113,7.3399,47042.2,944
2026-08-07 08:00:00+00:00,7.3326,7.3797,7.3111,7.3507,30182.0,1445
2026-08-07 08:30:00+00:00,7.3509,7.3635,7.3275,7.3413,14797.6,790
2026-08-07 09:00:00+00:00,7.3428,7.3571,7.324,7.3468,19573.1,1470
2026-08-07 09:30:00+00:00,7.3433,7.3699,7.324,7.3304,33418.7,1826
2026-08-07 10:00:00+00:00,7.3292,7.3462,7.3265,7.34,7905.9,726
2026-08-07 10:30:00+00:00,7.3407,7.37,7.324,7.3688,32134.8,1166
2026-08-07 11:00:00+00:00,7.3658,7.3739,7.3301,7.3401,33241.2,1038
2026-08-07 11:30:00+00:00,7.3393,7.3474,7.3286,7.3422,11007.6,361
2026-08-07 12:00:00+00:00,7.342,7.3631,7.33,7.3625,5895.5,237
2026-08-07 12:30:00+00:00,7.3607,7.3689,7.3286,7.331,11755.7,619
2026-08-07 13:00:00+00:00,7.3346,7.36,7.3201,7.3449,13765.4,477
2026-08-07 13:30:00+00:00,7.3449,7.4147,7.3112,7.314,23311.1,1009
2026-08-07 14:00:00+00:00,7.3162,7.34,7.2606,7.2738,83825.0,5344
2026-08-07 14:30:00+00:00,7.273,7.3398,7.2504,7.2525,22988.7,1505
2026-08-07 15:00:00+00:00,7.2516,7.2905,7.242,7.2773,39395.8,2395
2026-08-07 15:30:00+00:00,7.278,7.2795,7.2427,7.2529,14264.1,1197
2026-08-07 16:00:00+00:00,7.2495,7.27,7.2042,7.2128,17009.9,1185
2026-08-07 16:30:00+00:00,7.2145,7.2148,7.173,7.1788,21566.0,897
2026-08-07 17:00:00+00:00,7.1782,7.2284,7.1742,7.1811,30162.4,1536
2026-08-07 17:30:00+00:00,7.1824,7.1982,7.1806,7.1919,6217.0,366
2026-08-07 18:00:00+00:00,7.1919,7.1976,7.1845,7.185,7260.9,126
2026-08-07 18:30:00+00:00,7.185,7.1883,7.1501,7.1531,11907.4,306
2026-08-07 19:00:00+00:00,7.1577,7.1809,7.151,7.1511,13345.4,402
2026-08-07 19:30:00+00:00,7.1511,7.1659,7.151,7.1544,13403.6,502
2026-08-07 20:00:00+00:00,7.1543,7.2142,7.151,7.1569,30749.5,2833
2026-08-07 20:30:00+00:00,7.1526,7.1786,7.151,7.151,10186.9,513
2026-08-07 21:00:00+00:00,7.1552,7.159,7.1376,7.1376,8390.8,252
2026-08-07 21:30:00+00:00,7.1379,7.189,7.1342,7.1678,15628.1,1065
2026-08-07 22:00:00+00:00,7.1687,7.1996,7.1341,7.1414,42430.2,4809
2026-08-07 22:30:00+00:00,7.1386,7.1555,7.1149,7.1195,26539.4,1656
2026-08-07 23:00:00+00:00,7.1159,7.1346,7.1001,7.117,15665.2,886
2026-08-07 23:30:00+00:00,7.1165,7.1677,7.1002,7.1055,21656.2,2128
2026-08-08 00:00:00+00:00,7.1056,7.1438,7.1001,7.1428,14523.6,420
2026-08-08 00:30:00+00:00,7.1392,7.14,7.1175,7.13,4593.1,192
2026-08-08 01:00:00+00:00,7.1259,7.1367,7.1217,7.1333,6371.8,219
2026-08-08 01:30:00+00:00,7.131,7.16,7.1295,7.16,13049.0,159
2026-08-08 02:00:00+00:00,7.1645,7.1725,7.1037,7.1285,40576.7,2808
2026-08-08 02:30:00+00:00,7.13,7.214,7.116,7.21,20630.1,1230
2026-08-08 03:00:00+00:00,7.2082,7.2343,7.19,7.1994,10543.9,749
2026-08-08 03:30:00+00:00,7.1995,7.2279,7.1622,7.2152,9118.0,954
2026-08-08 04:00:00+00:00,7.2152,7.2455,7.2102,7.2451,5363.7,405
2026-08-08 04:30:00+00:00,7.2428,7.28,7.2386,7.28,12581.7,610
2026-08-08 05:00:00+00:00,7.2775,7.3,7.2091,7.2091,21651.9,854
2026-08-08 05:30:00+00:00,7.2091,7.2284,7.1882,7.2245,12523.2,537
2026-08-08 06:00:00+00:00,7.2243,7.2571,7.2174,7.2563,5021.7,261
2026-08-08 06:30:00+00:00,7.2563,7.26,7.1646,7.17,20295.3,1486
2026-08-08 07:00:00+00:00,7.1755,7.2063,7.1637,7.2022,9406.0,646
2026-08-08 07:30:00+00:00,7.2071,7.25,7.1648,7.1814,24048.3,1558
2026-08-08 08:00:00+00:00,7.1819,7.2348,7.1753,7.2347,4711.3,395
2026-08-08 08:30:00+00:00,7.2354,7.238,7.18,7.1897,2338.5,219
2026-08-08 09:00:00+00:00,7.1869,7.2215,7.1839,7.2072,1223.9,225
2026-08-08 09:30:00+00:00,7.2083,7.2361,7.18,7.2105,9102.9,643
2026-08-08 10:00:00+00:00,7.2054,7.228,7.177,7.22,4644.8,559
2026-08-08 10:30:00+00:00,7.2196,7.2303,7.1854,7.1958,3553.5,379
2026-08-08 11:00:00+00:00,7.1998,7.23,7.1932,7.2008,1598.5,254
2026-08-08 11:30:00+00:00,7.1956,7.204,7.1761,7.2025,5304.7,504
2026-08-08 12:00:00+00:00,7.2025,7.2158,7.19,7.1941,1200.5,261
2026-08-08 12:30:00+00:00,7.1953,7.2256,7.168,7.1738,7301.3,702
2026-08-08 13:00:00+00:00,7.1735,7.2381,7.16,7.2206,20950.2,1965
2026-08-08 13:30:00+00:00,7.2185,7.24,7.1823,7.2185,4556.1,750
2026-08-08 14:00:00+00:00,7.2196,7.2207,7.2,7.2098,4397.0,329
2026-08-08 14:30:00+00:00,7.2085,7.2198,7.1914,7.2124,2612.1,274
2026-08-08 15:00:00+00:00,7.2096,7.2136,7.1947,7.2136,2431.2,253
2026-08-08 15:30:00+00:00,7.2134,7.2199,7.2105,7.2159,1803.5,134
2026-08-08 16:00:00+00:00,7.2117,7.22,7.2001,7.2157,3988.4,260
2026-08-08 16:30:00+00:00,7.2161,7.2618,7.2098,7.2618,4407.7,297
2026-08-08 17:00:00+00:00,7.2591,7.2754,7.2475,7.2707,7656.3,624
2026-08-08 17:30:00+00:00,7.2725,7.3,7.2667,7.2858,9236.1,483
2026-08-08 18:00:00+00:00,7.2886,7.3,7.2836,7.2997,3950.9,609
2026-08-08 18:30:00+00:00,7.2962,7.2962,7.2729,7.2818,6265.2,599
2026-08-08 19:00:00+00:00,7.2816,7.285,7.2667,7.2773,2432.2,174
2026-08-08 19:30:00+00:00,7.2776,7.318,7.2676,7.2835,15000.6,1682
2026-08-08 20:00:00+00:00,7.2875,7.312,7.2875,7.2898,2632.1,272
2026-08-08 20:30:00+00:00,7.2909,7.3062,7.2692,7.2692,4868.0,450
2026-08-08 21:00:00+00:00,7.2692,7.33,7.2667,7.3247,22012.4,2578
2026-08-08 21:30:00+00:00,7.324,7.3373,7.2672,7.3059,30769.3,3953
2026-08-08 22:00:00+00:00,7.3065,7.336,7.2669,7.3086,32915.4,3218
2026-08-08 22:30:00+00:00,7.3086,7.3289,7.2958,7.3224,3775.9,408
2026-08-08 23:00:00+00:00,7.3248,7.3398,7.3156,7.3272,3767.1,337
2026-08-08 23:30:00+00:00,7.3233,7.3262,7.2957,7.297,2157.3,252
2026-08-09 00:00:00+00:00,7.2929,7.3155,7.286,7.3151,2847.7,241
2026-08-09 00:30:00+00:00,7.3123,7.3199,7.29,7.304,1086.7,155
2026-08-09 01:00:00+00:00,7.3009,7.3116,7.2829,7.2961,3483.3,414
2026-08-09 01:30:00+00:00,7.2999,7.3174,7.2999,7.3,1674.6,143
2026-08-09 02:00:00+00:00,7.3,7.308,7.2762,7.28,4150.6,349
2026-08-09 02:30:00+00:00,7.2812,7.2999,7.2615,7.2861,8629.3,493
2026-08-09 03:00:00+00:00,7.2861,7.2913,7.2786,7.2883,1464.3,165
2026-08-09 03:30:00+00:00,7.2846,7.2927,7.28,7.2926,1090.7,59
2026-08-09 04:00:00+00:00,7.2928,7.3016,7.2856,7.3016,3239.1,193
2026-08-09 04:30:00+00:00,7.3051,7.3087,7.2948,7.2999,827.2,91
2026-08-09 05:00:00+00:00,7.2997,7.3,7.2771,7.29,2212.1,301
2026-08-09 05:30:00+00:00,7.2898,7.3122,7.2822,7.3046,6597.2,1067
2026-08-09 06:00:00+00:00,7.3052,7.3069,7.3013,7.3059,299.0,49
2026-08-09 06:30:00+00:00,7.3068,7.3198,7.3068,7.3115,1118.0,60
2026-08-09 07:00:00+00:00,7.3072,7.32,7.3,7.3058,1546.2,141
2026-08-09 07:30:00+00:00,7.3042,7.3044,7.2778,7.2891,5111.9,360
2026-08-09 08:00:00+00:00,7.2896,7.3216,7.2735,7.307,5002.3,258
2026-08-09 08:30:00+00:00,7.3046,7.3107,7.2924,7.2961,3009.6,223
2026-08-09 09:00:00+00:00,7.2976,7.3031,7.2859,7.2988,1757.4,144
2026-08-09 09:30:00+00:00,7.3001,7.3075,7.2501,7.2655,9607.3,1606
2026-08-09 10:00:00+00:00,7.2655,7.3222,7.2371,7.3148,22224.9,3032
2026-08-09 10:30:00+00:00,7.3146,7.3229,7.251,7.3054,40357.8,4001
2026-08-09 11:00:00+00:00,7.3088,7.33,7.2512,7.28,46693.4,3426
2026-08-09 11:30:00+00:00,7.2786,7.335,7.2703,7.3223,27987.4,1992
2026-08-09 12:00:00+00:00,7.3193,7.332,7.2848,7.2848,14628.1,2095
2026-08-09 12:30:00+00:00,7.285,7.3225,7.261,7.3017,32231.7,3831
2026-08-09 13:00:00+00:00,7.3017,7.3239,7.266,7.3137,45067.3,3284
2026-08-09 13:30:00+00:00,7.322,7.3393,7.2728,7.316,41599.8,3776
2026-08-09 14:00:00+00:00,7.316,7.33,7.2901,7.3095,21194.8,2721
2026-08-09 14:30:00+00:00,7.3093,7.3279,7.2901,7.291,15476.8,1424
2026-08-09 15:00:00+00:00,7.2909,7.336,7.2754,7.327,29659.3,4025
2026-08-09 15:30:00+00:00,7.3209,7.3359,7.293,7.3195,16634.1,1037
2026-08-09 16:00:00+00:00,7.3197,7.336,7.3148,7.336,5161.4,83
2026-08-09 16:30:00+00:00,7.3249,7.3306,7.323,7.3306,457.6,49
2026-08-09 17:00:00+00:00,7.3319,7.34,7.33,7.3352,3201.1,69
2026-08-09 17:30:00+00:00,7.3353,7.3385,7.329,7.3323,4013.8,151
2026-08-09 18:00:00+00:00,7.3322,7.3382,7.324,7.3244,5144.3,282
2026-08-09 18:30:00+00:00,7.3271,7.3271,7.2766,7.2824,17590.5,1742
2026-08-09 19:00:00+00:00,7.2854,7.3433,7.2767,7.2911,29468.7,3173
2026-08-09 19:30:00+00:00,7.286,7.319,7.2819,7.297,5640.0,293
2026-08-09 20:00:00+00:00,7.291,7.3102,7.2836,7.2877,2509.0,111
2026-08-09 20:30:00+00:00,7.2966,7.32,7.2966,7.3127,2191.5,62
2026-08-09 21:00:00+00:00,7.3198,7.329,7.3127,7.329,1198.3,32
2026-08-09 21:30:00+00:00,7.3222,7.3295,7.3056,7.3245,3583.7,233
2026-08-09 22:00:00+00:00,7.3254,7.3617,7.3254,7.3505,11119.1,191
2026-08-09 22:30:00+00:00,7.3549,7.36,7.2696,7.302,21052.6,513
2026-08-09 23:00:00+00:00,7.303,7.3293,7.303,7.3221,4974.6,89
2026-08-09 23:30:00+00:00,7.3221,7.3304,7.3105,7.3195,2079.3,81
2026-08-10 00:00:00+00:00,7.3195,7.3999,7.307,7.3996,15012.7,431
2026-08-10 00:30:00+00:00,7.3918,7.4129,7.3367,7.3949,61466.0,2026
2026-08-10 01:00:00+00:00,7.3875,7.4369,7.3282,7.37,66377.7,1292
2026-08-10 01:30:00+00:00,7.37,7.59,7.285,7.468,504411.3,10370
2026-08-10 02:00:00+00:00,7.4658,7.475,7.3375,7.3639,171694.1,5128
2026-08-10 02:30:00+00:00,7.3639,7.3891,7.2766,7.3116,120093.8,4011
2026-08-10 03:00:00+00:00,7.3082,7.312,7.2545,7.2759,75856.7,1243
2026-08-10 03:30:00+00:00,7.2735,7.2779,7.1952,7.2183,21103.6,587
2026-08-10 04:00:00+00:00,7.214,7.2434,7.2073,7.2342,14215.8,537
2026-08-10 04:30:00+00:00,7.2342,7.24,7.22,7.236,19663.0,554
2026-08-10 05:00:00+00:00,7.2319,7.2945,7.1541,7.2597,74144.2,2277
2026-08-10 05:30:00+00:00,7.2618,7.3662,7.2576,7.315,112641.4,8775
2026-08-10 06:00:00+00:00,7.3118,7.32,7.2771,7.3026,62821.7,3890
2026-08-10 06:30:00+00:00,7.3029,7.35,7.271,7.3164,133570.5,5390
2026-08-10 07:00:00+00:00,7.3162,7.37,7.2812,7.3505,82634.8,6313
2026-08-10 07:30:00+00:00,7.3543,7.3597,7.322,7.3447,13116.0,2817
2026-08-10 08:00:00+00:00,7.3395,7.3448,7.2848,7.2862,20912.4,2503
2026-08-10 08:30:00+00:00,7.2886,7.2905,7.264,7.2789,16595.8,2208
2026-08-10 09:00:00+00:00,7.2758,7.2885,7.265,7.2858,10728.3,1927
2026-08-10 09:30:00+00:00,7.2815,7.309,7.2772,7.2914,14217.5,1293
2026-08-10 10:00:00+00:00,7.2926,7.3247,7.2597,7.3164,21149.4,1263
2026-08-10 10:30:00+00:00,7.3205,7.3232,7.3042,7.3061,9079.0,599
2026-08-10 11:00:00+00:00,7.3042,7.3139,7.2933,7.3041,13804.5,619
2026-08-10 11:30:00+00:00,7.3053,7.3118,7.2771,7.291,7693.1,472
2026-08-10 12:00:00+00:00,7.2931,7.2968,7.2856,7.2903,1372.6,106
2026-08-10 12:30:00+00:00,7.2902,7.3,7.178,7.2791,33672.7,796
2026-08-10 13:00:00+00:00,7.2801,7.2865,7.268,7.2692,10133.1,133
2026-08-10 13:30:00+00:00,7.2692,7.2847,7.2,7.2759,42304.1,1121
2026-08-10 14:00:00+00:00,7.2735,7.3344,7.257,7.2641,30387.6,1011
2026-08-10 14:30:00+00:00,7.2634,7.2871,7.26,7.2747,11441.5,593
2026-08-10 15:00:00+00:00,7.2747,7.2871,7.24,7.2465,16137.0,883
2026-08-10 15:30:00+00:00,7.2476,7.2671,7.2317,7.244,20843.6,2652
2026-08-10 16:00:00+00:00,7.2474,7.2791,7.2329,7.2557,11782.2,1096
2026-08-10 16:30:00+00:00,7.2557,7.2837,7.252,7.2764,3567.0,421
2026-08-10 17:00:00+00:00,7.277,7.3,7.2582,7.2984,4498.3,286
2026-08-10 17:30:00+00:00,7.3,7.318,7.2757,7.302,11984.2,789
2026-08-10 18:00:00+00:00,7.3047,7.305,7.2701,7.2873,6033.9,142
2026-08-10 18:30:00+00:00,7.2861,7.2917,7.2658,7.2719,855.3,68
2026-08-10 19:00:00+00:00,7.2719,7.32,7.2549,7.27,19185.7,1752
2026-08-10 19:30:00+00:00,7.2761,7.2926,7.2634,7.267,4443.0,160
2026-08-10 20:00:00+00:00,7.2651,7.2926,7.26,7.2723,1822.7,122
2026-08-10 20:30:00+00:00,7.2749,7.2749,7.2411,7.25,11571.4,286
2026-08-10 21:00:00+00:00,7.2478,7.251,7.2039,7.23,2309.1,236
2026-08-10 21:30:00+00:00,7.2283,7.2785,7.2283,7.2766,2407.5,130
2026-08-10 22:00:00+00:00,7.2765,7.3048,7.2485,7.278,6314.1,394
2026-08-10 22:30:00+00:00,7.2749,7.2833,7.2388,7.2458,6570.9,354
2026-08-10 23:00:00+00:00,7.248,7.26,7.2427,7.2547,3651.9,394
2026-08-10 23:30:00+00:00,7.2517,7.2665,7.2476,7.266,8375.4,693
2026-08-11 00:00:00+00:00,7.2607,7.2665,7.26,7.2624,5764.8,528
2026-08-11 00:30:00+00:00,7.2663,7.2665,7.2543,7.2665,16694.0,1179
2026-08-11 01:00:00+00:00,7.2665,7.282,7.2532,7.2791,14373.2,937
2026-08-11 01:30:00+00:00,7.2791,7.329,7.2627,7.2863,119014.2,3599
2026-08-11 02:00:00+00:00,7.29,7.2908,7.27,7.2866,27765.8,667
2026-08-11 02:30:00+00:00,7.2847,7.4301,7.276,7.3364,159667.1,2941
2026-08-11 03:00:00+00:00,7.3336,7.3629,7.3002,7.3232,61062.2,1054
2026-08-11 03:30:00+00:00,7.3231,7.3869,7.3118,7.3612,30474.5,842
2026-08-11 04:00:00+00:00,7.3612,7.3697,7.3381,7.3627,18376.9,428
2026-08-11 04:30:00+00:00,7.3601,7.3758,7.36,7.3635,20277.2,218
2026-08-11 05:00:00+00:00,7.3606,7.4852,7.332,7.345,175847.4,2510
2026-08-11 05:30:00+00:00,7.3485,7.392,7.3329,7.3781,47747.7,1035
2026-08-11 06:00:00+00:00,7.375,7.45,7.3,7.3053,212308.2,1810
2026-08-11 06:30:00+00:00,7.3053,7.3923,7.2741,7.3005,180947.9,2057
2026-08-11 07:00:00+00:00,7.3005,7.3005,7.27,7.2898,56607.8,2655
2026-08-11 07:30:00+00:00,7.2863,7.302,7.2801,7.2945,45106.6,2196
2026-08-11 08:00:00+00:00,7.2955,7.2976,7.28,7.2804,51319.9,2467
2026-08-11 08:30:00+00:00,7.2804,7.2877,7.28,7.2863,19050.9,811
2026-08-11 09:00:00+00:00,7.2839,7.2954,7.28,7.28,17611.6,550
2026-08-11 09:30:00+00:00,7.28,7.2875,7.28,7.2806,14238.2,500
2026-08-11 10:00:00+00:00,7.28,7.2909,7.28,7.2844,4082.3,148
2026-08-11 10:30:00+00:00,7.283,7.2859,7.28,7.2827,8957.3,91
2026-08-11 11:00:00+00:00,7.2841,7.29,7.2701,7.2738,56119.0,426
2026-08-11 11:30:00+00:00,7.2719,7.2793,7.27,7.2721,8466.8,90
2026-08-11 12:00:00+00:00,7.2701,7.2799,7.2492,7.2643,16950.9,246
2026-08-11 12:30:00+00:00,7.2661,7.276,7.2585,7.276,7523.7,146
2026-08-11 13:00:00+00:00,7.275,7.2829,7.2684,7.2828,5698.7,99
2026-08-11 13:30:00+00:00,7.2823,7.2997,7.23,7.2413,44104.4,843
2026-08-11 14:00:00+00:00,7.2386,7.2671,7.2386,7.2671,40169.3,511
2026-08-11 14:30:00+00:00,7.2615,7.2624,7.2446,7.261,29555.9,299
2026-08-11 15:00:00+00:00,7.2611,7.28,7.26,7.2791,11800.9,164
2026-08-11 15:30:00+00:00,7.2791,7.2825,7.266,7.2799,16016.7,216
2026-08-11 16:00:00+00:00,7.2793,7.2794,7.2369,7.237,24739.8,455
2026-08-11 16:30:00+00:00,7.2385,7.2385,7.2214,7.2285,44384.8,602
2026-08-11 17:00:00+00:00,7.2285,7.2307,7.21,7.21,47642.9,305
2026-08-11 17:30:00+00:00,7.21,7.2156,7.2,7.2032,38235.2,425
2026-08-11 18:00:00+00:00,7.2031,7.2202,7.2,7.2004,26978.2,322
2026-08-11 18:30:00+00:00,7.2009,7.2041,7.1673,7.1701,28431.0,343
2026-08-11 19:00:00+00:00,7.1674,7.1748,7.1635,7.1681,14696.4,196
2026-08-11 19:30:00+00:00,7.1669,7.218,7.1665,7.217,24634.2,408
2026-08-11 20:00:00+00:00,7.2196,7.2485,7.2035,7.2453,60363.8,805
2026-08-11 20:30:00+00:00,7.247,7.2667,7.246,7.263,8569.0,348
2026-08-11 21:00:00+00:00,7.263,7.27,7.2539,7.2666,22657.4,531
2026-08-11 21:30:00+00:00,7.2676,7.2798,7.2671,7.2757,6988.1,113
2026-08-11 22:00:00+00:00,7.2759,7.28,7.2632,7.2649,33053.3,379
2026-08-11 22:30:00+00:00,7.2673,7.2729,7.2587,7.2667,11272.5,183
2026-08-11 23:00:00+00:00,7.2698,7.2698,7.251,7.2546,16435.4,351
2026-08-11 23:30:00+00:00,7.2548,7.2688,7.2532,7.2666,15114.6,241
2026-08-12 00:00:00+00:00,7.2672,7.3653,7.251,7.339,171018.8,2703
2026-08-12 00:30:00+00:00,7.339,7.3454,7.2618,7.29,93077.6,1972
2026-08-12 01:00:00+00:00,7.2932,7.35,7.266,7.3374,104782.6,1792
2026-08-12 01:30:00+00:00,7.3376,7.5705,7.3128,7.5633,354961.6,3764
2026-08-12 02:00:00+00:00,7.5632,7.6,7.5287,7.5661,245696.3,1761
2026-08-12 02:30:00+00:00,7.5643,7.66,7.547,7.658,178017.0,2052
2026-08-12 03:00:00+00:00,7.658,7.75,7.6482,7.7426,183266.4,2337
2026-08-12 03:30:00+00:00,7.7425,7.8268,7.7367,7.8136,92377.0,1119
2026-08-12 04:00:00+00:00,7.8111,7.84,7.7561,7.8277,162341.0,1917
2026-08-12 04:30:00+00:00,7.8294,7.8298,7.7757,7.8117,59235.9,1019
2026-08-12 05:00:00+00:00,7.8115,8.009,7.7693,7.77,765292.2,4260
2026-08-12 05:30:00+00:00,7.77,7.8123,7.7688,7.7773,88732.0,1952
2026-08-12 06:00:00+00:00,7.7806,7.7846,7.7307,7.7661,111965.8,8174
2026-08-12 06:30:00+00:00,7.7602,7.8501,7.7601,7.816,180960.8,1840
2026-08-12 07:00:00+00:00,7.816,7.8326,7.7939,7.8124,62954.5,1340
2026-08-12 07:30:00+00:00,7.8114,7.8591,7.7933,7.8164,87598.6,2034
2026-08-12 08:00:00+00:00,7.8187,7.829,7.81,7.8199,39734.9,535
2026-08-12 08:30:00+00:00,7.8197,7.841,7.7727,7.7727,64483.8,1057
2026-08-12 09:00:00+00:00,7.7771,7.79,7.77,7.7817,89915.8,1606
2026-08-12 09:30:00+00:00,7.7807,7.785,7.7574,7.758,47008.5,713
2026-08-12 10:00:00+00:00,7.7578,7.767,7.7541,7.761,12367.1,160
2026-08-12 10:30:00+00:00,7.7581,7.7684,7.7581,7.7663,5726.2,77
2026-08-12 11:00:00+00:00,7.7644,7.7673,7.7602,7.7628,5424.2,132
2026-08-12 11:30:00+00:00,7.7633,7.8204,7.7611,7.8203,16262.1,223
2026-08-12 12:00:00+00:00,7.8155,7.82,7.8019,7.8024,14212.3,265
2026-08-12 12:30:00+00:00,7.8019,7.823,7.7932,7.8212,23631.7,378
2026-08-12 13:00:00+00:00,7.8226,7.83,7.7987,7.8075,32418.7,496
2026-08-12 13:30:00+00:00,7.8028,7.8982,7.7949,7.8878,72510.6,1281
2026-08-12 14:00:00+00:00,7.8877,7.8928,7.7716,7.84,135003.0,1870
2026-08-12 14:30:00+00:00,7.8399,7.8951,7.8398,7.8752,97798.4,1163
2026-08-12 15:00:00+00:00,7.8753,7.9043,7.86,7.9026,36565.2,458
2026-08-12 15:30:00+00:00,7.9026,7.9118,7.8583,7.9112,57215.0,725
2026-08-12 16:00:00+00:00,7.9076,7.9166,7.8898,7.9166,26010.7,399
2026-08-12 16:30:00+00:00,7.9134,7.9241,7.9103,7.9241,16166.0,282
2026-08-12 17:00:00+00:00,7.9241,7.9316,7.9065,7.9096,36870.6,579
2026-08-12 17:30:00+00:00,7.9066,7.9433,7.893,7.9432,27700.8,291
2026-08-12 18:00:00+00:00,7.9432,7.95,7.9303,7.942,23681.9,340
2026-08-12 18:30:00+00:00,7.9437,7.95,7.9367,7.9469,11540.7,211
2026-08-12 19:00:00+00:00,7.9499,7.97,7.9463,7.9653,15067.6,226
2026-08-12 19:30:00+00:00,7.9631,7.9651,7.9174,7.959,36676.7,517
2026-08-12 20:00:00+00:00,7.959,7.9742,7.95,7.9742,16630.7,319
2026-08-12 20:30:00+00:00,7.974,7.99,7.9702,7.9873,11848.5,265
2026-08-12 21:00:00+00:00,7.9873,7.99,7.9742,7.99,21839.7,249
2026-08-12 21:30:00+00:00,7.99,7.99,7.9072,7.9487,66215.3,1041
2026-08-12 22:00:00+00:00,7.9461,7.99,7.9171,7.9886,59925.4,1511
2026-08-12 22:30:00+00:00,7.9892,8.0388,7.9439,7.9439,155523.0,1416
2026-08-12 23:00:00+00:00,7.9435,7.9741,7.9,7.9656,92410.6,931
2026-08-12 23:30:00+00:00,7.9654,7.9979,7.9568,7.9947,28426.4,447
2026-08-13 00:00:00+00:00,7.9941,8.0402,7.9897,8.0378,73793.9,1097
2026-08-13 00:30:00+00:00,8.0378,8.0424,8.0,8.001,29045.4,847
2026-08-13 01:00:00+00:00,8.0054,8.0375,8.0,8.0281,48657.9,716
2026-08-13 01:30:00+00:00,8.03,8.1722,7.9772,8.026,918333.6,5456
2026-08-13 02:00:00+00:00,8.0259,8.1313,8.0259,8.098,125573.3,1154
2026-08-13 02:30:00+00:00,8.0993,8.1005,7.9001,7.954,203618.0,2160
2026-08-13 03:00:00+00:00,7.958,8.03,7.947,7.9587,168219.7,1707
2026-08-13 03:30:00+00:00,7.964,7.9735,7.9335,7.9606,28449.0,376
2026-08-13 04:00:00+00:00,7.9558,7.9735,7.9412,7.9675,33991.1,495
2026-08-13 04:30:00+00:00,7.9663,8.02,7.9629,8.0095,53312.9,561
2026-08-13 05:00:00+00:00,8.0101,8.0309,7.958,7.9677,90752.8,916
2026-08-13 05:30:00+00:00,7.971,7.9744,7.817,7.823,181672.4,2232
2026-08-13 06:00:00+00:00,7.8205,7.86,7.7252,7.7591,325799.3,5431
2026-08-13 06:30:00+00:00,7.7602,7.78,7.6851,7.6986,235069.7,2297
2026-08-13 07:00:00+00:00,7.6986,7.6986,7.6403,7.6851,166146.0,1650
2026-08-13 07:30:00+00:00,7.6851,7.7299,7.6764,7.7155,50064.6,768
2026-08-13 08:00:00+00:00,7.7132,7.7135,7.6379,7.6414,41726.5,1495
2026-08-13 08:30:00+00:00,7.6413,7.67,7.6262,7.6533,37901.3,2089
2026-08-13 09:00:00+00:00,7.656,7.6673,7.6209,7.6276,23572.6,1052
2026-08-13 09:30:00+00:00,7.6276,7.6399,7.6001,7.6399,28861.8,896
2026-08-13 10:00:00+00:00,7.6399,7.6414,7.62,7.6212,6558.1,472
2026-08-13 10:30:00+00:00,7.6212,7.6328,7.6146,7.6314,15633.9,409
2026-08-13 11:00:00+00:00,7.6374,7.649,7.57,7.572,29527.1,1769
2026-08-13 11:30:00+00:00,7.57,7.636,7.569,7.62,13823.8,942
2026-08-13 12:00:00+00:00,7.6125,7.6163,7.5604,7.58,20642.3,1492
2026-08-13 12:30:00+00:00,7.5899,7.6399,7.5803,7.6374,20624.7,1494
2026-08-13 13:00:00+00:00,7.6321,7.645,7.6254,7.638,12602.0,762
2026-08-13 13:30:00+00:00,7.638,7.7,7.6301,7.6935,87603.3,3055
2026-08-13 14:00:00+00:00,7.6853,7.7365,7.6851,7.7365,63344.4,2443
2026-08-13 14:30:00+00:00,7.7364,7.8462,7.7277,7.8408,53456.2,2310
2026-08-13 15:00:00+00:00,7.8381,7.92,7.8343,7.9199,48678.1,2340
2026-08-13 15:30:00+00:00,7.9198,7.96,7.7721,7.7857,101712.3,5023
2026-08-13 16:00:00+00:00,7.7838,7.8833,7.7804,7.8774,40711.1,2700
2026-08-13 16:30:00+00:00,7.8771,7.9088,7.861,7.898,22039.7,1521
2026-08-13 17:00:00+00:00,7.8982,7.8982,7.8706,7.8929,12168.4,955
2026-08-13 17:30:00+00:00,7.8961,7.9567,7.8918,7.9317,20730.9,1219
2026-08-13 18:00:00+00:00,7.932,7.9366,7.9008,7.9045,13351.7,1046
2026-08-13 18:30:00+00:00,7.9044,7.9111,7.8847,7.9111,10078.1,891
2026-08-13 19:00:00+00:00,7.9107,7.9416,7.8877,7.891,17409.2,1542
2026-08-13 19:30:00+00:00,7.8897,7.8973,7.8469,7.8891,12878.1,1014
2026-08-13 20:00:00+00:00,7.8887,7.937,7.8887,7.9254,7461.4,591
2026-08-13 20:30:00+00:00,7.927,7.937,7.9254,7.9289,2171.2,191
2026-08-13 21:00:00+00:00,7.9297,7.9312,7.9123,7.9209,6751.9,394
2026-08-13 21:30:00+00:00,7.9204,7.9214,7.8597,7.8893,11777.7,900
2026-08-13 22:00:00+00:00,7.8937,7.8997,7.7903,7.8586,12464.9,757
2026-08-13 22:30:00+00:00,7.86,7.9164,7.86,7.9087,11145.1,807
2026-08-13 23:00:00+00:00,7.9095,7.9214,7.9001,7.9136,7981.1,455
2026-08-13 23:30:00+00:00,7.9136,7.9422,7.9135,7.9335,6832.2,497
2026-08-14 00:00:00+00:00,7.942,7.9479,7.7953,7.8502,54170.3,3854
2026-08-14 00:30:00+00:00,7.8555,7.8615,7.8257,7.834,14034.4,1203
2026-08-14 01:00:00+00:00,7.834,7.95,7.8205,7.9382,67303.9,1899
2026-08-14 01:30:00+00:00,7.942,7.99,7.8533,7.8682,389752.9,7783
2026-08-14 02:00:00+00:00,7.8701,8.0,7.8655,7.9007,155504.9,4651
2026-08-14 02:30:00+00:00,7.9004,8.09,7.9004,7.9591,224694.6,5876
2026-08-14 03:00:00+00:00,7.9546,8.04,7.93,7.9593,150024.2,4131
2026-08-14 03:30:00+00:00,7.9596,8.0225,7.95,7.9765,30350.1,1494
2026-08-14 04:00:00+00:00,7.9736,7.9739,7.8929,7.9268,18411.4,936
2026-08-14 04:30:00+00:00,7.9252,7.9336,7.9051,7.9286,15540.4,743
2026-08-14 05:00:00+00:00,7.928,7.9699,7.8701,7.9145,141665.5,3649
2026-08-14 05:30:00+00:00,7.9169,7.9776,7.9039,7.9361,98154.0,3233
2026-08-14 06:00:00+00:00,7.9303,8.0,7.865,7.9615,135542.6,2680
2026-08-14 06:30:00+00:00,7.9644,7.9694,7.924,7.9661,51833.0,2343
2026-08-14 07:00:00+00:00,7.9574,7.9583,7.9165,7.9261,43662.1,2182
2026-08-14 07:30:00+00:00,7.9238,7.9354,7.9041,7.9324,24851.0,1828
2026-08-14 08:00:00+00:00,7.933,7.9433,7.9145,7.9315,17732.0,2233
2026-08-14 08:30:00+00:00,7.9256,7.94,7.9027,7.9162,14233.5,946
2026-08-14 09:00:00+00:00,7.9142,7.9499,7.9,7.9403,14396.2,1473
2026-08-14 09:30:00+00:00,7.94,7.9999,7.93,7.9914,29359.2,1534
2026-08-14 10:00:00+00:00,7.9917,7.9956,7.974,7.9793,8601.6,1218
2026-08-14 10:30:00+00:00,7.9797,7.9968,7.974,7.995,11214.4,1058
2026-08-14 11:00:00+00:00,7.9954,8.07,7.9954,8.0452,30393.0,2750
2026-08-14 11:30:00+00:00,8.047,8.07,8.02,8.0529,19649.3,2503
2026-08-14 12:00:00+00:00,8.0528,8.06,8.0378,8.0471,10170.4,1101
2026-08-14 12:30:00+00:00,8.0437,8.058,8.0415,8.0466,4524.3,609
2026-08-14 13:00:00+00:00,8.0431,8.0708,8.0404,8.0522,18535.8,2232
2026-08-14 13:30:00+00:00,8.0544,8.0562,7.9038,7.9405,53747.0,5511
2026-08-14 14:00:00+00:00,7.9397,8.0276,7.9327,7.9364,48003.1,3694
2026-08-14 14:30:00+00:00,7.9367,8.0083,7.9038,7.9345,41793.9,4180
2026-08-14 15:00:00+00:00,7.9343,7.9597,7.92,7.9202,29212.9,2774
2026-08-14 15:30:00+00:00,7.9217,7.9338,7.8707,7.8783,34969.7,3030
2026-08-14 16:00:00+00:00,7.8796,7.9,7.8701,7.8866,8753.6,786
2026-08-14 16:30:00+00:00,7.8858,7.9253,7.8782,7.899,6507.7,940
2026-08-14 17:00:00+00:00,7.8988,7.9299,7.8963,7.9054,4038.9,701
2026-08-14 17:30:00+00:00,7.9133,7.9221,7.8866,7.9197,8112.2,1196
2026-08-14 18:00:00+00:00,7.9157,7.92,7.9051,7.9059,1320.6,356
2026-08-14 18:30:00+00:00,7.9035,7.9126,7.8922,7.9056,2320.8,591
2026-08-14 19:00:00+00:00,7.9092,7.9161,7.9061,7.9138,1681.1,564
2026-08-14 19:30:00+00:00,7.9137,7.9138,7.9043,7.9119,939.0,87
2026-08-14 20:00:00+00:00,7.9139,7.9141,7.9043,7.9067,241.1,92
2026-08-14 20:30:00+00:00,7.9016,7.9142,7.9016,7.9142,676.7,123
2026-08-14 21:00:00+00:00,7.9122,7.9122,7.89,7.8971,7578.6,527
2026-08-14 21:30:00+00:00,7.8971,7.9762,7.8934,7.9762,17889.6,2350
2026-08-14 22:00:00+00:00,7.9758,7.9763,7.8985,7.913,46271.7,6484
2026-08-14 22:30:00+00:00,7.9139,7.95,7.913,7.9365,11965.1,1263
2026-08-14 23:00:00+00:00,7.9387,7.9763,7.9051,7.925,26978.7,3626
2026-08-14 23:30:00+00:00,7.922,7.9659,7.9049,7.9503,13248.4,2252
2026-08-15 00:00:00+00:00,7.95,7.9569,7.9081,7.9186,16983.1,2108
2026-08-15 00:30:00+00:00,7.9199,7.9407,7.9132,7.9308,2864.8,240
2026-08-15 01:00:00+00:00,7.9317,7.9383,7.9265,7.932,1084.6,255
2026-08-15 01:30:00+00:00,7.9249,7.9398,7.9242,7.9374,1792.0,396
2026-08-15 02:00:00+00:00,7.9391,7.9392,7.9153,7.9164,844.5,114
2026-08-15 02:30:00+00:00,7.9168,7.9272,7.9067,7.9204,1921.4,568
2026-08-15 03:00:00+00:00,7.923,7.9307,7.923,7.9307,62.2,23
2026-08-15 03:30:00+00:00,7.9274,7.9274,7.9169,7.9169,584.8,195
2026-08-15 04:00:00+00:00,7.9253,7.9253,7.9092,7.9172,768.4,210
2026-08-15 04:30:00+00:00,7.9164,7.9266,7.9087,7.9236,2306.9,476
2026-08-15 05:00:00+00:00,7.9208,7.936,7.9146,7.9303,2336.8,284
2026-08-15 05:30:00+00:00,7.9328,7.9371,7.9253,7.9333,2300.1,573
2026-08-15 06:00:00+00:00,7.9331,7.9552,7.9239,7.9446,1745.3,283
2026-08-15 06:30:00+00:00,7.9405,7.9471,7.9395,7.9395,73.8,32
2026-08-15 07:00:00+00:00,7.9445,7.9469,7.9394,7.9452,2445.1,351
2026-08-15 07:30:00+00:00,7.9434,7.95,7.9434,7.949,1535.3,180
2026-08-15 08:00:00+00:00,7.9474,7.9477,7.9394,7.9402,1211.8,258
2026-08-15 08:30:00+00:00,7.9448,7.9448,7.9342,7.94,1369.2,84
2026-08-15 09:00:00+00:00,7.9366,7.95,7.9201,7.9416,907.4,212
2026-08-15 09:30:00+00:00,7.944,7.944,7.9385,7.9418,180.9,37
2026-08-15 10:00:00+00:00,7.9398,7.9913,7.9204,7.9551,18350.6,2140
2026-08-15 10:30:00+00:00,7.9564,7.9817,7.9527,7.9697,2267.9,429
2026-08-15 11:00:00+00:00,7.9685,7.9948,7.9628,7.9756,3683.0,359
2026-08-15 11:30:00+00:00,7.9751,7.9803,7.9646,7.9716,1813.1,432
2026-08-15 12:00:00+00:00,7.9706,7.9762,7.9573,7.9598,1946.9,348
2026-08-15 12:30:00+00:00,7.9598,7.9637,7.9547,7.961,1212.9,131
2026-08-15 13:00:00+00:00,7.9663,7.9782,7.9612,7.9777,791.6,64
2026-08-15 13:30:00+00:00,7.9781,7.9854,7.9362,7.9448,15910.4,2695
2026-08-15 14:00:00+00:00,7.9442,8.0,7.9442,7.98,21937.8,2381
2026-08-15 14:30:00+00:00,7.982,7.9878,7.9651,7.9754,3230.1,580
2026-08-15 15:00:00+00:00,7.98,8.0,7.98,7.9966,2595.9,487
2026-08-15 15:30:00+00:00,7.9963,7.9991,7.9651,7.9784,4935.5,599
2026-08-15 16:00:00+00:00,7.9798,8.0,7.9622,7.9973,5077.8,840
2026-08-15 16:30:00+00:00,7.9989,8.0098,7.9722,7.998,5893.1,791
2026-08-15 17:00:00+00:00,7.9944,7.9989,7.9711,7.9767,2923.1,587
2026-08-15 17:30:00+00:00,7.977,7.99,7.9731,7.9888,646.7,88
2026-08-15 18:00:00+00:00,7.9881,7.9961,7.9877,7.996,313.8,86
2026-08-15 18:30:00+00:00,7.9973,8.02,7.9951,8.0109,1517.9,328
2026-08-15 19:00:00+00:00,8.0097,8.0128,8.001,8.0024,1015.1,349
2026-08-15 19:30:00+00:00,8.0026,8.009,7.9986,8.005,1688.8,514
2026-08-15 20:00:00+00:00,8.0046,8.0679,7.9986,8.0629,24712.3,2184
2026-08-15 20:30:00+00:00,8.0632,8.0727,8.035,8.0373,10720.5,1529
2026-08-15 21:00:00+00:00,8.0368,8.0847,8.0307,8.0847,4597.7,768
2026-08-15 21:30:00+00:00,8.0827,8.085,8.05,8.0729,6836.5,1111
2026-08-15 22:00:00+00:00,8.0741,8.0884,8.05,8.0717,16189.9,2384
2026-08-15 22:30:00+00:00,8.0603,8.0886,8.0505,8.0633,38537.4,3162
2026-08-15 23:00:00+00:00,8.0577,8.08,8.0567,8.0716,3208.4,201
2026-08-15 23:30:00+00:00,8.0703,8.074,8.06,8.063,1061.1,318
2026-08-16 00:00:00+00:00,8.0666,8.0695,8.0488,8.0512,6316.0,1245
2026-08-16 00:30:00+00:00,8.0557,8.0581,7.9986,7.9989,7164.8,1651
2026-08-16 01:00:00+00:00,8.0024,8.0095,7.9986,8.0095,750.2,90
2026-08-16 01:30:00+00:00,8.0087,8.0099,8.0017,8.0056,470.5,167
2026-08-16 02:00:00+00:00,8.0056,8.0191,8.0002,8.0168,571.7,72
2026-08-16 02:30:00+00:00,8.0179,8.0179,8.0112,8.0154,244.1,8
2026-08-16 03:00:00+00:00,8.0154,8.03,8.0154,8.0257,902.3,155
2026-08-16 03:30:00+00:00,8.0241,8.0761,8.0241,8.0427,11139.7,1907
2026-08-16 04:00:00+00:00,8.043,8.051,8.0326,8.051,2924.3,505
2026-08-16 04:30:00+00:00,8.0464,8.0464,7.924,7.924,18537.4,1940
2026-08-16 05:00:00+00:00,7.9231,7.9799,7.9181,7.9417,8677.8,2023
2026-08-16 05:30:00+00:00,7.9451,7.9878,7.9448,7.9878,3216.9,665
2026-08-16 06:00:00+00:00,7.9899,8.0322,7.98,8.0177,5029.1,1083
2026-08-16 06:30:00+00:00,8.0199,8.0455,8.0147,8.0272,14834.5,2014
2026-08-16 07:00:00+00:00,8.0274,8.03,8.0169,8.03,6196.0,980
2026-08-16 07:30:00+00:00,8.03,8.0368,8.0071,8.012,4191.1,393
2026-08-16 08:00:00+00:00,8.0178,8.02,7.994,7.994,2855.2,369
2026-08-16 08:30:00+00:00,7.9968,8.0165,7.9913,8.0131,2896.5,298
2026-08-16 09:00:00+00:00,8.0184,8.0185,8.0074,8.0148,921.2,100
2026-08-16 09:30:00+00:00,8.0184,8.0188,8.0089,8.0153,2911.2,204
2026-08-16 10:00:00+00:00,8.0188,8.0381,8.0001,8.0142,7412.0,1156
2026-08-16 10:30:00+00:00,8.0139,8.0143,8.0003,8.0042,1111.0,145
2026-08-16 11:00:00+00:00,8.0038,8.0054,7.9966,7.9995,949.3,177
2026-08-16 11:30:00+00:00,7.9946,7.9994,7.9833,7.9994,3149.8,326
2026-08-16 12:00:00+00:00,7.9971,8.0417,7.9859,8.0236,15091.8,1606
2026-08-16 12:30:00+00:00,8.0252,8.0333,7.9554,7.9898,16769.5,2324
2026-08-16 13:00:00+00:00,7.9899,7.994,7.9666,7.9691,4401.1,638
2026-08-16 13:30:00+00:00,7.9731,7.9763,7.9352,7.9479,8836.4,842
2026-08-16 14:00:00+00:00,7.9476,7.9828,7.9423,7.9786,3426.4,348
2026-08-16 14:30:00+00:00,7.9736,7.987,7.9687,7.9844,7821.1,769
2026-08-16 15:00:00+00:00,7.9874,7.9969,7.9816,7.9944,942.8,216
2026-08-16 15:30:00+00:00,7.9881,7.9943,7.98,7.9908,4009.3,611
2026-08-16 16:00:00+00:00,7.9863,8.0058,7.9815,7.9876,946.5,190
2026-08-16 16:30:00+00:00,7.9835,7.9881,7.98,7.9832,918.9,217
2026-08-16 17:00:00+00:00,7.9843,7.9952,7.9842,7.9952,424.1,49
2026-08-16 17:30:00+00:00,7.9933,8.012,7.9892,7.9927,4153.0,345
2026-08-16 18:00:00+00:00,7.9914,7.9951,7.9735,7.9755,1318.1,371
2026-08-16 18:30:00+00:00,7.9772,8.0199,7.9735,8.019,5602.8,828
2026-08-16 19:00:00+00:00,8.0196,8.0487,8.0062,8.0165,25314.9,4122
2026-08-16 19:30:00+00:00,8.0194,8.022,7.9801,7.986,1907.4,581
2026-08-16 20:00:00+00:00,7.9832,8.003,7.9832,8.0008,6798.1,392
2026-08-16 20:30:00+00:00,7.9963,7.9967,7.962,7.9736,6031.9,641
2026-08-16 21:00:00+00:00,7.9742,7.9785,7.9343,7.936,7168.7,2087
2026-08-16 21:30:00+00:00,7.9422,7.9604,7.935,7.9475,7165.9,925
2026-08-16 22:00:00+00:00,7.9495,7.9812,7.9381,7.947,6118.3,1254
2026-08-16 22:30:00+00:00,7.95,7.9532,7.9361,7.9418,9030.8,1576
2026-08-16 23:00:00+00:00,7.94,7.948,7.93,7.9372,9375.6,1800
2026-08-16 23:30:00+00:00,7.9409,7.9616,7.9,7.9436,17952.0,1834
2026-08-17 00:00:00+00:00,7.9434,7.97,7.94,7.9462,15002.0,1853
2026-08-17 00:30:00+00:00,7.9414,8.0535,7.9405,8.0061,52124.6,4302
2026-08-17 01:00:00+00:00,8.0028,8.085,7.98,8.0804,43465.5,4278
2026-08-17 01:30:00+00:00,8.0835,8.3772,8.08,8.2919,539712.8,11931
2026-08-17 02:00:00+00:00,8.2863,8.5544,8.2511,8.4678,369488.7,11863
2026-08-17 02:30:00+00:00,8.4679,8.847,8.4543,8.7353,672762.0,9276
2026-08-17 03:00:00+00:00,8.7224,8.7293,8.6357,8.6862,117024.0,5981
2026-08-17 03:30:00+00:00,8.6822,8.71,8.595,8.666,60255.8,3863
2026-08-17 04:00:00+00:00,8.6602,8.7,8.604,8.6527,41306.2,4031
2026-08-17 04:30:00+00:00,8.6552,8.7,8.59,8.681,75427.2,5919
2026-08-17 05:00:00+00:00,8.6795,8.847,8.6064,8.6874,169051.1,7135
2026-08-17 05:30:00+00:00,8.688,8.7475,8.64,8.736,91274.8,4487
2026-08-17 06:00:00+00:00,8.7315,8.8531,8.6663,8.7637,169293.1,6402
2026-08-17 06:30:00+00:00,8.764,9.0,8.7135,8.9734,290292.2,7345
2026-08-17 07:00:00+00:00,8.9659,8.9734,8.8918,8.964,105059.8,6912
2026-08-17 07:30:00+00:00,8.964,9.1654,8.964,9.0392,212559.2,7769
2026-08-17 08:00:00+00:00,9.0392,9.053,8.944,9.0067,129965.6,8170
2026-08-17 08:30:00+00:00,9.0085,9.0148,8.9521,8.9814,49341.5,4543
2026-08-17 09:00:00+00:00,8.9834,8.987,8.92,8.9598,39487.9,3149
2026-08-17 09:30:00+00:00,8.9577,9.0786,8.9201,9.031,55871.5,3186
2026-08-17 10:00:00+00:00,9.0255,9.0291,8.97,8.9858,27826.4,3367
2026-08-17 10:30:00+00:00,8.9884,8.9957,8.96,8.9633,14159.3,1490
2026-08-17 11:00:00+00:00,8.9667,8.98,8.875,8.8903,76540.5,3806
2026-08-17 11:30:00+00:00,8.8866,8.9076,8.751,8.8317,236381.8,6455
2026-08-17 12:00:00+00:00,8.8296,8.8344,8.75,8.7665,83620.1,3649
2026-08-17 12:30:00+00:00,8.7676,8.8002,8.704,8.7511,76394.4,3818
2026-08-17 13:00:00+00:00,8.7493,8.8272,8.7477,8.7893,55323.3,4576
2026-08-17 13:30:00+00:00,8.785,8.8499,8.78,8.8404,181848.0,5840
2026-08-17 14:00:00+00:00,8.8396,8.9117,8.8286,8.8763,104215.7,2535
2026-08-17 14:30:00+00:00,8.8763,9.0209,8.8702,9.0151,137662.3,4076
2026-08-17 15:00:00+00:00,9.0046,9.03,8.9544,9.0014,46118.7,2383
2026-08-17 15:30:00+00:00,9.0029,9.03,8.9265,8.9833,45852.4,2588
2026-08-17 16:00:00+00:00,8.9843,9.003,8.93,8.9616,17648.8,2041
2026-08-17 16:30:00+00:00,8.9615,8.9645,8.9265,8.9504,14055.2,1482
2026-08-17 17:00:00+00:00,8.9514,8.9694,8.9182,8.9329,21971.5,2911
2026-08-17 17:30:00+00:00,8.9326,8.9479,8.9182,8.9407,12288.0,1301
2026-08-17 18:00:00+00:00,8.941,8.9427,8.8352,8.8422,47922.7,2904
2026-08-17 18:30:00+00:00,8.845,8.8955,8.8231,8.8955,32467.2,2042
2026-08-17 19:00:00+00:00,8.8904,8.9323,8.8532,8.9112,31711.9,2705
2026-08-17 19:30:00+00:00,8.9134,8.9398,8.8609,8.8936,12815.8,1631
2026-08-17 20:00:00+00:00,8.8926,8.91,8.88,8.8989,3071.3,230
2026-08-17 20:30:00+00:00,8.8992,8.9694,8.8795,8.923,20680.7,1733
2026-08-17 21:00:00+00:00,8.9238,8.97,8.9113,8.937,12961.8,1597
2026-08-17 21:30:00+00:00,8.933,8.97,8.9154,8.9699,3837.8,374
2026-08-17 22:00:00+00:00,8.97,8.9738,8.9271,8.9545,8015.2,499
2026-08-17 22:30:00+00:00,8.9502,8.9639,8.925,8.9424,14208.8,1395
2026-08-17 23:00:00+00:00,8.9421,8.9515,8.8932,8.9478,19721.5,1484
2026-08-17 23:30:00+00:00,8.947,8.9774,8.82,8.9535,59613.4,3300
2026-08-18 00:00:00+00:00,8.9493,9.055,8.9179,9.0524,50398.9,2363
2026-08-18 00:30:00+00:00,9.055,9.055,8.8536,9.0296,80052.4,3743
2026-08-18 01:00:00+00:00,9.0222,9.0342,8.7641,8.8972,91415.3,3354
2026-08-18 01:30:00+00:00,8.8962,8.92,8.666,8.746,220204.7,7628
2026-08-18 02:00:00+00:00,8.7423,8.84,8.7098,8.7579,179395.5,4863
2026-08-18 02:30:00+00:00,8.7599,8.8588,8.6304,8.6551,527177.3,8937
2026-08-18 03:00:00+00:00,8.655,8.8079,8.6315,8.785,417851.8,7670
2026-08-18 03:30:00+00:00,8.7813,8.8345,8.7752,8.7911,83402.6,2609
2026-08-18 04:00:00+00:00,8.7939,8.7946,8.198,8.5925,792122.7,9854
2026-08-18 04:30:00+00:00,8.5896,8.684,8.5741,8.6473,52687.4,2919
2026-08-18 05:00:00+00:00,8.6495,8.68,8.5001,8.5356,183530.0,8974
2026-08-18 05:30:00+00:00,8.5367,8.6325,8.5081,8.5862,102527.5,5717
2026-08-18 06:00:00+00:00,8.5824,8.6027,8.475,8.5962,195767.2,9398
2026-08-18 06:30:00+00:00,8.5962,8.7259,8.5568,8.6827,276737.2,10171
2026-08-18 07:00:00+00:00,8.683,8.6846,8.6109,8.6468,110272.3,7245
2026-08-18 07:30:00+00:00,8.6485,8.694,8.611,8.6724,87555.9,5996
2026-08-18 08:00:00+00:00,8.6649,8.6698,8.51,8.5221,105996.2,3478
2026-08-18 08:30:00+00:00,8.5216,8.5791,8.51,8.5697,30846.1,1663
2026-08-18 09:00:00+00:00,8.5696,8.5831,8.5118,8.5357,25050.1,2081
2026-08-18 09:30:00+00:00,8.5353,8.5556,8.51,8.514,16407.8,1455
2026-08-18 10:00:00+00:00,8.5111,8.547,8.51,8.5196,16492.3,1432
2026-08-18 10:30:00+00:00,8.5195,8.551,8.516,8.5242,6198.9,1014
2026-08-18 11:00:00+00:00,8.5267,8.5486,8.521,8.5379,14472.2,1986
2026-08-18 11:30:00+00:00,8.5355,8.5476,8.519,8.546,15887.8,2058
2026-08-18 12:00:00+00:00,8.5439,8.5681,8.52,8.5212,16994.8,2875
2026-08-18 12:30:00+00:00,8.5213,8.5293,8.519,8.5198,7339.2,848
2026-08-18 13:00:00+00:00,8.5198,8.5333,8.519,8.5234,7743.6,1055
2026-08-18 13:30:00+00:00,8.5232,8.5526,8.492,8.4928,37481.3,1863
2026-08-18 14:00:00+00:00,8.492,8.492,8.43,8.4733,58182.9,3611
2026-08-18 14:30:00+00:00,8.4751,8.5046,8.398,8.4125,52743.5,3446
2026-08-18 15:00:00+00:00,8.4123,8.4399,8.39,8.4186,64446.7,4057
2026-08-18 15:30:00+00:00,8.4166,8.4496,8.4001,8.4377,24339.7,2161
2026-08-18 16:00:00+00:00,8.4368,8.4556,8.3878,8.3955,28150.5,2938
2026-08-18 16:30:00+00:00,8.3941,8.4163,8.3784,8.3828,41527.4,2994
2026-08-18 17:00:00+00:00,8.382,8.4,8.3751,8.3838,32789.0,2098
2026-08-18 17:30:00+00:00,8.3842,8.3873,8.3546,8.3558,28710.9,2970
2026-08-18 18:00:00+00:00,8.358,8.4013,8.33,8.3514,54928.3,4062
2026-08-18 18:30:00+00:00,8.3499,8.3731,8.33,8.3404,22846.7,2144
2026-08-18 19:00:00+00:00,8.3399,8.3555,8.3316,8.3531,8751.8,1206
2026-08-18 19:30:00+00:00,8.3529,8.36,8.3506,8.3538,6031.2,963
2026-08-18 20:00:00+00:00,8.3529,8.4201,8.3529,8.4013,51164.8,3470
2026-08-18 20:30:00+00:00,8.4019,8.4329,8.3693,8.379,15557.0,2004
2026-08-18 21:00:00+00:00,8.3819,8.4,8.3746,8.3872,2328.8,743
2026-08-18 21:30:00+00:00,8.3865,8.4181,8.3746,8.3861,15793.8,2635
2026-08-18 22:00:00+00:00,8.3842,8.4038,8.3336,8.3431,38783.6,4202
2026-08-18 22:30:00+00:00,8.3442,8.3506,8.3336,8.3419,20183.7,2027
2026-08-18 23:00:00+00:00,8.3392,8.36,8.3232,8.3408,29095.3,3053
2026-08-18 23:30:00+00:00,8.3391,8.3416,8.322,8.3286,10914.5,1709
2026-08-19 00:00:00+00:00,8.3283,8.3421,8.2071,8.2167,159387.0,5539
2026-08-19 00:30:00+00:00,8.2154,8.3681,8.2154,8.3026,91339.0,3601
2026-08-19 01:00:00+00:00,8.3046,8.4061,8.2671,8.4061,77176.4,4668
2026-08-19 01:30:00+00:00,8.4036,8.5229,8.3532,8.4354,167741.6,7717
2026-08-19 02:00:00+00:00,8.4355,8.4867,8.3409,8.3589,201225.4,7838
2026-08-19 02:30:00+00:00,8.3563,8.377,8.2053,8.3665,366978.2,11257
2026-08-19 03:00:00+00:00,8.3665,8.3759,8.2911,8.3006,124431.9,6083
2026-08-19 03:30:00+00:00,8.3006,8.3496,8.2914,8.2996,29123.8,3021
2026-08-19 04:00:00+00:00,8.3004,8.35,8.2928,8.3498,18368.7,2088
2026-08-19 04:30:00+00:00,8.3469,8.3555,8.3319,8.342,43569.1,2317
2026-08-19 05:00:00+00:00,8.3423,8.3563,8.24,8.3431,215777.7,9351
2026-08-19 05:30:00+00:00,8.3431,8.4588,8.3401,8.3877,116722.9,6892
2026-08-19 06:00:00+00:00,8.3897,8.4031,8.331,8.3913,73791.1,5945
2026-08-19 06:30:00+00:00,8.3928,8.4454,8.2403,8.41,149731.9,7408
2026-08-19 07:00:00+00:00,8.4109,8.4904,8.3662,8.4829,107862.2,6557
2026-08-19 07:30:00+00:00,8.4832,8.5106,8.4293,8.51,79639.4,5074
2026-08-19 08:00:00+00:00,8.5106,8.516,8.3978,8.4165,58081.3,3605
2026-08-19 08:30:00+00:00,8.4163,8.4617,8.4162,8.4281,24562.6,2885
2026-08-19 09:00:00+00:00,8.4264,8.468,8.4238,8.4355,16784.1,2528
2026-08-19 09:30:00+00:00,8.4358,8.4863,8.4176,8.4293,30922.8,4329
2026-08-19 10:00:00+00:00,8.4311,8.4342,8.308,8.3937,52909.9,4301
2026-08-19 10:30:00+00:00,8.3903,8.4204,8.38,8.3934,13333.9,1785
2026-08-19 11:00:00+00:00,8.3903,8.449,8.3903,8.4011,20802.2,2395
2026-08-19 11:30:00+00:00,8.3993,8.3994,8.3652,8.3949,15817.1,2012
2026-08-19 12:00:00+00:00,8.3959,8.4244,8.3581,8.4199,23237.1,1231
2026-08-19 12:30:00+00:00,8.4218,8.5956,8.4091,8.5839,151120.2,3267
2026-08-19 13:00:00+00:00,8.5839,8.5913,8.544,8.5683,60091.8,3595
2026-08-19 13:30:00+00:00,8.5672,8.5773,8.4101,8.4385,72354.8,4879
2026-08-19 14:00:00+00:00,8.4383,8.46,8.3933,8.4325,80297.8,3900
2026-08-19 14:30:00+00:00,8.4342,8.4424,8.4048,8.4371,66953.7,2186
2026-08-19 15:00:00+00:00,8.4348,8.48,8.3851,8.3892,112787.6,4035
2026-08-19 15:30:00+00:00,8.3892,8.4417,8.3741,8.3956,37299.2,1985
2026-08-19 16:00:00+00:00,8.3972,8.4508,8.3925,8.4247,23714.2,1691
2026-08-19 16:30:00+00:00,8.4224,8.4269,8.3877,8.4082,14981.5,1632
2026-08-19 17:00:00+00:00,8.408,8.4156,8.3559,8.3742,9483.5,1381
2026-08-19 17:30:00+00:00,8.3727,8.4068,8.3624,8.3881,10502.3,1168
2026-08-19 18:00:00+00:00,8.3907,8.3907,8.3424,8.3761,11702.0,1293
2026-08-19 18:30:00+00:00,8.3782,8.4036,8.3756,8.4031,5232.0,835
2026-08-19 19:00:00+00:00,8.4031,8.45,8.3929,8.4465,6872.7,981
2026-08-19 19:30:00+00:00,8.4495,8.4534,8.4064,8.413,17254.1,1319
2026-08-19 20:00:00+00:00,8.411,8.4445,8.3935,8.3984,13299.5,1537
2026-08-19 20:30:00+00:00,8.3969,8.4306,8.3889,8.4268,10508.9,1865
2026-08-19 21:00:00+00:00,8.4261,8.5366,8.4149,8.4591,20935.2,2712
2026-08-19 21:30:00+00:00,8.4579,8.492,8.4327,8.4372,10041.1,1767
2026-08-19 22:00:00+00:00,8.4374,8.4695,8.4211,8.4691,10211.0,2081
2026-08-19 22:30:00+00:00,8.4707,8.5304,8.4427,8.5065,16715.4,2679
2026-08-19 23:00:00+00:00,8.5037,8.5181,8.3958,8.4281,24506.2,2607
2026-08-19 23:30:00+00:00,8.4299,8.4927,8.4233,8.484,13053.7,874
2026-08-20 00:00:00+00:00,8.484,8.4923,8.4283,8.4729,17077.8,1492
2026-08-20 00:30:00+00:00,8.468,8.5183,8.4645,8.5023,13621.8,1236
2026-08-20 01:00:00+00:00,8.5052,8.5449,8.4751,8.4832,27776.3,1809
2026-08-20 01:30:00+00:00,8.4843,8.5433,8.3576,8.5361,250926.3,7767
2026-08-20 02:00:00+00:00,8.5299,8.5957,8.48,8.5125,118431.1,4637
2026-08-20 02:30:00+00:00,8.5167,8.529,8.4655,8.488,64100.9,2699
2026-08-20 03:00:00+00:00,8.4888,8.4939,8.4045,8.4435,73288.2,2826
2026-08-20 03:30:00+00:00,8.4434,8.4999,8.4371,8.4869,14914.8,1237
2026-08-20 04:00:00+00:00,8.485,8.4851,8.4473,8.4628,10535.4,944
2026-08-20 04:30:00+00:00,8.4628,8.4697,8.4259,8.4361,18898.2,1970
2026-08-20 05:00:00+00:00,8.4411,8.4678,8.4033,8.4204,83218.2,3620
2026-08-20 05:30:00+00:00,8.4229,8.427,8.3158,8.3347,141738.4,7315
2026-08-20 06:00:00+00:00,8.3342,8.3806,8.2792,8.3551,336662.8,10292
2026-08-20 06:30:00+00:00,8.355,8.4022,8.3421,8.3763,140964.0,9404
2026-08-20 07:00:00+00:00,8.3742,8.4278,8.3674,8.4207,42653.8,2519
2026-08-20 07:30:00+00:00,8.4209,8.4423,8.3898,8.4237,15372.6,1592
2026-08-20 08:00:00+00:00,8.4209,8.4315,8.3309,8.3437,31355.8,2253
2026-08-20 08:30:00+00:00,8.3415,8.3602,8.325,8.3368,12919.1,1218
2026-08-20 09:00:00+00:00,8.3379,8.4111,8.3168,8.3739,16120.7,1755
2026-08-20 09:30:00+00:00,8.3669,8.3797,8.3486,8.3557,4204.5,982
2026-08-20 10:00:00+00:00,8.3549,8.39,8.3544,8.3745,9391.7,1395
2026-08-20 10:30:00+00:00,8.3778,8.3881,8.3626,8.3868,8688.7,2055
2026-08-20 11:00:00+00:00,8.3861,8.3927,8.3433,8.35,9236.0,1717
2026-08-20 11:30:00+00:00,8.347,8.362,8.3253,8.3298,8851.0,1484
2026-08-20 12:00:00+00:00,8.3301,8.3307,8.205,8.2459,125959.3,2651
2026-08-20 12:30:00+00:00,8.2423,8.2458,8.1542,8.1716,133759.7,3118
2026-08-20 13:00:00+00:00,8.1658,8.1873,8.1275,8.1836,75294.1,2534
2026-08-20 13:30:00+00:00,8.1864,8.2442,8.151,8.1743,42017.3,2077
2026-08-20 14:00:00+00:00,8.1768,8.2494,8.1768,8.2282,21565.5,1513
2026-08-20 14:30:00+00:00,8.225,8.2783,8.2134,8.2613,26125.7,1804
2026-08-20 15:00:00+00:00,8.2613,8.3031,8.25,8.281,36853.9,2067
2026-08-20 15:30:00+00:00,8.2798,8.2822,8.2239,8.2303,22703.5,1441
2026-08-20 16:00:00+00:00,8.2288,8.2456,8.2108,8.2268,28643.0,1085
2026-08-20 16:30:00+00:00,8.2276,8.2319,8.2108,8.2217,5657.4,628
2026-08-20 17:00:00+00:00,8.2203,8.2393,8.2101,8.2238,15633.4,937
2026-08-20 17:30:00+00:00,8.2219,8.2405,8.2109,8.228,13244.7,801
2026-08-20 18:00:00+00:00,8.2259,8.2338,8.1822,8.1932,36332.9,1164
2026-08-20 18:30:00+00:00,8.1943,8.2003,8.1822,8.1936,5385.2,743
2026-08-20 19:00:00+00:00,8.1915,8.2216,8.1893,8.2062,14516.9,872
2026-08-20 19:30:00+00:00,8.2026,8.2182,8.2009,8.2126,9354.8,756
2026-08-20 20:00:00+00:00,8.2147,8.2523,8.2089,8.2496,15090.4,854
2026-08-20 20:30:00+00:00,8.2471,8.2586,8.2303,8.2321,2970.6,464
2026-08-20 21:00:00+00:00,8.2381,8.2603,8.2163,8.2484,7627.8,862
2026-08-20 21:30:00+00:00,8.2415,8.2433,8.2107,8.2199,10363.3,1082
2026-08-20 22:00:00+00:00,8.2208,8.2695,8.2158,8.25,23374.1,2047
2026-08-20 22:30:00+00:00,8.2471,8.2516,8.2398,8.2476,15234.1,2191
2026-08-20 23:00:00+00:00,8.2471,8.2604,8.1994,8.206,38245.6,6006
2026-08-20 23:30:00+00:00,8.2059,8.2101,8.1901,8.1919,23397.2,1772
2026-08-21 00:00:00+00:00,8.1908,8.262,8.1901,8.224,37490.9,2259
2026-08-21 00:30:00+00:00,8.2209,8.3547,8.22,8.3021,52137.1,2508
2026-08-21 01:00:00+00:00,8.3004,8.38,8.2749,8.3501,68987.1,2317
2026-08-21 01:30:00+00:00,8.3524,8.6132,8.35,8.6074,395969.8,9676
2026-08-21 02:00:00+00:00,8.6085,8.6494,8.4579,8.4938,146913.8,8696
2026-08-21 02:30:00+00:00,8.5011,8.5508,8.4717,8.5351,76252.7,6284
2026-08-21 03:00:00+00:00,8.5316,8.5347,8.4287,8.4824,73503.5,2534
2026-08-21 03:30:00+00:00,8.4807,8.5224,8.4717,8.4842,37070.0,1556
2026-08-21 04:00:00+00:00,8.4823,8.4823,8.4222,8.4419,18902.9,1230
2026-08-21 04:30:00+00:00,8.4419,8.4708,8.4323,8.4629,14054.6,952
2026-08-21 05:00:00+00:00,8.4595,8.4881,8.4,8.4732,81171.2,2334
2026-08-21 05:30:00+00:00,8.4746,8.4811,8.4124,8.4412,39995.1,1312
2026-08-21 06:00:00+00:00,8.4384,8.5119,8.4125,8.5083,48570.9,1900
2026-08-21 06:30:00+00:00,8.5088,8.5238,8.4712,8.5057,60979.4,3252
2026-08-21 07:00:00+00:00,8.5041,8.515,8.4434,8.5083,51884.6,3080
2026-08-21 07:30:00+00:00,8.5118,8.5607,8.5052,8.5209,74127.0,5016
2026-08-21 08:00:00+00:00,8.5185,8.5837,8.4751,8.5821,92982.4,3629
2026-08-21 08:30:00+00:00,8.5834,8.6101,8.55,8.5566,47354.9,2358
2026-08-21 09:00:00+00:00,8.5599,8.5961,8.5506,8.5891,24824.1,1982
2026-08-21 09:30:00+00:00,8.5869,8.5899,8.555,8.563,20783.3,1337
2026-08-21 10:00:00+00:00,8.5669,8.568,8.5447,8.5562,4735.1,710
2026-08-21 10:30:00+00:00,8.5562,8.5677,8.5111,8.5427,9412.1,974
2026-08-21 11:00:00+00:00,8.5429,8.5582,8.5328,8.5539,2617.5,461
2026-08-21 11:30:00+00:00,8.5539,8.5944,8.5264,8.5522,26051.6,1506
2026-08-21 12:00:00+00:00,8.5528,8.5529,8.4952,8.5394,8103.2,908
2026-08-21 12:30:00+00:00,8.5395,8.5595,8.5289,8.5396,5583.1,618
2026-08-21 13:00:00+00:00,8.5402,8.5576,8.537,8.5498,3980.4,624
2026-08-21 13:30:00+00:00,8.5482,8.5548,8.5138,8.5264,6842.9,1267
2026-08-21 14:00:00+00:00,8.5242,8.566,8.47,8.486,30965.0,1984
2026-08-21 14:30:00+00:00,8.4826,8.4873,8.4554,8.4779,5119.3,847
2026-08-21 15:00:00+00:00,8.478,8.5133,8.478,8.5102,4833.2,675
2026-08-21 15:30:00+00:00,8.5102,8.5429,8.4984,8.5025,6686.2,688
2026-08-21 16:00:00+00:00,8.5015,8.5566,8.4878,8.5251,15679.5,969
2026-08-21 16:30:00+00:00,8.5263,8.5315,8.5077,8.5168,3683.0,361
2026-08-21 17:00:00+00:00,8.5168,8.5338,8.4834,8.4917,6054.6,572
2026-08-21 17:30:00+00:00,8.4934,8.5132,8.487,8.5132,2398.5,405
2026-08-21 18:00:00+00:00,8.5124,8.5186,8.4865,8.4865,4955.4,570
2026-08-21 18:30:00+00:00,8.4865,8.4988,8.4783,8.4937,1333.1,469
2026-08-21 19:00:00+00:00,8.4944,8.4965,8.474,8.4774,1639.9,414
2026-08-21 19:30:00+00:00,8.4777,8.4973,8.4712,8.4725,3782.2,636
2026-08-21 20:00:00+00:00,8.4732,8.5238,8.4732,8.5095,7563.6,849
2026-08-21 20:30:00+00:00,8.5089,8.5185,8.5039,8.5109,1117.6,209
2026-08-21 21:00:00+00:00,8.5078,8.5386,8.5072,8.5354,1371.9,235
2026-08-21 21:30:00+00:00,8.5385,8.5386,8.5175,8.5315,3346.0,445
2026-08-21 22:00:00+00:00,8.5316,8.5482,8.5189,8.5217,3340.7,413
2026-08-21 22:30:00+00:00,8.5188,8.5269,8.5,8.5269,2978.9,535
2026-08-21 23:00:00+00:00,8.5261,8.5399,8.5175,8.5288,3417.3,343
2026-08-21 23:30:00+00:00,8.5289,8.5363,8.5221,8.5253,1127.0,236
2026-08-22 00:00:00+00:00,8.5226,8.54,8.5226,8.5368,921.6,366
2026-08-22 00:30:00+00:00,8.5362,8.54,8.5341,8.536,1463.1,235
2026-08-22 01:00:00+00:00,8.5366,8.54,8.5323,8.5399,2704.0,297
2026-08-22 01:30:00+00:00,8.5399,8.54,8.5193,8.54,3604.8,409
2026-08-22 02:00:00+00:00,8.5381,8.54,8.53,8.5377,5594.2,315
2026-08-22 02:30:00+00:00,8.5362,8.54,8.5333,8.54,2119.1,367
2026-08-22 03:00:00+00:00,8.54,8.5415,8.53,8.5301,5027.7,388
2026-08-22 03:30:00+00:00,8.5301,8.5475,8.53,8.5457,4253.1,366
2026-08-22 04:00:00+00:00,8.5456,8.55,8.5307,8.546,2925.6,480
2026-08-22 04:30:00+00:00,8.5453,8.5625,8.5445,8.5546,2107.1,424
2026-08-22 05:00:00+00:00,8.554,8.5588,8.53,8.5548,7302.1,932
2026-08-22 05:30:00+00:00,8.5531,8.5768,8.53,8.5493,5687.4,383
2026-08-22 06:00:00+00:00,8.5493,8.5569,8.5376,8.5425,1362.4,448
2026-08-22 06:30:00+00:00,8.5421,8.6148,8.5358,8.5939,4139.0,724
2026-08-22 07:00:00+00:00,8.5937,8.5937,8.5615,8.5687,2073.4,579
2026-08-22 07:30:00+00:00,8.5689,8.5787,8.5553,8.5607,7126.1,501
2026-08-22 08:00:00+00:00,8.5573,8.5685,8.5492,8.5642,5666.2,723
2026-08-22 08:30:00+00:00,8.5642,8.57,8.5602,8.5628,970.7,295
2026-08-22 09:00:00+00:00,8.5602,8.574,8.5465,8.574,2223.7,223
2026-08-22 09:30:00+00:00,8.574,8.5846,8.5571,8.5583,1132.6,235
2026-08-22 10:00:00+00:00,8.5558,8.5737,8.5556,8.5625,2290.2,274
2026-08-22 10:30:00+00:00,8.5639,8.5735,8.5575,8.5684,1503.4,268
2026-08-22 11:00:00+00:00,8.5681,8.57,8.545,8.5699,2378.4,321
2026-08-22 11:30:00+00:00,8.5699,8.574,8.54,8.5472,2513.8,423
2026-08-22 12:00:00+00:00,8.545,8.5604,8.54,8.5585,2286.6,339
2026-08-22 12:30:00+00:00,8.5585,8.5636,8.5494,8.5565,860.9,267
2026-08-22 13:00:00+00:00,8.5562,8.5618,8.5482,8.5518,885.6,297
2026-08-22 13:30:00+00:00,8.5514,8.5612,8.5464,8.5566,832.2,270
2026-08-22 14:00:00+00:00,8.5566,8.5581,8.534,8.5467,3465.0,439
2026-08-22 14:30:00+00:00,8.5466,8.5587,8.544,8.5489,2606.9,171
2026-08-22 15:00:00+00:00,8.5489,8.5585,8.53,8.5547,7233.4,451
2026-08-22 15:30:00+00:00,8.5531,8.5642,8.5429,8.5501,1804.0,312
2026-08-22 16:00:00+00:00,8.5493,8.5613,8.5445,8.5549,2562.0,353
2026-08-22 16:30:00+00:00,8.5565,8.5607,8.5395,8.553,1910.1,294
2026-08-22 17:00:00+00:00,8.5542,8.5648,8.55,8.564,1101.0,203
2026-08-22 17:30:00+00:00,8.5641,8.5672,8.5624,8.5663,303.3,119
2026-08-22 18:00:00+00:00,8.566,8.57,8.5619,8.5688,541.4,210
2026-08-22 18:30:00+00:00,8.5688,8.5791,8.5675,8.579,599.4,207
2026-08-22 19:00:00+00:00,8.5788,8.587,8.5766,8.587,1136.9,191
2026-08-22 19:30:00+00:00,8.587,8.587,8.5734,8.584,1536.7,421
2026-08-22 20:00:00+00:00,8.584,8.5859,8.5766,8.5853,1423.4,680
2026-08-22 20:30:00+00:00,8.5832,8.5868,8.5781,8.5821,2478.2,1045
2026-08-22 21:00:00+00:00,8.5827,8.5866,8.575,8.5822,1258.2,305
2026-08-22 21:30:00+00:00,8.5822,8.587,8.5627,8.578,3031.5,418
2026-08-22 22:00:00+00:00,8.578,8.5826,8.5689,8.5786,1281.9,343
2026-08-22 22:30:00+00:00,8.5769,8.5844,8.5697,8.5792,1036.4,440
2026-08-22 23:00:00+00:00,8.5794,8.5849,8.5649,8.5697,2850.4,628
2026-08-22 23:30:00+00:00,8.5689,8.5727,8.5608,8.5721,1479.3,405
2026-08-23 00:00:00+00:00,8.5684,8.5749,8.5626,8.5693,601.9,196
2026-08-23 00:30:00+00:00,8.5693,8.5709,8.568,8.5687,256.1,105
2026-08-23 01:00:00+00:00,8.5708,8.5718,8.5606,8.5714,599.2,230
2026-08-23 01:30:00+00:00,8.5717,8.5732,8.563,8.5722,544.7,205
2026-08-23 02:00:00+00:00,8.5721,8.5824,8.5694,8.5816,1298.2,337
2026-08-23 02:30:00+00:00,8.5819,8.583,8.5728,8.5825,1616.5,234
2026-08-23 03:00:00+00:00,8.5825,8.587,8.5811,8.5869,1792.7,290
2026-08-23 03:30:00+00:00,8.5861,8.587,8.583,8.5866,693.0,160
2026-08-23 04:00:00+00:00,8.5863,8.587,8.5811,8.587,449.5,175
2026-08-23 04:30:00+00:00,8.587,8.587,8.5697,8.5801,3564.0,506
2026-08-23 05:00:00+00:00,8.5801,8.5829,8.5713,8.5821,642.7,303
2026-08-23 05:30:00+00:00,8.582,8.5824,8.5587,8.5655,2440.6,324
2026-08-23 06:00:00+00:00,8.5642,8.571,8.5543,8.5661,1306.5,391
2026-08-23 06:30:00+00:00,8.5661,8.5699,8.5554,8.5634,1236.2,295
2026-08-23 07:00:00+00:00,8.5618,8.5656,8.5554,8.5648,1920.8,331
2026-08-23 07:30:00+00:00,8.5624,8.5659,8.5546,8.564,899.9,189
2026-08-23 08:00:00+00:00,8.5632,8.5774,8.5586,8.5687,2467.8,350
2026-08-23 08:30:00+00:00,8.5687,8.5726,8.56,8.5695,618.8,278
2026-08-23 09:00:00+00:00,8.5692,8.5732,8.5503,8.5591,1790.6,327
2026-08-23 09:30:00+00:00,8.5598,8.57,8.5598,8.5679,280.4,150
2026-08-23 10:00:00+00:00,8.568,8.587,8.5677,8.5819,3038.9,305
2026-08-23 10:30:00+00:00,8.5818,8.582,8.568,8.5769,1568.3,378
2026-08-23 11:00:00+00:00,8.5769,8.587,8.5769,8.587,770.6,209
2026-08-23 11:30:00+00:00,8.587,8.587,8.5696,8.5779,894.0,273
2026-08-23 12:00:00+00:00,8.5815,8.5947,8.5714,8.5915,2190.7,387
2026-08-23 12:30:00+00:00,8.5937,8.6114,8.5784,8.6101,4074.1,616
2026-08-23 13:00:00+00:00,8.6118,8.6157,8.6009,8.6076,2262.3,431
2026-08-23 13:30:00+00:00,8.6108,8.62,8.6011,8.6199,1623.8,510
2026-08-23 14:00:00+00:00,8.6181,8.627,8.6146,8.6229,1774.2,506
2026-08-23 14:30:00+00:00,8.6227,8.6269,8.618,8.6259,2381.7,387
2026-08-23 15:00:00+00:00,8.6244,8.6269,8.6176,8.6261,1055.1,419
2026-08-23 15:30:00+00:00,8.6252,8.627,8.6183,8.626,635.0,271
2026-08-23 16:00:00+00:00,8.6262,8.627,8.6186,8.6258,976.7,433
2026-08-23 16:30:00+00:00,8.6262,8.627,8.6171,8.6269,2360.1,275
2026-08-23 17:00:00+00:00,8.6264,8.627,8.6161,8.6196,1254.8,314
2026-08-23 17:30:00+00:00,8.6193,8.6235,8.6166,8.6226,977.9,207
2026-08-23 18:00:00+00:00,8.6225,8.6246,8.6171,8.6238,459.9,211
2026-08-23 18:30:00+00:00,8.6237,8.625,8.613,8.6236,959.7,251
2026-08-23 19:00:00+00:00,8.6236,8.6268,8.6212,8.6232,541.6,189
2026-08-23 19:30:00+00:00,8.6229,8.6294,8.6204,8.6282,1898.9,227
2026-08-23 20:00:00+00:00,8.6282,8.6337,8.6261,8.6331,551.3,194
2026-08-23 20:30:00+00:00,8.6336,8.6342,8.6263,8.631,464.4,145
2026-08-23 21:00:00+00:00,8.6315,8.64,8.627,8.6368,2065.3,296
2026-08-23 21:30:00+00:00,8.6359,8.6441,8.6247,8.6301,2790.7,534
2026-08-23 22:00:00+00:00,8.6298,8.64,8.6223,8.6398,1141.4,357
2026-08-23 22:30:00+00:00,8.64,8.6441,8.63,8.6432,940.8,209
2026-08-23 23:00:00+00:00,8.6424,8.6438,8.6285,8.6334,2629.0,377
2026-08-23 23:30:00+00:00,8.6337,8.65,8.6273,8.65,2021.7,410
2026-08-24 00:00:00+00:00,8.6484,8.6588,8.58,8.5811,12678.3,1330
2026-08-24 00:30:00+00:00,8.5811,8.6199,8.56,8.619,10711.2,1274
2026-08-24 01:00:00+00:00,8.6192,8.6286,8.53,8.5372,56694.9,3088
2026-08-24 01:30:00+00:00,8.5344,8.6959,8.3848,8.5384,352018.4,8749
2026-08-24 02:00:00+00:00,8.5407,8.5407,8.403,8.408,137902.6,3882
2026-08-24 02:30:00+00:00,8.4066,8.4247,8.282,8.3172,85658.2,2618
2026-08-24 03:00:00+00:00,8.318,8.3236,8.1786,8.1895,187891.0,4241
2026-08-24 03:30:00+00:00,8.1996,8.2198,8.1551,8.1702,105876.1,2377
2026-08-24 04:00:00+00:00,8.1652,8.2394,8.161,8.2125,39777.7,1190
2026-08-24 04:30:00+00:00,8.2131,8.2333,8.1666,8.1952,23351.9,1414
2026-08-24 05:00:00+00:00,8.1934,8.2856,8.1366,8.2607,173113.7,14133
2026-08-24 05:30:00+00:00,8.2643,8.345,8.2437,8.2973,175827.2,12704
2026-08-24 06:00:00+00:00,8.2973,8.3396,8.2602,8.3137,95749.0,10793
2026-08-24 06:30:00+00:00,8.312,8.3666,8.2717,8.3627,125048.8,8437
2026-08-24 07:00:00+00:00,8.359,8.4199,8.3395,8.3939,42819.9,5237
2026-08-24 07:30:00+00:00,8.3935,8.3935,8.3165,8.3461,50698.2,4415
2026-08-24 08:00:00+00:00,8.3506,8.3899,8.3397,8.3581,51688.2,4580
2026-08-24 08:30:00+00:00,8.3552,8.3763,8.3497,8.3581,7913.5,1376
2026-08-24 09:00:00+00:00,8.3603,8.3918,8.3543,8.3886,5287.8,1257
2026-08-24 09:30:00+00:00,8.3891,8.4092,8.3832,8.3865,7269.3,1340
2026-08-24 10:00:00+00:00,8.3841,8.39,8.3535,8.3609,5843.4,1107
2026-08-24 10:30:00+00:00,8.3625,8.3643,8.3396,8.3642,13699.8,494
2026-08-24 11:00:00+00:00,8.3652,8.3803,8.3314,8.3413,14781.0,1234
2026-08-24 11:30:00+00:00,8.3474,8.3938,8.3474,8.3936,10541.5,648
2026-08-24 12:00:00+00:00,8.3917,8.3939,8.3646,8.3778,2971.2,76
2026-08-24 12:30:00+00:00,8.3776,8.3776,8.33,8.3491,9584.4,174
2026-08-24 13:00:00+00:00,8.345,8.3588,8.33,8.3515,5391.2,251
2026-08-24 13:30:00+00:00,8.3483,8.3483,8.2379,8.2814,58340.9,948
2026-08-24 14:00:00+00:00,8.2797,8.288,8.2444,8.2503,16612.3,249
2026-08-24 14:30:00+00:00,8.2504,8.2984,8.2487,8.2793,8932.4,213
2026-08-24 15:00:00+00:00,8.2774,8.292,8.2557,8.2919,12046.9,235
2026-08-24 15:30:00+00:00,8.2972,8.3483,8.2972,8.3196,10789.1,309
2026-08-24 16:00:00+00:00,8.33,8.3335,8.3179,8.3234,5021.1,141
2026-08-24 16:30:00+00:00,8.3274,8.3274,8.2996,8.3015,4767.9,139
2026-08-24 17:00:00+00:00,8.299,8.3133,8.291,8.3061,5220.4,187
2026-08-24 17:30:00+00:00,8.3056,8.312,8.2709,8.276,4043.7,175
2026-08-24 18:00:00+00:00,8.2773,8.3,8.2751,8.3,1264.4,93
2026-08-24 18:30:00+00:00,8.2995,8.2998,8.205,8.2484,24391.8,433
2026-08-24 19:00:00+00:00,8.2478,8.2478,8.1899,8.2,6173.7,236
2026-08-24 19:30:00+00:00,8.2053,8.2114,8.181,8.2087,6519.8,193
2026-08-24 20:00:00+00:00,8.2134,8.22,8.1916,8.2081,802.9,62
2026-08-24 20:30:00+00:00,8.2071,8.23,8.2006,8.23,616.1,53
2026-08-24 21:00:00+00:00,8.2264,8.23,8.2162,8.2188,1284.1,46
2026-08-24 21:30:00+00:00,8.2212,8.2239,8.1868,8.2114,3347.0,103
2026-08-24 22:00:00+00:00,8.2151,8.2152,8.19,8.1953,7896.7,151
2026-08-24 22:30:00+00:00,8.1956,8.2226,8.195,8.1989,12520.5,202
2026-08-24 23:00:00+00:00,8.2013,8.204,8.1501,8.1664,70552.9,554
2026-08-24 23:30:00+00:00,8.1736,8.1943,8.1274,8.1943,39311.7,522
2026-08-25 00:00:00+00:00,8.1845,8.1996,8.101,8.1629,54698.9,930
2026-08-25 00:30:00+00:00,8.1638,8.195,8.1218,8.184,32747.4,580
2026-08-25 01:00:00+00:00,8.1903,8.1903,8.1032,8.1235,45411.0,730
2026-08-25 01:30:00+00:00,8.1175,8.2932,8.0793,8.2644,285266.1,3316
2026-08-25 02:00:00+00:00,8.2693,8.3232,8.2374,8.2626,131652.3,1401
2026-08-25 02:30:00+00:00,8.25,8.2607,8.185,8.1851,45801.5,626
2026-08-25 03:00:00+00:00,8.1852,8.2785,8.1738,8.2751,104675.0,1221
2026-08-25 03:30:00+00:00,8.2796,8.2905,8.2452,8.2763,13348.4,357
2026-08-25 04:00:00+00:00,8.2739,8.3016,8.2564,8.2795,11305.4,388
2026-08-25 04:30:00+00:00,8.2747,8.3,8.27,8.2872,7433.4,355
2026-08-25 05:00:00+00:00,8.2827,8.3773,8.2827,8.328,99888.7,1171
2026-08-25 05:30:00+00:00,8.3335,8.3705,8.3075,8.3352,69013.5,884
2026-08-25 06:00:00+00:00,8.327,8.4105,8.327,8.3918,98348.2,954
2026-08-25 06:30:00+00:00,8.3953,8.416,8.3585,8.3769,21264.8,331
2026-08-25 07:00:00+00:00,8.3714,8.3714,8.3496,8.3538,15526.5,507
2026-08-25 07:30:00+00:00,8.3542,8.4048,8.3406,8.3953,14640.1,458
2026-08-25 08:00:00+00:00,8.3924,8.3991,8.2926,8.31,18372.8,528
2026-08-25 08:30:00+00:00,8.3097,8.33,8.2859,8.2989,11719.6,321
2026-08-25 09:00:00+00:00,8.2954,8.3293,8.2899,8.3139,4465.1,106
2026-08-25 09:30:00+00:00,8.3164,8.356,8.3158,8.3512,7269.8,214
2026-08-25 10:00:00+00:00,8.351,8.3751,8.351,8.3565,3121.0,57
2026-08-25 10:30:00+00:00,8.359,8.3731,8.351,8.3679,3906.6,47
2026-08-25 11:00:00+00:00,8.3731,8.3731,8.3496,8.365,693.4,46
2026-08-25 11:30:00+00:00,8.363,8.3752,8.36,8.36,679.1,22
2026-08-25 12:00:00+00:00,8.3601,8.3917,8.3601,8.3881,6371.3,146
2026-08-25 12:30:00+00:00,8.3837,8.3876,8.3436,8.3584,3446.3,114
2026-08-25 13:00:00+00:00,8.3516,8.3696,8.3437,8.3635,3891.0,146
2026-08-25 13:30:00+00:00,8.3609,8.3949,8.3222,8.3506,10319.6,348
2026-08-25 14:00:00+00:00,8.3465,8.3465,8.2721,8.2777,11995.3,294
2026-08-25 14:30:00+00:00,8.276,8.2994,8.2377,8.2947,21842.5,541
2026-08-25 15:00:00+00:00,8.2901,8.3362,8.2851,8.3193,6527.4,197
2026-08-25 15:30:00+00:00,8.3153,8.333,8.3047,8.3237,6550.5,97
2026-08-25 16:00:00+00:00,8.3232,8.3572,8.3217,8.3572,4722.8,116
2026-08-25 16:30:00+00:00,8.356,8.3631,8.35,8.3598,7270.2,126
2026-08-25 17:00:00+00:00,8.3543,8.3857,8.3475,8.3826,16253.1,319
2026-08-25 17:30:00+00:00,8.38,8.388,8.38,8.3819,2350.8,62
2026-08-25 18:00:00+00:00,8.3865,8.3867,8.3617,8.3732,4871.7,77
2026-08-25 18:30:00+00:00,8.3748,8.3875,8.3731,8.3806,495.0,32
2026-08-25 19:00:00+00:00,8.3808,8.3898,8.375,8.3803,285.3,33
2026-08-25 19:30:00+00:00,8.3811,8.387,8.3741,8.3858,902.7,39
2026-08-25 20:00:00+00:00,8.3803,8.39,8.3755,8.3761,740.0,39
2026-08-25 20:30:00+00:00,8.3753,8.3753,8.3621,8.3621,1114.9,36
