ts,open,high,low,close,volume,trades
2026-07-29 05:10:00+00:00,6.852,6.995,6.843,6.93,223861.5,1509
2026-07-29 05:15:00+00:00,6.9351,6.9959,6.8714,6.8886,104164.8,1051
2026-07-29 05:20:00+00:00,6.8858,6.9499,6.8767,6.9144,32648.9,298
2026-07-29 05:25:00+00:00,6.9153,6.95,6.901,6.9369,9781.7,182
2026-07-29 05:30:00+00:00,6.94,7.099,6.94,7.0851,202522.8,1631
2026-07-29 05:35:00+00:00,7.0851,7.1,6.9804,7.0502,81432.3,1379
2026-07-29 05:40:00+00:00,7.0502,7.1591,7.0361,7.1396,101039.5,1235
2026-07-29 05:45:00+00:00,7.1394,7.1919,7.0918,7.1416,175214.7,1998
2026-07-29 05:50:00+00:00,7.1381,7.3,7.1381,7.2301,247360.4,1948
2026-07-29 05:55:00+00:00,7.2301,7.2839,7.1524,7.2507,127919.6,1115
2026-07-29 06:00:00+00:00,7.2282,7.2525,7.1286,7.1349,74679.0,778
2026-07-29 06:05:00+00:00,7.1379,7.15,7.0643,7.0656,64589.9,680
2026-07-29 06:10:00+00:00,7.0806,7.128,7.04,7.119,59357.2,580
2026-07-29 06:15:00+00:00,7.1153,7.18,7.1048,7.164,36121.6,413
2026-07-29 06:20:00+00:00,7.1695,7.1712,7.1044,7.1377,25479.5,516
2026-07-29 06:25:00+00:00,7.1375,7.15,7.0643,7.1106,47019.0,924
2026-07-29 06:30:00+00:00,7.1193,7.1498,7.1,7.1114,53270.8,770
2026-07-29 06:35:00+00:00,7.1114,7.1494,7.068,7.0805,76511.4,1139
2026-07-29 06:40:00+00:00,7.0689,7.0902,7.0314,7.0516,36806.1,605
2026-07-29 06:45:00+00:00,7.0477,7.075,7.0381,7.0629,51625.9,624
2026-07-29 06:50:00+00:00,7.0627,7.0961,7.035,7.0825,57129.9,591
2026-07-29 06:55:00+00:00,7.0885,7.2,7.0236,7.1636,174076.5,1473
2026-07-29 07:00:00+00:00,7.1636,7.176,7.0757,7.1138,61167.2,1193
2026-07-29 07:05:00+00:00,7.1138,7.1488,7.0886,7.1488,46967.1,616
2026-07-29 07:10:00+00:00,7.1437,7.18,7.13,7.1546,40354.4,1153
2026-07-29 07:15:00+00:00,7.1579,7.235,7.14,7.1751,68955.9,1952
2026-07-29 07:20:00+00:00,7.1712,7.1745,7.118,7.1315,20524.1,2146
2026-07-29 07:25:00+00:00,7.1313,7.1665,7.1202,7.1497,33333.0,2991
2026-07-29 07:30:00+00:00,7.1485,7.1665,7.14,7.1521,16273.6,1851
2026-07-29 07:35:00+00:00,7.1513,7.2386,7.1479,7.2053,46613.2,3056
2026-07-29 07:40:00+00:00,7.2053,7.272,7.2,7.2269,69924.9,4083
2026-07-29 07:45:00+00:00,7.2327,7.2725,7.2243,7.267,48517.1,3386
2026-07-29 07:50:00+00:00,7.2682,7.2776,7.225,7.2569,40134.4,3619
2026-07-29 07:55:00+00:00,7.2567,7.2585,7.196,7.196,69159.4,3247
2026-07-29 08:00:00+00:00,7.196,7.196,7.15,7.162,46455.0,1609
2026-07-29 08:05:00+00:00,7.162,7.1636,7.129,7.1387,18593.5,885
2026-07-29 08:10:00+00:00,7.1375,7.1572,7.1142,7.153,20238.1,1031
2026-07-29 08:15:00+00:00,7.1505,7.1583,7.115,7.1266,20633.4,972
2026-07-29 08:20:00+00:00,7.1249,7.1325,7.11,7.1169,41166.0,800
2026-07-29 08:25:00+00:00,7.1165,7.1179,7.08,7.0991,34565.9,1224
2026-07-29 08:30:00+00:00,7.0986,7.136,7.0849,7.1099,23831.1,2736
2026-07-29 08:35:00+00:00,7.105,7.1335,7.1,7.1083,17309.8,2603
2026-07-29 08:40:00+00:00,7.109,7.134,7.1,7.1236,21343.2,2504
2026-07-29 08:45:00+00:00,7.1246,7.1484,7.1,7.1195,37609.1,1658
2026-07-29 08:50:00+00:00,7.1196,7.13,7.08,7.0944,33559.5,2645
2026-07-29 08:55:00+00:00,7.0885,7.1015,7.0644,7.0721,23074.8,1984
2026-07-29 09:00:00+00:00,7.0733,7.12,7.041,7.081,67158.1,2565
2026-07-29 09:05:00+00:00,7.0739,7.1123,7.0739,7.1105,14909.5,1133
2026-07-29 09:10:00+00:00,7.1106,7.1134,7.0774,7.0833,18586.6,1786
2026-07-29 09:15:00+00:00,7.0837,7.128,7.0743,7.108,29206.4,2343
2026-07-29 09:20:00+00:00,7.1119,7.1431,7.1,7.131,37686.8,1674
2026-07-29 09:25:00+00:00,7.1333,7.1425,7.13,7.1315,10290.9,502
2026-07-29 09:30:00+00:00,7.1361,7.1489,7.13,7.1344,42845.2,2119
2026-07-29 09:35:00+00:00,7.1337,7.1424,7.13,7.1352,15363.0,317
2026-07-29 09:40:00+00:00,7.1387,7.1464,7.13,7.1333,9343.5,266
2026-07-29 09:45:00+00:00,7.1333,7.1392,7.13,7.13,19337.3,381
2026-07-29 09:50:00+00:00,7.13,7.1488,7.13,7.1301,13024.4,166
2026-07-29 09:55:00+00:00,7.1365,7.1413,7.13,7.135,8065.3,91
2026-07-29 10:00:00+00:00,7.13,7.14,7.1041,7.1225,18497.1,265
2026-07-29 10:05:00+00:00,7.12,7.13,7.0916,7.105,8488.6,190
2026-07-29 10:10:00+00:00,7.1222,7.1242,7.105,7.1165,10202.3,204
2026-07-29 10:15:00+00:00,7.1179,7.1179,7.0926,7.0926,5312.8,89
2026-07-29 10:20:00+00:00,7.0926,7.1022,7.08,7.0897,6451.4,21
2026-07-29 10:25:00+00:00,7.0955,7.0955,7.0643,7.0682,4238.4,92
2026-07-29 10:30:00+00:00,7.0708,7.0789,7.041,7.0546,10550.1,176
2026-07-29 10:35:00+00:00,7.055,7.0859,7.055,7.08,8426.4,107
2026-07-29 10:40:00+00:00,7.082,7.098,7.074,7.0901,7218.1,115
2026-07-29 10:45:00+00:00,7.0901,7.096,7.078,7.085,8690.5,104
2026-07-29 10:50:00+00:00,7.0852,7.1079,7.0851,7.0999,10205.0,144
2026-07-29 10:55:00+00:00,7.0975,7.1078,7.0953,7.1015,4601.9,55
2026-07-29 11:00:00+00:00,7.1015,7.1026,7.09,7.09,3625.6,39
2026-07-29 11:05:00+00:00,7.09,7.0965,7.06,7.0965,2980.4,79
2026-07-29 11:10:00+00:00,7.0965,7.1152,7.0915,7.1003,4394.6,106
2026-07-29 11:15:00+00:00,7.1004,7.157,7.1,7.1325,10692.7,198
2026-07-29 11:20:00+00:00,7.1325,7.1564,7.1203,7.1269,9260.2,191
2026-07-29 11:25:00+00:00,7.1339,7.16,7.1221,7.1254,24396.9,150
2026-07-29 11:30:00+00:00,7.1212,7.1282,7.0802,7.1115,12299.7,201
2026-07-29 11:35:00+00:00,7.1113,7.1502,7.0947,7.1399,14909.5,277
2026-07-29 11:40:00+00:00,7.1301,7.14,7.13,7.1375,2323.7,58
2026-07-29 11:45:00+00:00,7.1375,7.16,7.1375,7.1555,12197.2,172
2026-07-29 11:50:00+00:00,7.1537,7.1699,7.1502,7.1632,16871.9,243
2026-07-29 11:55:00+00:00,7.1611,7.1665,7.15,7.1628,8043.5,297
2026-07-29 12:00:00+00:00,7.1662,7.18,7.1536,7.1651,9074.9,200
2026-07-29 12:05:00+00:00,7.1582,7.1638,7.062,7.145,14205.5,257
2026-07-29 12:10:00+00:00,7.1309,7.16,7.13,7.1475,5182.3,118
2026-07-29 12:15:00+00:00,7.1544,7.1558,7.1201,7.1297,6646.7,197
2026-07-29 12:20:00+00:00,7.1231,7.1498,7.121,7.1467,1675.7,74
2026-07-29 12:25:00+00:00,7.1467,7.1467,7.1216,7.1353,6437.0,147
2026-07-29 12:30:00+00:00,7.1353,7.1398,7.1279,7.1387,1786.5,85
2026-07-29 12:35:00+00:00,7.1397,7.141,7.1282,7.139,2444.7,143
2026-07-29 12:40:00+00:00,7.139,7.1395,7.1275,7.1389,1690.0,79
2026-07-29 12:45:00+00:00,7.1389,7.1389,7.1309,7.1379,4302.1,93
2026-07-29 12:50:00+00:00,7.1379,7.1389,7.1306,7.1386,4559.8,117
2026-07-29 12:55:00+00:00,7.1388,7.139,7.1367,7.1387,4049.6,151
2026-07-29 13:00:00+00:00,7.1387,7.1499,7.1372,7.1454,3647.3,173
2026-07-29 13:05:00+00:00,7.1452,7.15,7.1373,7.1488,4221.6,147
2026-07-29 13:10:00+00:00,7.1485,7.1499,7.1372,7.1393,3913.0,171
2026-07-29 13:15:00+00:00,7.137,7.1492,7.1314,7.1388,10202.0,220
2026-07-29 13:20:00+00:00,7.1313,7.1416,7.1303,7.1303,2839.4,155
2026-07-29 13:25:00+00:00,7.1303,7.1535,7.1126,7.1458,28680.8,324
2026-07-29 13:30:00+00:00,7.1347,7.1886,7.1182,7.1882,25140.6,373
2026-07-29 13:35:00+00:00,7.1785,7.1888,7.1306,7.1379,21739.5,353
2026-07-29 13:40:00+00:00,7.1322,7.1696,7.1252,7.1681,17142.0,419
2026-07-29 13:45:00+00:00,7.1676,7.1797,7.1464,7.1795,10274.1,372
2026-07-29 13:50:00+00:00,7.1795,7.1795,7.12,7.13,23583.7,364
2026-07-29 13:55:00+00:00,7.13,7.1748,7.1129,7.1563,33579.5,334
2026-07-29 14:00:00+00:00,7.155,7.2299,7.1547,7.2138,41596.1,791
2026-07-29 14:05:00+00:00,7.2067,7.2499,7.1554,7.2237,50086.1,678
2026-07-29 14:10:00+00:00,7.2237,7.2648,7.2001,7.2202,59061.9,689
2026-07-29 14:15:00+00:00,7.2201,7.2365,7.2115,7.2212,15790.5,266
2026-07-29 14:20:00+00:00,7.2212,7.224,7.2013,7.2068,19334.4,300
2026-07-29 14:25:00+00:00,7.2068,7.2242,7.2003,7.2094,26850.7,566
2026-07-29 14:30:00+00:00,7.2089,7.2091,7.202,7.2054,16992.4,275
2026-07-29 14:35:00+00:00,7.2071,7.2091,7.2,7.2091,95768.3,471
2026-07-29 14:40:00+00:00,7.2017,7.2099,7.2,7.2,27672.4,294
2026-07-29 14:45:00+00:00,7.2,7.2293,7.2,7.2253,14137.5,171
2026-07-29 14:50:00+00:00,7.2274,7.2274,7.2115,7.2184,8453.5,171
2026-07-29 14:55:00+00:00,7.2172,7.223,7.21,7.2172,4588.3,166
2026-07-29 15:00:00+00:00,7.2174,7.223,7.21,7.2103,11235.5,170
2026-07-29 15:05:00+00:00,7.2102,7.2175,7.2,7.2071,14698.6,276
2026-07-29 15:10:00+00:00,7.2066,7.213,7.2,7.2,13468.2,325
2026-07-29 15:15:00+00:00,7.2013,7.223,7.2,7.202,9160.8,181
2026-07-29 15:20:00+00:00,7.202,7.2111,7.2,7.2,60882.1,189
2026-07-29 15:25:00+00:00,7.2,7.2198,7.2,7.2061,19794.0,207
2026-07-29 15:30:00+00:00,7.206,7.2098,7.1671,7.1969,21541.4,237
2026-07-29 15:35:00+00:00,7.2044,7.2066,7.1599,7.1602,18284.2,187
2026-07-29 15:40:00+00:00,7.1664,7.1698,7.15,7.1534,8922.8,199
2026-07-29 15:45:00+00:00,7.1538,7.168,7.1538,7.1552,6842.8,146
2026-07-29 15:50:00+00:00,7.1551,7.169,7.1551,7.169,10520.0,263
2026-07-29 15:55:00+00:00,7.1666,7.18,7.154,7.1671,15317.4,309
2026-07-29 16:00:00+00:00,7.1683,7.1776,7.1505,7.1505,15782.7,330
2026-07-29 16:05:00+00:00,7.1505,7.17,7.1318,7.1335,18311.6,373
2026-07-29 16:10:00+00:00,7.1397,7.159,7.1341,7.1412,10857.1,313
2026-07-29 16:15:00+00:00,7.1411,7.1469,7.1319,7.1333,11932.7,333
2026-07-29 16:20:00+00:00,7.1338,7.1648,7.1318,7.1538,13248.6,370
2026-07-29 16:25:00+00:00,7.1588,7.2117,7.1529,7.1721,30061.7,399
2026-07-29 16:30:00+00:00,7.1836,7.2096,7.1557,7.1616,18456.1,321
2026-07-29 16:35:00+00:00,7.1616,7.1724,7.1361,7.1471,16043.4,375
2026-07-29 16:40:00+00:00,7.1524,7.1598,7.1382,7.145,6066.0,340
2026-07-29 16:45:00+00:00,7.149,7.1773,7.1385,7.1551,12823.7,344
2026-07-29 16:50:00+00:00,7.1613,7.1732,7.1521,7.1535,4668.3,251
2026-07-29 16:55:00+00:00,7.1592,7.1698,7.1509,7.1578,5770.2,385
2026-07-29 17:00:00+00:00,7.161,7.2426,7.158,7.1882,16807.7,342
2026-07-29 17:05:00+00:00,7.1998,7.1998,7.1702,7.1809,8602.4,303
2026-07-29 17:10:00+00:00,7.1833,7.2098,7.1758,7.1995,8167.7,307
2026-07-29 17:15:00+00:00,7.2,7.2155,7.1735,7.1963,16193.5,385
2026-07-29 17:20:00+00:00,7.2008,7.23,7.2008,7.212,9523.0,336
2026-07-29 17:25:00+00:00,7.218,7.2356,7.19,7.1926,11373.8,325
2026-07-29 17:30:00+00:00,7.195,7.2098,7.1858,7.187,8794.8,328
2026-07-29 17:35:00+00:00,7.1923,7.1997,7.1803,7.1804,7047.8,286
2026-07-29 17:40:00+00:00,7.1863,7.1885,7.1677,7.168,6811.8,313
2026-07-29 17:45:00+00:00,7.1722,7.1782,7.1608,7.1664,5137.3,254
2026-07-29 17:50:00+00:00,7.1722,7.1982,7.1712,7.1855,9046.6,303
2026-07-29 17:55:00+00:00,7.1899,7.1929,7.1706,7.1706,4519.4,253
2026-07-29 18:00:00+00:00,7.1787,7.2426,7.1746,7.2097,29803.7,607
2026-07-29 18:05:00+00:00,7.2097,7.25,7.19,7.2358,20297.6,473
2026-07-29 18:10:00+00:00,7.234,7.237,7.1864,7.1864,10544.5,351
2026-07-29 18:15:00+00:00,7.2015,7.2264,7.156,7.1916,30220.3,611
2026-07-29 18:20:00+00:00,7.2062,7.21,7.1847,7.1967,13882.3,320
2026-07-29 18:25:00+00:00,7.2033,7.2056,7.185,7.1872,9673.6,348
2026-07-29 18:30:00+00:00,7.1956,7.2116,7.1726,7.1909,7617.2,320
2026-07-29 18:35:00+00:00,7.1962,7.2292,7.187,7.2242,13047.5,370
2026-07-29 18:40:00+00:00,7.2284,7.253,7.221,7.247,14781.8,384
2026-07-29 18:45:00+00:00,7.2503,7.29,7.235,7.2692,44777.1,531
2026-07-29 18:50:00+00:00,7.2711,7.2741,7.2361,7.2545,13676.6,356
2026-07-29 18:55:00+00:00,7.2544,7.2564,7.239,7.2417,5538.1,270
2026-07-29 19:00:00+00:00,7.2502,7.3,7.2461,7.2922,27513.7,463
2026-07-29 19:05:00+00:00,7.2925,7.2959,7.22,7.22,14799.2,382
2026-07-29 19:10:00+00:00,7.2324,7.2598,7.2101,7.2397,18516.1,300
2026-07-29 19:15:00+00:00,7.2392,7.2536,7.2245,7.2245,12617.2,324
2026-07-29 19:20:00+00:00,7.233,7.2393,7.2047,7.2228,17760.2,410
2026-07-29 19:25:00+00:00,7.2319,7.2319,7.206,7.2139,7589.2,256
2026-07-29 19:30:00+00:00,7.2215,7.2268,7.1801,7.1802,12369.4,462
2026-07-29 19:35:00+00:00,7.1864,7.2076,7.1802,7.1851,17095.4,423
2026-07-29 19:40:00+00:00,7.1875,7.2594,7.156,7.1678,15657.9,465
2026-07-29 19:45:00+00:00,7.1734,7.1969,7.1673,7.1674,9741.8,381
2026-07-29 19:50:00+00:00,7.1674,7.1841,7.1126,7.1731,44308.6,612
2026-07-29 19:55:00+00:00,7.1747,7.1793,7.1177,7.1185,14885.7,395
2026-07-29 20:00:00+00:00,7.1278,7.1386,7.1101,7.1135,20071.0,451
2026-07-29 20:05:00+00:00,7.1142,7.1339,7.0813,7.0814,32345.9,388
2026-07-29 20:10:00+00:00,7.0817,7.121,7.0813,7.0895,13673.8,285
2026-07-29 20:15:00+00:00,7.0903,7.1,7.0708,7.0744,25939.0,369
2026-07-29 20:20:00+00:00,7.0889,7.089,7.0647,7.0686,15881.1,288
2026-07-29 20:25:00+00:00,7.0686,7.0761,7.061,7.0611,22174.7,300
2026-07-29 20:30:00+00:00,7.0679,7.0743,7.061,7.0632,6743.7,159
2026-07-29 20:35:00+00:00,7.0678,7.0866,7.0633,7.082,5290.1,143
2026-07-29 20:40:00+00:00,7.0866,7.09,7.0711,7.073,3879.2,149
2026-07-29 20:45:00+00:00,7.0801,7.0824,7.0664,7.072,5938.3,180
2026-07-29 20:50:00+00:00,7.072,7.072,7.061,7.061,7450.4,141
2026-07-29 20:55:00+00:00,7.0623,7.0664,7.061,7.061,6718.3,108
2026-07-29 21:00:00+00:00,7.0634,7.0653,7.0575,7.0576,3527.9,114
2026-07-29 21:05:00+00:00,7.0584,7.0677,7.0575,7.0575,9967.1,171
2026-07-29 21:10:00+00:00,7.0594,7.0652,7.0524,7.0531,10412.9,160
2026-07-29 21:15:00+00:00,7.0524,7.0632,7.051,7.051,7799.3,228
2026-07-29 21:20:00+00:00,7.0566,7.0646,7.0503,7.0507,4392.3,152
2026-07-29 21:25:00+00:00,7.0548,7.0699,7.0503,7.0567,6360.5,158
2026-07-29 21:30:00+00:00,7.0602,7.0657,7.0567,7.0567,3161.3,116
2026-07-29 21:35:00+00:00,7.06,7.0656,7.0567,7.0567,6165.1,120
2026-07-29 21:40:00+00:00,7.0567,7.0604,7.0413,7.0413,14194.0,132
2026-07-29 21:45:00+00:00,7.0419,7.0589,7.0413,7.0413,5123.0,112
2026-07-29 21:50:00+00:00,7.0464,7.0592,7.0413,7.0462,3077.6,105
2026-07-29 21:55:00+00:00,7.0465,7.0753,7.041,7.0436,7733.9,194
2026-07-29 22:00:00+00:00,7.0479,7.0999,7.041,7.0539,12741.4,234
2026-07-29 22:05:00+00:00,7.0577,7.1,7.0515,7.0599,19955.9,341
2026-07-29 22:10:00+00:00,7.0719,7.1268,7.0662,7.08,32104.8,318
2026-07-29 22:15:00+00:00,7.1041,7.1346,7.0627,7.1052,14152.0,284
2026-07-29 22:20:00+00:00,7.1119,7.1246,7.0854,7.0938,22396.4,221
2026-07-29 22:25:00+00:00,7.0931,7.1099,7.06,7.0761,23489.1,452
2026-07-29 22:30:00+00:00,7.0764,7.1,7.0601,7.0787,11584.8,330
2026-07-29 22:35:00+00:00,7.0823,7.0863,7.0601,7.0657,7708.3,235
2026-07-29 22:40:00+00:00,7.0724,7.086,7.0601,7.0747,14374.0,202
2026-07-29 22:45:00+00:00,7.0802,7.0899,7.0613,7.0666,11674.0,211
2026-07-29 22:50:00+00:00,7.0728,7.0816,7.062,7.0638,9464.3,147
2026-07-29 22:55:00+00:00,7.0703,7.0727,7.0601,7.0632,10221.7,135
2026-07-29 23:00:00+00:00,7.0695,7.0848,7.0695,7.0848,14987.9,428
2026-07-29 23:05:00+00:00,7.0889,7.13,7.0801,7.0973,24126.8,899
2026-07-29 23:10:00+00:00,7.0864,7.11,7.0801,7.096,29034.5,902
2026-07-29 23:15:00+00:00,7.1077,7.1222,7.0902,7.1045,27770.6,420
2026-07-29 23:20:00+00:00,7.1104,7.1237,7.1027,7.1105,14379.4,230
2026-07-29 23:25:00+00:00,7.1108,7.1259,7.1,7.1149,24600.9,302
2026-07-29 23:30:00+00:00,7.1189,7.15,7.1102,7.1278,15787.6,298
2026-07-29 23:35:00+00:00,7.1282,7.1517,7.1193,7.1415,17270.1,268
2026-07-29 23:40:00+00:00,7.1452,7.1452,7.1153,7.1257,11193.8,199
2026-07-29 23:45:00+00:00,7.1315,7.1399,7.121,7.1256,12645.2,223
2026-07-29 23:50:00+00:00,7.1297,7.1382,7.1003,7.1061,8430.6,198
2026-07-29 23:55:00+00:00,7.1061,7.1742,7.1002,7.152,31846.7,606
2026-07-30 00:00:00+00:00,7.1544,7.1748,7.11,7.1249,38291.2,821
2026-07-30 00:05:00+00:00,7.1249,7.1649,7.1004,7.1444,32209.5,933
2026-07-30 00:10:00+00:00,7.1509,7.1735,7.1439,7.1582,13684.7,336
2026-07-30 00:15:00+00:00,7.1575,7.1699,7.1544,7.1663,15987.0,264
2026-07-30 00:20:00+00:00,7.1661,7.1699,7.15,7.1611,21525.6,232
2026-07-30 00:25:00+00:00,7.1619,7.1695,7.1502,7.1558,19066.5,295
2026-07-30 00:30:00+00:00,7.1583,7.1683,7.1,7.1169,24799.0,343
2026-07-30 00:35:00+00:00,7.1221,7.1482,7.114,7.1398,18535.5,227
2026-07-30 00:40:00+00:00,7.1404,7.1487,7.0832,7.0836,22193.2,316
2026-07-30 00:45:00+00:00,7.0935,7.1021,7.0643,7.0901,36227.0,670
2026-07-30 00:50:00+00:00,7.0905,7.1,7.06,7.0979,23161.4,483
2026-07-30 00:55:00+00:00,7.0968,7.1268,7.0845,7.111,27604.5,468
2026-07-30 01:00:00+00:00,7.111,7.1594,7.095,7.1525,23520.6,415
2026-07-30 01:05:00+00:00,7.1526,7.175,7.1386,7.1624,30754.5,609
2026-07-30 01:10:00+00:00,7.1641,7.1686,7.1155,7.1343,21877.4,278
2026-07-30 01:15:00+00:00,7.1356,7.16,7.1159,7.1517,33088.7,449
2026-07-30 01:20:00+00:00,7.1491,7.2384,7.1197,7.2191,81588.9,919
2026-07-30 01:25:00+00:00,7.2106,7.242,7.19,7.2024,44679.5,566
2026-07-30 01:30:00+00:00,7.2068,7.6466,7.1554,7.16,730808.5,5330
2026-07-30 01:35:00+00:00,7.1554,7.2849,7.1131,7.2087,191613.9,1949
2026-07-30 01:40:00+00:00,7.2116,7.29,7.19,7.2481,99625.9,1035
2026-07-30 01:45:00+00:00,7.2651,7.2883,7.1616,7.2267,81498.9,910
2026-07-30 01:50:00+00:00,7.2266,7.3297,7.16,7.3121,128194.4,1378
2026-07-30 01:55:00+00:00,7.3117,7.35,7.2831,7.3343,87303.7,776
2026-07-30 02:00:00+00:00,7.3331,7.3331,7.2883,7.3238,45773.4,720
2026-07-30 02:05:00+00:00,7.3229,7.3327,7.2649,7.3057,39322.8,595
2026-07-30 02:10:00+00:00,7.3065,7.3354,7.2839,7.29,54819.0,670
2026-07-30 02:15:00+00:00,7.2946,7.32,7.254,7.2979,63765.9,553
2026-07-30 02:20:00+00:00,7.2958,7.3098,7.23,7.249,49144.1,709
2026-07-30 02:25:00+00:00,7.249,7.276,7.2,7.2374,46916.7,667
2026-07-30 02:30:00+00:00,7.2277,7.2713,7.1,7.1384,114945.7,960
2026-07-30 02:35:00+00:00,7.14,7.22,7.1393,7.2022,67210.9,671
2026-07-30 02:40:00+00:00,7.2044,7.2158,7.1401,7.205,67987.9,593
2026-07-30 02:45:00+00:00,7.205,7.2496,7.17,7.2496,50873.5,392
2026-07-30 02:50:00+00:00,7.2291,7.244,7.18,7.1959,30791.5,403
2026-07-30 02:55:00+00:00,7.1945,7.197,7.1,7.1182,117562.1,928
2026-07-30 03:00:00+00:00,7.105,7.16,7.0903,7.1513,31470.7,549
2026-07-30 03:05:00+00:00,7.1349,7.18,7.13,7.1608,23496.1,326
2026-07-30 03:10:00+00:00,7.1579,7.1579,7.083,7.096,42056.0,518
2026-07-30 03:15:00+00:00,7.1009,7.1608,7.08,7.091,99827.2,583
2026-07-30 03:20:00+00:00,7.0902,7.1097,7.0667,7.1024,22641.7,311
2026-07-30 03:25:00+00:00,7.1045,7.1174,7.07,7.0766,53902.9,371
2026-07-30 03:30:00+00:00,7.0782,7.1099,7.0718,7.1081,12108.6,359
2026-07-30 03:35:00+00:00,7.1084,7.1355,7.0901,7.1173,23232.7,483
2026-07-30 03:40:00+00:00,7.1123,7.1186,7.1071,7.1109,6698.4,313
2026-07-30 03:45:00+00:00,7.1108,7.1232,7.1071,7.1232,12375.7,480
2026-07-30 03:50:00+00:00,7.1204,7.1307,7.1155,7.1201,12876.5,309
2026-07-30 03:55:00+00:00,7.1244,7.1445,7.111,7.1436,14679.3,296
2026-07-30 04:00:00+00:00,7.1249,7.1264,7.101,7.103,5425.4,199
2026-07-30 04:05:00+00:00,7.103,7.119,7.103,7.1078,3136.6,142
2026-07-30 04:10:00+00:00,7.1056,7.1072,7.101,7.1046,3997.4,184
2026-07-30 04:15:00+00:00,7.1036,7.1077,7.101,7.1012,3025.9,81
2026-07-30 04:20:00+00:00,7.1012,7.1111,7.101,7.1063,5695.0,113
2026-07-30 04:25:00+00:00,7.1059,7.1255,7.1058,7.1073,12727.6,129
2026-07-30 04:30:00+00:00,7.1099,7.14,7.101,7.1138,26571.6,201
2026-07-30 04:35:00+00:00,7.1155,7.1334,7.1073,7.128,12360.8,136
2026-07-30 04:40:00+00:00,7.1248,7.1356,7.1166,7.1293,4755.1,148
2026-07-30 04:45:00+00:00,7.1295,7.1346,7.0866,7.1233,14681.4,167
2026-07-30 04:50:00+00:00,7.1194,7.135,7.1143,7.1243,6744.9,120
2026-07-30 04:55:00+00:00,7.1261,7.135,7.102,7.116,13704.8,154
2026-07-30 05:00:00+00:00,7.1157,7.1238,6.9688,7.058,158578.0,1238
2026-07-30 05:05:00+00:00,7.0622,7.234,7.0503,7.1718,127295.4,1235
2026-07-30 05:10:00+00:00,7.1718,7.24,7.1474,7.2127,74220.8,776
2026-07-30 05:15:00+00:00,7.2086,7.2351,7.1465,7.2192,74008.7,713
2026-07-30 05:20:00+00:00,7.2192,7.3258,7.1953,7.273,120538.7,1359
2026-07-30 05:25:00+00:00,7.2731,7.3444,7.2541,7.2832,79024.5,886
2026-07-30 05:30:00+00:00,7.2832,7.3338,7.27,7.292,72645.3,1131
2026-07-30 05:35:00+00:00,7.2921,7.3314,7.2724,7.3225,70110.0,625
2026-07-30 05:40:00+00:00,7.3342,7.3588,7.3186,7.3259,59853.8,714
2026-07-30 05:45:00+00:00,7.3259,7.426,7.3253,7.38,120344.4,1125
2026-07-30 05:50:00+00:00,7.3788,7.446,7.35,7.4245,67947.6,970
2026-07-30 05:55:00+00:00,7.4249,7.479,7.3955,7.4198,102220.3,797
2026-07-30 06:00:00+00:00,7.4193,7.4193,7.3338,7.366,64497.9,933
2026-07-30 06:05:00+00:00,7.3662,7.49,7.3662,7.444,132142.4,1350
2026-07-30 06:10:00+00:00,7.4404,7.49,7.4316,7.4861,47465.6,606
2026-07-30 06:15:00+00:00,7.4863,7.5449,7.4725,7.536,80919.8,735
2026-07-30 06:20:00+00:00,7.5372,7.58,7.5344,7.5684,101989.3,916
2026-07-30 06:25:00+00:00,7.5671,7.5685,7.4991,7.51,69458.0,493
2026-07-30 06:30:00+00:00,7.5116,7.54,7.44,7.462,93681.9,815
2026-07-30 06:35:00+00:00,7.462,7.4952,7.405,7.4428,94176.3,680
2026-07-30 06:40:00+00:00,7.4456,7.4884,7.4454,7.4633,47460.7,385
2026-07-30 06:45:00+00:00,7.4697,7.484,7.4491,7.4827,70192.1,495
2026-07-30 06:50:00+00:00,7.48,7.4899,7.467,7.478,36503.1,287
2026-07-30 06:55:00+00:00,7.4776,7.497,7.461,7.4939,66343.3,620
2026-07-30 07:00:00+00:00,7.4928,7.4946,7.44,7.4773,63104.1,1054
2026-07-30 07:05:00+00:00,7.48,7.488,7.4741,7.4799,6950.9,255
2026-07-30 07:10:00+00:00,7.479,7.4898,7.4765,7.4843,14424.3,841
2026-07-30 07:15:00+00:00,7.4832,7.488,7.4463,7.4638,21767.1,726
2026-07-30 07:20:00+00:00,7.4638,7.4743,7.44,7.473,17210.2,490
2026-07-30 07:25:00+00:00,7.472,7.4867,7.4689,7.484,17869.1,454
2026-07-30 07:30:00+00:00,7.4837,7.4867,7.4653,7.4797,18892.8,273
2026-07-30 07:35:00+00:00,7.4797,7.4918,7.478,7.4916,26237.6,408
2026-07-30 07:40:00+00:00,7.4914,7.4993,7.482,7.4917,25652.5,419
2026-07-30 07:45:00+00:00,7.4917,7.5,7.4824,7.4886,26741.1,515
2026-07-30 07:50:00+00:00,7.4867,7.4923,7.4812,7.487,18235.7,524
2026-07-30 07:55:00+00:00,7.4853,7.4949,7.47,7.4799,40150.0,1349
2026-07-30 08:00:00+00:00,7.4761,7.4794,7.415,7.46,39389.9,541
2026-07-30 08:05:00+00:00,7.4621,7.48,7.4244,7.4479,38557.4,824
2026-07-30 08:10:00+00:00,7.4479,7.4748,7.4221,7.4627,19790.7,472
2026-07-30 08:15:00+00:00,7.4623,7.485,7.4574,7.4754,19306.5,341
2026-07-30 08:20:00+00:00,7.4742,7.4839,7.4663,7.4782,15918.3,256
2026-07-30 08:25:00+00:00,7.4787,7.485,7.4722,7.4807,21274.3,290
2026-07-30 08:30:00+00:00,7.4797,7.488,7.4704,7.488,18552.7,463
2026-07-30 08:35:00+00:00,7.4855,7.488,7.4525,7.4677,12756.7,474
2026-07-30 08:40:00+00:00,7.4727,7.4838,7.4633,7.4831,9476.9,322
2026-07-30 08:45:00+00:00,7.4836,7.4836,7.47,7.4716,7600.3,177
2026-07-30 08:50:00+00:00,7.4729,7.48,7.469,7.4773,7620.0,158
2026-07-30 08:55:00+00:00,7.4787,7.4796,7.4665,7.475,6575.0,147
2026-07-30 09:00:00+00:00,7.4756,7.4773,7.466,7.4721,10818.8,187
2026-07-30 09:05:00+00:00,7.4697,7.4746,7.4558,7.4689,16485.5,314
2026-07-30 09:10:00+00:00,7.4678,7.4799,7.4636,7.4751,8999.9,168
2026-07-30 09:15:00+00:00,7.4737,7.4784,7.4736,7.4761,6048.3,107
2026-07-30 09:20:00+00:00,7.4763,7.486,7.4753,7.486,27108.3,228
2026-07-30 09:25:00+00:00,7.486,7.4879,7.4566,7.4659,16970.9,386
2026-07-30 09:30:00+00:00,7.4651,7.4677,7.4337,7.4487,23058.7,496
2026-07-30 09:35:00+00:00,7.4495,7.4583,7.4287,7.4484,9496.5,306
2026-07-30 09:40:00+00:00,7.4489,7.4583,7.439,7.4409,3814.1,127
2026-07-30 09:45:00+00:00,7.4429,7.4547,7.4429,7.4547,6855.9,130
2026-07-30 09:50:00+00:00,7.4534,7.4753,7.4534,7.4624,9458.0,114
2026-07-30 09:55:00+00:00,7.458,7.4602,7.4321,7.443,16804.3,359
2026-07-30 10:00:00+00:00,7.443,7.4542,7.434,7.4471,8640.9,252
2026-07-30 10:05:00+00:00,7.4471,7.4717,7.4448,7.4675,7030.7,117
2026-07-30 10:10:00+00:00,7.4634,7.4665,7.4468,7.4468,9502.5,206
2026-07-30 10:15:00+00:00,7.447,7.4744,7.4469,7.4666,13180.9,120
2026-07-30 10:20:00+00:00,7.4695,7.4723,7.4586,7.4619,10828.9,237
2026-07-30 10:25:00+00:00,7.4606,7.4773,7.4606,7.4715,6229.5,175
2026-07-30 10:30:00+00:00,7.4712,7.4761,7.4569,7.464,16229.4,111
2026-07-30 10:35:00+00:00,7.4581,7.4727,7.4575,7.4727,8948.2,233
2026-07-30 10:40:00+00:00,7.4695,7.4778,7.4655,7.4715,4923.8,179
2026-07-30 10:45:00+00:00,7.4735,7.4848,7.4685,7.4794,7367.4,153
2026-07-30 10:50:00+00:00,7.4764,7.4816,7.4631,7.4695,1541.3,115
2026-07-30 10:55:00+00:00,7.4664,7.4769,7.4637,7.4731,7750.3,304
2026-07-30 11:00:00+00:00,7.4731,7.4811,7.4645,7.4722,7441.2,170
2026-07-30 11:05:00+00:00,7.4721,7.4887,7.4676,7.4877,8939.9,169
2026-07-30 11:10:00+00:00,7.4857,7.492,7.4808,7.4835,5190.5,147
2026-07-30 11:15:00+00:00,7.4836,7.4878,7.4776,7.4877,10660.2,175
2026-07-30 11:20:00+00:00,7.4868,7.492,7.4842,7.4883,4141.4,71
2026-07-30 11:25:00+00:00,7.4867,7.4911,7.4829,7.4893,5131.6,70
2026-07-30 11:30:00+00:00,7.4894,7.4897,7.4797,7.4799,4749.5,55
2026-07-30 11:35:00+00:00,7.4798,7.4898,7.4767,7.488,4345.0,95
2026-07-30 11:40:00+00:00,7.488,7.488,7.4803,7.4841,5526.3,107
2026-07-30 11:45:00+00:00,7.4824,7.494,7.476,7.4924,9279.2,131
2026-07-30 11:50:00+00:00,7.4924,7.4989,7.49,7.4956,11899.1,166
2026-07-30 11:55:00+00:00,7.4957,7.497,7.4885,7.4942,7722.5,109
2026-07-30 12:00:00+00:00,7.4943,7.496,7.4921,7.4939,4894.0,45
2026-07-30 12:05:00+00:00,7.494,7.4998,7.4933,7.4982,8098.1,74
2026-07-30 12:10:00+00:00,7.4955,7.4968,7.4828,7.4857,21030.8,208
2026-07-30 12:15:00+00:00,7.4879,7.4973,7.4876,7.4925,3565.5,138
2026-07-30 12:20:00+00:00,7.4929,7.4998,7.4869,7.4982,12838.5,435
2026-07-30 12:25:00+00:00,7.4981,7.4998,7.4924,7.4932,1995.6,81
2026-07-30 12:30:00+00:00,7.4933,7.5816,7.4932,7.5634,38380.4,482
2026-07-30 12:35:00+00:00,7.566,7.5732,7.527,7.5345,18677.0,349
2026-07-30 12:40:00+00:00,7.5346,7.5764,7.5217,7.5542,32089.2,453
2026-07-30 12:45:00+00:00,7.55,7.5533,7.5329,7.54,8225.1,220
2026-07-30 12:50:00+00:00,7.5399,7.55,7.5298,7.5456,9035.2,199
2026-07-30 12:55:00+00:00,7.5437,7.5488,7.5354,7.5438,6308.2,138
2026-07-30 13:00:00+00:00,7.5432,7.5526,7.5403,7.5513,4555.9,74
2026-07-30 13:05:00+00:00,7.553,7.5667,7.5503,7.5644,6175.9,155
2026-07-30 13:10:00+00:00,7.5632,7.5636,7.5389,7.552,13224.3,290
2026-07-30 13:15:00+00:00,7.5501,7.5601,7.5164,7.5342,10985.7,283
2026-07-30 13:20:00+00:00,7.5348,7.5461,7.5051,7.5125,23324.9,359
2026-07-30 13:25:00+00:00,7.5119,7.5179,7.4841,7.5056,25724.3,493
2026-07-30 13:30:00+00:00,7.5031,7.55,7.4856,7.516,18808.7,379
2026-07-30 13:35:00+00:00,7.5152,7.55,7.5146,7.5438,32331.8,352
2026-07-30 13:40:00+00:00,7.5453,7.5737,7.5223,7.5462,20523.1,378
2026-07-30 13:45:00+00:00,7.5462,7.5696,7.5223,7.5637,33420.2,445
2026-07-30 13:50:00+00:00,7.5592,7.6286,7.5582,7.6226,47160.1,524
2026-07-30 13:55:00+00:00,7.6227,7.65,7.614,7.6326,87108.6,805
2026-07-30 14:00:00+00:00,7.6326,7.6485,7.6281,7.6399,10234.4,305
2026-07-30 14:05:00+00:00,7.6409,7.6453,7.616,7.6171,17691.0,272
2026-07-30 14:10:00+00:00,7.6223,7.6223,7.6,7.6066,38329.0,422
2026-07-30 14:15:00+00:00,7.607,7.6373,7.57,7.6373,54974.1,568
2026-07-30 14:20:00+00:00,7.6342,7.9556,7.6322,7.9441,420729.1,4096
2026-07-30 14:25:00+00:00,7.9443,7.9718,7.8357,7.8525,183343.8,1997
2026-07-30 14:30:00+00:00,7.852,7.98,7.8474,7.96,94965.2,1487
2026-07-30 14:35:00+00:00,7.96,7.96,7.837,7.88,111234.0,1195
2026-07-30 14:40:00+00:00,7.88,7.887,7.7971,7.8067,57876.3,553
2026-07-30 14:45:00+00:00,7.8,7.837,7.7939,7.8239,34359.7,453
2026-07-30 14:50:00+00:00,7.8177,7.83,7.7201,7.7796,66383.0,1023
2026-07-30 14:55:00+00:00,7.7794,7.7794,7.7209,7.7398,53859.5,595
2026-07-30 15:00:00+00:00,7.7338,7.7641,7.7282,7.757,17117.6,286
2026-07-30 15:05:00+00:00,7.759,7.78,7.735,7.7449,30461.9,538
2026-07-30 15:10:00+00:00,7.7448,7.77,7.71,7.763,31999.3,539
2026-07-30 15:15:00+00:00,7.7589,7.78,7.7552,7.773,16153.8,305
2026-07-30 15:20:00+00:00,7.773,7.773,7.749,7.756,14665.5,633
2026-07-30 15:25:00+00:00,7.7545,7.7549,7.7422,7.7458,10182.0,225
2026-07-30 15:30:00+00:00,7.7471,7.7511,7.743,7.7487,7636.1,152
2026-07-30 15:35:00+00:00,7.7509,7.7556,7.7431,7.7529,8396.1,168
2026-07-30 15:40:00+00:00,7.7505,7.76,7.7461,7.7553,15451.4,233
2026-07-30 15:45:00+00:00,7.7557,7.7758,7.7461,7.7637,41678.4,342
2026-07-30 15:50:00+00:00,7.7641,7.8177,7.7624,7.7948,55357.7,532
2026-07-30 15:55:00+00:00,7.798,7.8008,7.7585,7.7971,29916.3,496
2026-07-30 16:00:00+00:00,7.7971,7.8,7.7659,7.7919,25677.5,483
2026-07-30 16:05:00+00:00,7.7936,7.8412,7.7642,7.831,45513.2,702
2026-07-30 16:10:00+00:00,7.8288,7.896,7.8165,7.88,40270.9,532
2026-07-30 16:15:00+00:00,7.8799,7.9,7.8766,7.8937,32936.4,414
2026-07-30 16:20:00+00:00,7.8939,7.9,7.7839,7.8075,48944.4,1086
2026-07-30 16:25:00+00:00,7.808,7.829,7.8,7.8101,14110.2,397
2026-07-30 16:30:00+00:00,7.8104,7.8104,7.7605,7.7758,17216.3,563
2026-07-30 16:35:00+00:00,7.7758,7.7941,7.7737,7.78,14418.7,267
2026-07-30 16:40:00+00:00,7.7749,7.7795,7.76,7.7603,7311.5,179
2026-07-30 16:45:00+00:00,7.7621,7.7846,7.76,7.7748,5872.0,110
2026-07-30 16:50:00+00:00,7.7787,7.7797,7.76,7.7628,5284.8,130
2026-07-30 16:55:00+00:00,7.7611,7.7786,7.76,7.7624,3526.1,90
2026-07-30 17:00:00+00:00,7.7614,7.7787,7.7605,7.7645,5252.7,121
2026-07-30 17:05:00+00:00,7.7643,7.7765,7.7618,7.7764,1469.0,65
2026-07-30 17:10:00+00:00,7.7766,7.7845,7.7757,7.7777,5274.2,67
2026-07-30 17:15:00+00:00,7.7751,7.8063,7.7743,7.8046,6144.6,139
2026-07-30 17:20:00+00:00,7.8031,7.86,7.733,7.7819,33323.3,617
2026-07-30 17:25:00+00:00,7.7808,7.7842,7.7422,7.7616,13048.6,172
2026-07-30 17:30:00+00:00,7.76,7.81,7.7596,7.7921,10737.4,216
2026-07-30 17:35:00+00:00,7.792,7.8328,7.7912,7.8041,10950.3,312
2026-07-30 17:40:00+00:00,7.8066,7.8066,7.7766,7.7828,3081.2,187
2026-07-30 17:45:00+00:00,7.787,7.84,7.7833,7.8352,22383.4,670
2026-07-30 17:50:00+00:00,7.8397,7.84,7.8199,7.8199,8353.3,134
2026-07-30 17:55:00+00:00,7.8216,7.824,7.8,7.8105,8330.1,196
2026-07-30 18:00:00+00:00,7.8089,7.8206,7.8065,7.8147,5526.6,115
2026-07-30 18:05:00+00:00,7.817,7.85,7.8119,7.8473,11715.0,194
2026-07-30 18:10:00+00:00,7.85,7.8851,7.7873,7.8427,24258.0,458
2026-07-30 18:15:00+00:00,7.8427,7.89,7.8083,7.8109,12315.5,317
2026-07-30 18:20:00+00:00,7.7983,7.84,7.7983,7.8325,18432.8,339
2026-07-30 18:25:00+00:00,7.8323,7.8323,7.7998,7.7998,6085.6,156
2026-07-30 18:30:00+00:00,7.8071,7.8828,7.7824,7.7844,12359.5,540
2026-07-30 18:35:00+00:00,7.7877,7.7964,7.76,7.7794,8486.5,311
2026-07-30 18:40:00+00:00,7.777,7.7963,7.7689,7.7712,9423.2,126
2026-07-30 18:45:00+00:00,7.7684,7.81,7.755,7.8,9587.8,224
2026-07-30 18:50:00+00:00,7.8,7.8071,7.7707,7.778,9514.8,276
2026-07-30 18:55:00+00:00,7.777,7.7898,7.7692,7.7857,3417.2,103
2026-07-30 19:00:00+00:00,7.788,7.8083,7.7777,7.8011,1941.9,84
2026-07-30 19:05:00+00:00,7.8037,7.8336,7.7988,7.8336,3241.2,221
2026-07-30 19:10:00+00:00,7.8304,7.8352,7.7923,7.8184,13322.0,377
2026-07-30 19:15:00+00:00,7.816,7.82,7.7993,7.8107,4515.4,164
2026-07-30 19:20:00+00:00,7.8186,7.8186,7.7851,7.8007,6622.1,252
2026-07-30 19:25:00+00:00,7.8036,7.81,7.7926,7.8,4726.7,232
2026-07-30 19:30:00+00:00,7.8038,7.8147,7.8,7.8076,6072.3,253
2026-07-30 19:35:00+00:00,7.8095,7.8148,7.8,7.8035,1001.6,77
2026-07-30 19:40:00+00:00,7.8034,7.8064,7.7836,7.793,18384.8,276
2026-07-30 19:45:00+00:00,7.7919,7.7919,7.77,7.7784,1597.8,89
2026-07-30 19:50:00+00:00,7.7784,7.7784,7.77,7.7701,1802.3,65
2026-07-30 19:55:00+00:00,7.7717,7.7844,7.77,7.7718,1880.1,64
2026-07-30 20:00:00+00:00,7.7727,7.8145,7.77,7.8027,2748.9,129
2026-07-30 20:05:00+00:00,7.8099,7.8116,7.7863,7.7946,5227.2,328
2026-07-30 20:10:00+00:00,7.7946,7.8017,7.7923,7.7984,2619.6,77
2026-07-30 20:15:00+00:00,7.7998,7.8098,7.7981,7.8078,2577.5,82
2026-07-30 20:20:00+00:00,7.8067,7.8244,7.8042,7.8113,4727.2,298
2026-07-30 20:25:00+00:00,7.8192,7.828,7.8131,7.8233,3641.9,215
2026-07-30 20:30:00+00:00,7.8218,7.8247,7.811,7.8123,2069.0,94
2026-07-30 20:35:00+00:00,7.8125,7.8313,7.81,7.8234,4744.7,121
2026-07-30 20:40:00+00:00,7.8239,7.8239,7.8067,7.8144,1316.7,70
2026-07-30 20:45:00+00:00,7.8136,7.8313,7.81,7.8221,8950.8,277
2026-07-30 20:50:00+00:00,7.8253,7.8284,7.8104,7.8176,2439.1,136
2026-07-30 20:55:00+00:00,7.8177,7.8313,7.7999,7.8163,7362.0,304
2026-07-30 21:00:00+00:00,7.8193,7.8313,7.7641,7.7682,12235.5,379
2026-07-30 21:05:00+00:00,7.7728,7.8053,7.7553,7.8004,13481.3,567
2026-07-30 21:10:00+00:00,7.8004,7.8114,7.78,7.7889,4571.2,256
2026-07-30 21:15:00+00:00,7.7941,7.7998,7.7641,7.7647,1102.8,104
2026-07-30 21:20:00+00:00,7.76,7.7782,7.7522,7.7525,2040.2,111
2026-07-30 21:25:00+00:00,7.7525,7.7626,7.7444,7.75,4685.4,187
2026-07-30 21:30:00+00:00,7.752,7.7574,7.7444,7.7538,4683.1,289
2026-07-30 21:35:00+00:00,7.7532,7.7947,7.7531,7.7801,8102.3,527
2026-07-30 21:40:00+00:00,7.7828,7.8086,7.7824,7.7903,6086.8,827
2026-07-30 21:45:00+00:00,7.7919,7.9,7.79,7.8917,17071.6,1085
2026-07-30 21:50:00+00:00,7.8933,8.0,7.8753,7.9487,122501.3,1057
2026-07-30 21:55:00+00:00,7.9429,8.0144,7.8688,7.9951,86040.5,2252
2026-07-30 22:00:00+00:00,7.9948,8.2616,7.9948,8.2442,191575.1,2017
2026-07-30 22:05:00+00:00,8.2442,8.3434,8.0829,8.3238,146654.4,1748
2026-07-30 22:10:00+00:00,8.331,8.3694,8.1703,8.2474,56568.6,913
2026-07-30 22:15:00+00:00,8.2473,8.3272,8.1897,8.3187,85294.7,745
2026-07-30 22:20:00+00:00,8.3164,8.3458,8.1804,8.193,27726.8,602
2026-07-30 22:25:00+00:00,8.1928,8.1929,8.0373,8.0709,52657.3,670
2026-07-30 22:30:00+00:00,8.0709,8.1299,8.0001,8.0136,31426.2,688
2026-07-30 22:35:00+00:00,8.0041,8.0153,7.79,7.8,93054.0,1122
2026-07-30 22:40:00+00:00,7.8,7.94,7.7902,7.9084,125778.1,1325
2026-07-30 22:45:00+00:00,7.9074,8.0576,7.9073,7.9772,60793.9,886
2026-07-30 22:50:00+00:00,7.9774,8.0639,7.9622,8.0262,37760.9,1157
2026-07-30 22:55:00+00:00,8.0161,8.17,8.0012,8.1699,65869.0,3047
2026-07-30 23:00:00+00:00,8.1597,8.26,8.1041,8.1778,69769.3,2675
2026-07-30 23:05:00+00:00,8.1778,8.2129,8.0776,8.1228,36410.0,1129
2026-07-30 23:10:00+00:00,8.1136,8.1254,8.0316,8.0316,33864.3,589
2026-07-30 23:15:00+00:00,8.0389,8.1051,8.0204,8.0758,38806.4,702
2026-07-30 23:20:00+00:00,8.0696,8.08,8.0,8.0167,22248.4,381
2026-07-30 23:25:00+00:00,8.0185,8.0234,7.9606,8.0217,43074.4,610
2026-07-30 23:30:00+00:00,8.029,8.0764,8.0201,8.07,10293.9,278
2026-07-30 23:35:00+00:00,8.0703,8.1104,8.01,8.05,24254.7,540
2026-07-30 23:40:00+00:00,8.0551,8.0555,8.01,8.024,23007.1,577
2026-07-30 23:45:00+00:00,8.0218,8.0517,8.01,8.044,12412.5,590
2026-07-30 23:50:00+00:00,8.0458,8.1282,7.9605,8.0884,39311.4,1360
2026-07-30 23:55:00+00:00,8.0899,8.1049,8.0597,8.1048,14554.0,328
2026-07-31 00:00:00+00:00,8.0965,8.1707,8.0669,8.1301,23237.3,640
2026-07-31 00:05:00+00:00,8.1387,8.147,8.0532,8.0532,16664.7,386
2026-07-31 00:10:00+00:00,8.0532,8.14,8.0039,8.0783,29884.3,871
2026-07-31 00:15:00+00:00,8.0918,8.1146,8.064,8.0793,14910.6,344
2026-07-31 00:20:00+00:00,8.0788,8.0983,8.047,8.092,26193.4,522
2026-07-31 00:25:00+00:00,8.0946,8.1206,8.0871,8.1042,13480.6,334
2026-07-31 00:30:00+00:00,8.1069,8.18,8.0951,8.1799,41401.8,829
2026-07-31 00:35:00+00:00,8.18,8.18,8.1292,8.1424,44378.3,456
2026-07-31 00:40:00+00:00,8.1414,8.1728,8.1,8.1292,32435.9,648
2026-07-31 00:45:00+00:00,8.1291,8.1503,8.104,8.118,16075.6,371
2026-07-31 00:50:00+00:00,8.1203,8.17,8.1168,8.165,17373.3,378
2026-07-31 00:55:00+00:00,8.1584,8.23,8.1476,8.2174,41378.2,886
2026-07-31 01:00:00+00:00,8.2146,8.28,8.2044,8.2691,34538.9,907
2026-07-31 01:05:00+00:00,8.2608,8.267,8.19,8.2054,33597.9,1056
2026-07-31 01:10:00+00:00,8.2073,8.2151,8.1516,8.1516,54797.7,3660
2026-07-31 01:15:00+00:00,8.1571,8.3435,8.1516,8.3252,143884.7,3865
2026-07-31 01:20:00+00:00,8.3255,8.35,8.2489,8.31,47478.1,1854
2026-07-31 01:25:00+00:00,8.3101,8.3288,8.266,8.3223,84400.5,1766
2026-07-31 01:30:00+00:00,8.3221,8.3934,7.999,8.0,513957.2,5042
2026-07-31 01:35:00+00:00,7.999,8.1485,7.91,8.063,255997.0,2794
2026-07-31 01:40:00+00:00,8.0629,8.1,8.0234,8.0889,120341.5,1182
2026-07-31 01:45:00+00:00,8.0838,8.17,8.0621,8.14,117188.3,1558
2026-07-31 01:50:00+00:00,8.1164,8.241,8.0923,8.1777,108026.7,2011
2026-07-31 01:55:00+00:00,8.1847,8.27,8.1433,8.242,102080.3,2755
2026-07-31 02:00:00+00:00,8.2396,8.2469,8.1,8.1468,80194.0,4791
2026-07-31 02:05:00+00:00,8.1468,8.17,8.0886,8.1591,96698.4,2803
2026-07-31 02:10:00+00:00,8.1607,8.22,8.1032,8.1106,90170.8,2579
2026-07-31 02:15:00+00:00,8.1095,8.136,8.0,8.0641,113096.7,4657
2026-07-31 02:20:00+00:00,8.0605,8.1479,8.01,8.0878,74641.2,3097
2026-07-31 02:25:00+00:00,8.0873,8.14,8.03,8.134,83334.3,4292
2026-07-31 02:30:00+00:00,8.1276,8.15,8.022,8.0635,91402.4,3455
2026-07-31 02:35:00+00:00,8.0666,8.12,8.0401,8.0524,85078.5,2507
2026-07-31 02:40:00+00:00,8.0508,8.2651,8.04,8.233,204431.3,4137
2026-07-31 02:45:00+00:00,8.235,8.2671,8.1513,8.1624,119318.8,1401
2026-07-31 02:50:00+00:00,8.163,8.167,8.0,8.128,180128.8,2002
2026-07-31 02:55:00+00:00,8.1244,8.1483,8.0938,8.0989,62542.8,1324
2026-07-31 03:00:00+00:00,8.0945,8.12,8.0,8.0648,68465.9,2247
2026-07-31 03:05:00+00:00,8.0713,8.0715,7.952,7.9573,62213.8,2986
2026-07-31 03:10:00+00:00,7.9573,8.0593,7.9315,8.014,138946.1,4411
2026-07-31 03:15:00+00:00,8.0083,8.099,8.0005,8.042,64557.7,1707
2026-07-31 03:20:00+00:00,8.0408,8.1493,8.0408,8.0994,55836.4,1593
2026-07-31 03:25:00+00:00,8.0945,8.144,8.0568,8.0799,37756.2,2028
2026-07-31 03:30:00+00:00,8.0755,8.15,8.0654,8.1002,29347.9,1565
2026-07-31 03:35:00+00:00,8.1031,8.1324,8.0551,8.0973,31686.4,2641
2026-07-31 03:40:00+00:00,8.092,8.1075,8.0609,8.0741,12487.3,1304
2026-07-31 03:45:00+00:00,8.074,8.0894,7.93,7.9834,63662.8,2403
2026-07-31 03:50:00+00:00,7.9842,8.0402,7.96,7.9951,98765.7,886
2026-07-31 03:55:00+00:00,7.9951,8.011,7.9706,8.0044,33540.5,687
2026-07-31 04:00:00+00:00,8.0044,8.0044,7.93,7.9429,30157.6,654
2026-07-31 04:05:00+00:00,7.9435,7.95,7.931,7.9357,9353.2,343
2026-07-31 04:10:00+00:00,7.9357,7.9468,7.86,7.9245,74257.6,1056
2026-07-31 04:15:00+00:00,7.931,7.977,7.9228,7.9497,41204.9,707
2026-07-31 04:20:00+00:00,7.9491,7.9707,7.929,7.9427,7899.1,595
2026-07-31 04:25:00+00:00,7.94,7.977,7.9334,7.9549,7041.0,405
2026-07-31 04:30:00+00:00,7.956,7.987,7.9415,7.9547,11066.6,736
2026-07-31 04:35:00+00:00,7.9547,7.9903,7.9451,7.98,9318.8,609
2026-07-31 04:40:00+00:00,7.9792,8.0699,7.961,8.0191,24916.2,874
2026-07-31 04:45:00+00:00,8.0151,8.098,8.0151,8.0823,24668.7,799
2026-07-31 04:50:00+00:00,8.0823,8.11,8.06,8.11,44738.0,889
2026-07-31 04:55:00+00:00,8.102,8.15,8.0942,8.1428,33925.0,781
2026-07-31 05:00:00+00:00,8.1389,8.2376,8.0825,8.1286,161485.8,2021
2026-07-31 05:05:00+00:00,8.127,8.2638,8.121,8.149,161366.6,1601
2026-07-31 05:10:00+00:00,8.1499,8.1699,8.1021,8.1699,31377.6,467
2026-07-31 05:15:00+00:00,8.1642,8.1835,8.14,8.171,24453.4,446
2026-07-31 05:20:00+00:00,8.1708,8.179,8.1066,8.1179,39999.2,1924
2026-07-31 05:25:00+00:00,8.117,8.17,8.1125,8.1588,31904.4,3225
2026-07-31 05:30:00+00:00,8.1601,8.1676,8.1117,8.1299,18179.0,1720
2026-07-31 05:35:00+00:00,8.1299,8.1369,8.0401,8.0817,44523.3,2363
2026-07-31 05:40:00+00:00,8.0845,8.1222,8.0545,8.0577,55881.9,2480
2026-07-31 05:45:00+00:00,8.0551,8.0798,8.0122,8.0797,26604.5,1606
2026-07-31 05:50:00+00:00,8.0796,8.0979,8.02,8.0453,36023.8,1783
2026-07-31 05:55:00+00:00,8.0428,8.0492,7.9698,8.0113,52862.4,1772
2026-07-31 06:00:00+00:00,8.0122,8.0203,7.9415,7.9498,66720.9,1765
2026-07-31 06:05:00+00:00,7.9508,7.9541,7.8762,7.8939,64904.2,3850
2026-07-31 06:10:00+00:00,7.8944,7.927,7.7716,7.8376,105085.9,5148
2026-07-31 06:15:00+00:00,7.8433,7.8994,7.8,7.8774,45920.1,1298
2026-07-31 06:20:00+00:00,7.8781,7.8882,7.7736,7.8794,58549.9,1434
2026-07-31 06:25:00+00:00,7.8797,7.9998,7.8779,7.951,72908.1,1059
2026-07-31 06:30:00+00:00,7.9501,7.9501,7.822,7.822,66665.0,953
2026-07-31 06:35:00+00:00,7.8256,7.8286,7.7,7.7,139577.8,2626
2026-07-31 06:40:00+00:00,7.7129,7.752,7.615,7.6367,87376.6,797
2026-07-31 06:45:00+00:00,7.6364,7.7,7.48,7.6079,257841.5,2119
2026-07-31 06:50:00+00:00,7.6,7.6917,7.5999,7.6488,84201.6,701
2026-07-31 06:55:00+00:00,7.6471,7.6919,7.6331,7.6599,43255.7,770
2026-07-31 07:00:00+00:00,7.6543,7.6543,7.51,7.5627,86738.7,1597
2026-07-31 07:05:00+00:00,7.5603,7.5762,7.5,7.5184,36615.2,907
2026-07-31 07:10:00+00:00,7.5192,7.6,7.5137,7.5563,25892.2,1796
2026-07-31 07:15:00+00:00,7.5588,7.65,7.5,7.5882,82648.3,2841
2026-07-31 07:20:00+00:00,7.5943,7.6,7.5441,7.5529,14535.8,1390
2026-07-31 07:25:00+00:00,7.5564,7.6,7.536,7.5817,20444.4,2480
2026-07-31 07:30:00+00:00,7.582,7.6,7.5304,7.5821,30600.4,3198
2026-07-31 07:35:00+00:00,7.5834,7.5916,7.5477,7.5642,12007.5,1894
2026-07-31 07:40:00+00:00,7.5642,7.61,7.5589,7.6028,29575.2,3211
2026-07-31 07:45:00+00:00,7.6025,7.637,7.5974,7.6317,25094.2,938
2026-07-31 07:50:00+00:00,7.6303,7.64,7.6011,7.6192,23835.9,1326
2026-07-31 07:55:00+00:00,7.6203,7.6482,7.6111,7.6412,17217.7,1632
2026-07-31 08:00:00+00:00,7.6356,7.6373,7.5429,7.5703,25406.5,1847
2026-07-31 08:05:00+00:00,7.568,7.5887,7.5401,7.5475,12629.1,2198
2026-07-31 08:10:00+00:00,7.5455,7.5546,7.4851,7.4955,22279.9,2177
2026-07-31 08:15:00+00:00,7.4956,7.5043,7.47,7.4755,15832.6,1184
2026-07-31 08:20:00+00:00,7.4756,7.4954,7.45,7.4515,29101.5,2035
2026-07-31 08:25:00+00:00,7.4521,7.4633,7.4001,7.4439,52993.7,2721
2026-07-31 08:30:00+00:00,7.4435,7.4978,7.4162,7.4425,43750.1,4084
2026-07-31 08:35:00+00:00,7.4436,7.4568,7.4064,7.4164,31084.7,2656
2026-07-31 08:40:00+00:00,7.4221,7.4459,7.3801,7.3901,37577.4,2151
2026-07-31 08:45:00+00:00,7.3873,7.4468,7.3801,7.403,23657.3,2977
2026-07-31 08:50:00+00:00,7.4,7.4326,7.39,7.3938,12181.7,1750
2026-07-31 08:55:00+00:00,7.3946,7.515,7.39,7.4316,25535.2,2845
2026-07-31 09:00:00+00:00,7.4322,7.4501,7.395,7.4483,12051.6,1024
2026-07-31 09:05:00+00:00,7.4505,7.5137,7.4488,7.4881,29337.8,2972
2026-07-31 09:10:00+00:00,7.4879,7.5061,7.4527,7.4784,23153.0,2301
2026-07-31 09:15:00+00:00,7.4763,7.515,7.4435,7.4455,21762.2,2177
2026-07-31 09:20:00+00:00,7.4459,7.4508,7.404,7.429,20300.8,2092
2026-07-31 09:25:00+00:00,7.4299,7.4439,7.416,7.4183,5660.0,562
2026-07-31 09:30:00+00:00,7.4223,7.43,7.4,7.4069,32010.2,2450
2026-07-31 09:35:00+00:00,7.4088,7.432,7.4,7.406,54623.7,1386
2026-07-31 09:40:00+00:00,7.4145,7.4516,7.4,7.4119,16171.0,1312
2026-07-31 09:45:00+00:00,7.4133,7.4218,7.3831,7.3831,18162.6,567
2026-07-31 09:50:00+00:00,7.3842,7.4022,7.3801,7.384,19899.1,1875
2026-07-31 09:55:00+00:00,7.383,7.3835,7.3801,7.3801,7581.0,163
2026-07-31 10:00:00+00:00,7.3801,7.3959,7.3801,7.3806,9176.2,602
2026-07-31 10:05:00+00:00,7.3834,7.41,7.3801,7.3898,17405.4,921
2026-07-31 10:10:00+00:00,7.3861,7.4739,7.3801,7.3967,21300.8,2023
2026-07-31 10:15:00+00:00,7.4003,7.4283,7.3936,7.4126,8800.4,1083
2026-07-31 10:20:00+00:00,7.4113,7.4676,7.4111,7.4365,14275.8,1498
2026-07-31 10:25:00+00:00,7.4335,7.4634,7.4295,7.4399,12133.1,1890
2026-07-31 10:30:00+00:00,7.4341,7.4799,7.4253,7.4692,24058.3,3575
2026-07-31 10:35:00+00:00,7.4702,7.4797,7.4421,7.4704,20045.5,2075
2026-07-31 10:40:00+00:00,7.4733,7.49,7.4566,7.4781,14810.8,1495
2026-07-31 10:45:00+00:00,7.4793,7.4793,7.4364,7.438,6143.2,600
2026-07-31 10:50:00+00:00,7.439,7.439,7.4252,7.4272,2306.3,67
2026-07-31 10:55:00+00:00,7.4275,7.4403,7.4211,7.4397,2150.7,60
2026-07-31 11:00:00+00:00,7.4412,7.4454,7.4344,7.4454,2148.2,100
2026-07-31 11:05:00+00:00,7.4447,7.4691,7.4447,7.462,11442.6,790
2026-07-31 11:10:00+00:00,7.4639,7.47,7.45,7.4562,14660.9,1350
2026-07-31 11:15:00+00:00,7.4578,7.4646,7.4401,7.4402,9010.9,409
2026-07-31 11:20:00+00:00,7.4424,7.4682,7.4401,7.4593,7435.6,1048
2026-07-31 11:25:00+00:00,7.4556,7.4741,7.4458,7.4576,11942.6,1235
2026-07-31 11:30:00+00:00,7.4588,7.4783,7.4451,7.4735,9021.2,977
2026-07-31 11:35:00+00:00,7.4714,7.5254,7.46,7.4769,15338.8,594
2026-07-31 11:40:00+00:00,7.47,7.4908,7.4649,7.4908,3331.6,165
2026-07-31 11:45:00+00:00,7.493,7.5332,7.4849,7.527,18959.9,841
2026-07-31 11:50:00+00:00,7.5252,7.5336,7.5087,7.5258,16860.0,1671
2026-07-31 11:55:00+00:00,7.5259,7.5519,7.515,7.5429,17059.4,826
2026-07-31 12:00:00+00:00,7.5458,7.5517,7.5069,7.5152,9643.1,463
2026-07-31 12:05:00+00:00,7.5148,7.5188,7.5,7.5059,8501.8,620
2026-07-31 12:10:00+00:00,7.5054,7.5065,7.5,7.5052,3039.8,188
2026-07-31 12:15:00+00:00,7.5048,7.5145,7.5028,7.5076,8026.8,560
2026-07-31 12:20:00+00:00,7.5042,7.532,7.5028,7.5205,11210.0,1415
2026-07-31 12:25:00+00:00,7.5199,7.5363,7.5181,7.5323,6142.5,1031
2026-07-31 12:30:00+00:00,7.5303,7.5312,7.5087,7.5122,10738.8,1057
2026-07-31 12:35:00+00:00,7.517,7.5179,7.5041,7.5043,7951.7,784
2026-07-31 12:40:00+00:00,7.505,7.5152,7.501,7.5087,7256.8,653
2026-07-31 12:45:00+00:00,7.5072,7.514,7.5014,7.507,4063.1,542
2026-07-31 12:50:00+00:00,7.5062,7.5119,7.5014,7.5014,5332.5,588
2026-07-31 12:55:00+00:00,7.5054,7.6092,7.501,7.5295,21607.2,927
2026-07-31 13:00:00+00:00,7.5329,7.5365,7.5242,7.5338,2488.1,212
2026-07-31 13:05:00+00:00,7.5317,7.5561,7.5259,7.5446,2044.3,243
2026-07-31 13:10:00+00:00,7.5459,7.5926,7.5448,7.5731,11151.3,842
2026-07-31 13:15:00+00:00,7.574,7.6054,7.5691,7.5809,10632.1,790
2026-07-31 13:20:00+00:00,7.5819,7.6316,7.5695,7.6245,21829.7,680
2026-07-31 13:25:00+00:00,7.6185,7.638,7.6146,7.6306,5532.7,869
2026-07-31 13:30:00+00:00,7.63,7.6321,7.6069,7.6141,5060.0,957
2026-07-31 13:35:00+00:00,7.6155,7.6233,7.6,7.6,34086.4,1601
2026-07-31 13:40:00+00:00,7.601,7.6035,7.5516,7.5608,40181.7,1388
2026-07-31 13:45:00+00:00,7.5594,7.5607,7.5242,7.5342,30312.8,526
2026-07-31 13:50:00+00:00,7.5326,7.5598,7.512,7.518,23589.5,1696
2026-07-31 13:55:00+00:00,7.5179,7.5304,7.51,7.5121,13687.9,720
2026-07-31 14:00:00+00:00,7.5175,7.5246,7.51,7.51,16389.9,465
2026-07-31 14:05:00+00:00,7.5154,7.5181,7.425,7.4488,38541.3,595
2026-07-31 14:10:00+00:00,7.4484,7.5185,7.4322,7.5026,14384.0,529
2026-07-31 14:15:00+00:00,7.507,7.5414,7.4931,7.53,9660.9,234
2026-07-31 14:20:00+00:00,7.5422,7.5523,7.5211,7.5325,7246.6,148
2026-07-31 14:25:00+00:00,7.5422,7.5482,7.5171,7.5473,4999.0,129
2026-07-31 14:30:00+00:00,7.5478,7.5772,7.5391,7.5507,12304.1,319
2026-07-31 14:35:00+00:00,7.5487,7.5569,7.53,7.5348,3427.4,129
2026-07-31 14:40:00+00:00,7.5374,7.551,7.5257,7.548,6567.4,126
2026-07-31 14:45:00+00:00,7.5532,7.559,7.5401,7.5508,4771.9,100
2026-07-31 14:50:00+00:00,7.554,7.5593,7.5439,7.546,3543.8,111
2026-07-31 14:55:00+00:00,7.5479,7.5557,7.5356,7.5514,4603.8,107
2026-07-31 15:00:00+00:00,7.5524,7.6,7.5518,7.5913,11050.7,494
2026-07-31 15:05:00+00:00,7.5996,7.6299,7.5933,7.6018,22144.6,386
2026-07-31 15:10:00+00:00,7.5988,7.6082,7.5374,7.5659,10986.3,222
2026-07-31 15:15:00+00:00,7.57,7.59,7.56,7.5627,3546.0,96
2026-07-31 15:20:00+00:00,7.5645,7.5691,7.53,7.5447,13605.0,242
2026-07-31 15:25:00+00:00,7.5403,7.5448,7.5103,7.5196,6595.9,207
2026-07-31 15:30:00+00:00,7.5202,7.5258,7.5101,7.5165,6588.7,115
2026-07-31 15:35:00+00:00,7.5194,7.5258,7.518,7.5258,8163.7,108
2026-07-31 15:40:00+00:00,7.5258,7.5258,7.5026,7.5194,7396.7,141
2026-07-31 15:45:00+00:00,7.5214,7.5248,7.5025,7.5053,4247.3,134
2026-07-31 15:50:00+00:00,7.5061,7.5243,7.5,7.5214,11106.6,80
2026-07-31 15:55:00+00:00,7.5238,7.5258,7.51,7.5121,2729.5,74
2026-07-31 16:00:00+00:00,7.521,7.5253,7.5189,7.52,1117.7,33
2026-07-31 16:05:00+00:00,7.522,7.5254,7.5056,7.5056,2931.3,60
2026-07-31 16:10:00+00:00,7.5044,7.5162,7.5044,7.5137,2147.2,34
2026-07-31 16:15:00+00:00,7.5131,7.5219,7.504,7.5209,3511.5,66
2026-07-31 16:20:00+00:00,7.5188,7.5552,7.5162,7.5511,18324.3,136
2026-07-31 16:25:00+00:00,7.5528,7.5552,7.53,7.537,6349.0,143
2026-07-31 16:30:00+00:00,7.5343,7.5599,7.5343,7.5569,4177.0,110
2026-07-31 16:35:00+00:00,7.56,7.5666,7.56,7.5666,69.1,9
2026-07-31 16:40:00+00:00,7.5643,7.5958,7.5643,7.5686,6557.3,150
2026-07-31 16:45:00+00:00,7.5681,7.5762,7.5666,7.5762,258.1,26
2026-07-31 16:50:00+00:00,7.5774,7.5774,7.5649,7.574,791.3,49
2026-07-31 16:55:00+00:00,7.5695,7.5738,7.5638,7.5696,2315.7,45
2026-07-31 17:00:00+00:00,7.5686,7.5832,7.5675,7.5832,1928.4,25
2026-07-31 17:05:00+00:00,7.5822,7.5879,7.5652,7.5669,2464.5,74
2026-07-31 17:10:00+00:00,7.5626,7.5626,7.5248,7.5444,14605.5,319
2026-07-31 17:15:00+00:00,7.5465,7.5554,7.5465,7.5512,1322.5,18
2026-07-31 17:20:00+00:00,7.5529,7.5646,7.5473,7.5541,7220.7,103
2026-07-31 17:25:00+00:00,7.5522,7.5725,7.5522,7.5699,2603.7,65
2026-07-31 17:30:00+00:00,7.57,7.5819,7.5698,7.5815,1297.9,21
2026-07-31 17:35:00+00:00,7.5821,7.65,7.5728,7.6338,20273.3,175
2026-07-31 17:40:00+00:00,7.6348,7.6358,7.6203,7.6272,2462.2,77
2026-07-31 17:45:00+00:00,7.6223,7.6228,7.594,7.6001,1600.2,43
2026-07-31 17:50:00+00:00,7.6007,7.6102,7.5998,7.6063,1587.1,36
2026-07-31 17:55:00+00:00,7.6012,7.6067,7.5999,7.6029,1568.7,31
2026-07-31 18:00:00+00:00,7.5996,7.6051,7.569,7.5892,5786.5,161
2026-07-31 18:05:00+00:00,7.593,7.605,7.5904,7.5946,3824.3,82
2026-07-31 18:10:00+00:00,7.5966,7.5966,7.5534,7.5534,3991.4,72
2026-07-31 18:15:00+00:00,7.553,7.5573,7.5144,7.5343,5947.7,109
2026-07-31 18:20:00+00:00,7.5292,7.5456,7.5291,7.5425,1090.7,59
2026-07-31 18:25:00+00:00,7.5418,7.5418,7.5173,7.5212,3793.2,107
2026-07-31 18:30:00+00:00,7.5204,7.5358,7.5179,7.5358,5244.5,34
2026-07-31 18:35:00+00:00,7.5339,7.54,7.5101,7.5101,2678.1,53
2026-07-31 18:40:00+00:00,7.5102,7.5434,7.5051,7.5397,4832.7,69
2026-07-31 18:45:00+00:00,7.5397,7.5397,7.5378,7.5396,75.5,12
2026-07-31 18:50:00+00:00,7.5396,7.5573,7.536,7.5513,1635.5,62
2026-07-31 18:55:00+00:00,7.5535,7.5543,7.5272,7.5309,4510.7,80
2026-07-31 19:00:00+00:00,7.532,7.535,7.5303,7.5306,2135.4,23
2026-07-31 19:05:00+00:00,7.5248,7.533,7.5235,7.5235,1134.4,29
2026-07-31 19:10:00+00:00,7.5273,7.5301,7.5125,7.5125,1202.3,32
2026-07-31 19:15:00+00:00,7.5186,7.5232,7.5,7.5132,6051.8,121
2026-07-31 19:20:00+00:00,7.519,7.5293,7.5153,7.5243,1484.9,103
2026-07-31 19:25:00+00:00,7.5233,7.5357,7.516,7.5317,2693.7,86
2026-07-31 19:30:00+00:00,7.5273,7.5316,7.5187,7.5198,1704.3,56
2026-07-31 19:35:00+00:00,7.5186,7.5219,7.5126,7.5126,4099.6,38
2026-07-31 19:40:00+00:00,7.5112,7.52,7.5064,7.5142,2175.6,52
2026-07-31 19:45:00+00:00,7.5182,7.5224,7.5161,7.521,1715.9,32
2026-07-31 19:50:00+00:00,7.5181,7.5224,7.5148,7.5163,1175.8,31
2026-07-31 19:55:00+00:00,7.5178,7.5178,7.5039,7.5074,4753.6,62
2026-07-31 20:00:00+00:00,7.5065,7.5135,7.5,7.5078,3976.0,79
2026-07-31 20:05:00+00:00,7.5144,7.5144,7.506,7.5142,857.7,14
2026-07-31 20:10:00+00:00,7.5114,7.5114,7.4934,7.5087,5732.3,107
2026-07-31 20:15:00+00:00,7.5093,7.5122,7.5055,7.5055,353.6,18
2026-07-31 20:20:00+00:00,7.5076,7.5138,7.5038,7.5038,3311.6,51
2026-07-31 20:25:00+00:00,7.503,7.503,7.4931,7.4931,489.9,13
2026-07-31 20:30:00+00:00,7.4955,7.4955,7.4327,7.4449,15872.5,222
2026-07-31 20:35:00+00:00,7.4456,7.514,7.4433,7.4892,8764.6,250
2026-07-31 20:40:00+00:00,7.4958,7.5099,7.4824,7.4928,2674.6,81
2026-07-31 20:45:00+00:00,7.5057,7.5057,7.4959,7.5018,2932.4,37
2026-07-31 20:50:00+00:00,7.51,7.5185,7.4961,7.5077,1572.8,46
2026-07-31 20:55:00+00:00,7.495,7.51,7.495,7.5001,2113.0,49
2026-07-31 21:00:00+00:00,7.4954,7.5097,7.4942,7.5031,2546.7,97
2026-07-31 21:05:00+00:00,7.4997,7.5314,7.4997,7.5275,2284.7,49
2026-07-31 21:10:00+00:00,7.5255,7.5305,7.5255,7.5271,612.5,29
2026-07-31 21:15:00+00:00,7.5271,7.5271,7.5271,7.5271,0.0,0
2026-07-31 21:20:00+00:00,7.5292,7.5586,7.5249,7.5586,2614.3,73
2026-07-31 21:25:00+00:00,7.5512,7.6316,7.5512,7.6121,8564.6,286
2026-07-31 21:30:00+00:00,7.6155,7.6187,7.4479,7.4775,43735.3,980
2026-07-31 21:35:00+00:00,7.4786,7.5076,7.4695,7.4819,5687.4,300
2026-07-31 21:40:00+00:00,7.4819,7.6282,7.471,7.4893,16479.8,324
2026-07-31 21:45:00+00:00,7.4894,7.4956,7.4812,7.4956,213.7,15
2026-07-31 21:50:00+00:00,7.4874,7.5158,7.4871,7.5158,1656.2,22
2026-07-31 21:55:00+00:00,7.5063,7.5065,7.4762,7.4762,5898.0,134
2026-07-31 22:00:00+00:00,7.4729,7.4872,7.45,7.46,18325.6,184
2026-07-31 22:05:00+00:00,7.4638,7.4639,7.4577,7.4621,674.9,10
2026-07-31 22:10:00+00:00,7.4607,7.4686,7.4561,7.4561,95.7,26
2026-07-31 22:15:00+00:00,7.4573,7.4573,7.45,7.4569,178.1,22
2026-07-31 22:20:00+00:00,7.452,7.4629,7.452,7.4628,44.3,10
2026-07-31 22:25:00+00:00,7.4595,7.4595,7.45,7.45,584.8,18
2026-07-31 22:30:00+00:00,7.4602,7.4713,7.46,7.46,209.8,21
2026-07-31 22:35:00+00:00,7.4621,7.4638,7.4608,7.4614,231.7,7
2026-07-31 22:40:00+00:00,7.4562,7.4565,7.4538,7.4538,112.7,15
2026-07-31 22:45:00+00:00,7.4594,7.4623,7.4515,7.4515,84.3,21
2026-07-31 22:50:00+00:00,7.4592,7.4645,7.45,7.4528,2011.9,65
2026-07-31 22:55:00+00:00,7.4535,7.4597,7.45,7.45,1138.4,83
2026-07-31 23:00:00+00:00,7.4565,7.458,7.45,7.4521,499.2,50
2026-07-31 23:05:00+00:00,7.4503,7.4516,7.4501,7.4511,68.8,14
2026-07-31 23:10:00+00:00,7.4508,7.514,7.4502,7.4923,4817.5,250
2026-07-31 23:15:00+00:00,7.4935,7.4981,7.472,7.481,1546.3,70
2026-07-31 23:20:00+00:00,7.4793,7.484,7.4713,7.4791,330.9,33
2026-07-31 23:25:00+00:00,7.4794,7.4839,7.446,7.4506,16201.9,154
2026-07-31 23:30:00+00:00,7.4504,7.4778,7.443,7.4677,4356.9,454
2026-07-31 23:35:00+00:00,7.4763,7.4769,7.4477,7.4678,1179.2,47
2026-07-31 23:40:00+00:00,7.4647,7.4792,7.4447,7.4754,3178.5,109
2026-07-31 23:45:00+00:00,7.4722,7.479,7.4512,7.4512,999.2,47
2026-07-31 23:50:00+00:00,7.4619,7.476,7.4606,7.476,313.1,49
2026-07-31 23:55:00+00:00,7.4798,7.48,7.4736,7.48,249.8,16
2026-08-01 00:00:00+00:00,7.4791,7.505,7.4724,7.4788,2884.4,96
2026-08-01 00:05:00+00:00,7.4734,7.4751,7.4444,7.4659,3109.9,116
2026-08-01 00:10:00+00:00,7.4694,7.4781,7.4664,7.4762,1442.2,53
2026-08-01 00:15:00+00:00,7.4719,7.5322,7.4719,7.5322,7416.9,125
2026-08-01 00:20:00+00:00,7.5313,7.5368,7.4505,7.4505,54747.1,325
2026-08-01 00:25:00+00:00,7.4518,7.4642,7.4507,7.4525,279.5,56
2026-08-01 00:30:00+00:00,7.4525,7.4713,7.4337,7.4436,6338.5,273
2026-08-01 00:35:00+00:00,7.4438,7.4523,7.44,7.44,7249.5,60
2026-08-01 00:40:00+00:00,7.44,7.4456,7.4367,7.4386,341.9,28
2026-08-01 00:45:00+00:00,7.439,7.4419,7.4165,7.424,2028.1,73
2026-08-01 00:50:00+00:00,7.4191,7.4304,7.4181,7.427,1208.0,71
2026-08-01 00:55:00+00:00,7.4251,7.4251,7.4207,7.421,171.3,16
2026-08-01 01:00:00+00:00,7.4211,7.4211,7.4126,7.4206,1133.5,52
2026-08-01 01:05:00+00:00,7.4192,7.4388,7.4192,7.4271,1685.4,102
2026-08-01 01:10:00+00:00,7.4265,7.4298,7.4,7.4297,3770.1,106
2026-08-01 01:15:00+00:00,7.4261,7.4499,7.4167,7.4499,2876.8,129
2026-08-01 01:20:00+00:00,7.4463,7.45,7.4302,7.44,1077.1,87
2026-08-01 01:25:00+00:00,7.441,7.45,7.438,7.4463,439.5,42
2026-08-01 01:30:00+00:00,7.45,7.4523,7.4435,7.4471,410.1,38
2026-08-01 01:35:00+00:00,7.4437,7.4437,7.43,7.43,671.0,35
2026-08-01 01:40:00+00:00,7.43,7.4315,7.4273,7.4279,302.5,31
2026-08-01 01:45:00+00:00,7.4279,7.4283,7.42,7.42,788.9,30
2026-08-01 01:50:00+00:00,7.4155,7.4215,7.4136,7.4148,1725.6,56
2026-08-01 01:55:00+00:00,7.4151,7.4191,7.4104,7.4143,373.4,40
2026-08-01 02:00:00+00:00,7.4143,7.4269,7.4141,7.4212,1303.9,83
2026-08-01 02:05:00+00:00,7.42,7.4286,7.4162,7.4231,721.3,122
2026-08-01 02:10:00+00:00,7.4242,7.4398,7.4219,7.4344,1565.1,118
2026-08-01 02:15:00+00:00,7.4352,7.4432,7.4313,7.4355,917.6,90
2026-08-01 02:20:00+00:00,7.4346,7.4346,7.4302,7.4315,694.5,76
2026-08-01 02:25:00+00:00,7.4376,7.441,7.43,7.4304,674.7,112
2026-08-01 02:30:00+00:00,7.4365,7.4418,7.43,7.4326,1602.8,91
2026-08-01 02:35:00+00:00,7.4368,7.4383,7.4301,7.4319,563.5,45
2026-08-01 02:40:00+00:00,7.4305,7.4376,7.4246,7.4247,1436.1,41
2026-08-01 02:45:00+00:00,7.4311,7.4311,7.424,7.4241,450.1,32
2026-08-01 02:50:00+00:00,7.4286,7.4453,7.4241,7.434,1013.8,96
2026-08-01 02:55:00+00:00,7.4303,7.4381,7.4302,7.431,464.3,45
2026-08-01 03:00:00+00:00,7.4367,7.4441,7.4314,7.4343,290.2,41
2026-08-01 03:05:00+00:00,7.4424,7.4497,7.4345,7.4408,1082.5,109
2026-08-01 03:10:00+00:00,7.4418,7.4466,7.4367,7.4367,1344.3,80
2026-08-01 03:15:00+00:00,7.4451,7.4499,7.4371,7.443,341.0,88
2026-08-01 03:20:00+00:00,7.4488,7.4552,7.4366,7.4477,1546.9,112
2026-08-01 03:25:00+00:00,7.4504,7.4534,7.4402,7.4456,313.4,57
2026-08-01 03:30:00+00:00,7.4498,7.45,7.4443,7.4456,1436.7,56
2026-08-01 03:35:00+00:00,7.4499,7.45,7.4425,7.4444,401.8,60
2026-08-01 03:40:00+00:00,7.4495,7.4552,7.4424,7.4488,728.4,73
2026-08-01 03:45:00+00:00,7.4534,7.4553,7.4448,7.4472,871.1,92
2026-08-01 03:50:00+00:00,7.4514,7.4552,7.4429,7.4456,2747.1,139
2026-08-01 03:55:00+00:00,7.4505,7.4522,7.4446,7.4449,579.6,84
2026-08-01 04:00:00+00:00,7.4505,7.455,7.4448,7.4527,542.8,59
2026-08-01 04:05:00+00:00,7.4552,7.4552,7.4501,7.4503,336.4,36
2026-08-01 04:10:00+00:00,7.4534,7.4546,7.4501,7.4501,294.5,40
2026-08-01 04:15:00+00:00,7.4528,7.4604,7.4528,7.46,1354.6,94
2026-08-01 04:20:00+00:00,7.4604,7.4605,7.4528,7.4532,348.7,65
2026-08-01 04:25:00+00:00,7.4584,7.4585,7.4491,7.4547,591.2,64
2026-08-01 04:30:00+00:00,7.4546,7.4559,7.431,7.4496,5695.1,191
2026-08-01 04:35:00+00:00,7.454,7.4549,7.4446,7.4446,1646.7,126
2026-08-01 04:40:00+00:00,7.45,7.4512,7.431,7.4477,2878.6,213
2026-08-01 04:45:00+00:00,7.4473,7.4482,7.4387,7.4464,835.6,89
2026-08-01 04:50:00+00:00,7.4464,7.4486,7.4401,7.4429,1177.4,90
2026-08-01 04:55:00+00:00,7.4484,7.4517,7.4429,7.4432,1090.8,107
2026-08-01 05:00:00+00:00,7.4493,7.4517,7.443,7.4474,825.1,64
2026-08-01 05:05:00+00:00,7.4517,7.4517,7.4429,7.4441,992.1,75
2026-08-01 05:10:00+00:00,7.4505,7.4513,7.4445,7.4447,447.7,35
2026-08-01 05:15:00+00:00,7.4502,7.4504,7.4448,7.4448,285.5,29
2026-08-01 05:20:00+00:00,7.449,7.4496,7.4429,7.443,1606.7,52
2026-08-01 05:25:00+00:00,7.448,7.4507,7.4429,7.4431,1286.0,43
2026-08-01 05:30:00+00:00,7.4484,7.4484,7.4409,7.4413,827.3,39
2026-08-01 05:35:00+00:00,7.4471,7.4471,7.44,7.4403,932.6,38
2026-08-01 05:40:00+00:00,7.4455,7.4495,7.431,7.431,2439.1,131
2026-08-01 05:45:00+00:00,7.4401,7.4437,7.431,7.431,4759.9,106
2026-08-01 05:50:00+00:00,7.4311,7.4348,7.431,7.431,3396.4,59
2026-08-01 05:55:00+00:00,7.4344,7.4345,7.431,7.4312,1957.4,48
2026-08-01 06:00:00+00:00,7.4346,7.4347,7.4311,7.4311,371.5,38
2026-08-01 06:05:00+00:00,7.4343,7.4348,7.431,7.4348,397.6,37
2026-08-01 06:10:00+00:00,7.4348,7.4348,7.431,7.431,497.2,40
2026-08-01 06:15:00+00:00,7.4326,7.4326,7.4247,7.4308,1257.0,68
2026-08-01 06:20:00+00:00,7.429,7.4348,7.4243,7.4297,2887.3,113
2026-08-01 06:25:00+00:00,7.4302,7.4341,7.4265,7.4296,305.5,51
2026-08-01 06:30:00+00:00,7.4338,7.4348,7.4296,7.4348,451.6,48
2026-08-01 06:35:00+00:00,7.4347,7.4348,7.43,7.4301,736.7,50
2026-08-01 06:40:00+00:00,7.4342,7.4347,7.43,7.43,285.4,41
2026-08-01 06:45:00+00:00,7.4336,7.434,7.4267,7.4283,368.5,40
2026-08-01 06:50:00+00:00,7.434,7.434,7.4285,7.4285,303.4,32
2026-08-01 06:55:00+00:00,7.434,7.434,7.4253,7.4278,303.9,39
2026-08-01 07:00:00+00:00,7.4327,7.4346,7.4268,7.4273,515.9,54
2026-08-01 07:05:00+00:00,7.4269,7.4339,7.4242,7.4269,1046.0,58
2026-08-01 07:10:00+00:00,7.4325,7.4325,7.426,7.4265,396.5,55
2026-08-01 07:15:00+00:00,7.4301,7.4321,7.4254,7.4265,3078.8,86
2026-08-01 07:20:00+00:00,7.4256,7.4306,7.4241,7.4241,1266.8,43
2026-08-01 07:25:00+00:00,7.4242,7.4293,7.424,7.424,795.5,65
2026-08-01 07:30:00+00:00,7.424,7.4265,7.4141,7.4156,882.3,75
2026-08-01 07:35:00+00:00,7.4156,7.424,7.4129,7.4189,326.1,42
2026-08-01 07:40:00+00:00,7.4244,7.4244,7.4105,7.4121,2146.8,62
2026-08-01 07:45:00+00:00,7.419,7.419,7.4102,7.4102,1031.5,42
2026-08-01 07:50:00+00:00,7.4102,7.4133,7.4101,7.4102,2006.8,40
2026-08-01 07:55:00+00:00,7.4133,7.4133,7.4041,7.4042,685.4,47
2026-08-01 08:00:00+00:00,7.4084,7.411,7.4,7.4094,4408.7,161
2026-08-01 08:05:00+00:00,7.4131,7.4133,7.4063,7.4105,786.5,64
2026-08-01 08:10:00+00:00,7.4126,7.43,7.4064,7.4216,6175.0,127
2026-08-01 08:15:00+00:00,7.4224,7.4274,7.4142,7.4202,1279.6,161
2026-08-01 08:20:00+00:00,7.4212,7.4254,7.4161,7.4254,949.0,77
2026-08-01 08:25:00+00:00,7.4256,7.4259,7.4104,7.4178,1800.5,128
2026-08-01 08:30:00+00:00,7.4123,7.4187,7.4067,7.408,1012.1,83
2026-08-01 08:35:00+00:00,7.4133,7.4254,7.408,7.4202,1730.1,119
2026-08-01 08:40:00+00:00,7.4257,7.431,7.4202,7.4259,3429.4,100
2026-08-01 08:45:00+00:00,7.4299,7.431,7.4203,7.4276,943.2,148
2026-08-01 08:50:00+00:00,7.431,7.4347,7.4206,7.4324,1438.5,210
2026-08-01 08:55:00+00:00,7.4304,7.4313,7.4217,7.4217,487.3,167
2026-08-01 09:00:00+00:00,7.4283,7.4347,7.4207,7.4308,928.2,108
2026-08-01 09:05:00+00:00,7.431,7.4312,7.4201,7.4245,257.4,13
2026-08-01 09:10:00+00:00,7.433,7.433,7.4208,7.4237,728.3,77
2026-08-01 09:15:00+00:00,7.4285,7.4305,7.4203,7.4216,433.3,43
2026-08-01 09:20:00+00:00,7.431,7.4311,7.4202,7.4203,614.8,53
2026-08-01 09:25:00+00:00,7.4252,7.4271,7.4203,7.4213,657.0,89
2026-08-01 09:30:00+00:00,7.4213,7.4258,7.4201,7.4207,330.6,37
2026-08-01 09:35:00+00:00,7.4247,7.4258,7.4202,7.4206,296.4,32
2026-08-01 09:40:00+00:00,7.4241,7.4249,7.4201,7.4201,963.6,33
2026-08-01 09:45:00+00:00,7.4242,7.4253,7.4201,7.4201,309.4,43
2026-08-01 09:50:00+00:00,7.4202,7.4264,7.4201,7.4203,1024.9,86
2026-08-01 09:55:00+00:00,7.4251,7.4258,7.4147,7.4151,1515.8,77
2026-08-01 10:00:00+00:00,7.4156,7.421,7.412,7.4121,1373.2,64
2026-08-01 10:05:00+00:00,7.4156,7.4157,7.412,7.4121,1546.1,49
2026-08-01 10:10:00+00:00,7.4121,7.4157,7.4102,7.4102,2613.1,135
2026-08-01 10:15:00+00:00,7.4151,7.4157,7.41,7.4116,1799.2,162
2026-08-01 10:20:00+00:00,7.412,7.4157,7.41,7.4109,2390.2,153
2026-08-01 10:25:00+00:00,7.4109,7.415,7.41,7.4103,566.9,82
2026-08-01 10:30:00+00:00,7.4103,7.4156,7.4101,7.4108,1041.8,82
2026-08-01 10:35:00+00:00,7.4104,7.4157,7.41,7.41,699.6,89
2026-08-01 10:40:00+00:00,7.41,7.4153,7.41,7.4101,396.1,55
2026-08-01 10:45:00+00:00,7.41,7.4156,7.41,7.4101,787.5,63
2026-08-01 10:50:00+00:00,7.4111,7.4157,7.41,7.412,962.9,68
2026-08-01 10:55:00+00:00,7.412,7.4157,7.4102,7.4102,545.4,57
2026-08-01 11:00:00+00:00,7.4116,7.415,7.41,7.41,397.3,53
2026-08-01 11:05:00+00:00,7.41,7.4153,7.41,7.41,2387.0,75
2026-08-01 11:10:00+00:00,7.41,7.4155,7.41,7.41,2124.4,65
2026-08-01 11:15:00+00:00,7.41,7.4157,7.4077,7.4103,2943.0,112
2026-08-01 11:20:00+00:00,7.4102,7.4157,7.4075,7.4127,1960.9,82
2026-08-01 11:25:00+00:00,7.4125,7.4154,7.4061,7.4066,1177.7,72
2026-08-01 11:30:00+00:00,7.4066,7.4124,7.4061,7.4066,950.8,63
2026-08-01 11:35:00+00:00,7.4064,7.4122,7.4061,7.4063,400.5,58
2026-08-01 11:40:00+00:00,7.4063,7.416,7.4061,7.4158,3236.3,75
2026-08-01 11:45:00+00:00,7.4116,7.42,7.4089,7.42,5637.9,419
2026-08-01 11:50:00+00:00,7.4168,7.4232,7.4127,7.4231,2639.3,390
2026-08-01 11:55:00+00:00,7.4197,7.4232,7.4182,7.422,1709.5,264
2026-08-01 12:00:00+00:00,7.4195,7.4232,7.4168,7.4232,3278.5,316
2026-08-01 12:05:00+00:00,7.4231,7.4232,7.4201,7.4232,3517.9,184
2026-08-01 12:10:00+00:00,7.4212,7.4232,7.421,7.421,1756.4,150
2026-08-01 12:15:00+00:00,7.421,7.4232,7.4166,7.422,933.9,144
2026-08-01 12:20:00+00:00,7.4168,7.4219,7.4158,7.418,601.1,158
2026-08-01 12:25:00+00:00,7.4177,7.4232,7.4153,7.4163,722.5,175
2026-08-01 12:30:00+00:00,7.4163,7.4231,7.4157,7.4165,594.7,179
2026-08-01 12:35:00+00:00,7.4169,7.4229,7.4135,7.4148,661.2,72
2026-08-01 12:40:00+00:00,7.4148,7.421,7.4122,7.4145,1212.3,108
2026-08-01 12:45:00+00:00,7.4145,7.4193,7.4123,7.413,425.7,60
2026-08-01 12:50:00+00:00,7.4132,7.4216,7.4101,7.4101,992.5,120
2026-08-01 12:55:00+00:00,7.4104,7.4175,7.409,7.409,795.5,111
2026-08-01 13:00:00+00:00,7.409,7.4148,7.4061,7.4062,1182.2,107
2026-08-01 13:05:00+00:00,7.4062,7.4177,7.4061,7.4075,2440.4,244
2026-08-01 13:10:00+00:00,7.4085,7.4169,7.4061,7.4085,2755.4,164
2026-08-01 13:15:00+00:00,7.4103,7.4149,7.4061,7.4061,1184.3,74
2026-08-01 13:20:00+00:00,7.4061,7.4126,7.4061,7.4061,593.7,71
2026-08-01 13:25:00+00:00,7.4061,7.4111,7.4061,7.4061,2339.4,72
2026-08-01 13:30:00+00:00,7.4081,7.4149,7.4061,7.4093,1431.6,118
2026-08-01 13:35:00+00:00,7.4095,7.4119,7.4062,7.4063,487.4,91
2026-08-01 13:40:00+00:00,7.4063,7.4129,7.406,7.4063,1006.4,72
2026-08-01 13:45:00+00:00,7.4063,7.4132,7.406,7.4105,812.5,79
2026-08-01 13:50:00+00:00,7.406,7.416,7.406,7.4062,1396.3,154
2026-08-01 13:55:00+00:00,7.4062,7.413,7.406,7.4108,559.5,86
2026-08-01 14:00:00+00:00,7.4071,7.4136,7.406,7.406,1223.1,117
2026-08-01 14:05:00+00:00,7.406,7.4112,7.406,7.406,679.5,55
2026-08-01 14:10:00+00:00,7.406,7.4119,7.406,7.406,445.2,56
2026-08-01 14:15:00+00:00,7.406,7.411,7.406,7.41,407.9,59
2026-08-01 14:20:00+00:00,7.41,7.4128,7.408,7.4091,971.0,65
2026-08-01 14:25:00+00:00,7.4091,7.4232,7.409,7.4191,2329.7,157
2026-08-01 14:30:00+00:00,7.4201,7.4229,7.4114,7.4114,637.5,96
2026-08-01 14:35:00+00:00,7.4108,7.4202,7.4062,7.4062,1600.3,152
2026-08-01 14:40:00+00:00,7.4062,7.4123,7.4061,7.4061,433.6,67
2026-08-01 14:45:00+00:00,7.4062,7.4153,7.4062,7.4123,467.2,58
2026-08-01 14:50:00+00:00,7.4124,7.4171,7.4123,7.4123,486.6,54
2026-08-01 14:55:00+00:00,7.4125,7.421,7.4123,7.4123,869.9,87
2026-08-01 15:00:00+00:00,7.4123,7.418,7.41,7.41,402.2,66
2026-08-01 15:05:00+00:00,7.41,7.4152,7.4061,7.4061,1015.9,61
2026-08-01 15:10:00+00:00,7.4061,7.4084,7.4061,7.4061,1501.6,69
2026-08-01 15:15:00+00:00,7.4061,7.4248,7.4061,7.4232,5550.6,617
2026-08-01 15:20:00+00:00,7.4232,7.4259,7.4103,7.4177,2055.9,301
2026-08-01 15:25:00+00:00,7.4132,7.4194,7.4101,7.4126,2171.0,121
2026-08-01 15:30:00+00:00,7.4125,7.4183,7.41,7.41,460.1,105
2026-08-01 15:35:00+00:00,7.41,7.416,7.4064,7.4067,1276.8,144
2026-08-01 15:40:00+00:00,7.4067,7.4142,7.4062,7.4062,603.6,158
2026-08-01 15:45:00+00:00,7.4063,7.4114,7.4061,7.4061,11049.0,76
2026-08-01 15:50:00+00:00,7.4061,7.4143,7.4061,7.4095,1981.4,154
2026-08-01 15:55:00+00:00,7.4094,7.4188,7.4086,7.4087,1459.8,165
2026-08-01 16:00:00+00:00,7.4098,7.414,7.4064,7.414,578.8,145
2026-08-01 16:05:00+00:00,7.4101,7.4154,7.4062,7.4078,1490.5,182
2026-08-01 16:10:00+00:00,7.4078,7.4151,7.4063,7.4063,1371.2,213
2026-08-01 16:15:00+00:00,7.4065,7.4159,7.4061,7.4123,2412.0,205
2026-08-01 16:20:00+00:00,7.4124,7.4175,7.4068,7.4124,859.9,154
2026-08-01 16:25:00+00:00,7.4125,7.4169,7.4091,7.4104,418.6,77
2026-08-01 16:30:00+00:00,7.4102,7.4149,7.4061,7.4079,2777.8,274
2026-08-01 16:35:00+00:00,7.4078,7.4152,7.4068,7.407,555.0,127
2026-08-01 16:40:00+00:00,7.4076,7.4144,7.4061,7.4116,1652.4,246
2026-08-01 16:45:00+00:00,7.4117,7.4145,7.4061,7.4064,5900.9,415
2026-08-01 16:50:00+00:00,7.4064,7.414,7.4062,7.4076,1099.3,122
2026-08-01 16:55:00+00:00,7.4078,7.411,7.3964,7.3964,21624.3,256
2026-08-01 17:00:00+00:00,7.3964,7.417,7.3905,7.4087,5990.9,286
2026-08-01 17:05:00+00:00,7.4091,7.4154,7.4031,7.4072,2687.8,192
2026-08-01 17:10:00+00:00,7.4089,7.4141,7.4027,7.405,1408.5,146
2026-08-01 17:15:00+00:00,7.4052,7.4139,7.4038,7.4044,5274.9,312
2026-08-01 17:20:00+00:00,7.4046,7.4099,7.4033,7.4047,715.9,108
2026-08-01 17:25:00+00:00,7.4048,7.4129,7.4035,7.4045,1785.5,143
2026-08-01 17:30:00+00:00,7.4035,7.4082,7.4,7.4,613.3,121
2026-08-01 17:35:00+00:00,7.4,7.4047,7.3858,7.3928,2014.7,214
2026-08-01 17:40:00+00:00,7.3883,7.3979,7.3883,7.3933,498.1,94
2026-08-01 17:45:00+00:00,7.3933,7.3976,7.3866,7.3932,496.0,111
2026-08-01 17:50:00+00:00,7.3901,7.3901,7.3812,7.3828,2076.4,270
2026-08-01 17:55:00+00:00,7.3828,7.3901,7.3819,7.3827,522.0,122
2026-08-01 18:00:00+00:00,7.3826,7.3886,7.3812,7.3812,733.9,143
2026-08-01 18:05:00+00:00,7.3812,7.3841,7.3715,7.3775,2320.0,119
2026-08-01 18:10:00+00:00,7.3777,7.3788,7.3626,7.3626,2555.1,209
2026-08-01 18:15:00+00:00,7.3624,7.3716,7.3614,7.3617,3072.7,184
2026-08-01 18:20:00+00:00,7.362,7.3751,7.3614,7.3666,1664.1,219
2026-08-01 18:25:00+00:00,7.3638,7.3718,7.3623,7.3669,485.7,90
2026-08-01 18:30:00+00:00,7.367,7.3721,7.337,7.3431,8434.9,320
2026-08-01 18:35:00+00:00,7.339,7.3484,7.3365,7.3437,1456.2,77
2026-08-01 18:40:00+00:00,7.3438,7.3479,7.3353,7.3353,764.5,110
2026-08-01 18:45:00+00:00,7.3354,7.3397,7.3275,7.3319,3347.1,148
2026-08-01 18:50:00+00:00,7.3319,7.3358,7.3276,7.328,664.8,81
2026-08-01 18:55:00+00:00,7.3284,7.35,7.3275,7.3493,2350.8,221
2026-08-01 19:00:00+00:00,7.3491,7.3526,7.3412,7.3449,1183.6,174
2026-08-01 19:05:00+00:00,7.345,7.3484,7.3206,7.3216,2100.9,184
2026-08-01 19:10:00+00:00,7.3216,7.3309,7.3216,7.3224,722.7,100
2026-08-01 19:15:00+00:00,7.3225,7.3285,7.321,7.3222,395.0,57
2026-08-01 19:20:00+00:00,7.3223,7.3311,7.322,7.3227,569.7,81
2026-08-01 19:25:00+00:00,7.3228,7.3279,7.32,7.32,1977.5,139
2026-08-01 19:30:00+00:00,7.32,7.3299,7.32,7.3266,2178.1,79
2026-08-01 19:35:00+00:00,7.3266,7.33,7.32,7.3237,1538.4,100
2026-08-01 19:40:00+00:00,7.3237,7.3379,7.3237,7.3264,1574.0,258
2026-08-01 19:45:00+00:00,7.3264,7.3322,7.3264,7.3272,462.8,84
2026-08-01 19:50:00+00:00,7.3272,7.3361,7.3272,7.3304,603.5,82
2026-08-01 19:55:00+00:00,7.3305,7.3355,7.32,7.3225,1413.7,113
2026-08-01 20:00:00+00:00,7.3225,7.3272,7.3202,7.3243,437.2,59
2026-08-01 20:05:00+00:00,7.3243,7.3323,7.3237,7.3251,454.1,96
2026-08-01 20:10:00+00:00,7.3251,7.3333,7.3236,7.3242,447.6,86
2026-08-01 20:15:00+00:00,7.3243,7.3403,7.3202,7.3304,1634.8,258
2026-08-01 20:20:00+00:00,7.331,7.3375,7.3213,7.3278,1481.4,410
2026-08-01 20:25:00+00:00,7.328,7.3317,7.32,7.3202,765.3,250
2026-08-01 20:30:00+00:00,7.3202,7.3285,7.3124,7.3138,2391.7,258
2026-08-01 20:35:00+00:00,7.3141,7.3193,7.312,7.3121,489.6,106
2026-08-01 20:40:00+00:00,7.312,7.3184,7.312,7.312,492.4,102
2026-08-01 20:45:00+00:00,7.312,7.314,7.312,7.312,389.0,54
2026-08-01 20:50:00+00:00,7.312,7.3139,7.312,7.312,395.6,55
2026-08-01 20:55:00+00:00,7.312,7.314,7.312,7.312,391.2,54
2026-08-01 21:00:00+00:00,7.312,7.3224,7.312,7.3144,939.1,90
2026-08-01 21:05:00+00:00,7.3145,7.3192,7.3124,7.3157,415.6,58
2026-08-01 21:10:00+00:00,7.3157,7.3199,7.3157,7.3157,398.6,61
2026-08-01 21:15:00+00:00,7.3157,7.3243,7.3157,7.3195,2251.0,98
2026-08-01 21:20:00+00:00,7.3161,7.3212,7.3157,7.3212,482.8,67
2026-08-01 21:25:00+00:00,7.3159,7.3317,7.3157,7.3194,3430.7,295
2026-08-01 21:30:00+00:00,7.3196,7.3281,7.3169,7.317,405.2,64
2026-08-01 21:35:00+00:00,7.3163,7.3238,7.3163,7.3182,1181.2,63
2026-08-01 21:40:00+00:00,7.3182,7.3291,7.3157,7.3185,1140.9,185
2026-08-01 21:45:00+00:00,7.3205,7.3501,7.3204,7.3496,2334.3,200
2026-08-01 21:50:00+00:00,7.3493,7.3507,7.3388,7.3388,731.3,108
2026-08-01 21:55:00+00:00,7.3388,7.3438,7.3303,7.3347,2241.4,128
2026-08-01 22:00:00+00:00,7.3326,7.3384,7.3181,7.3234,4739.4,465
2026-08-01 22:05:00+00:00,7.3244,7.34,7.3158,7.328,8514.6,714
2026-08-01 22:10:00+00:00,7.3233,7.3383,7.3204,7.3291,1813.5,260
2026-08-01 22:15:00+00:00,7.3295,7.3428,7.3203,7.3206,5547.9,510
2026-08-01 22:20:00+00:00,7.3213,7.3381,7.3158,7.3265,11105.9,1017
2026-08-01 22:25:00+00:00,7.3272,7.3316,7.3201,7.3227,539.9,63
2026-08-01 22:30:00+00:00,7.3225,7.335,7.3203,7.3218,567.2,140
2026-08-01 22:35:00+00:00,7.3221,7.3277,7.3215,7.3216,555.3,89
2026-08-01 22:40:00+00:00,7.3216,7.3326,7.3216,7.3263,609.8,161
2026-08-01 22:45:00+00:00,7.3263,7.3297,7.3232,7.3256,432.5,57
2026-08-01 22:50:00+00:00,7.3258,7.3304,7.3233,7.3234,601.8,67
2026-08-01 22:55:00+00:00,7.3235,7.3281,7.3215,7.3216,419.5,66
2026-08-01 23:00:00+00:00,7.3216,7.3267,7.3214,7.3216,711.9,68
2026-08-01 23:05:00+00:00,7.322,7.3325,7.3159,7.3286,1975.2,345
2026-08-01 23:10:00+00:00,7.3292,7.3473,7.3289,7.3408,1149.3,224
2026-08-01 23:15:00+00:00,7.3408,7.3499,7.34,7.3419,1992.3,101
2026-08-01 23:20:00+00:00,7.3422,7.3472,7.34,7.3401,433.0,71
2026-08-01 23:25:00+00:00,7.3401,7.3444,7.34,7.34,698.1,67
2026-08-01 23:30:00+00:00,7.34,7.3594,7.34,7.3532,1464.2,251
2026-08-01 23:35:00+00:00,7.3536,7.3577,7.3376,7.3377,703.0,151
2026-08-01 23:40:00+00:00,7.3352,7.3467,7.3244,7.3301,2707.6,561
2026-08-01 23:45:00+00:00,7.3305,7.3378,7.3186,7.3186,878.4,180
2026-08-01 23:50:00+00:00,7.3271,7.328,7.3167,7.3199,2578.6,117
2026-08-01 23:55:00+00:00,7.3199,7.3251,7.316,7.3167,1451.6,146
2026-08-02 00:00:00+00:00,7.3168,7.3254,7.3158,7.3181,1344.2,173
2026-08-02 00:05:00+00:00,7.3184,7.3252,7.3177,7.3189,640.3,176
2026-08-02 00:10:00+00:00,7.3189,7.3252,7.3188,7.3189,1144.5,159
2026-08-02 00:15:00+00:00,7.3189,7.3248,7.3178,7.3194,963.0,117
2026-08-02 00:20:00+00:00,7.3194,7.3253,7.3178,7.3194,5412.3,234
2026-08-02 00:25:00+00:00,7.3194,7.3253,7.3177,7.3177,1676.9,148
2026-08-02 00:30:00+00:00,7.3177,7.3254,7.3177,7.3185,856.9,91
2026-08-02 00:35:00+00:00,7.3182,7.3235,7.3181,7.3186,263.2,58
2026-08-02 00:40:00+00:00,7.3219,7.3227,7.318,7.3193,231.8,62
2026-08-02 00:45:00+00:00,7.3194,7.3247,7.3192,7.3214,280.7,74
2026-08-02 00:50:00+00:00,7.3212,7.3252,7.3196,7.3196,265.6,56
2026-08-02 00:55:00+00:00,7.3214,7.3253,7.3179,7.3213,1539.1,89
2026-08-02 01:00:00+00:00,7.3211,7.3254,7.32,7.3229,533.0,62
2026-08-02 01:05:00+00:00,7.3229,7.3446,7.3229,7.3374,1375.5,139
2026-08-02 01:10:00+00:00,7.3392,7.3514,7.3363,7.3421,728.5,132
2026-08-02 01:15:00+00:00,7.3414,7.3456,7.3374,7.3375,155.6,43
2026-08-02 01:20:00+00:00,7.3375,7.3423,7.3301,7.3412,455.9,73
2026-08-02 01:25:00+00:00,7.3382,7.3438,7.3335,7.334,328.5,72
2026-08-02 01:30:00+00:00,7.3364,7.3451,7.3283,7.3336,1233.4,229
2026-08-02 01:35:00+00:00,7.3345,7.36,7.3301,7.3404,3951.5,404
2026-08-02 01:40:00+00:00,7.3407,7.3446,7.326,7.335,918.8,98
2026-08-02 01:45:00+00:00,7.3351,7.3382,7.328,7.3327,157.4,38
2026-08-02 01:50:00+00:00,7.3327,7.3367,7.3306,7.3306,223.0,42
2026-08-02 01:55:00+00:00,7.3306,7.34,7.326,7.3351,2455.1,166
2026-08-02 02:00:00+00:00,7.3373,7.351,7.3372,7.3415,1592.4,251
2026-08-02 02:05:00+00:00,7.3417,7.39,7.3304,7.3442,6720.6,800
2026-08-02 02:10:00+00:00,7.3408,7.4264,7.3408,7.4208,3245.7,243
2026-08-02 02:15:00+00:00,7.4212,7.4711,7.419,7.4687,13444.9,406
2026-08-02 02:20:00+00:00,7.4688,7.4759,7.4447,7.4649,6503.6,509
2026-08-02 02:25:00+00:00,7.4616,7.4752,7.4231,7.4236,1657.7,266
2026-08-02 02:30:00+00:00,7.4232,7.4268,7.4,7.4155,3216.2,203
2026-08-02 02:35:00+00:00,7.42,7.4397,7.418,7.422,940.0,233
2026-08-02 02:40:00+00:00,7.4221,7.4281,7.4202,7.421,517.6,35
2026-08-02 02:45:00+00:00,7.4212,7.4567,7.4212,7.4517,2668.4,175
2026-08-02 02:50:00+00:00,7.4501,7.4782,7.4461,7.4546,3912.2,355
2026-08-02 02:55:00+00:00,7.4523,7.4921,7.4523,7.4582,4416.1,95
2026-08-02 03:00:00+00:00,7.4572,7.4679,7.4572,7.4602,1728.9,101
2026-08-02 03:05:00+00:00,7.4601,7.4679,7.46,7.4619,525.0,65
2026-08-02 03:10:00+00:00,7.4619,7.4888,7.4619,7.4858,3892.8,150
2026-08-02 03:15:00+00:00,7.4862,7.4862,7.461,7.461,998.8,90
2026-08-02 03:20:00+00:00,7.464,7.4814,7.456,7.4734,7039.5,311
2026-08-02 03:25:00+00:00,7.4686,7.4766,7.4605,7.4684,1138.1,87
2026-08-02 03:30:00+00:00,7.4688,7.496,7.4647,7.4931,1288.2,165
2026-08-02 03:35:00+00:00,7.4927,7.5105,7.4925,7.5003,16823.7,195
2026-08-02 03:40:00+00:00,7.5004,7.5097,7.5,7.5035,1247.8,73
2026-08-02 03:45:00+00:00,7.5037,7.5037,7.4948,7.4953,373.9,43
2026-08-02 03:50:00+00:00,7.4953,7.4954,7.4751,7.4751,411.0,40
2026-08-02 03:55:00+00:00,7.4748,7.4907,7.4748,7.4839,314.9,70
2026-08-02 04:00:00+00:00,7.484,7.4925,7.4754,7.4855,1707.5,264
2026-08-02 04:05:00+00:00,7.4859,7.5103,7.4859,7.5064,1007.1,147
2026-08-02 04:10:00+00:00,7.5103,7.5104,7.4986,7.5007,3392.9,136
2026-08-02 04:15:00+00:00,7.5007,7.5023,7.4633,7.4819,4251.6,315
2026-08-02 04:20:00+00:00,7.4841,7.497,7.4824,7.4891,618.4,136
2026-08-02 04:25:00+00:00,7.4892,7.4929,7.4795,7.4815,552.6,77
2026-08-02 04:30:00+00:00,7.4815,7.4937,7.4715,7.477,2545.1,462
2026-08-02 04:35:00+00:00,7.477,7.4902,7.4697,7.4744,2370.5,364
2026-08-02 04:40:00+00:00,7.4744,7.4934,7.4744,7.4887,1015.5,174
2026-08-02 04:45:00+00:00,7.4894,7.5028,7.4894,7.5022,1628.1,134
2026-08-02 04:50:00+00:00,7.4986,7.507,7.4986,7.5015,358.6,141
2026-08-02 04:55:00+00:00,7.5018,7.5018,7.4948,7.496,588.9,101
2026-08-02 05:00:00+00:00,7.4965,7.4977,7.4901,7.4901,145.7,50
2026-08-02 05:05:00+00:00,7.4901,7.4996,7.49,7.4917,192.5,81
2026-08-02 05:10:00+00:00,7.4917,7.5,7.458,7.4729,6545.8,247
2026-08-02 05:15:00+00:00,7.4735,7.4881,7.4735,7.4779,1116.6,255
2026-08-02 05:20:00+00:00,7.4738,7.4918,7.4738,7.4888,1219.9,245
2026-08-02 05:25:00+00:00,7.4892,7.4918,7.4767,7.4782,3224.4,830
2026-08-02 05:30:00+00:00,7.4843,7.4844,7.4703,7.476,1257.0,193
2026-08-02 05:35:00+00:00,7.476,7.4822,7.4702,7.4702,174.8,68
2026-08-02 05:40:00+00:00,7.4704,7.48,7.4617,7.472,310.9,81
2026-08-02 05:45:00+00:00,7.473,7.4875,7.462,7.4778,2426.7,141
2026-08-02 05:50:00+00:00,7.4816,7.4829,7.4757,7.4767,388.8,43
2026-08-02 05:55:00+00:00,7.477,7.4833,7.47,7.4701,1543.3,161
2026-08-02 06:00:00+00:00,7.4701,7.4835,7.4701,7.4835,990.6,54
2026-08-02 06:05:00+00:00,7.4815,7.5,7.4815,7.4927,1152.1,200
2026-08-02 06:10:00+00:00,7.4927,7.4964,7.4901,7.4923,251.6,66
2026-08-02 06:15:00+00:00,7.4927,7.51,7.4921,7.4974,2195.0,92
2026-08-02 06:20:00+00:00,7.5034,7.5097,7.4972,7.5051,355.7,84
2026-08-02 06:25:00+00:00,7.5003,7.5063,7.5001,7.5001,637.5,40
2026-08-02 06:30:00+00:00,7.5006,7.5491,7.492,7.5116,11896.6,682
2026-08-02 06:35:00+00:00,7.512,7.5209,7.492,7.4965,865.4,56
2026-08-02 06:40:00+00:00,7.4973,7.5131,7.4924,7.5,3022.5,413
2026-08-02 06:45:00+00:00,7.4938,7.5042,7.4926,7.498,867.8,156
2026-08-02 06:50:00+00:00,7.4977,7.4994,7.4927,7.4937,316.1,77
2026-08-02 06:55:00+00:00,7.4923,7.5048,7.4921,7.4927,632.8,103
2026-08-02 07:00:00+00:00,7.4928,7.4981,7.4923,7.4945,225.8,38
2026-08-02 07:05:00+00:00,7.4922,7.496,7.49,7.4901,1657.3,37
2026-08-02 07:10:00+00:00,7.4903,7.4963,7.4903,7.4928,111.4,25
2026-08-02 07:15:00+00:00,7.4929,7.5009,7.4855,7.4897,2483.3,185
2026-08-02 07:20:00+00:00,7.4902,7.4973,7.4886,7.4917,162.6,25
2026-08-02 07:25:00+00:00,7.4918,7.5,7.4915,7.4922,142.9,28
2026-08-02 07:30:00+00:00,7.4917,7.4992,7.4881,7.4881,169.1,38
2026-08-02 07:35:00+00:00,7.4883,7.4892,7.4857,7.4857,533.0,27
2026-08-02 07:40:00+00:00,7.4857,7.4937,7.4802,7.4802,1049.1,41
2026-08-02 07:45:00+00:00,7.4802,7.4804,7.4702,7.4716,283.2,28
2026-08-02 07:50:00+00:00,7.4717,7.4717,7.449,7.449,2595.7,60
2026-08-02 07:55:00+00:00,7.449,7.4679,7.449,7.4625,378.6,88
2026-08-02 08:00:00+00:00,7.4616,7.4793,7.4593,7.4738,750.0,66
2026-08-02 08:05:00+00:00,7.474,7.4809,7.4738,7.4767,185.7,37
2026-08-02 08:10:00+00:00,7.4771,7.4867,7.4711,7.4713,158.9,51
2026-08-02 08:15:00+00:00,7.4713,7.4739,7.4666,7.468,165.5,37
2026-08-02 08:20:00+00:00,7.468,7.4895,7.4679,7.4804,3509.8,287
2026-08-02 08:25:00+00:00,7.4804,7.4889,7.4728,7.4831,2447.1,110
2026-08-02 08:30:00+00:00,7.4832,7.4934,7.473,7.4834,5626.7,604
2026-08-02 08:35:00+00:00,7.4835,7.4942,7.4802,7.4813,1752.7,100
2026-08-02 08:40:00+00:00,7.4824,7.4988,7.4803,7.4933,2794.2,296
2026-08-02 08:45:00+00:00,7.4934,7.4986,7.4882,7.4905,534.8,65
2026-08-02 08:50:00+00:00,7.4909,7.5018,7.4878,7.4921,1059.8,176
2026-08-02 08:55:00+00:00,7.4921,7.505,7.4902,7.4927,861.5,122
2026-08-02 09:00:00+00:00,7.4927,7.507,7.4903,7.4903,1225.6,91
2026-08-02 09:05:00+00:00,7.4952,7.4968,7.4902,7.4902,695.3,30
2026-08-02 09:10:00+00:00,7.496,7.4998,7.4868,7.487,2375.5,110
2026-08-02 09:15:00+00:00,7.4941,7.4952,7.487,7.487,695.3,34
2026-08-02 09:20:00+00:00,7.4871,7.4942,7.4867,7.4867,1370.6,40
2026-08-02 09:25:00+00:00,7.4879,7.4932,7.4867,7.4873,875.2,30
2026-08-02 09:30:00+00:00,7.4908,7.4941,7.4867,7.4892,860.7,31
2026-08-02 09:35:00+00:00,7.4949,7.4949,7.487,7.487,432.5,23
2026-08-02 09:40:00+00:00,7.4926,7.4929,7.4868,7.4868,462.5,25
2026-08-02 09:45:00+00:00,7.4898,7.4898,7.4867,7.4867,476.8,25
2026-08-02 09:50:00+00:00,7.488,7.488,7.4867,7.4867,434.0,21
2026-08-02 09:55:00+00:00,7.488,7.49,7.4867,7.4868,910.6,28
2026-08-02 10:00:00+00:00,7.49,7.49,7.4867,7.4868,430.9,20
2026-08-02 10:05:00+00:00,7.49,7.49,7.4867,7.4868,643.5,24
2026-08-02 10:10:00+00:00,7.49,7.49,7.4867,7.4868,507.7,27
2026-08-02 10:15:00+00:00,7.49,7.49,7.4867,7.4867,440.9,25
2026-08-02 10:20:00+00:00,7.49,7.496,7.4867,7.4944,6112.0,29
2026-08-02 10:25:00+00:00,7.4893,7.5045,7.4869,7.5041,1254.6,69
2026-08-02 10:30:00+00:00,7.5046,7.6,7.5002,7.5251,16159.6,434
2026-08-02 10:35:00+00:00,7.5208,7.53,7.5124,7.5221,738.1,72
2026-08-02 10:40:00+00:00,7.5226,7.5299,7.5156,7.5239,261.4,37
2026-08-02 10:45:00+00:00,7.523,7.5685,7.5044,7.5508,3361.0,252
2026-08-02 10:50:00+00:00,7.5498,7.5589,7.5403,7.5404,461.3,93
2026-08-02 10:55:00+00:00,7.5412,7.5495,7.5363,7.54,1031.1,95
2026-08-02 11:00:00+00:00,7.54,7.5454,7.5343,7.54,1199.2,231
2026-08-02 11:05:00+00:00,7.5399,7.5404,7.5301,7.5396,1007.0,24
2026-08-02 11:10:00+00:00,7.5424,7.5424,7.516,7.5164,1542.7,65
2026-08-02 11:15:00+00:00,7.5147,7.529,7.5088,7.5289,1012.4,65
2026-08-02 11:20:00+00:00,7.53,7.5357,7.5269,7.5344,949.7,98
2026-08-02 11:25:00+00:00,7.5329,7.5354,7.5067,7.514,2584.1,156
2026-08-02 11:30:00+00:00,7.5088,7.5217,7.488,7.5002,6154.1,236
2026-08-02 11:35:00+00:00,7.4996,7.5081,7.49,7.4972,1815.8,102
2026-08-02 11:40:00+00:00,7.4969,7.4975,7.4867,7.4922,1848.3,51
2026-08-02 11:45:00+00:00,7.487,7.4972,7.4867,7.4937,2702.8,72
2026-08-02 11:50:00+00:00,7.4925,7.4987,7.4867,7.4937,2251.2,66
2026-08-02 11:55:00+00:00,7.4885,7.5278,7.4867,7.4975,12591.9,273
2026-08-02 12:00:00+00:00,7.4979,7.5037,7.4905,7.5013,6213.2,192
2026-08-02 12:05:00+00:00,7.4944,7.5315,7.493,7.5255,3900.7,264
2026-08-02 12:10:00+00:00,7.523,7.55,7.5159,7.525,5371.1,227
2026-08-02 12:15:00+00:00,7.5203,7.5385,7.52,7.5326,3015.2,113
2026-08-02 12:20:00+00:00,7.53,7.5583,7.5293,7.5559,2004.5,50
2026-08-02 12:25:00+00:00,7.5559,7.5597,7.5439,7.5566,2987.4,92
2026-08-02 12:30:00+00:00,7.5471,7.5599,7.5455,7.5599,2244.2,92
2026-08-02 12:35:00+00:00,7.5599,7.56,7.5509,7.5577,318.6,33
2026-08-02 12:40:00+00:00,7.5579,7.5579,7.5373,7.5463,1826.8,99
2026-08-02 12:45:00+00:00,7.5413,7.5579,7.5286,7.551,4119.1,203
2026-08-02 12:50:00+00:00,7.5498,7.5599,7.5439,7.5481,1706.8,91
2026-08-02 12:55:00+00:00,7.5472,7.5513,7.5371,7.5513,3418.5,74
2026-08-02 13:00:00+00:00,7.5522,7.5666,7.5491,7.5586,1101.5,40
2026-08-02 13:05:00+00:00,7.5573,7.5755,7.5573,7.5755,2841.7,89
2026-08-02 13:10:00+00:00,7.5719,7.5827,7.5716,7.5823,1724.4,47
2026-08-02 13:15:00+00:00,7.5822,7.585,7.5739,7.5777,316.3,41
2026-08-02 13:20:00+00:00,7.5777,7.5821,7.5729,7.5821,350.1,55
2026-08-02 13:25:00+00:00,7.5752,7.5851,7.5728,7.5851,1441.2,66
2026-08-02 13:30:00+00:00,7.5801,7.591,7.5801,7.5876,1627.1,68
2026-08-02 13:35:00+00:00,7.589,7.595,7.5839,7.592,3047.6,121
2026-08-02 13:40:00+00:00,7.5884,7.5939,7.5716,7.5787,3600.8,233
2026-08-02 13:45:00+00:00,7.5788,7.584,7.5733,7.584,783.9,68
2026-08-02 13:50:00+00:00,7.5839,7.584,7.5767,7.5836,239.2,49
2026-08-02 13:55:00+00:00,7.5836,7.5899,7.5814,7.5888,2754.0,51
2026-08-02 14:00:00+00:00,7.585,7.598,7.585,7.5962,1168.0,37
2026-08-02 14:05:00+00:00,7.5961,7.6,7.5862,7.5923,5330.6,79
2026-08-02 14:10:00+00:00,7.5918,7.5991,7.5873,7.5987,1198.1,104
2026-08-02 14:15:00+00:00,7.5985,7.5985,7.5848,7.5952,1464.0,66
2026-08-02 14:20:00+00:00,7.5963,7.5988,7.5887,7.5977,545.4,30
2026-08-02 14:25:00+00:00,7.5983,7.599,7.5821,7.5925,710.6,108
2026-08-02 14:30:00+00:00,7.5985,7.6,7.591,7.5943,945.5,33
2026-08-02 14:35:00+00:00,7.5993,7.6,7.5982,7.5998,2038.9,47
2026-08-02 14:40:00+00:00,7.5982,7.5999,7.5904,7.5967,1360.9,47
2026-08-02 14:45:00+00:00,7.5945,7.5982,7.5717,7.5846,1758.9,297
2026-08-02 14:50:00+00:00,7.5878,7.5997,7.5862,7.595,609.5,45
2026-08-02 14:55:00+00:00,7.5947,7.5985,7.586,7.5863,1308.1,128
2026-08-02 15:00:00+00:00,7.5891,7.5994,7.5865,7.5958,1488.7,119
2026-08-02 15:05:00+00:00,7.5941,7.5999,7.588,7.5965,4227.1,506
2026-08-02 15:10:00+00:00,7.5924,7.5999,7.5898,7.597,1998.8,151
2026-08-02 15:15:00+00:00,7.5926,7.5968,7.59,7.5915,164.8,42
2026-08-02 15:20:00+00:00,7.5924,7.598,7.5924,7.598,82.7,25
2026-08-02 15:25:00+00:00,7.5973,7.5988,7.595,7.5988,10.8,7
2026-08-02 15:30:00+00:00,7.5949,7.6,7.5949,7.5998,930.5,24
2026-08-02 15:35:00+00:00,7.5998,7.5998,7.5966,7.5966,318.6,18
2026-08-02 15:40:00+00:00,7.5966,7.5998,7.5966,7.598,159.4,16
2026-08-02 15:45:00+00:00,7.5998,7.6,7.5959,7.5996,3406.2,56
2026-08-02 15:50:00+00:00,7.5996,7.5999,7.5927,7.5999,405.8,20
2026-08-02 15:55:00+00:00,7.5999,7.5999,7.5892,7.5893,2260.7,118
2026-08-02 16:00:00+00:00,7.5998,7.5998,7.59,7.59,543.1,21
2026-08-02 16:05:00+00:00,7.5919,7.5919,7.581,7.581,474.4,54
2026-08-02 16:10:00+00:00,7.5832,7.5899,7.5821,7.5821,202.7,12
2026-08-02 16:15:00+00:00,7.5896,7.5896,7.58,7.5802,1677.1,90
2026-08-02 16:20:00+00:00,7.5838,7.5999,7.5838,7.5893,1124.6,109
2026-08-02 16:25:00+00:00,7.5936,7.5993,7.592,7.5993,24.8,12
2026-08-02 16:30:00+00:00,7.5997,7.6,7.5968,7.5989,317.9,17
2026-08-02 16:35:00+00:00,7.5963,7.6,7.5963,7.6,587.1,15
2026-08-02 16:40:00+00:00,7.6,7.6,7.5954,7.6,606.5,18
2026-08-02 16:45:00+00:00,7.6,7.6,7.5976,7.6,1478.2,20
2026-08-02 16:50:00+00:00,7.6,7.6,7.5934,7.6,1238.4,26
2026-08-02 16:55:00+00:00,7.5999,7.6,7.5933,7.5995,5389.9,30
2026-08-02 17:00:00+00:00,7.6,7.6,7.5948,7.6,7107.5,35
2026-08-02 17:05:00+00:00,7.602,7.6205,7.5982,7.6125,6866.9,66
2026-08-02 17:10:00+00:00,7.617,7.6416,7.614,7.6416,3210.8,93
2026-08-02 17:15:00+00:00,7.6408,7.648,7.6209,7.644,3405.5,188
2026-08-02 17:20:00+00:00,7.6445,7.6495,7.6185,7.6185,2594.0,133
2026-08-02 17:25:00+00:00,7.618,7.6299,7.6023,7.6132,4355.6,229
2026-08-02 17:30:00+00:00,7.6135,7.6317,7.6,7.6293,3629.0,113
2026-08-02 17:35:00+00:00,7.6245,7.6452,7.6236,7.6305,4819.4,558
2026-08-02 17:40:00+00:00,7.6292,7.6603,7.6196,7.6547,12075.9,1423
2026-08-02 17:45:00+00:00,7.6549,7.6753,7.6494,7.6704,4578.0,717
2026-08-02 17:50:00+00:00,7.6708,7.6799,7.6681,7.6718,8819.0,832
2026-08-02 17:55:00+00:00,7.6726,7.6815,7.5796,7.6139,9716.5,431
2026-08-02 18:00:00+00:00,7.6138,7.6736,7.6138,7.6653,9566.6,578
2026-08-02 18:05:00+00:00,7.67,7.6793,7.6612,7.67,1505.1,91
2026-08-02 18:10:00+00:00,7.665,7.6822,7.6603,7.6739,1720.4,245
2026-08-02 18:15:00+00:00,7.6678,7.6761,7.662,7.6744,1739.3,178
2026-08-02 18:20:00+00:00,7.6744,7.6998,7.6697,7.6995,4830.2,320
2026-08-02 18:25:00+00:00,7.6997,7.7052,7.6868,7.7051,5639.6,208
2026-08-02 18:30:00+00:00,7.7041,7.7499,7.6993,7.748,5412.1,416
2026-08-02 18:35:00+00:00,7.7426,7.8629,7.7348,7.8547,48783.4,982
2026-08-02 18:40:00+00:00,7.8613,7.87,7.842,7.852,21111.6,287
2026-08-02 18:45:00+00:00,7.852,7.8663,7.76,7.7953,18250.9,268
2026-08-02 18:50:00+00:00,7.7986,7.8396,7.7925,7.8159,1357.7,97
2026-08-02 18:55:00+00:00,7.8109,7.8137,7.76,7.7983,4304.6,139
2026-08-02 19:00:00+00:00,7.7999,7.869,7.7999,7.8494,10370.5,211
2026-08-02 19:05:00+00:00,7.8494,7.8599,7.8194,7.8495,7376.8,192
2026-08-02 19:10:00+00:00,7.8495,7.8498,7.782,7.79,27249.9,465
2026-08-02 19:15:00+00:00,7.7948,7.7985,7.7,7.7274,14614.4,388
2026-08-02 19:20:00+00:00,7.7289,7.8037,7.7236,7.7699,7723.6,251
2026-08-02 19:25:00+00:00,7.7602,7.79,7.7304,7.7544,14179.1,328
2026-08-02 19:30:00+00:00,7.75,7.7801,7.7459,7.7557,9911.8,275
2026-08-02 19:35:00+00:00,7.7482,7.7482,7.7001,7.7064,9100.4,250
2026-08-02 19:40:00+00:00,7.7098,7.7172,7.6608,7.6644,13740.2,230
2026-08-02 19:45:00+00:00,7.666,7.6717,7.5661,7.5661,40801.7,493
2026-08-02 19:50:00+00:00,7.5754,7.6153,7.54,7.5628,19188.1,328
2026-08-02 19:55:00+00:00,7.5625,7.566,7.5141,7.5294,13189.0,248
2026-08-02 20:00:00+00:00,7.5271,7.5333,7.4615,7.5149,21896.2,367
2026-08-02 20:05:00+00:00,7.5005,7.58,7.5005,7.5378,7755.1,200
2026-08-02 20:10:00+00:00,7.55,7.57,7.5357,7.5537,3637.8,85
2026-08-02 20:15:00+00:00,7.5441,7.5515,7.52,7.5515,3890.3,100
2026-08-02 20:20:00+00:00,7.55,7.5959,7.5486,7.5716,9740.5,187
2026-08-02 20:25:00+00:00,7.5721,7.5767,7.5116,7.5767,8825.3,288
2026-08-02 20:30:00+00:00,7.5743,7.5961,7.568,7.5896,11996.1,267
2026-08-02 20:35:00+00:00,7.5896,7.6293,7.585,7.6,12054.9,233
2026-08-02 20:40:00+00:00,7.6026,7.6031,7.5761,7.5814,4178.6,29
2026-08-02 20:45:00+00:00,7.5788,7.5942,7.5788,7.5893,4529.0,44
2026-08-02 20:50:00+00:00,7.5871,7.5892,7.5629,7.5743,8776.4,223
2026-08-02 20:55:00+00:00,7.5721,7.5815,7.5717,7.58,1845.7,22
2026-08-02 21:00:00+00:00,7.5856,7.5957,7.5795,7.5812,3110.5,38
2026-08-02 21:05:00+00:00,7.5797,7.5839,7.5728,7.579,1608.1,56
2026-08-02 21:10:00+00:00,7.58,7.58,7.5664,7.5736,1620.4,37
2026-08-02 21:15:00+00:00,7.5726,7.6142,7.5718,7.6,13833.8,370
2026-08-02 21:20:00+00:00,7.6,7.66,7.5951,7.6358,11372.8,424
2026-08-02 21:25:00+00:00,7.6304,7.6304,7.5971,7.63,1376.5,95
2026-08-02 21:30:00+00:00,7.6343,7.6624,7.6339,7.6463,276.4,35
2026-08-02 21:35:00+00:00,7.6464,7.6911,7.6247,7.66,8707.1,544
2026-08-02 21:40:00+00:00,7.66,7.7099,7.66,7.6979,5374.2,324
2026-08-02 21:45:00+00:00,7.706,7.75,7.7031,7.742,1727.9,257
2026-08-02 21:50:00+00:00,7.7419,7.75,7.717,7.724,957.6,198
2026-08-02 21:55:00+00:00,7.729,7.7291,7.6226,7.659,6411.0,490
2026-08-02 22:00:00+00:00,7.6542,7.6926,7.653,7.6823,4277.5,162
2026-08-02 22:05:00+00:00,7.6828,7.7299,7.635,7.65,23672.6,1163
2026-08-02 22:10:00+00:00,7.6458,7.686,7.6419,7.6756,4139.2,118
2026-08-02 22:15:00+00:00,7.6813,7.693,7.6717,7.6829,1198.6,43
2026-08-02 22:20:00+00:00,7.6701,7.6727,7.6611,7.6711,526.0,47
2026-08-02 22:25:00+00:00,7.6718,7.6763,7.6349,7.6687,4535.9,192
2026-08-02 22:30:00+00:00,7.6584,7.6672,7.61,7.6282,3384.4,173
2026-08-02 22:35:00+00:00,7.628,7.6521,7.614,7.6246,1783.2,71
2026-08-02 22:40:00+00:00,7.622,7.6294,7.6042,7.6182,1385.5,91
2026-08-02 22:45:00+00:00,7.6264,7.6326,7.6184,7.6185,1894.5,129
2026-08-02 22:50:00+00:00,7.6185,7.6185,7.5832,7.5999,1594.1,70
2026-08-02 22:55:00+00:00,7.5972,7.6,7.5655,7.5841,3155.6,211
2026-08-02 23:00:00+00:00,7.5823,7.6899,7.5762,7.68,7153.5,364
2026-08-02 23:05:00+00:00,7.6804,7.6893,7.666,7.6768,1312.4,159
2026-08-02 23:10:00+00:00,7.6831,7.69,7.65,7.6769,8299.3,153
2026-08-02 23:15:00+00:00,7.6824,7.6898,7.6625,7.6783,3518.4,135
2026-08-02 23:20:00+00:00,7.6717,7.6799,7.6481,7.6648,4418.8,149
2026-08-02 23:25:00+00:00,7.6685,7.6779,7.612,7.6299,5488.3,269
2026-08-02 23:30:00+00:00,7.6263,7.6467,7.62,7.6307,5060.1,122
2026-08-02 23:35:00+00:00,7.6287,7.6629,7.6229,7.6629,2771.8,147
2026-08-02 23:40:00+00:00,7.6597,7.67,7.65,7.6658,1989.4,151
2026-08-02 23:45:00+00:00,7.6593,7.6764,7.59,7.646,4208.3,220
2026-08-02 23:50:00+00:00,7.6459,7.6466,7.6,7.6183,3476.7,367
2026-08-02 23:55:00+00:00,7.6214,7.6565,7.621,7.6437,9846.9,371
2026-08-03 00:00:00+00:00,7.6443,7.6443,7.521,7.5517,11749.3,765
2026-08-03 00:05:00+00:00,7.5515,7.5534,7.504,7.5481,12493.9,448
2026-08-03 00:10:00+00:00,7.5461,7.5972,7.5304,7.5972,9287.7,394
2026-08-03 00:15:00+00:00,7.5895,7.626,7.5838,7.6001,4166.3,210
2026-08-03 00:20:00+00:00,7.6003,7.6681,7.5911,7.6436,19221.6,487
2026-08-03 00:25:00+00:00,7.637,7.67,7.598,7.6504,16097.6,374
2026-08-03 00:30:00+00:00,7.6504,7.68,7.6467,7.653,4019.8,134
2026-08-03 00:35:00+00:00,7.6586,7.6677,7.5617,7.6396,27135.4,687
2026-08-03 00:40:00+00:00,7.6397,7.6737,7.6375,7.6624,6546.5,188
2026-08-03 00:45:00+00:00,7.6624,7.68,7.65,7.6702,9077.3,221
2026-08-03 00:50:00+00:00,7.6735,7.69,7.6204,7.6479,13055.4,264
2026-08-03 00:55:00+00:00,7.6393,7.65,7.6275,7.6398,24366.7,174
2026-08-03 01:00:00+00:00,7.6395,7.6395,7.6159,7.638,6941.4,200
2026-08-03 01:05:00+00:00,7.6286,7.6771,7.58,7.6019,8418.3,357
2026-08-03 01:10:00+00:00,7.602,7.6132,7.5984,7.6054,9310.6,127
2026-08-03 01:15:00+00:00,7.6113,7.6132,7.5244,7.5283,39489.4,757
2026-08-03 01:20:00+00:00,7.5285,7.6359,7.5282,7.55,28663.0,731
2026-08-03 01:25:00+00:00,7.5582,7.6307,7.5572,7.5801,46844.6,501
2026-08-03 01:30:00+00:00,7.5801,7.68,7.5,7.5467,78941.9,1111
2026-08-03 01:35:00+00:00,7.5452,7.5832,7.333,7.3979,121527.3,1373
2026-08-03 01:40:00+00:00,7.3861,7.4578,7.3301,7.3899,76917.0,957
2026-08-03 01:45:00+00:00,7.3898,7.5486,7.3898,7.5163,50482.4,920
2026-08-03 01:50:00+00:00,7.5143,7.66,7.45,7.5721,89195.1,1457
2026-08-03 01:55:00+00:00,7.5721,7.6579,7.5579,7.6093,78102.4,1022
2026-08-03 02:00:00+00:00,7.6094,7.6398,7.5811,7.6046,75846.8,1435
2026-08-03 02:05:00+00:00,7.6099,7.6706,7.602,7.6453,59494.4,809
2026-08-03 02:10:00+00:00,7.6453,7.7259,7.6102,7.7,44149.7,677
2026-08-03 02:15:00+00:00,7.6972,7.74,7.6563,7.7282,45688.6,690
2026-08-03 02:20:00+00:00,7.7373,7.745,7.6419,7.6618,42803.1,645
2026-08-03 02:25:00+00:00,7.6707,7.7276,7.6628,7.7047,28086.4,484
2026-08-03 02:30:00+00:00,7.7043,7.7654,7.55,7.7654,110709.0,1044
2026-08-03 02:35:00+00:00,7.767,7.82,7.7317,7.7966,111300.8,1292
2026-08-03 02:40:00+00:00,7.7966,7.8341,7.7517,7.8006,51701.4,991
2026-08-03 02:45:00+00:00,7.7949,7.814,7.6999,7.7477,49745.3,675
2026-08-03 02:50:00+00:00,7.7525,7.89,7.7525,7.8556,61065.8,1184
2026-08-03 02:55:00+00:00,7.8555,7.8936,7.81,7.8162,48189.7,689
2026-08-03 03:00:00+00:00,7.8162,7.9,7.78,7.7841,60484.0,839
2026-08-03 03:05:00+00:00,7.7841,7.823,7.76,7.8084,47582.0,799
2026-08-03 03:10:00+00:00,7.794,7.862,7.74,7.766,27258.3,580
2026-08-03 03:15:00+00:00,7.7666,7.8012,7.712,7.7888,26791.8,447
2026-08-03 03:20:00+00:00,7.7889,7.8303,7.773,7.8303,24921.8,460
2026-08-03 03:25:00+00:00,7.8192,7.832,7.7833,7.83,27686.2,480
2026-08-03 03:30:00+00:00,7.83,7.8457,7.8184,7.83,7521.7,151
2026-08-03 03:35:00+00:00,7.8286,7.8461,7.8261,7.8401,4590.1,116
2026-08-03 03:40:00+00:00,7.831,7.8611,7.831,7.8611,4558.3,220
2026-08-03 03:45:00+00:00,7.8575,7.8703,7.8504,7.8553,3540.7,183
2026-08-03 03:50:00+00:00,7.8555,7.9,7.8554,7.8815,34320.7,689
2026-08-03 03:55:00+00:00,7.8803,7.9,7.8318,7.8521,21829.0,745
2026-08-03 04:00:00+00:00,7.8425,7.8531,7.8202,7.8279,8543.1,201
2026-08-03 04:05:00+00:00,7.8282,7.833,7.6615,7.7401,41971.9,577
2026-08-03 04:10:00+00:00,7.7362,7.7633,7.7,7.7474,13614.2,400
2026-08-03 04:15:00+00:00,7.7445,7.792,7.7404,7.7749,14503.2,398
2026-08-03 04:20:00+00:00,7.7739,7.8101,7.7701,7.7852,11774.2,478
2026-08-03 04:25:00+00:00,7.7825,7.808,7.7643,7.7905,11154.5,474
2026-08-03 04:30:00+00:00,7.7909,7.819,7.7834,7.8078,9451.3,188
2026-08-03 04:35:00+00:00,7.7965,7.8099,7.7843,7.791,8607.6,137
2026-08-03 04:40:00+00:00,7.791,7.81,7.781,7.7858,14691.8,425
2026-08-03 04:45:00+00:00,7.7879,7.8,7.7772,7.7772,4371.5,220
2026-08-03 04:50:00+00:00,7.7798,7.7942,7.7342,7.7351,6455.9,283
2026-08-03 04:55:00+00:00,7.7361,7.7618,7.7239,7.757,12157.3,337
2026-08-03 05:00:00+00:00,7.7571,7.8876,7.7462,7.8272,81111.7,1496
2026-08-03 05:05:00+00:00,7.8273,7.869,7.75,7.8143,44816.0,891
2026-08-03 05:10:00+00:00,7.8095,7.828,7.788,7.8156,9040.0,133
2026-08-03 05:15:00+00:00,7.8189,7.8273,7.8,7.803,9551.9,178
2026-08-03 05:20:00+00:00,7.8034,7.8144,7.8,7.8121,11336.0,143
2026-08-03 05:25:00+00:00,7.8119,7.84,7.8086,7.826,9120.0,167
2026-08-03 05:30:00+00:00,7.826,7.8399,7.8211,7.8359,12838.1,183
2026-08-03 05:35:00+00:00,7.8271,7.8378,7.8,7.8093,6416.1,150
2026-08-03 05:40:00+00:00,7.8091,7.8199,7.78,7.8011,13513.5,200
2026-08-03 05:45:00+00:00,7.8123,7.8355,7.8031,7.8243,8367.6,200
2026-08-03 05:50:00+00:00,7.8312,7.8363,7.8112,7.8188,6075.3,153
2026-08-03 05:55:00+00:00,7.8154,7.8154,7.704,7.7369,31878.7,506
2026-08-03 06:00:00+00:00,7.7368,7.7623,7.6594,7.6792,44339.8,733
2026-08-03 06:05:00+00:00,7.687,7.739,7.6773,7.7368,17160.6,315
2026-08-03 06:10:00+00:00,7.7368,7.7597,7.6829,7.7233,42062.2,592
2026-08-03 06:15:00+00:00,7.7232,7.7327,7.6104,7.6593,56364.5,781
2026-08-03 06:20:00+00:00,7.6593,7.7429,7.6551,7.7209,22671.9,593
2026-08-03 06:25:00+00:00,7.7313,7.7463,7.7095,7.7314,11205.1,363
2026-08-03 06:30:00+00:00,7.7328,7.7599,7.7245,7.7497,8990.2,406
2026-08-03 06:35:00+00:00,7.7498,7.7599,7.691,7.7356,24293.0,573
2026-08-03 06:40:00+00:00,7.7358,7.7893,7.7358,7.7747,13795.1,319
2026-08-03 06:45:00+00:00,7.775,7.8397,7.75,7.8124,20493.1,391
2026-08-03 06:50:00+00:00,7.8124,7.84,7.8087,7.8303,18990.9,314
2026-08-03 06:55:00+00:00,7.8349,7.888,7.8202,7.8515,49570.7,594
2026-08-03 07:00:00+00:00,7.8484,7.854,7.8028,7.8247,16113.9,197
2026-08-03 07:05:00+00:00,7.8246,7.83,7.8071,7.8276,29629.5,841
2026-08-03 07:10:00+00:00,7.8169,7.8386,7.8156,7.83,20108.5,797
2026-08-03 07:15:00+00:00,7.8343,7.8452,7.821,7.8246,10436.7,208
2026-08-03 07:20:00+00:00,7.8258,7.8392,7.8235,7.8347,7045.4,165
2026-08-03 07:25:00+00:00,7.8339,7.8399,7.8262,7.8263,3010.6,180
2026-08-03 07:30:00+00:00,7.8263,7.8335,7.815,7.8205,6194.3,279
2026-08-03 07:35:00+00:00,7.8206,7.8299,7.81,7.8179,6639.5,170
2026-08-03 07:40:00+00:00,7.8128,7.8195,7.8072,7.8137,7674.3,192
2026-08-03 07:45:00+00:00,7.8149,7.8149,7.8038,7.8044,5858.2,208
2026-08-03 07:50:00+00:00,7.81,7.8235,7.8042,7.8233,12554.6,237
2026-08-03 07:55:00+00:00,7.8162,7.8278,7.7812,7.7822,24190.4,807
2026-08-03 08:00:00+00:00,7.784,7.7951,7.7,7.71,51685.3,734
2026-08-03 08:05:00+00:00,7.7115,7.7289,7.7016,7.7201,7513.1,178
2026-08-03 08:10:00+00:00,7.72,7.7239,7.7092,7.7205,10175.0,272
2026-08-03 08:15:00+00:00,7.7162,7.73,7.7001,7.7061,9346.7,165
2026-08-03 08:20:00+00:00,7.7061,7.7115,7.6972,7.7115,18594.3,166
2026-08-03 08:25:00+00:00,7.7102,7.7494,7.6973,7.7375,9341.4,245
2026-08-03 08:30:00+00:00,7.7302,7.74,7.6939,7.714,14173.4,393
2026-08-03 08:35:00+00:00,7.7129,7.724,7.6939,7.7164,3156.8,223
2026-08-03 08:40:00+00:00,7.718,7.7336,7.6966,7.7336,11232.0,289
2026-08-03 08:45:00+00:00,7.7309,7.76,7.7258,7.7462,3382.5,194
2026-08-03 08:50:00+00:00,7.7451,7.82,7.7345,7.8,9196.3,328
2026-08-03 08:55:00+00:00,7.8064,7.82,7.8,7.807,9038.1,272
2026-08-03 09:00:00+00:00,7.8071,7.8199,7.8,7.8,28682.0,307
2026-08-03 09:05:00+00:00,7.8,7.8101,7.76,7.7662,39164.4,265
2026-08-03 09:10:00+00:00,7.7601,7.7665,7.7401,7.7565,12558.1,266
2026-08-03 09:15:00+00:00,7.7553,7.8039,7.7553,7.8039,10812.0,113
2026-08-03 09:20:00+00:00,7.8038,7.814,7.8,7.8069,8505.7,100
2026-08-03 09:25:00+00:00,7.8015,7.82,7.8006,7.8008,6217.7,136
2026-08-03 09:30:00+00:00,7.8009,7.8077,7.7854,7.8023,7870.3,106
2026-08-03 09:35:00+00:00,7.8023,7.8041,7.795,7.8017,1917.1,68
2026-08-03 09:40:00+00:00,7.8018,7.81,7.7969,7.8094,6447.6,206
2026-08-03 09:45:00+00:00,7.8037,7.81,7.7669,7.7793,15684.7,254
2026-08-03 09:50:00+00:00,7.7772,7.7772,7.74,7.7741,12101.5,290
2026-08-03 09:55:00+00:00,7.774,7.7794,7.7629,7.765,5138.7,119
2026-08-03 10:00:00+00:00,7.7706,7.7706,7.7441,7.7441,5305.6,59
2026-08-03 10:05:00+00:00,7.749,7.7525,7.73,7.7362,2687.8,81
2026-08-03 10:10:00+00:00,7.7342,7.7468,7.7294,7.7349,6448.3,196
2026-08-03 10:15:00+00:00,7.732,7.7358,7.71,7.7106,6508.2,142
2026-08-03 10:20:00+00:00,7.7144,7.715,7.6888,7.6984,9128.0,286
2026-08-03 10:25:00+00:00,7.6977,7.7048,7.6705,7.6966,8030.6,244
2026-08-03 10:30:00+00:00,7.6923,7.6948,7.6665,7.6702,7117.8,186
2026-08-03 10:35:00+00:00,7.6747,7.6776,7.652,7.6759,9663.2,164
2026-08-03 10:40:00+00:00,7.6681,7.6692,7.659,7.6646,2697.7,91
2026-08-03 10:45:00+00:00,7.6646,7.6674,7.6567,7.6598,4026.3,59
2026-08-03 10:50:00+00:00,7.661,7.6705,7.6551,7.669,3828.1,179
2026-08-03 10:55:00+00:00,7.6682,7.6777,7.6628,7.6772,3794.9,95
2026-08-03 11:00:00+00:00,7.6777,7.6797,7.6684,7.6793,2088.3,79
2026-08-03 11:05:00+00:00,7.6793,7.68,7.6618,7.6728,3653.3,127
2026-08-03 11:10:00+00:00,7.6721,7.6798,7.6613,7.6797,1199.1,78
2026-08-03 11:15:00+00:00,7.6797,7.6799,7.6679,7.6787,1616.9,59
2026-08-03 11:20:00+00:00,7.6787,7.68,7.6693,7.6753,1844.3,71
2026-08-03 11:25:00+00:00,7.6721,7.6799,7.6635,7.6764,3620.4,285
2026-08-03 11:30:00+00:00,7.6707,7.7,7.6677,7.6772,10482.3,833
2026-08-03 11:35:00+00:00,7.6728,7.6817,7.664,7.6733,3253.5,361
2026-08-03 11:40:00+00:00,7.6693,7.6787,7.6592,7.6787,2807.5,148
2026-08-03 11:45:00+00:00,7.672,7.69,7.6658,7.69,9712.1,300
2026-08-03 11:50:00+00:00,7.6835,7.6999,7.655,7.6992,9810.6,324
2026-08-03 11:55:00+00:00,7.6936,7.7172,7.6903,7.7172,11937.0,115
2026-08-03 12:00:00+00:00,7.7174,7.7234,7.7101,7.7215,3005.2,103
2026-08-03 12:05:00+00:00,7.718,7.7271,7.7104,7.7153,9558.6,95
2026-08-03 12:10:00+00:00,7.7153,7.7275,7.7129,7.7186,4192.0,64
2026-08-03 12:15:00+00:00,7.7243,7.7298,7.7153,7.7209,1921.7,211
2026-08-03 12:20:00+00:00,7.7209,7.7297,7.7182,7.7224,2104.0,135
2026-08-03 12:25:00+00:00,7.7229,7.7299,7.7184,7.7296,4072.8,133
2026-08-03 12:30:00+00:00,7.7236,7.7656,7.7188,7.7603,23003.4,211
2026-08-03 12:35:00+00:00,7.7589,7.78,7.7165,7.747,19459.9,337
2026-08-03 12:40:00+00:00,7.7495,7.7929,7.722,7.7788,37585.8,575
2026-08-03 12:45:00+00:00,7.7788,7.7859,7.7135,7.74,44991.8,396
2026-08-03 12:50:00+00:00,7.7395,7.762,7.7348,7.7529,9386.2,103
2026-08-03 12:55:00+00:00,7.7521,7.77,7.7369,7.7499,2368.6,104
2026-08-03 13:00:00+00:00,7.749,7.7722,7.7435,7.7674,4639.9,270
2026-08-03 13:05:00+00:00,7.7615,7.7664,7.734,7.755,5320.5,181
2026-08-03 13:10:00+00:00,7.7492,7.7646,7.7478,7.757,1169.4,58
2026-08-03 13:15:00+00:00,7.7501,7.7864,7.75,7.7864,2894.7,117
2026-08-03 13:20:00+00:00,7.789,7.7894,7.7604,7.7774,6212.3,168
2026-08-03 13:25:00+00:00,7.7687,7.7784,7.7,7.7446,4753.0,189
2026-08-03 13:30:00+00:00,7.7366,7.75,7.7,7.7321,26001.1,473
2026-08-03 13:35:00+00:00,7.7255,7.7896,7.7,7.7491,22628.4,387
2026-08-03 13:40:00+00:00,7.7427,7.7521,7.6926,7.7071,17391.8,263
2026-08-03 13:45:00+00:00,7.7071,7.7072,7.6882,7.7072,17661.4,118
2026-08-03 13:50:00+00:00,7.7026,7.7072,7.7,7.7072,6538.0,88
2026-08-03 13:55:00+00:00,7.7072,7.7072,7.7004,7.7072,12747.8,130
2026-08-03 14:00:00+00:00,7.7064,7.7072,7.7,7.707,12614.1,186
2026-08-03 14:05:00+00:00,7.701,7.7038,7.682,7.6914,9744.5,178
2026-08-03 14:10:00+00:00,7.6919,7.7072,7.6893,7.7038,9391.1,150
2026-08-03 14:15:00+00:00,7.7069,7.7072,7.7,7.7065,13600.7,151
2026-08-03 14:20:00+00:00,7.7063,7.7589,7.7,7.7475,29579.9,726
2026-08-03 14:25:00+00:00,7.7473,7.768,7.7375,7.768,6878.4,154
2026-08-03 14:30:00+00:00,7.7651,7.7846,7.7641,7.7799,6234.3,184
2026-08-03 14:35:00+00:00,7.7798,7.7798,7.75,7.7537,8503.1,111
2026-08-03 14:40:00+00:00,7.7564,7.7569,7.7249,7.7301,6023.5,137
2026-08-03 14:45:00+00:00,7.7316,7.75,7.7216,7.7497,10085.2,138
2026-08-03 14:50:00+00:00,7.7437,7.759,7.7437,7.759,19323.9,165
2026-08-03 14:55:00+00:00,7.7589,7.8222,7.7527,7.8076,19894.8,441
2026-08-03 15:00:00+00:00,7.808,7.8142,7.8,7.8091,6320.2,182
2026-08-03 15:05:00+00:00,7.8065,7.8082,7.756,7.7623,14853.7,412
2026-08-03 15:10:00+00:00,7.764,7.7936,7.7512,7.7648,9241.9,334
2026-08-03 15:15:00+00:00,7.7606,7.773,7.7595,7.7693,4850.3,252
2026-08-03 15:20:00+00:00,7.7692,7.7816,7.754,7.7664,5983.5,181
2026-08-03 15:25:00+00:00,7.769,7.771,7.718,7.7372,7579.3,377
2026-08-03 15:30:00+00:00,7.7373,7.7512,7.7184,7.7269,6694.7,341
2026-08-03 15:35:00+00:00,7.7258,7.7439,7.7235,7.7374,1771.0,267
2026-08-03 15:40:00+00:00,7.7376,7.7629,7.7344,7.7629,3752.3,545
2026-08-03 15:45:00+00:00,7.7617,7.79,7.7617,7.7811,3993.1,232
2026-08-03 15:50:00+00:00,7.7731,7.7844,7.7605,7.7751,1709.1,71
2026-08-03 15:55:00+00:00,7.7749,7.79,7.7679,7.7898,2515.9,206
2026-08-03 16:00:00+00:00,7.7835,7.7895,7.755,7.7592,3900.8,467
2026-08-03 16:05:00+00:00,7.764,7.79,7.7592,7.7843,2242.4,170
2026-08-03 16:10:00+00:00,7.7875,7.79,7.7713,7.79,1599.1,268
2026-08-03 16:15:00+00:00,7.7844,7.8244,7.7808,7.8243,5767.8,320
2026-08-03 16:20:00+00:00,7.8185,7.8432,7.8139,7.8396,4176.1,374
2026-08-03 16:25:00+00:00,7.8326,7.8334,7.82,7.8281,9938.9,330
2026-08-03 16:30:00+00:00,7.8237,7.8293,7.799,7.8194,2395.4,167
2026-08-03 16:35:00+00:00,7.8122,7.8369,7.8122,7.832,1747.7,109
2026-08-03 16:40:00+00:00,7.8322,7.8365,7.69,7.7798,31482.1,767
2026-08-03 16:45:00+00:00,7.7729,7.8099,7.7677,7.8099,4060.5,134
2026-08-03 16:50:00+00:00,7.8097,7.8198,7.8,7.816,6071.5,83
2026-08-03 16:55:00+00:00,7.8099,7.8169,7.7948,7.8077,13934.8,89
2026-08-03 17:00:00+00:00,7.8006,7.8108,7.794,7.8089,1089.3,105
2026-08-03 17:05:00+00:00,7.809,7.8168,7.8004,7.8074,2542.2,197
2026-08-03 17:10:00+00:00,7.8077,7.8132,7.7872,7.7997,4579.0,246
2026-08-03 17:15:00+00:00,7.7924,7.8,7.78,7.7892,3904.1,213
2026-08-03 17:20:00+00:00,7.7906,7.8026,7.7883,7.7939,3430.2,177
2026-08-03 17:25:00+00:00,7.7975,7.8151,7.7929,7.8149,1657.9,101
2026-08-03 17:30:00+00:00,7.8117,7.979,7.8077,7.8786,49923.2,712
2026-08-03 17:35:00+00:00,7.8865,7.9042,7.8748,7.8847,4252.3,164
2026-08-03 17:40:00+00:00,7.8799,7.882,7.8673,7.882,2982.7,124
2026-08-03 17:45:00+00:00,7.8788,7.9485,7.8544,7.883,11503.3,278
2026-08-03 17:50:00+00:00,7.8788,7.939,7.8788,7.91,6406.2,378
2026-08-03 17:55:00+00:00,7.9095,7.94,7.804,7.9027,13512.7,391
2026-08-03 18:00:00+00:00,7.8971,7.9176,7.893,7.9077,3390.7,120
2026-08-03 18:05:00+00:00,7.9079,7.9619,7.9079,7.9568,7457.6,194
2026-08-03 18:10:00+00:00,7.9557,7.9679,7.89,7.9062,10453.8,611
2026-08-03 18:15:00+00:00,7.9039,7.9177,7.8868,7.8901,7410.3,187
2026-08-03 18:20:00+00:00,7.8852,7.93,7.8752,7.9226,5109.6,127
2026-08-03 18:25:00+00:00,7.9191,7.9345,7.9062,7.924,5888.5,148
2026-08-03 18:30:00+00:00,7.9223,7.9295,7.9223,7.9275,720.0,36
2026-08-03 18:35:00+00:00,7.9273,7.9273,7.9107,7.9128,2103.0,97
2026-08-03 18:40:00+00:00,7.9128,7.9351,7.9024,7.9323,16474.2,207
2026-08-03 18:45:00+00:00,7.9342,7.9732,7.9341,7.9424,5136.5,152
2026-08-03 18:50:00+00:00,7.9377,7.9418,7.9178,7.9418,1978.2,99
2026-08-03 18:55:00+00:00,7.9356,8.05,7.9356,7.991,36943.0,291
2026-08-03 19:00:00+00:00,7.988,8.06,7.988,8.031,14676.4,330
2026-08-03 19:05:00+00:00,8.0293,8.0449,7.9923,8.012,3979.9,130
2026-08-03 19:10:00+00:00,8.0088,8.0285,7.992,8.0169,3466.6,91
2026-08-03 19:15:00+00:00,8.0178,8.06,8.0082,8.0599,11866.1,98
2026-08-03 19:20:00+00:00,8.0457,8.0599,8.0341,8.0543,2128.1,81
2026-08-03 19:25:00+00:00,8.0504,8.0778,8.04,8.0727,6750.0,89
2026-08-03 19:30:00+00:00,8.0623,8.0763,8.0502,8.0553,2158.1,72
2026-08-03 19:35:00+00:00,8.0529,8.053,7.996,8.01,8688.3,164
2026-08-03 19:40:00+00:00,8.0156,8.0298,8.0134,8.0249,4121.2,54
2026-08-03 19:45:00+00:00,8.0193,8.0364,8.0138,8.0364,3023.0,46
2026-08-03 19:50:00+00:00,8.0333,8.0658,8.0322,8.0571,3520.1,151
2026-08-03 19:55:00+00:00,8.0529,8.0529,8.036,8.051,1294.1,38
2026-08-03 20:00:00+00:00,8.0491,8.0841,8.0363,8.0798,6015.8,126
2026-08-03 20:05:00+00:00,8.0819,8.0819,8.0527,8.0737,3826.3,124
2026-08-03 20:10:00+00:00,8.077,8.0937,8.0728,8.0937,5515.9,112
2026-08-03 20:15:00+00:00,8.0881,8.1,8.0845,8.1,1649.5,87
2026-08-03 20:20:00+00:00,8.0982,8.0999,8.0879,8.092,3446.3,54
2026-08-03 20:25:00+00:00,8.0906,8.092,8.0803,8.0877,1969.6,42
2026-08-03 20:30:00+00:00,8.0876,8.0905,8.0801,8.0905,1049.1,39
2026-08-03 20:35:00+00:00,8.0905,8.0905,8.0791,8.0867,1907.8,47
2026-08-03 20:40:00+00:00,8.08,8.0905,8.0701,8.0834,3168.9,99
2026-08-03 20:45:00+00:00,8.0845,8.0904,8.0772,8.0898,647.5,34
2026-08-03 20:50:00+00:00,8.085,8.142,8.0744,8.128,43778.4,359
2026-08-03 20:55:00+00:00,8.128,8.1639,8.0998,8.1312,84250.3,1173
2026-08-03 21:00:00+00:00,8.1333,8.1362,8.0801,8.115,21615.4,257
2026-08-03 21:05:00+00:00,8.1221,8.13,8.0801,8.0966,29835.7,254
2026-08-03 21:10:00+00:00,8.0961,8.135,8.0903,8.1179,2094.3,78
2026-08-03 21:15:00+00:00,8.114,8.1273,8.0907,8.1174,2829.1,102
2026-08-03 21:20:00+00:00,8.1175,8.1295,8.0878,8.0904,5370.2,136
2026-08-03 21:25:00+00:00,8.0904,8.0969,8.0571,8.0772,10535.0,342
2026-08-03 21:30:00+00:00,8.0779,8.096,8.0779,8.0866,6516.0,82
2026-08-03 21:35:00+00:00,8.0867,8.1569,8.072,8.129,37530.8,513
2026-08-03 21:40:00+00:00,8.129,8.1325,8.0676,8.0928,12250.5,355
2026-08-03 21:45:00+00:00,8.1,8.1184,8.1,8.1099,790.6,28
2026-08-03 21:50:00+00:00,8.1094,8.1099,8.0919,8.1089,1197.0,52
2026-08-03 21:55:00+00:00,8.11,8.1386,8.0886,8.1224,13072.3,539
2026-08-03 22:00:00+00:00,8.1265,8.1462,8.055,8.1099,10436.5,352
2026-08-03 22:05:00+00:00,8.098,8.1684,8.0936,8.1578,22326.1,563
2026-08-03 22:10:00+00:00,8.1578,8.1852,8.1436,8.1555,11199.5,371
2026-08-03 22:15:00+00:00,8.1511,8.1623,8.144,8.1486,4848.1,132
2026-08-03 22:20:00+00:00,8.1514,8.1641,8.1498,8.1596,12506.5,148
2026-08-03 22:25:00+00:00,8.1593,8.1759,8.1307,8.143,10774.6,355
2026-08-03 22:30:00+00:00,8.1416,8.1447,8.1176,8.1251,7177.6,198
2026-08-03 22:35:00+00:00,8.1276,8.164,8.127,8.1524,9059.0,359
2026-08-03 22:40:00+00:00,8.1526,8.1526,8.1275,8.1358,9303.4,351
2026-08-03 22:45:00+00:00,8.1379,8.1399,8.1137,8.1216,8709.7,241
2026-08-03 22:50:00+00:00,8.121,8.1417,8.1076,8.1229,4434.2,217
2026-08-03 22:55:00+00:00,8.1263,8.1418,8.1254,8.138,1436.0,68
2026-08-03 23:00:00+00:00,8.1378,8.1604,8.1084,8.1374,10366.3,482
2026-08-03 23:05:00+00:00,8.1316,8.1372,8.0813,8.1212,11108.4,482
2026-08-03 23:10:00+00:00,8.1154,8.127,8.1007,8.113,4320.8,125
2026-08-03 23:15:00+00:00,8.1084,8.1159,8.075,8.0924,4038.2,190
2026-08-03 23:20:00+00:00,8.0951,8.1011,8.075,8.0784,4660.9,285
2026-08-03 23:25:00+00:00,8.0789,8.0891,8.068,8.08,14169.9,227
2026-08-03 23:30:00+00:00,8.08,8.1042,8.0766,8.1042,3541.0,179
2026-08-03 23:35:00+00:00,8.1042,8.1167,8.0876,8.1167,21568.7,752
2026-08-03 23:40:00+00:00,8.1167,8.1285,8.11,8.1285,16868.8,410
2026-08-03 23:45:00+00:00,8.1285,8.2,8.1268,8.1891,68877.7,1523
2026-08-03 23:50:00+00:00,8.1849,8.2,8.1768,8.1807,11027.1,208
2026-08-03 23:55:00+00:00,8.184,8.198,8.1687,8.1957,2902.6,107
2026-08-04 00:00:00+00:00,8.198,8.2,8.1164,8.132,18746.3,485
2026-08-04 00:05:00+00:00,8.1395,8.141,8.0846,8.0846,6760.4,234
2026-08-04 00:10:00+00:00,8.0921,8.1,8.0645,8.0665,5292.4,190
2026-08-04 00:15:00+00:00,8.0748,8.0773,8.0236,8.043,21555.2,411
2026-08-04 00:20:00+00:00,8.0432,8.095,8.0302,8.0894,9387.1,245
2026-08-04 00:25:00+00:00,8.0896,8.1045,8.0831,8.0831,13685.3,431
2026-08-04 00:30:00+00:00,8.0831,8.0832,8.0301,8.0319,17069.4,230
2026-08-04 00:35:00+00:00,8.0319,8.06,8.0112,8.0456,13512.9,311
2026-08-04 00:40:00+00:00,8.0383,8.0584,8.0268,8.0448,5050.6,138
2026-08-04 00:45:00+00:00,8.0493,8.0523,8.0243,8.0442,6512.0,144
2026-08-04 00:50:00+00:00,8.0371,8.0403,8.0162,8.0269,4321.9,105
2026-08-04 00:55:00+00:00,8.0258,8.0343,7.9944,7.9995,7525.7,173
2026-08-04 01:00:00+00:00,8.0022,8.0328,7.9955,8.0133,6949.0,103
2026-08-04 01:05:00+00:00,8.0178,8.0233,8.0128,8.0198,2252.7,43
2026-08-04 01:10:00+00:00,8.0206,8.0268,8.0146,8.0187,1762.7,24
2026-08-04 01:15:00+00:00,8.0168,8.038,7.971,8.0247,21524.2,522
2026-08-04 01:20:00+00:00,8.0247,8.0377,8.0073,8.0298,7424.8,237
2026-08-04 01:25:00+00:00,8.0298,8.03,8.0176,8.0176,15798.1,89
2026-08-04 01:30:00+00:00,8.0242,8.0262,7.8772,7.9255,106507.0,1370
2026-08-04 01:35:00+00:00,7.9253,8.03,7.8809,7.9321,88844.2,1358
2026-08-04 01:40:00+00:00,7.9439,7.97,7.9232,7.9419,19390.1,334
2026-08-04 01:45:00+00:00,7.9439,7.9528,7.9026,7.9399,33919.8,498
2026-08-04 01:50:00+00:00,7.9333,7.9502,7.8424,7.878,54921.7,1177
2026-08-04 01:55:00+00:00,7.8801,7.8975,7.8398,7.8419,22769.6,231
2026-08-04 02:00:00+00:00,7.8399,7.8653,7.7368,7.758,54825.2,916
2026-08-04 02:05:00+00:00,7.7708,7.8433,7.7321,7.8282,38842.7,638
2026-08-04 02:10:00+00:00,7.8362,7.8433,7.7787,7.7855,50384.6,421
2026-08-04 02:15:00+00:00,7.7975,7.8235,7.71,7.8235,27395.5,380
2026-08-04 02:20:00+00:00,7.8197,7.8855,7.816,7.8748,33393.8,448
2026-08-04 02:25:00+00:00,7.871,7.8929,7.8613,7.89,12048.3,266
2026-08-04 02:30:00+00:00,7.8893,7.9697,7.88,7.9043,35242.7,611
2026-08-04 02:35:00+00:00,7.9041,7.9325,7.8658,7.8659,14902.3,260
2026-08-04 02:40:00+00:00,7.8652,7.8962,7.8302,7.8487,23314.6,687
2026-08-04 02:45:00+00:00,7.8555,7.863,7.8301,7.8613,20268.9,487
2026-08-04 02:50:00+00:00,7.8601,7.8931,7.8507,7.8705,19671.9,940
2026-08-04 02:55:00+00:00,7.8713,7.8867,7.8399,7.8432,24341.9,794
2026-08-04 03:00:00+00:00,7.8433,7.8599,7.8227,7.8446,28304.9,1626
2026-08-04 03:05:00+00:00,7.8475,7.857,7.8305,7.8419,12446.3,2092
2026-08-04 03:10:00+00:00,7.8416,7.844,7.7926,7.822,23888.8,1721
2026-08-04 03:15:00+00:00,7.822,7.8439,7.8051,7.8359,20086.8,1278
2026-08-04 03:20:00+00:00,7.8386,7.92,7.8386,7.8844,32303.9,1177
2026-08-04 03:25:00+00:00,7.884,7.94,7.8763,7.92,18426.2,702
2026-08-04 03:30:00+00:00,7.9265,7.94,7.83,7.939,13154.1,568
2026-08-04 03:35:00+00:00,7.939,7.939,7.9035,7.9327,6127.3,294
2026-08-04 03:40:00+00:00,7.9327,7.9453,7.877,7.9453,23446.6,524
2026-08-04 03:45:00+00:00,7.9341,7.996,7.9262,7.9621,18705.6,666
2026-08-04 03:50:00+00:00,7.9546,7.9673,7.9375,7.9499,18511.5,739
2026-08-04 03:55:00+00:00,7.95,7.9759,7.9261,7.9358,11471.6,245
2026-08-04 04:00:00+00:00,7.9275,7.9359,7.9193,7.9267,13522.1,214
2026-08-04 04:05:00+00:00,7.9239,7.9539,7.9193,7.936,27903.1,259
2026-08-04 04:10:00+00:00,7.9391,7.9477,7.9333,7.9477,4811.4,173
2026-08-04 04:15:00+00:00,7.9495,7.9548,7.9329,7.9329,4667.9,176
2026-08-04 04:20:00+00:00,7.9326,7.9363,7.9288,7.9294,1419.2,45
2026-08-04 04:25:00+00:00,7.9275,7.9344,7.925,7.9313,1668.6,89
2026-08-04 04:30:00+00:00,7.9338,7.9553,7.9272,7.9466,9412.2,297
2026-08-04 04:35:00+00:00,7.9499,7.9869,7.945,7.9745,17021.3,911
2026-08-04 04:40:00+00:00,7.9668,7.9701,7.9501,7.9557,11326.2,904
2026-08-04 04:45:00+00:00,7.9518,7.9608,7.9329,7.9412,8888.7,1431
2026-08-04 04:50:00+00:00,7.9417,7.9502,7.9303,7.9418,9219.4,1885
2026-08-04 04:55:00+00:00,7.9386,7.952,7.9302,7.9423,14518.5,1550
2026-08-04 05:00:00+00:00,7.9456,7.9632,7.9367,7.9451,20000.6,978
2026-08-04 05:05:00+00:00,7.9452,7.9589,7.9193,7.9367,17828.3,384
2026-08-04 05:10:00+00:00,7.9368,7.94,7.89,7.9114,15992.1,465
2026-08-04 05:15:00+00:00,7.9114,7.94,7.9042,7.9338,16370.8,359
2026-08-04 05:20:00+00:00,7.9273,8.0,7.9194,7.9797,15580.4,563
2026-08-04 05:25:00+00:00,7.978,8.0,7.9733,7.9847,17252.3,429
2026-08-04 05:30:00+00:00,7.9933,8.022,7.976,8.0159,14482.9,265
2026-08-04 05:35:00+00:00,8.0159,8.0484,8.0117,8.0368,51556.9,542
2026-08-04 05:40:00+00:00,8.0264,8.0332,7.9762,8.0098,23703.7,423
2026-08-04 05:45:00+00:00,8.0094,8.03,7.9924,8.0171,14604.8,302
2026-08-04 05:50:00+00:00,8.0206,8.0212,7.9976,8.0038,11052.4,165
2026-08-04 05:55:00+00:00,8.0,8.0169,7.9801,7.991,14649.6,219
2026-08-04 06:00:00+00:00,7.9851,8.0117,7.974,8.0117,18239.9,313
2026-08-04 06:05:00+00:00,8.0117,8.0232,8.0018,8.0018,21569.9,311
2026-08-04 06:10:00+00:00,8.0079,8.0133,7.99,7.9974,33894.6,404
2026-08-04 06:15:00+00:00,7.9973,7.9973,7.9471,7.9653,72981.0,807
2026-08-04 06:20:00+00:00,7.9653,7.9744,7.8762,7.9113,93092.6,1314
2026-08-04 06:25:00+00:00,7.9052,7.9273,7.89,7.9272,52056.8,502
2026-08-04 06:30:00+00:00,7.9272,7.928,7.9141,7.9177,17012.3,288
2026-08-04 06:35:00+00:00,7.9143,7.92,7.8903,7.9004,33564.4,571
2026-08-04 06:40:00+00:00,7.901,7.928,7.8932,7.9,20600.2,516
2026-08-04 06:45:00+00:00,7.9056,7.92,7.8942,7.9103,27716.9,905
2026-08-04 06:50:00+00:00,7.9124,7.92,7.902,7.9141,13171.3,813
2026-08-04 06:55:00+00:00,7.91,7.9286,7.906,7.9247,22555.0,758
2026-08-04 07:00:00+00:00,7.9247,7.9271,7.854,7.8734,46245.7,1401
2026-08-04 07:05:00+00:00,7.873,7.8746,7.848,7.8533,9479.2,670
2026-08-04 07:10:00+00:00,7.8535,7.8646,7.8473,7.8578,7947.7,535
2026-08-04 07:15:00+00:00,7.8578,7.8679,7.8484,7.8624,12609.1,1688
2026-08-04 07:20:00+00:00,7.8624,7.8635,7.8484,7.8485,5141.7,656
2026-08-04 07:25:00+00:00,7.8541,7.8681,7.8484,7.8599,7036.5,845
2026-08-04 07:30:00+00:00,7.8569,7.868,7.8484,7.8594,6460.0,885
2026-08-04 07:35:00+00:00,7.8592,7.8681,7.8486,7.8634,11117.7,902
2026-08-04 07:40:00+00:00,7.8634,7.875,7.85,7.864,13088.3,951
2026-08-04 07:45:00+00:00,7.866,7.87,7.8522,7.8683,13809.9,1323
2026-08-04 07:50:00+00:00,7.8673,7.8744,7.85,7.8617,17543.9,1376
2026-08-04 07:55:00+00:00,7.8661,7.8906,7.8615,7.8898,30457.9,2139
2026-08-04 08:00:00+00:00,7.8893,7.8894,7.832,7.8695,16528.6,831
2026-08-04 08:05:00+00:00,7.8701,7.88,7.8532,7.8764,29360.6,948
2026-08-04 08:10:00+00:00,7.8757,7.88,7.8634,7.8753,11251.5,347
2026-08-04 08:15:00+00:00,7.8749,7.8999,7.8684,7.8898,12698.3,287
2026-08-04 08:20:00+00:00,7.8941,7.9127,7.8802,7.9022,8953.7,341
2026-08-04 08:25:00+00:00,7.9036,7.925,7.8915,7.8983,7244.0,501
2026-08-04 08:30:00+00:00,7.8951,7.9074,7.891,7.8918,6712.6,242
2026-08-04 08:35:00+00:00,7.8963,7.9044,7.8837,7.8983,10906.1,400
2026-08-04 08:40:00+00:00,7.89,7.8913,7.8648,7.8742,4973.1,114
2026-08-04 08:45:00+00:00,7.8785,7.8899,7.8648,7.8737,7387.9,364
2026-08-04 08:50:00+00:00,7.8786,7.8903,7.8648,7.8682,6917.3,441
2026-08-04 08:55:00+00:00,7.8649,7.8717,7.8467,7.863,15994.6,1282
2026-08-04 09:00:00+00:00,7.8667,7.8757,7.8551,7.8747,12379.5,1043
2026-08-04 09:05:00+00:00,7.8704,7.88,7.8381,7.8381,5390.1,999
2026-08-04 09:10:00+00:00,7.8409,7.8424,7.8173,7.8237,19602.2,244
2026-08-04 09:15:00+00:00,7.8252,7.8345,7.8091,7.8122,9265.5,398
2026-08-04 09:20:00+00:00,7.8135,7.83,7.804,7.8102,4648.0,125
2026-08-04 09:25:00+00:00,7.8101,7.8742,7.8001,7.8167,15035.1,456
2026-08-04 09:30:00+00:00,7.8145,7.8145,7.8,7.8137,3336.0,89
2026-08-04 09:35:00+00:00,7.819,7.8599,7.818,7.8522,4708.1,226
2026-08-04 09:40:00+00:00,7.8506,7.86,7.8429,7.8532,3386.0,140
2026-08-04 09:45:00+00:00,7.8532,7.8552,7.842,7.8542,886.8,51
2026-08-04 09:50:00+00:00,7.8517,7.8595,7.8448,7.8577,3464.7,148
2026-08-04 09:55:00+00:00,7.857,7.8655,7.8564,7.8594,601.4,23
2026-08-04 10:00:00+00:00,7.8602,7.8641,7.8381,7.8382,4969.8,110
2026-08-04 10:05:00+00:00,7.8395,7.8479,7.8386,7.8438,1366.7,72
2026-08-04 10:10:00+00:00,7.8448,7.8612,7.8433,7.8579,4498.6,143
2026-08-04 10:15:00+00:00,7.8584,7.859,7.8494,7.852,1464.8,46
2026-08-04 10:20:00+00:00,7.8498,7.86,7.8498,7.8541,1407.8,55
2026-08-04 10:25:00+00:00,7.8499,7.8499,7.8324,7.8365,4196.8,44
2026-08-04 10:30:00+00:00,7.8378,7.841,7.81,7.8325,6643.2,179
2026-08-04 10:35:00+00:00,7.8352,7.8483,7.8352,7.8373,4323.5,66
2026-08-04 10:40:00+00:00,7.8373,7.8483,7.8344,7.8438,2808.8,58
2026-08-04 10:45:00+00:00,7.8401,7.8463,7.7989,7.83,12280.3,285
2026-08-04 10:50:00+00:00,7.831,7.8379,7.8102,7.8103,2758.7,73
2026-08-04 10:55:00+00:00,7.8067,7.824,7.8012,7.8201,3627.9,98
2026-08-04 11:00:00+00:00,7.8222,7.8328,7.8222,7.8283,2183.6,45
2026-08-04 11:05:00+00:00,7.8305,7.8745,7.8272,7.8744,9624.3,277
2026-08-04 11:10:00+00:00,7.8736,7.8899,7.8711,7.8841,1239.2,60
2026-08-04 11:15:00+00:00,7.8873,7.8975,7.866,7.8727,6953.9,182
2026-08-04 11:20:00+00:00,7.8727,7.8923,7.839,7.8473,6425.7,272
2026-08-04 11:25:00+00:00,7.853,7.88,7.8504,7.8674,3288.8,69
2026-08-04 11:30:00+00:00,7.8671,7.8737,7.8593,7.8606,784.8,35
2026-08-04 11:35:00+00:00,7.8607,7.8667,7.8607,7.8659,1555.1,15
2026-08-04 11:40:00+00:00,7.8648,7.8733,7.8611,7.8691,1066.3,33
2026-08-04 11:45:00+00:00,7.8731,7.8982,7.8708,7.8934,2621.9,84
2026-08-04 11:50:00+00:00,7.8956,7.8976,7.8928,7.8928,692.8,10
2026-08-04 11:55:00+00:00,7.892,7.8938,7.8639,7.8902,4692.6,79
2026-08-04 12:00:00+00:00,7.8891,7.9081,7.8866,7.8998,8828.3,106
2026-08-04 12:05:00+00:00,7.8991,7.9286,7.8982,7.9281,15528.6,429
2026-08-04 12:10:00+00:00,7.9227,7.9298,7.9064,7.9113,13249.1,207
2026-08-04 12:15:00+00:00,7.9119,7.9119,7.878,7.895,11893.8,261
2026-08-04 12:20:00+00:00,7.8919,7.91,7.8918,7.9004,2112.8,53
2026-08-04 12:25:00+00:00,7.8968,7.898,7.8883,7.892,2199.0,62
2026-08-04 12:30:00+00:00,7.8915,7.8973,7.8832,7.8953,2980.8,77
2026-08-04 12:35:00+00:00,7.894,7.9298,7.885,7.9298,10657.7,377
2026-08-04 12:40:00+00:00,7.929,7.93,7.9183,7.92,4926.3,60
2026-08-04 12:45:00+00:00,7.92,7.9211,7.9084,7.9089,1933.2,51
2026-08-04 12:50:00+00:00,7.9071,7.9193,7.8901,7.8973,7322.6,171
2026-08-04 12:55:00+00:00,7.9009,7.9025,7.8919,7.8921,1184.6,36
2026-08-04 13:00:00+00:00,7.8931,7.8999,7.8843,7.8938,5490.3,69
2026-08-04 13:05:00+00:00,7.8938,7.9112,7.8807,7.8985,11874.5,264
2026-08-04 13:10:00+00:00,7.8985,7.9037,7.8802,7.8802,11842.7,271
2026-08-04 13:15:00+00:00,7.8825,7.8893,7.8704,7.8777,4584.4,160
2026-08-04 13:20:00+00:00,7.876,7.9004,7.8734,7.8869,6202.4,252
2026-08-04 13:25:00+00:00,7.888,7.9075,7.8817,7.8916,5682.8,215
2026-08-04 13:30:00+00:00,7.8896,7.92,7.8862,7.9116,5790.9,349
2026-08-04 13:35:00+00:00,7.9102,7.9176,7.8853,7.8856,5588.0,171
2026-08-04 13:40:00+00:00,7.8866,7.9214,7.88,7.9101,17351.9,378
2026-08-04 13:45:00+00:00,7.9101,7.929,7.9007,7.929,12384.2,328
2026-08-04 13:50:00+00:00,7.9239,7.9384,7.92,7.9381,20808.3,235
2026-08-04 13:55:00+00:00,7.9336,7.9378,7.9024,7.9081,10435.8,218
2026-08-04 14:00:00+00:00,7.9091,7.9146,7.8884,7.8992,9551.0,185
2026-08-04 14:05:00+00:00,7.8964,7.9344,7.8963,7.9139,9624.3,307
2026-08-04 14:10:00+00:00,7.9179,7.9232,7.9047,7.9188,4516.5,86
2026-08-04 14:15:00+00:00,7.9133,7.9189,7.8978,7.905,2760.7,119
2026-08-04 14:20:00+00:00,7.9014,7.9014,7.8885,7.8945,1905.8,70
2026-08-04 14:25:00+00:00,7.8918,7.9179,7.8913,7.9112,6465.2,131
2026-08-04 14:30:00+00:00,7.9095,7.9171,7.8903,7.904,7580.0,329
2026-08-04 14:35:00+00:00,7.9027,7.913,7.8877,7.902,5387.2,399
2026-08-04 14:40:00+00:00,7.8981,7.9136,7.8918,7.907,5868.3,378
2026-08-04 14:45:00+00:00,7.9032,7.9099,7.8823,7.9002,4633.1,171
2026-08-04 14:50:00+00:00,7.901,7.9012,7.8648,7.8682,11231.6,143
2026-08-04 14:55:00+00:00,7.8657,7.8717,7.8508,7.87,7461.1,149
2026-08-04 15:00:00+00:00,7.87,7.8998,7.8696,7.8893,4055.5,518
2026-08-04 15:05:00+00:00,7.8899,7.8963,7.8738,7.8902,3679.5,594
2026-08-04 15:10:00+00:00,7.8917,7.9049,7.8802,7.8966,8252.8,828
2026-08-04 15:15:00+00:00,7.9,7.9027,7.8893,7.8901,2840.2,54
2026-08-04 15:20:00+00:00,7.8865,7.9042,7.8834,7.8943,6444.5,221
2026-08-04 15:25:00+00:00,7.8944,7.93,7.892,7.9077,5501.5,494
2026-08-04 15:30:00+00:00,7.9082,7.9127,7.9009,7.9038,6241.4,146
2026-08-04 15:35:00+00:00,7.9047,7.9165,7.904,7.9128,2280.5,118
2026-08-04 15:40:00+00:00,7.91,7.9319,7.9028,7.91,22325.7,319
2026-08-04 15:45:00+00:00,7.9101,7.938,7.9066,7.9225,5238.1,186
2026-08-04 15:50:00+00:00,7.9224,8.061,7.9166,7.9833,68061.6,1112
2026-08-04 15:55:00+00:00,7.9823,8.0628,7.9781,8.0415,42796.8,1939
2026-08-04 16:00:00+00:00,8.0311,8.05,8.0201,8.045,8008.4,159
2026-08-04 16:05:00+00:00,8.0385,8.0418,8.0101,8.0216,7385.2,198
2026-08-04 16:10:00+00:00,8.0196,8.0499,7.9928,8.017,12266.8,370
2026-08-04 16:15:00+00:00,8.0177,8.0207,8.0131,8.0148,2201.3,47
2026-08-04 16:20:00+00:00,8.0142,8.0238,8.014,8.0161,6774.9,164
2026-08-04 16:25:00+00:00,8.0166,8.0169,8.0035,8.007,3417.0,130
2026-08-04 16:30:00+00:00,8.007,8.0239,8.0018,8.0206,2475.3,111
2026-08-04 16:35:00+00:00,8.0206,8.05,8.0136,8.0349,11414.3,281
2026-08-04 16:40:00+00:00,8.0371,8.0465,7.9837,7.9991,22455.2,782
2026-08-04 16:45:00+00:00,7.9973,7.9973,7.95,7.9783,20033.2,490
2026-08-04 16:50:00+00:00,7.9722,7.9962,7.9687,7.9947,4141.5,146
2026-08-04 16:55:00+00:00,7.9911,7.9965,7.9701,7.9792,5074.3,230
2026-08-04 17:00:00+00:00,7.978,7.99,7.978,7.9842,2019.2,131
2026-08-04 17:05:00+00:00,7.9809,7.9871,7.9628,7.9776,11416.0,382
2026-08-04 17:10:00+00:00,7.9787,7.9841,7.9633,7.969,5795.3,206
2026-08-04 17:15:00+00:00,7.9658,7.9739,7.9382,7.961,15226.3,405
2026-08-04 17:20:00+00:00,7.9609,7.9767,7.956,7.9693,4163.8,353
2026-08-04 17:25:00+00:00,7.9671,7.9937,7.9667,7.9894,6471.8,362
2026-08-04 17:30:00+00:00,7.9883,8.0097,7.9823,8.0091,30126.2,329
2026-08-04 17:35:00+00:00,7.999,7.9999,7.9801,7.9836,3673.8,309
2026-08-04 17:40:00+00:00,7.9842,7.9896,7.9664,7.969,3977.4,173
2026-08-04 17:45:00+00:00,7.9704,7.9797,7.96,7.96,3756.5,229
2026-08-04 17:50:00+00:00,7.96,7.9703,7.9502,7.9683,7123.1,635
2026-08-04 17:55:00+00:00,7.9624,7.9929,7.9535,7.9926,13087.4,1026
2026-08-04 18:00:00+00:00,7.9921,8.0099,7.9615,8.0033,8057.6,714
2026-08-04 18:05:00+00:00,8.0035,8.0099,7.9969,8.002,5338.2,442
2026-08-04 18:10:00+00:00,8.0005,8.0099,7.9979,8.0026,5411.0,371
2026-08-04 18:15:00+00:00,8.0037,8.0377,8.0012,8.0109,12093.5,608
2026-08-04 18:20:00+00:00,8.011,8.03,8.0043,8.0172,3184.7,314
2026-08-04 18:25:00+00:00,8.0106,8.0179,8.001,8.0024,1760.1,221
2026-08-04 18:30:00+00:00,8.0017,8.0134,8.0001,8.008,3680.4,208
2026-08-04 18:35:00+00:00,8.0084,8.0192,8.0012,8.0122,1753.0,206
2026-08-04 18:40:00+00:00,8.0122,8.0164,8.0118,8.0119,2384.1,64
2026-08-04 18:45:00+00:00,8.012,8.012,7.9955,7.9964,2593.3,162
2026-08-04 18:50:00+00:00,7.997,7.9993,7.9801,7.9871,4456.5,307
2026-08-04 18:55:00+00:00,7.984,7.9867,7.9735,7.9753,1293.6,141
2026-08-04 19:00:00+00:00,7.9778,7.9945,7.9748,7.9872,2315.2,194
2026-08-04 19:05:00+00:00,7.9875,7.9875,7.9708,7.9827,1560.8,187
2026-08-04 19:10:00+00:00,7.9872,7.9964,7.9753,7.9876,4961.4,396
2026-08-04 19:15:00+00:00,7.9815,7.9854,7.9732,7.9795,1332.4,159
2026-08-04 19:20:00+00:00,7.977,7.977,7.9455,7.9497,7442.7,217
2026-08-04 19:25:00+00:00,7.9474,7.9519,7.94,7.9441,3384.1,223
2026-08-04 19:30:00+00:00,7.941,7.9497,7.94,7.9456,1435.6,148
2026-08-04 19:35:00+00:00,7.9413,7.9515,7.9402,7.9403,2187.2,155
2026-08-04 19:40:00+00:00,7.942,7.9433,7.9151,7.9251,3787.5,188
2026-08-04 19:45:00+00:00,7.9252,7.9302,7.9156,7.9265,6425.7,209
2026-08-04 19:50:00+00:00,7.925,7.9293,7.9201,7.9293,3088.7,138
2026-08-04 19:55:00+00:00,7.9298,7.9354,7.9229,7.927,1384.1,110
2026-08-04 20:00:00+00:00,7.9273,7.941,7.92,7.9302,3478.7,192
2026-08-04 20:05:00+00:00,7.9301,7.9499,7.9274,7.9392,2723.6,148
2026-08-04 20:10:00+00:00,7.9441,7.9459,7.9217,7.9235,1703.5,103
2026-08-04 20:15:00+00:00,7.9255,7.9255,7.9103,7.9116,15040.2,186
2026-08-04 20:20:00+00:00,7.913,7.9275,7.91,7.9182,2642.4,158
2026-08-04 20:25:00+00:00,7.919,7.919,7.9111,7.9128,1064.9,66
2026-08-04 20:30:00+00:00,7.9112,7.9175,7.91,7.9146,1388.1,112
2026-08-04 20:35:00+00:00,7.9116,7.9198,7.91,7.9109,1695.4,87
2026-08-04 20:40:00+00:00,7.9102,7.9224,7.9102,7.9137,1562.7,117
2026-08-04 20:45:00+00:00,7.9105,7.9148,7.91,7.9104,941.0,32
2026-08-04 20:50:00+00:00,7.9105,7.9152,7.9102,7.9105,874.0,24
2026-08-04 20:55:00+00:00,7.9105,7.9142,7.91,7.91,3740.9,37
2026-08-04 21:00:00+00:00,7.91,7.96,7.895,7.9424,21911.7,304
2026-08-04 21:05:00+00:00,7.9425,7.9565,7.9093,7.9301,4486.7,204
2026-08-04 21:10:00+00:00,7.9308,7.9524,7.9254,7.9347,6114.8,175
2026-08-04 21:15:00+00:00,7.9338,7.9338,7.9202,7.9234,1774.0,92
2026-08-04 21:20:00+00:00,7.9251,7.9251,7.897,7.897,5968.6,120
2026-08-04 21:25:00+00:00,7.897,7.9014,7.895,7.8951,2750.6,32
2026-08-04 21:30:00+00:00,7.8951,7.9065,7.895,7.9037,2637.7,61
2026-08-04 21:35:00+00:00,7.9021,7.9044,7.895,7.8953,866.5,32
2026-08-04 21:40:00+00:00,7.8996,7.904,7.8956,7.8985,3955.9,69
2026-08-04 21:45:00+00:00,7.8985,7.9001,7.895,7.8951,605.2,27
2026-08-04 21:50:00+00:00,7.8951,7.9001,7.895,7.896,564.2,22
2026-08-04 21:55:00+00:00,7.9,7.95,7.895,7.9481,10306.7,147
2026-08-04 22:00:00+00:00,7.9471,8.0119,7.9337,7.9802,21076.9,677
2026-08-04 22:05:00+00:00,7.9782,7.9908,7.9556,7.9556,2662.4,95
2026-08-04 22:10:00+00:00,7.9508,7.9716,7.9052,7.9556,10322.7,462
2026-08-04 22:15:00+00:00,7.9581,7.974,7.954,7.9682,1963.7,151
2026-08-04 22:20:00+00:00,7.9653,7.9703,7.9394,7.9459,11359.2,735
2026-08-04 22:25:00+00:00,7.942,7.9452,7.9149,7.9318,1592.8,434
2026-08-04 22:30:00+00:00,7.9267,7.9515,7.9138,7.9233,12734.1,925
2026-08-04 22:35:00+00:00,7.9196,7.93,7.9,7.9081,7517.5,1072
2026-08-04 22:40:00+00:00,7.9053,7.9087,7.8952,7.9007,1533.6,217
2026-08-04 22:45:00+00:00,7.8967,7.9103,7.8934,7.9052,7139.3,958
2026-08-04 22:50:00+00:00,7.901,7.9052,7.88,7.8904,9383.9,818
2026-08-04 22:55:00+00:00,7.8852,7.8942,7.8814,7.8917,909.1,202
2026-08-04 23:00:00+00:00,7.8888,7.8953,7.88,7.8877,3056.3,458
2026-08-04 23:05:00+00:00,7.8879,7.9008,7.8838,7.9008,3306.6,327
2026-08-04 23:10:00+00:00,7.8953,7.9049,7.8869,7.9,3052.1,264
2026-08-04 23:15:00+00:00,7.8978,7.9139,7.8911,7.9001,5320.0,733
2026-08-04 23:20:00+00:00,7.9001,7.9255,7.9,7.9255,6656.4,531
2026-08-04 23:25:00+00:00,7.9247,7.9339,7.9184,7.9314,1928.8,283
2026-08-04 23:30:00+00:00,7.9348,7.9776,7.9306,7.9579,5152.1,553
2026-08-04 23:35:00+00:00,7.9571,7.9733,7.9465,7.9568,5609.1,382
2026-08-04 23:40:00+00:00,7.9541,7.9694,7.9509,7.9663,2849.0,336
2026-08-04 23:45:00+00:00,7.9671,7.9851,7.961,7.975,4642.3,420
2026-08-04 23:50:00+00:00,7.9744,7.9842,7.9605,7.9722,4081.3,235
2026-08-04 23:55:00+00:00,7.9669,7.9848,7.9636,7.9739,6119.1,237
2026-08-05 00:00:00+00:00,7.9713,7.9764,7.9327,7.96,5704.7,419
2026-08-05 00:05:00+00:00,7.9557,7.9891,7.9,7.9378,9694.9,306
2026-08-05 00:10:00+00:00,7.931,7.9425,7.9248,7.9328,2557.9,113
2026-08-05 00:15:00+00:00,7.9355,7.9421,7.9206,7.9266,6500.4,388
2026-08-05 00:20:00+00:00,7.9272,7.9399,7.9272,7.9376,2964.6,107
2026-08-05 00:25:00+00:00,7.9353,7.946,7.9256,7.944,5591.4,340
2026-08-05 00:30:00+00:00,7.9424,7.96,7.9332,7.9569,8786.4,642
2026-08-05 00:35:00+00:00,7.9558,7.9989,7.9558,7.9694,12082.5,1225
2026-08-05 00:40:00+00:00,7.975,7.9792,7.9606,7.9712,1683.4,264
2026-08-05 00:45:00+00:00,7.9699,7.9699,7.94,7.9479,8014.8,646
2026-08-05 00:50:00+00:00,7.945,8.0,7.9408,7.9644,13997.0,755
2026-08-05 00:55:00+00:00,7.9627,7.9896,7.9574,7.9857,4369.4,337
2026-08-05 01:00:00+00:00,7.9857,7.9933,7.9438,7.9592,17715.8,690
2026-08-05 01:05:00+00:00,7.9636,7.9901,7.9514,7.9848,14037.3,672
2026-08-05 01:10:00+00:00,7.9823,7.9897,7.96,7.9839,6709.7,586
2026-08-05 01:15:00+00:00,7.9827,7.9868,7.9404,7.9546,6491.2,512
2026-08-05 01:20:00+00:00,7.9558,7.98,7.9227,7.9227,13408.9,698
2026-08-05 01:25:00+00:00,7.9316,7.9341,7.8904,7.9299,17483.1,693
2026-08-05 01:30:00+00:00,7.9298,8.0339,7.904,8.0042,65475.9,1431
2026-08-05 01:35:00+00:00,8.0128,8.04,8.0001,8.03,112771.9,807
2026-08-05 01:40:00+00:00,8.0296,8.05,7.9749,7.9858,55333.3,1078
2026-08-05 01:45:00+00:00,7.9855,7.9959,7.933,7.9822,30048.0,1026
2026-08-05 01:50:00+00:00,7.9824,7.9964,7.97,7.9863,20332.7,639
2026-08-05 01:55:00+00:00,7.9866,7.9999,7.9037,7.9167,73102.5,2049
2026-08-05 02:00:00+00:00,7.922,7.9703,7.9121,7.9668,58211.5,1358
2026-08-05 02:05:00+00:00,7.9667,7.993,7.896,7.9007,74794.4,3226
2026-08-05 02:10:00+00:00,7.9007,7.904,7.8264,7.8403,43752.8,1380
2026-08-05 02:15:00+00:00,7.8406,7.8635,7.8151,7.827,41679.3,741
2026-08-05 02:20:00+00:00,7.8324,7.8391,7.8073,7.8116,24021.1,541
2026-08-05 02:25:00+00:00,7.8092,7.8148,7.7728,7.7825,28603.9,832
2026-08-05 02:30:00+00:00,7.784,7.8001,7.751,7.767,75945.5,1331
2026-08-05 02:35:00+00:00,7.7746,7.7784,7.711,7.7212,71771.0,892
2026-08-05 02:40:00+00:00,7.7272,7.7999,7.7188,7.7741,55155.1,979
2026-08-05 02:45:00+00:00,7.7737,7.8013,7.7541,7.7826,33403.0,626
2026-08-05 02:50:00+00:00,7.7842,7.7986,7.7482,7.777,27236.4,557
2026-08-05 02:55:00+00:00,7.7785,7.8206,7.7562,7.7894,43890.6,711
2026-08-05 03:00:00+00:00,7.7865,7.814,7.7787,7.781,25638.6,560
2026-08-05 03:05:00+00:00,7.786,7.809,7.7738,7.7859,32181.6,566
2026-08-05 03:10:00+00:00,7.7861,7.8126,7.78,7.8019,31671.6,946
2026-08-05 03:15:00+00:00,7.8039,7.8355,7.79,7.8218,30358.2,689
2026-08-05 03:20:00+00:00,7.8202,7.88,7.8079,7.8444,31744.5,1072
2026-08-05 03:25:00+00:00,7.8446,7.88,7.8444,7.8681,23751.2,568
2026-08-05 03:30:00+00:00,7.8683,7.8895,7.86,7.8849,24983.4,614
2026-08-05 03:35:00+00:00,7.8849,7.8864,7.8603,7.8654,16413.5,681
2026-08-05 03:40:00+00:00,7.8625,7.8854,7.8574,7.8627,27037.6,1089
2026-08-05 03:45:00+00:00,7.8664,7.8816,7.8557,7.8615,22024.2,1336
2026-08-05 03:50:00+00:00,7.8665,7.8743,7.8312,7.8366,24768.2,1159
2026-08-05 03:55:00+00:00,7.8363,7.8557,7.8234,7.8458,14224.8,738
2026-08-05 04:00:00+00:00,7.845,7.8494,7.8278,7.8344,8862.9,333
2026-08-05 04:05:00+00:00,7.8298,7.8356,7.82,7.8261,4942.1,141
2026-08-05 04:10:00+00:00,7.8229,7.832,7.8062,7.8154,8921.0,664
2026-08-05 04:15:00+00:00,7.818,7.818,7.8,7.805,4555.7,505
2026-08-05 04:20:00+00:00,7.8023,7.808,7.7741,7.7866,11497.0,737
2026-08-05 04:25:00+00:00,7.7834,7.7847,7.7561,7.757,7631.6,595
2026-08-05 04:30:00+00:00,7.7583,7.77,7.7536,7.7659,7200.3,351
2026-08-05 04:35:00+00:00,7.7659,7.8125,7.76,7.7861,6808.7,427
2026-08-05 04:40:00+00:00,7.7849,7.8284,7.7701,7.7754,14740.1,1116
2026-08-05 04:45:00+00:00,7.7716,7.7896,7.7701,7.7785,12048.4,522
2026-08-05 04:50:00+00:00,7.7744,7.7817,7.77,7.77,9317.2,440
2026-08-05 04:55:00+00:00,7.77,7.7932,7.77,7.7849,16275.7,900
2026-08-05 05:00:00+00:00,7.7784,7.8128,7.7602,7.7784,27756.4,1070
2026-08-05 05:05:00+00:00,7.785,7.7897,7.7677,7.77,21389.6,459
2026-08-05 05:10:00+00:00,7.7713,7.7954,7.77,7.7876,4937.2,175
2026-08-05 05:15:00+00:00,7.7876,7.8379,7.7868,7.8273,22953.8,644
2026-08-05 05:20:00+00:00,7.831,7.85,7.8202,7.8398,17856.5,495
2026-08-05 05:25:00+00:00,7.8398,7.842,7.7892,7.7915,19219.6,417
2026-08-05 05:30:00+00:00,7.7918,7.84,7.7872,7.8045,23308.3,874
2026-08-05 05:35:00+00:00,7.8095,7.8168,7.7867,7.8018,9613.4,705
2026-08-05 05:40:00+00:00,7.8046,7.8443,7.797,7.8336,17044.2,1315
2026-08-05 05:45:00+00:00,7.8338,7.8521,7.8328,7.8384,8747.2,439
2026-08-05 05:50:00+00:00,7.8384,7.8513,7.8,7.8419,27279.3,880
2026-08-05 05:55:00+00:00,7.8416,7.851,7.8287,7.8329,12069.9,408
2026-08-05 06:00:00+00:00,7.8324,7.833,7.7782,7.8029,49076.0,588
2026-08-05 06:05:00+00:00,7.8039,7.8085,7.7529,7.7607,14470.5,301
2026-08-05 06:10:00+00:00,7.7608,7.7799,7.753,7.7589,17454.6,349
2026-08-05 06:15:00+00:00,7.7591,7.7678,7.7382,7.7436,14032.7,324
2026-08-05 06:20:00+00:00,7.7458,7.7575,7.718,7.7184,27594.3,551
2026-08-05 06:25:00+00:00,7.7236,7.755,7.715,7.7509,32971.6,656
2026-08-05 06:30:00+00:00,7.7502,7.7538,7.7111,7.7177,22920.0,690
2026-08-05 06:35:00+00:00,7.7157,7.73,7.711,7.7112,26982.0,447
2026-08-05 06:40:00+00:00,7.7127,7.7215,7.6723,7.7078,64035.0,939
2026-08-05 06:45:00+00:00,7.7095,7.7151,7.67,7.6899,29152.5,737
2026-08-05 06:50:00+00:00,7.6902,7.6999,7.672,7.6905,19343.4,383
2026-08-05 06:55:00+00:00,7.694,7.7607,7.6826,7.7412,58845.5,1238
2026-08-05 07:00:00+00:00,7.7412,7.7973,7.7143,7.7973,62320.4,1689
2026-08-05 07:05:00+00:00,7.7989,7.8389,7.7717,7.8063,105197.1,1408
2026-08-05 07:10:00+00:00,7.8057,7.8232,7.772,7.7926,31693.5,488
2026-08-05 07:15:00+00:00,7.8069,7.8129,7.7926,7.795,9923.9,286
2026-08-05 07:20:00+00:00,7.793,7.8113,7.7926,7.8101,8773.9,251
2026-08-05 07:25:00+00:00,7.8101,7.8138,7.7926,7.7999,11090.4,304
2026-08-05 07:30:00+00:00,7.797,7.8021,7.7947,7.7963,4693.0,111
2026-08-05 07:35:00+00:00,7.7941,7.8049,7.7927,7.8005,3815.2,109
2026-08-05 07:40:00+00:00,7.8024,7.8069,7.7989,7.805,4127.7,125
2026-08-05 07:45:00+00:00,7.8036,7.8043,7.7926,7.8042,5907.3,133
2026-08-05 07:50:00+00:00,7.8018,7.8148,7.8018,7.8132,4501.9,98
2026-08-05 07:55:00+00:00,7.8128,7.856,7.7929,7.849,75741.5,880
2026-08-05 08:00:00+00:00,7.8464,7.8748,7.8145,7.8455,28816.0,422
2026-08-05 08:05:00+00:00,7.8454,7.8454,7.7815,7.7821,17716.0,263
2026-08-05 08:10:00+00:00,7.7821,7.7973,7.73,7.755,31560.8,472
2026-08-05 08:15:00+00:00,7.75,7.755,7.7365,7.7465,11943.2,220
2026-08-05 08:20:00+00:00,7.7446,7.7531,7.7278,7.7458,11791.2,230
2026-08-05 08:25:00+00:00,7.7452,7.7505,7.727,7.7375,17000.1,245
2026-08-05 08:30:00+00:00,7.7347,7.735,7.72,7.725,3800.3,133
2026-08-05 08:35:00+00:00,7.7248,7.73,7.7221,7.7221,4800.8,81
2026-08-05 08:40:00+00:00,7.7254,7.73,7.7032,7.7103,6342.6,159
2026-08-05 08:45:00+00:00,7.7101,7.7137,7.7026,7.7126,3063.7,125
2026-08-05 08:50:00+00:00,7.7096,7.73,7.7091,7.7248,8976.5,220
2026-08-05 08:55:00+00:00,7.7247,7.7281,7.7,7.7217,10349.9,396
2026-08-05 09:00:00+00:00,7.7159,7.74,7.7098,7.722,18001.1,507
2026-08-05 09:05:00+00:00,7.7214,7.7277,7.7191,7.7234,2317.3,169
2026-08-05 09:10:00+00:00,7.7228,7.7324,7.7191,7.7248,1761.3,73
2026-08-05 09:15:00+00:00,7.7206,7.7245,7.719,7.7224,1541.5,74
2026-08-05 09:20:00+00:00,7.722,7.7265,7.7118,7.7164,9806.8,123
2026-08-05 09:25:00+00:00,7.7155,7.7191,7.7,7.7017,2342.9,144
2026-08-05 09:30:00+00:00,7.7007,7.7075,7.6842,7.6898,5290.9,225
2026-08-05 09:35:00+00:00,7.6859,7.6948,7.6801,7.6818,4096.5,292
2026-08-05 09:40:00+00:00,7.6805,7.6845,7.6656,7.6766,5452.8,194
2026-08-05 09:45:00+00:00,7.6764,7.6802,7.6732,7.6802,3737.7,102
2026-08-05 09:50:00+00:00,7.6766,7.6802,7.6749,7.6756,1547.9,94
2026-08-05 09:55:00+00:00,7.6757,7.6963,7.6745,7.6903,12775.7,261
2026-08-05 10:00:00+00:00,7.689,7.6917,7.6744,7.6894,1710.3,191
2026-08-05 10:05:00+00:00,7.6851,7.6999,7.6789,7.6999,2632.6,280
2026-08-05 10:10:00+00:00,7.6987,7.6998,7.6836,7.6857,2919.8,204
2026-08-05 10:15:00+00:00,7.6842,7.6867,7.6652,7.6744,7016.2,439
2026-08-05 10:20:00+00:00,7.6744,7.6744,7.6681,7.6741,3522.7,224
2026-08-05 10:25:00+00:00,7.6702,7.6844,7.6701,7.676,15017.2,279
2026-08-05 10:30:00+00:00,7.676,7.6849,7.66,7.6739,7830.8,379
2026-08-05 10:35:00+00:00,7.6764,7.6866,7.6691,7.6796,2323.8,168
2026-08-05 10:40:00+00:00,7.6806,7.6856,7.6741,7.6788,1549.8,85
2026-08-05 10:45:00+00:00,7.6755,7.6865,7.6557,7.6762,9717.6,349
2026-08-05 10:50:00+00:00,7.6752,7.6867,7.6725,7.6762,3984.2,197
2026-08-05 10:55:00+00:00,7.6789,7.6789,7.6645,7.67,4001.0,216
2026-08-05 11:00:00+00:00,7.6654,7.6749,7.663,7.6749,6701.0,145
2026-08-05 11:05:00+00:00,7.6742,7.6749,7.668,7.6747,14231.9,198
2026-08-05 11:10:00+00:00,7.6746,7.6789,7.6681,7.6789,5223.7,85
2026-08-05 11:15:00+00:00,7.6765,7.6967,7.6734,7.6913,15828.2,101
2026-08-05 11:20:00+00:00,7.6834,7.6886,7.663,7.6886,4285.5,192
2026-08-05 11:25:00+00:00,7.6886,7.7499,7.6886,7.7224,21448.8,704
2026-08-05 11:30:00+00:00,7.7221,7.7436,7.7078,7.7378,3022.7,129
2026-08-05 11:35:00+00:00,7.7427,7.7587,7.7203,7.7401,9088.8,213
2026-08-05 11:40:00+00:00,7.7401,7.7436,7.7147,7.7189,3166.9,113
2026-08-05 11:45:00+00:00,7.7167,7.7198,7.6945,7.7008,4658.6,166
2026-08-05 11:50:00+00:00,7.702,7.7074,7.6768,7.6934,12051.0,273
2026-08-05 11:55:00+00:00,7.6912,7.6959,7.6762,7.6871,4924.4,230
2026-08-05 12:00:00+00:00,7.684,7.7011,7.684,7.701,4408.5,131
2026-08-05 12:05:00+00:00,7.7009,7.7012,7.6935,7.6947,1650.9,105
2026-08-05 12:10:00+00:00,7.6966,7.7005,7.6798,7.6866,4864.3,149
2026-08-05 12:15:00+00:00,7.6836,7.69,7.6814,7.69,2543.2,128
2026-08-05 12:20:00+00:00,7.6893,7.6943,7.6818,7.6887,1584.2,92
2026-08-05 12:25:00+00:00,7.6878,7.6991,7.6816,7.6991,1321.2,74
2026-08-05 12:30:00+00:00,7.6918,7.6967,7.6855,7.6932,692.8,56
2026-08-05 12:35:00+00:00,7.6902,7.7039,7.6901,7.7034,1261.4,87
2026-08-05 12:40:00+00:00,7.7033,7.7324,7.6986,7.7238,9107.7,443
2026-08-05 12:45:00+00:00,7.7227,7.7349,7.6904,7.6985,8731.9,410
2026-08-05 12:50:00+00:00,7.7015,7.7026,7.6904,7.692,2136.9,90
2026-08-05 12:55:00+00:00,7.692,7.695,7.6816,7.6849,836.7,67
2026-08-05 13:00:00+00:00,7.6879,7.6893,7.6816,7.6824,823.3,74
2026-08-05 13:05:00+00:00,7.6875,7.6875,7.6663,7.6663,9444.0,158
2026-08-05 13:10:00+00:00,7.6708,7.681,7.6539,7.671,10648.3,458
2026-08-05 13:15:00+00:00,7.6722,7.6727,7.6505,7.654,4663.0,271
2026-08-05 13:20:00+00:00,7.6505,7.6695,7.649,7.65,12716.4,300
2026-08-05 13:25:00+00:00,7.6532,7.656,7.6257,7.6346,11295.1,563
2026-08-05 13:30:00+00:00,7.632,7.6723,7.6242,7.6648,24467.2,1202
2026-08-05 13:35:00+00:00,7.661,7.6925,7.6302,7.6612,10763.0,1075
2026-08-05 13:40:00+00:00,7.6544,7.7059,7.6526,7.7027,5636.9,550
2026-08-05 13:45:00+00:00,7.703,7.7622,7.6996,7.7583,17621.3,855
2026-08-05 13:50:00+00:00,7.7612,7.7622,7.7143,7.7159,10957.3,615
2026-08-05 13:55:00+00:00,7.7159,7.7396,7.6926,7.7136,16457.3,990
2026-08-05 14:00:00+00:00,7.7141,7.7197,7.6502,7.6628,4460.4,379
2026-08-05 14:05:00+00:00,7.6624,7.6699,7.65,7.6627,7581.2,902
2026-08-05 14:10:00+00:00,7.6559,7.6605,7.6456,7.6552,21289.8,651
2026-08-05 14:15:00+00:00,7.6545,7.6575,7.6456,7.6456,13219.0,624
2026-08-05 14:20:00+00:00,7.65,7.6541,7.6456,7.646,11384.9,223
2026-08-05 14:25:00+00:00,7.6473,7.6574,7.6461,7.6462,5164.9,212
2026-08-05 14:30:00+00:00,7.6461,7.6874,7.6461,7.6631,12076.0,767
2026-08-05 14:35:00+00:00,7.6617,7.6769,7.6501,7.6769,6374.3,521
2026-08-05 14:40:00+00:00,7.6775,7.6806,7.668,7.6723,5330.9,239
2026-08-05 14:45:00+00:00,7.6731,7.6741,7.6649,7.6649,4906.7,205
2026-08-05 14:50:00+00:00,7.6606,7.6648,7.6469,7.6532,9857.4,318
2026-08-05 14:55:00+00:00,7.6506,7.6632,7.646,7.6508,13919.5,359
2026-08-05 15:00:00+00:00,7.6468,7.6603,7.6457,7.65,12221.7,197
2026-08-05 15:05:00+00:00,7.6554,7.6585,7.6485,7.6544,7975.7,221
2026-08-05 15:10:00+00:00,7.6498,7.6842,7.6482,7.6784,21893.4,467
2026-08-05 15:15:00+00:00,7.6824,7.6859,7.6642,7.6676,13021.0,642
2026-08-05 15:20:00+00:00,7.6688,7.69,7.6631,7.6803,21299.5,989
2026-08-05 15:25:00+00:00,7.681,7.681,7.6611,7.6703,2565.6,99
2026-08-05 15:30:00+00:00,7.6678,7.6861,7.6678,7.6754,1324.3,65
2026-08-05 15:35:00+00:00,7.678,7.6898,7.6719,7.676,1711.2,47
2026-08-05 15:40:00+00:00,7.6755,7.6773,7.66,7.66,1985.6,81
2026-08-05 15:45:00+00:00,7.6602,7.666,7.6485,7.666,12023.8,188
2026-08-05 15:50:00+00:00,7.6556,7.6648,7.651,7.6559,1272.7,58
2026-08-05 15:55:00+00:00,7.66,7.6661,7.6505,7.654,1562.6,55
2026-08-05 16:00:00+00:00,7.6626,7.67,7.6536,7.6608,3833.7,168
2026-08-05 16:05:00+00:00,7.6615,7.6656,7.6511,7.6511,12655.7,370
2026-08-05 16:10:00+00:00,7.6547,7.6624,7.6502,7.6608,4045.3,82
2026-08-05 16:15:00+00:00,7.6617,7.6691,7.6595,7.6689,1793.9,50
2026-08-05 16:20:00+00:00,7.6657,7.6751,7.6639,7.6735,3719.4,91
2026-08-05 16:25:00+00:00,7.675,7.6818,7.6705,7.6818,2570.8,66
2026-08-05 16:30:00+00:00,7.6795,7.6815,7.6702,7.6767,4219.2,86
2026-08-05 16:35:00+00:00,7.6766,7.6818,7.674,7.674,3537.8,39
2026-08-05 16:40:00+00:00,7.6785,7.6818,7.6744,7.6786,626.0,32
2026-08-05 16:45:00+00:00,7.6765,7.6818,7.6758,7.6777,310.5,19
2026-08-05 16:50:00+00:00,7.6778,7.6778,7.6608,7.6695,8553.3,226
2026-08-05 16:55:00+00:00,7.6721,7.6745,7.6709,7.6745,164.7,13
2026-08-05 17:00:00+00:00,7.675,7.68,7.675,7.6762,2276.9,26
2026-08-05 17:05:00+00:00,7.6769,7.6786,7.6685,7.6727,3839.5,110
2026-08-05 17:10:00+00:00,7.6748,7.6748,7.6686,7.6721,133.9,8
2026-08-05 17:15:00+00:00,7.6687,7.6723,7.6687,7.6723,38.7,4
2026-08-05 17:20:00+00:00,7.6715,7.6728,7.6692,7.6697,101.2,10
2026-08-05 17:25:00+00:00,7.6692,7.6718,7.6682,7.6698,89.5,11
2026-08-05 17:30:00+00:00,7.6698,7.6698,7.6698,7.6698,0.0,0
2026-08-05 17:35:00+00:00,7.6698,7.6758,7.6668,7.6711,644.8,42
2026-08-05 17:40:00+00:00,7.6741,7.686,7.672,7.6841,4541.0,71
2026-08-05 17:45:00+00:00,7.6831,7.6867,7.6812,7.6848,4679.3,53
2026-08-05 17:50:00+00:00,7.6866,7.69,7.6861,7.69,1132.0,26
2026-08-05 17:55:00+00:00,7.69,7.699,7.688,7.6987,1027.6,26
2026-08-05 18:00:00+00:00,7.6987,7.7,7.691,7.691,2948.5,90
2026-08-05 18:05:00+00:00,7.6935,7.6998,7.6845,7.6886,2094.6,84
2026-08-05 18:10:00+00:00,7.6933,7.7,7.6899,7.6968,583.4,47
2026-08-05 18:15:00+00:00,7.6999,7.7051,7.6959,7.7031,216.2,46
2026-08-05 18:20:00+00:00,7.7031,7.7039,7.695,7.6995,895.3,104
2026-08-05 18:25:00+00:00,7.6952,7.7051,7.6949,7.705,111.8,23
2026-08-05 18:30:00+00:00,7.6993,7.7039,7.6854,7.6898,3990.0,90
2026-08-05 18:35:00+00:00,7.6846,7.6896,7.6817,7.6858,82.8,15
2026-08-05 18:40:00+00:00,7.682,7.6863,7.6752,7.6847,3055.0,116
2026-08-05 18:45:00+00:00,7.6836,7.69,7.677,7.6846,1315.1,84
2026-08-05 18:50:00+00:00,7.6845,7.6899,7.6845,7.6898,9.6,6
2026-08-05 18:55:00+00:00,7.6872,7.6924,7.6848,7.6924,1048.2,31
2026-08-05 19:00:00+00:00,7.6923,7.6923,7.6843,7.6867,117.7,16
2026-08-05 19:05:00+00:00,7.6862,7.6974,7.6732,7.6922,1639.2,66
2026-08-05 19:10:00+00:00,7.6966,7.6966,7.6921,7.6921,23.6,8
2026-08-05 19:15:00+00:00,7.6964,7.6974,7.692,7.6946,81.5,16
2026-08-05 19:20:00+00:00,7.6924,7.6967,7.6857,7.6911,355.5,25
2026-08-05 19:25:00+00:00,7.691,7.6975,7.691,7.6955,308.7,23
2026-08-05 19:30:00+00:00,7.6975,7.6975,7.6909,7.6971,131.0,16
2026-08-05 19:35:00+00:00,7.697,7.7051,7.6962,7.7029,7741.7,50
2026-08-05 19:40:00+00:00,7.7029,7.705,7.6999,7.703,211.5,18
2026-08-05 19:45:00+00:00,7.7012,7.705,7.7012,7.7013,63.8,11
2026-08-05 19:50:00+00:00,7.7042,7.705,7.701,7.705,22.9,11
2026-08-05 19:55:00+00:00,7.7045,7.7045,7.68,7.6878,4394.4,105
2026-08-05 20:00:00+00:00,7.6874,7.6969,7.6669,7.6733,3402.0,105
2026-08-05 20:05:00+00:00,7.669,7.6809,7.6456,7.6809,30916.6,475
2026-08-05 20:10:00+00:00,7.6836,7.729,7.6813,7.7196,10743.5,349
2026-08-05 20:15:00+00:00,7.7194,7.72,7.692,7.7096,4458.6,217
2026-08-05 20:20:00+00:00,7.7088,7.7099,7.6976,7.705,1582.5,66
2026-08-05 20:25:00+00:00,7.7066,7.7136,7.7043,7.7135,554.6,44
2026-08-05 20:30:00+00:00,7.7107,7.717,7.7012,7.7012,861.6,70
2026-08-05 20:35:00+00:00,7.7069,7.7104,7.7069,7.7087,299.4,23
2026-08-05 20:40:00+00:00,7.7087,7.7187,7.7087,7.7137,476.7,48
2026-08-05 20:45:00+00:00,7.7137,7.7137,7.6901,7.6923,187.5,26
2026-08-05 20:50:00+00:00,7.6928,7.6971,7.6904,7.6929,109.0,26
2026-08-05 20:55:00+00:00,7.6928,7.7063,7.69,7.6973,2076.3,70
2026-08-05 21:00:00+00:00,7.6952,7.6996,7.6776,7.6996,2502.1,107
2026-08-05 21:05:00+00:00,7.6995,7.701,7.6849,7.6889,521.1,57
2026-08-05 21:10:00+00:00,7.6921,7.718,7.6878,7.691,2304.1,229
2026-08-05 21:15:00+00:00,7.6912,7.6916,7.6631,7.6631,494.3,74
2026-08-05 21:20:00+00:00,7.6667,7.6701,7.65,7.6701,2181.4,171
2026-08-05 21:25:00+00:00,7.6648,7.6799,7.6528,7.6592,2106.0,208
2026-08-05 21:30:00+00:00,7.6625,7.6719,7.657,7.66,945.7,112
2026-08-05 21:35:00+00:00,7.66,7.6621,7.6471,7.6524,1705.8,129
2026-08-05 21:40:00+00:00,7.6525,7.6594,7.6463,7.6516,2035.1,231
2026-08-05 21:45:00+00:00,7.6518,7.6562,7.6477,7.6559,369.5,59
2026-08-05 21:50:00+00:00,7.6514,7.659,7.6514,7.6555,21.6,13
2026-08-05 21:55:00+00:00,7.6563,7.668,7.6548,7.668,891.9,41
2026-08-05 22:00:00+00:00,7.6698,7.6829,7.6697,7.6757,1395.1,90
2026-08-05 22:05:00+00:00,7.6766,7.6898,7.6766,7.6807,1564.7,158
2026-08-05 22:10:00+00:00,7.6803,7.686,7.6681,7.6712,3542.1,315
2026-08-05 22:15:00+00:00,7.6711,7.6913,7.6664,7.6866,1137.1,139
2026-08-05 22:20:00+00:00,7.6864,7.6957,7.6652,7.6747,5853.1,456
2026-08-05 22:25:00+00:00,7.6744,7.7081,7.67,7.6758,8123.0,329
2026-08-05 22:30:00+00:00,7.6798,7.715,7.6512,7.7101,6346.5,338
2026-08-05 22:35:00+00:00,7.7109,7.7184,7.7026,7.7096,3684.8,129
2026-08-05 22:40:00+00:00,7.7089,7.7143,7.6996,7.7126,752.7,27
2026-08-05 22:45:00+00:00,7.7127,7.7249,7.7099,7.714,1915.8,67
2026-08-05 22:50:00+00:00,7.7176,7.7177,7.712,7.714,73.3,21
2026-08-05 22:55:00+00:00,7.7164,7.718,7.7037,7.7166,463.6,39
2026-08-05 23:00:00+00:00,7.72,7.72,7.7091,7.7091,652.9,78
2026-08-05 23:05:00+00:00,7.7081,7.7202,7.7,7.7202,2088.1,75
2026-08-05 23:10:00+00:00,7.722,7.7242,7.7015,7.7081,417.2,72
2026-08-05 23:15:00+00:00,7.704,7.7126,7.704,7.7069,221.2,18
2026-08-05 23:20:00+00:00,7.7087,7.7188,7.7077,7.7188,213.5,15
2026-08-05 23:25:00+00:00,7.7187,7.7187,7.7101,7.7174,399.8,54
2026-08-05 23:30:00+00:00,7.7172,7.7172,7.685,7.6945,3783.2,169
2026-08-05 23:35:00+00:00,7.7,7.7,7.6627,7.663,1863.6,143
2026-08-05 23:40:00+00:00,7.6666,7.6666,7.6502,7.6529,1608.9,200
2026-08-05 23:45:00+00:00,7.6557,7.729,7.6512,7.6706,7179.2,279
2026-08-05 23:50:00+00:00,7.6723,7.6856,7.6551,7.657,3142.1,271
2026-08-05 23:55:00+00:00,7.6606,7.7046,7.6512,7.676,9005.4,426
2026-08-06 00:00:00+00:00,7.6778,7.6976,7.669,7.6851,1944.8,327
2026-08-06 00:05:00+00:00,7.6906,7.713,7.678,7.7064,4604.8,542
2026-08-06 00:10:00+00:00,7.7065,7.7097,7.6948,7.6972,1761.7,368
2026-08-06 00:15:00+00:00,7.6959,7.7,7.678,7.7,2397.5,335
2026-08-06 00:20:00+00:00,7.7,7.7065,7.6926,7.6993,229.2,90
2026-08-06 00:25:00+00:00,7.6969,7.6974,7.68,7.6806,2989.7,257
2026-08-06 00:30:00+00:00,7.685,7.685,7.6701,7.6794,2246.8,56
2026-08-06 00:35:00+00:00,7.6796,7.6798,7.67,7.6756,1763.4,203
2026-08-06 00:40:00+00:00,7.6745,7.6791,7.67,7.6723,1116.2,193
2026-08-06 00:45:00+00:00,7.6723,7.686,7.6565,7.6697,5892.9,609
2026-08-06 00:50:00+00:00,7.6702,7.6703,7.65,7.6637,6849.7,533
2026-08-06 00:55:00+00:00,7.6612,7.6642,7.6457,7.6457,6035.4,194
2026-08-06 01:00:00+00:00,7.6458,7.65,7.6456,7.65,5007.5,86
2026-08-06 01:05:00+00:00,7.65,7.6568,7.6456,7.6509,11248.8,161
2026-08-06 01:10:00+00:00,7.6528,7.658,7.6456,7.6565,4365.3,180
2026-08-06 01:15:00+00:00,7.6544,7.6575,7.6456,7.6547,1885.3,166
2026-08-06 01:20:00+00:00,7.6545,7.6582,7.6456,7.646,17998.1,234
2026-08-06 01:25:00+00:00,7.6494,7.65,7.6456,7.6469,5933.5,93
2026-08-06 01:30:00+00:00,7.6457,7.6968,7.555,7.5812,116999.1,2543
2026-08-06 01:35:00+00:00,7.5812,7.6243,7.5609,7.6212,29638.6,633
2026-08-06 01:40:00+00:00,7.622,7.6673,7.6001,7.6311,30792.3,996
2026-08-06 01:45:00+00:00,7.6333,7.6333,7.5377,7.5746,30106.6,1468
2026-08-06 01:50:00+00:00,7.5809,7.582,7.4822,7.5129,70425.1,1919
2026-08-06 01:55:00+00:00,7.5177,7.5572,7.4974,7.5499,20898.0,327
2026-08-06 02:00:00+00:00,7.551,7.5572,7.5104,7.5172,18007.7,440
2026-08-06 02:05:00+00:00,7.5101,7.5283,7.4141,7.5146,53789.7,1361
2026-08-06 02:10:00+00:00,7.5161,7.5509,7.4826,7.4983,37625.8,1384
2026-08-06 02:15:00+00:00,7.4983,7.5924,7.4909,7.544,53141.5,1713
2026-08-06 02:20:00+00:00,7.5477,7.6216,7.54,7.5696,23513.2,584
2026-08-06 02:25:00+00:00,7.5777,7.6312,7.5577,7.602,26967.1,362
2026-08-06 02:30:00+00:00,7.6019,7.617,7.54,7.559,30369.9,524
2026-08-06 02:35:00+00:00,7.5632,7.564,7.536,7.536,19245.5,294
2026-08-06 02:40:00+00:00,7.536,7.6312,7.535,7.6027,17729.1,411
2026-08-06 02:45:00+00:00,7.6042,7.6164,7.5746,7.5842,7567.5,266
2026-08-06 02:50:00+00:00,7.579,7.6312,7.565,7.6167,9999.6,463
2026-08-06 02:55:00+00:00,7.617,7.6435,7.5953,7.6331,19977.3,757
2026-08-06 03:00:00+00:00,7.6326,7.6326,7.5726,7.5815,15356.3,595
2026-08-06 03:05:00+00:00,7.5849,7.601,7.5793,7.5873,7270.6,468
2026-08-06 03:10:00+00:00,7.5867,7.601,7.5749,7.5749,9745.1,667
2026-08-06 03:15:00+00:00,7.5771,7.5794,7.534,7.539,23599.1,642
2026-08-06 03:20:00+00:00,7.5369,7.5407,7.511,7.511,15150.8,354
2026-08-06 03:25:00+00:00,7.511,7.55,7.5047,7.5217,18105.3,429
2026-08-06 03:30:00+00:00,7.5198,7.5231,7.5099,7.5181,3910.0,114
2026-08-06 03:35:00+00:00,7.5177,7.528,7.5081,7.5278,2451.5,68
2026-08-06 03:40:00+00:00,7.5278,7.528,7.5209,7.5209,1826.5,37
2026-08-06 03:45:00+00:00,7.521,7.5298,7.5131,7.519,6672.0,225
2026-08-06 03:50:00+00:00,7.5194,7.5194,7.5045,7.5075,4102.6,71
2026-08-06 03:55:00+00:00,7.5064,7.5097,7.5039,7.5075,2210.3,74
2026-08-06 04:00:00+00:00,7.5042,7.5042,7.4869,7.4887,3750.2,94
2026-08-06 04:05:00+00:00,7.4898,7.4936,7.4826,7.4935,5539.4,178
2026-08-06 04:10:00+00:00,7.4889,7.4922,7.4698,7.4698,4328.3,124
2026-08-06 04:15:00+00:00,7.468,7.4694,7.46,7.4629,1119.4,75
2026-08-06 04:20:00+00:00,7.4601,7.4601,7.4301,7.4409,9811.3,429
2026-08-06 04:25:00+00:00,7.4414,7.4826,7.441,7.4609,7152.1,602
2026-08-06 04:30:00+00:00,7.4613,7.4669,7.4558,7.4628,1886.2,99
2026-08-06 04:35:00+00:00,7.458,7.462,7.4499,7.4582,2371.3,164
2026-08-06 04:40:00+00:00,7.4577,7.4599,7.4515,7.4559,2232.5,151
2026-08-06 04:45:00+00:00,7.4522,7.4562,7.4327,7.434,5737.7,232
2026-08-06 04:50:00+00:00,7.434,7.44,7.4301,7.44,3392.8,141
2026-08-06 04:55:00+00:00,7.437,7.461,7.4346,7.4548,13491.6,203
2026-08-06 05:00:00+00:00,7.4511,7.4567,7.428,7.4403,17401.6,268
2026-08-06 05:05:00+00:00,7.4362,7.4435,7.4221,7.4265,7437.3,231
2026-08-06 05:10:00+00:00,7.4242,7.4305,7.4153,7.425,9313.4,210
2026-08-06 05:15:00+00:00,7.422,7.4319,7.4126,7.4247,26375.6,285
2026-08-06 05:20:00+00:00,7.424,7.4579,7.424,7.4415,10812.3,218
2026-08-06 05:25:00+00:00,7.4434,7.49,7.435,7.48,63242.7,592
2026-08-06 05:30:00+00:00,7.4777,7.5119,7.4761,7.4836,19433.3,245
2026-08-06 05:35:00+00:00,7.4836,7.49,7.4697,7.47,4623.2,136
2026-08-06 05:40:00+00:00,7.47,7.4782,7.46,7.465,9855.9,231
2026-08-06 05:45:00+00:00,7.465,7.4696,7.458,7.4591,5655.4,147
2026-08-06 05:50:00+00:00,7.458,7.4739,7.435,7.4702,22488.6,495
2026-08-06 05:55:00+00:00,7.4709,7.4843,7.4638,7.478,30902.1,575
2026-08-06 06:00:00+00:00,7.4762,7.4769,7.4518,7.4522,10543.3,427
2026-08-06 06:05:00+00:00,7.4522,7.4566,7.4377,7.439,10646.9,311
2026-08-06 06:10:00+00:00,7.4395,7.45,7.436,7.439,12355.7,471
2026-08-06 06:15:00+00:00,7.4361,7.4447,7.435,7.4404,11758.6,363
2026-08-06 06:20:00+00:00,7.4382,7.449,7.4382,7.4397,15774.3,506
2026-08-06 06:25:00+00:00,7.4393,7.449,7.4384,7.4476,11278.2,405
2026-08-06 06:30:00+00:00,7.4452,7.46,7.4405,7.4505,11027.1,343
2026-08-06 06:35:00+00:00,7.4476,7.466,7.4452,7.4453,11482.5,420
2026-08-06 06:40:00+00:00,7.4468,7.4563,7.435,7.436,15668.4,448
2026-08-06 06:45:00+00:00,7.436,7.4444,7.436,7.4405,4359.1,233
2026-08-06 06:50:00+00:00,7.4405,7.4442,7.4361,7.4381,4165.1,157
2026-08-06 06:55:00+00:00,7.4382,7.4494,7.4381,7.4417,7896.0,281
2026-08-06 07:00:00+00:00,7.4405,7.4919,7.431,7.4583,23279.8,334
2026-08-06 07:05:00+00:00,7.4583,7.4813,7.4478,7.4679,15675.5,547
2026-08-06 07:10:00+00:00,7.4679,7.4737,7.4663,7.4687,1964.1,123
2026-08-06 07:15:00+00:00,7.4686,7.4733,7.454,7.4632,9652.3,234
2026-08-06 07:20:00+00:00,7.4595,7.4632,7.4521,7.457,3479.9,192
2026-08-06 07:25:00+00:00,7.454,7.4646,7.4531,7.4552,4296.8,288
2026-08-06 07:30:00+00:00,7.4552,7.4621,7.4551,7.4561,1353.8,108
2026-08-06 07:35:00+00:00,7.4551,7.4597,7.4498,7.4519,4631.1,318
2026-08-06 07:40:00+00:00,7.4567,7.4599,7.4347,7.4408,9037.4,330
2026-08-06 07:45:00+00:00,7.438,7.4388,7.43,7.4323,2060.2,248
2026-08-06 07:50:00+00:00,7.432,7.4369,7.422,7.4253,1855.5,210
2026-08-06 07:55:00+00:00,7.4253,7.4309,7.4181,7.4245,1942.6,217
2026-08-06 08:00:00+00:00,7.4273,7.43,7.412,7.415,16360.9,407
2026-08-06 08:05:00+00:00,7.4175,7.4197,7.4111,7.4111,5707.8,198
2026-08-06 08:10:00+00:00,7.4111,7.4129,7.401,7.4021,16824.1,472
2026-08-06 08:15:00+00:00,7.4021,7.407,7.401,7.401,4120.3,165
2026-08-06 08:20:00+00:00,7.4011,7.4081,7.401,7.4048,1267.6,90
2026-08-06 08:25:00+00:00,7.4011,7.4079,7.4,7.404,4435.4,145
2026-08-06 08:30:00+00:00,7.404,7.404,7.4,7.4035,4898.8,146
2026-08-06 08:35:00+00:00,7.4002,7.4034,7.38,7.3801,34616.9,363
2026-08-06 08:40:00+00:00,7.3801,7.4373,7.3746,7.3968,15405.6,379
2026-08-06 08:45:00+00:00,7.3968,7.4024,7.3737,7.3822,2197.6,156
2026-08-06 08:50:00+00:00,7.382,7.3937,7.3815,7.3906,1782.9,49
2026-08-06 08:55:00+00:00,7.3842,7.3924,7.374,7.3771,1244.2,58
2026-08-06 09:00:00+00:00,7.3768,7.379,7.3656,7.3716,2852.4,70
2026-08-06 09:05:00+00:00,7.3727,7.3727,7.365,7.372,1491.1,75
2026-08-06 09:10:00+00:00,7.369,7.3722,7.359,7.361,3000.6,111
2026-08-06 09:15:00+00:00,7.359,7.3599,7.3215,7.3369,14894.5,447
2026-08-06 09:20:00+00:00,7.3355,7.3397,7.3202,7.3318,4909.4,253
2026-08-06 09:25:00+00:00,7.3292,7.3377,7.3272,7.3272,780.0,39
2026-08-06 09:30:00+00:00,7.3264,7.3326,7.3218,7.3294,1055.6,73
2026-08-06 09:35:00+00:00,7.3279,7.33,7.3222,7.3264,1724.6,64
2026-08-06 09:40:00+00:00,7.3219,7.3828,7.32,7.3353,7759.9,236
2026-08-06 09:45:00+00:00,7.338,7.34,7.3222,7.3262,2988.1,196
2026-08-06 09:50:00+00:00,7.3266,7.3299,7.32,7.3229,3524.7,142
2026-08-06 09:55:00+00:00,7.3221,7.3253,7.32,7.32,1276.9,107
2026-08-06 10:00:00+00:00,7.32,7.3429,7.32,7.3323,1641.3,117
2026-08-06 10:05:00+00:00,7.3323,7.3399,7.3201,7.3374,3852.8,295
2026-08-06 10:10:00+00:00,7.3341,7.3362,7.3215,7.3252,1184.2,145
2026-08-06 10:15:00+00:00,7.3252,7.3324,7.26,7.3198,20379.3,522
2026-08-06 10:20:00+00:00,7.32,7.3412,7.3127,7.3351,6310.7,427
2026-08-06 10:25:00+00:00,7.3319,7.3385,7.3125,7.3173,2297.2,226
2026-08-06 10:30:00+00:00,7.3141,7.3226,7.3026,7.3066,2065.8,147
2026-08-06 10:35:00+00:00,7.3098,7.31,7.2836,7.2884,6130.8,373
2026-08-06 10:40:00+00:00,7.2884,7.2955,7.2732,7.2761,2642.0,205
2026-08-06 10:45:00+00:00,7.2765,7.2796,7.2629,7.274,5669.3,229
2026-08-06 10:50:00+00:00,7.2744,7.2862,7.2736,7.2787,2591.0,145
2026-08-06 10:55:00+00:00,7.281,7.2841,7.2721,7.2735,2933.5,175
2026-08-06 11:00:00+00:00,7.2781,7.2813,7.2724,7.2806,1704.0,130
2026-08-06 11:05:00+00:00,7.2806,7.2806,7.259,7.264,10190.6,190
2026-08-06 11:10:00+00:00,7.2638,7.2984,7.2636,7.2949,6693.4,151
2026-08-06 11:15:00+00:00,7.2998,7.3728,7.2832,7.2902,31923.3,742
2026-08-06 11:20:00+00:00,7.291,7.2963,7.291,7.296,1199.0,19
2026-08-06 11:25:00+00:00,7.2958,7.31,7.2923,7.3099,1823.5,68
2026-08-06 11:30:00+00:00,7.3099,7.3099,7.3041,7.3083,287.5,18
2026-08-06 11:35:00+00:00,7.3096,7.31,7.3021,7.31,1105.9,48
2026-08-06 11:40:00+00:00,7.3127,7.3148,7.303,7.304,2065.5,43
2026-08-06 11:45:00+00:00,7.303,7.309,7.3001,7.303,353.3,29
2026-08-06 11:50:00+00:00,7.3031,7.3035,7.2951,7.3011,484.9,38
2026-08-06 11:55:00+00:00,7.3035,7.3171,7.2938,7.3019,3184.5,89
2026-08-06 12:00:00+00:00,7.2993,7.3,7.2892,7.3,1851.3,62
2026-08-06 12:05:00+00:00,7.3021,7.3268,7.2995,7.3218,5656.4,189
2026-08-06 12:10:00+00:00,7.3228,7.3339,7.3027,7.3187,4272.2,204
2026-08-06 12:15:00+00:00,7.315,7.3279,7.3074,7.3207,6759.6,268
2026-08-06 12:20:00+00:00,7.32,7.328,7.31,7.3217,1795.3,57
2026-08-06 12:25:00+00:00,7.3241,7.33,7.3034,7.3168,4930.3,282
2026-08-06 12:30:00+00:00,7.3184,7.3285,7.315,7.315,1291.4,53
2026-08-06 12:35:00+00:00,7.3055,7.3423,7.3055,7.3179,4742.0,268
2026-08-06 12:40:00+00:00,7.3175,7.3251,7.311,7.3227,626.2,50
2026-08-06 12:45:00+00:00,7.3226,7.3236,7.3104,7.3149,2036.3,30
2026-08-06 12:50:00+00:00,7.3151,7.3186,7.3105,7.3116,669.9,30
2026-08-06 12:55:00+00:00,7.3149,7.3412,7.3149,7.3412,2051.9,78
2026-08-06 13:00:00+00:00,7.3422,7.3539,7.3335,7.343,3636.3,142
2026-08-06 13:05:00+00:00,7.3469,7.3482,7.313,7.3193,10957.3,247
2026-08-06 13:10:00+00:00,7.3247,7.3247,7.3104,7.3174,1504.7,109
2026-08-06 13:15:00+00:00,7.3171,7.3272,7.3147,7.3248,1380.4,87
2026-08-06 13:20:00+00:00,7.3247,7.3273,7.3189,7.3228,754.0,47
2026-08-06 13:25:00+00:00,7.3263,7.338,7.3263,7.3299,2014.6,96
2026-08-06 13:30:00+00:00,7.3283,7.3311,7.2811,7.3191,15797.5,702
2026-08-06 13:35:00+00:00,7.3251,7.4298,7.3134,7.3679,17519.0,981
2026-08-06 13:40:00+00:00,7.37,7.4169,7.37,7.3939,2562.5,305
2026-08-06 13:45:00+00:00,7.4017,7.43,7.3832,7.428,5477.1,603
2026-08-06 13:50:00+00:00,7.4249,7.4355,7.3854,7.3854,2609.7,367
2026-08-06 13:55:00+00:00,7.3871,7.4195,7.3704,7.4051,1711.1,326
2026-08-06 14:00:00+00:00,7.4053,7.4053,7.3838,7.4011,2528.9,202
2026-08-06 14:05:00+00:00,7.4007,7.4097,7.3943,7.4054,828.5,120
2026-08-06 14:10:00+00:00,7.4055,7.4199,7.4023,7.4143,1167.0,160
2026-08-06 14:15:00+00:00,7.4143,7.42,7.3968,7.4116,4028.2,567
2026-08-06 14:20:00+00:00,7.4115,7.4249,7.3945,7.4152,4511.5,426
2026-08-06 14:25:00+00:00,7.4141,7.5054,7.4035,7.4494,15963.4,1479
2026-08-06 14:30:00+00:00,7.4499,7.4579,7.436,7.453,3988.0,276
2026-08-06 14:35:00+00:00,7.4536,7.46,7.4096,7.416,9342.0,721
2026-08-06 14:40:00+00:00,7.4147,7.4332,7.3999,7.423,10088.1,833
2026-08-06 14:45:00+00:00,7.4189,7.4273,7.3999,7.41,3324.1,528
2026-08-06 14:50:00+00:00,7.4044,7.4148,7.3746,7.3819,6747.4,801
2026-08-06 14:55:00+00:00,7.3813,7.3882,7.36,7.3724,8315.3,809
2026-08-06 15:00:00+00:00,7.3755,7.3896,7.3605,7.3873,8970.2,732
2026-08-06 15:05:00+00:00,7.3859,7.4064,7.3777,7.4,2642.1,367
2026-08-06 15:10:00+00:00,7.4055,7.4847,7.4,7.4649,8343.3,397
2026-08-06 15:15:00+00:00,7.4647,7.465,7.45,7.4567,4220.3,419
2026-08-06 15:20:00+00:00,7.4525,7.49,7.4336,7.4632,17571.2,955
2026-08-06 15:25:00+00:00,7.4614,7.5,7.4408,7.4532,27853.5,955
2026-08-06 15:30:00+00:00,7.4517,7.46,7.42,7.42,5946.4,961
2026-08-06 15:35:00+00:00,7.4248,7.427,7.405,7.4107,4089.6,1010
2026-08-06 15:40:00+00:00,7.4103,7.4191,7.405,7.4096,3923.8,657
2026-08-06 15:45:00+00:00,7.4132,7.4196,7.405,7.4083,2776.2,662
2026-08-06 15:50:00+00:00,7.4126,7.42,7.4068,7.4181,3966.3,701
2026-08-06 15:55:00+00:00,7.4173,7.432,7.4082,7.4159,14417.9,533
2026-08-06 16:00:00+00:00,7.4176,7.425,7.4061,7.4246,1894.3,397
2026-08-06 16:05:00+00:00,7.4203,7.425,7.4072,7.4072,4287.7,261
2026-08-06 16:10:00+00:00,7.4105,7.4178,7.405,7.4051,958.8,238
2026-08-06 16:15:00+00:00,7.405,7.4098,7.405,7.405,2968.0,86
2026-08-06 16:20:00+00:00,7.4051,7.4092,7.405,7.405,794.8,36
2026-08-06 16:25:00+00:00,7.405,7.4098,7.4039,7.4039,5427.2,171
2026-08-06 16:30:00+00:00,7.4041,7.4112,7.4039,7.409,1268.0,92
2026-08-06 16:35:00+00:00,7.4093,7.4136,7.404,7.4048,1236.0,143
2026-08-06 16:40:00+00:00,7.4053,7.4143,7.404,7.407,962.3,153
2026-08-06 16:45:00+00:00,7.407,7.4168,7.4045,7.4048,1214.8,119
2026-08-06 16:50:00+00:00,7.4093,7.4113,7.4039,7.4039,868.3,83
2026-08-06 16:55:00+00:00,7.4039,7.4085,7.4039,7.4039,903.6,35
2026-08-06 17:00:00+00:00,7.4079,7.4112,7.4039,7.4039,832.9,85
2026-08-06 17:05:00+00:00,7.4039,7.4095,7.4039,7.4039,948.3,48
2026-08-06 17:10:00+00:00,7.4039,7.4107,7.4039,7.4049,644.0,49
2026-08-06 17:15:00+00:00,7.4049,7.41,7.4039,7.4061,891.8,73
2026-08-06 17:20:00+00:00,7.4044,7.4096,7.4039,7.4075,771.3,80
2026-08-06 17:25:00+00:00,7.4076,7.4092,7.4039,7.4039,654.1,55
2026-08-06 17:30:00+00:00,7.4039,7.4059,7.3902,7.3921,1818.1,135
2026-08-06 17:35:00+00:00,7.3921,7.4018,7.39,7.39,2029.2,107
2026-08-06 17:40:00+00:00,7.3955,7.3955,7.39,7.3902,1130.4,48
2026-08-06 17:45:00+00:00,7.3903,7.4011,7.39,7.3947,965.7,92
2026-08-06 17:50:00+00:00,7.3947,7.3984,7.39,7.3906,900.2,100
2026-08-06 17:55:00+00:00,7.3906,7.3971,7.39,7.3912,929.2,62
2026-08-06 18:00:00+00:00,7.3908,7.3958,7.39,7.391,930.8,60
2026-08-06 18:05:00+00:00,7.391,7.3951,7.39,7.39,1086.8,51
2026-08-06 18:10:00+00:00,7.39,7.3955,7.39,7.3903,1220.5,56
2026-08-06 18:15:00+00:00,7.3904,7.3957,7.39,7.39,1245.6,68
2026-08-06 18:20:00+00:00,7.39,7.3937,7.39,7.39,579.2,28
2026-08-06 18:25:00+00:00,7.39,7.39,7.39,7.39,727.2,26
2026-08-06 18:30:00+00:00,7.39,7.3976,7.39,7.3929,1065.3,80
2026-08-06 18:35:00+00:00,7.3928,7.3992,7.39,7.3926,861.1,170
2026-08-06 18:40:00+00:00,7.3913,7.3924,7.38,7.38,671.8,64
2026-08-06 18:45:00+00:00,7.38,7.3856,7.38,7.38,634.9,37
2026-08-06 18:50:00+00:00,7.38,7.3847,7.38,7.38,598.0,31
2026-08-06 18:55:00+00:00,7.38,7.3841,7.3612,7.3615,1230.8,154
2026-08-06 19:00:00+00:00,7.3667,7.3687,7.36,7.36,1055.1,135
2026-08-06 19:05:00+00:00,7.3633,7.3687,7.3578,7.3629,893.5,117
2026-08-06 19:10:00+00:00,7.3616,7.3742,7.355,7.3614,1554.9,195
2026-08-06 19:15:00+00:00,7.3632,7.3765,7.3515,7.3515,1539.2,183
2026-08-06 19:20:00+00:00,7.3515,7.3716,7.3503,7.3654,1255.9,233
2026-08-06 19:25:00+00:00,7.369,7.3701,7.3401,7.3401,837.3,135
2026-08-06 19:30:00+00:00,7.3435,7.3633,7.34,7.3499,2980.7,281
2026-08-06 19:35:00+00:00,7.3499,7.3576,7.3408,7.3441,1373.9,226
2026-08-06 19:40:00+00:00,7.3465,7.3488,7.3234,7.3234,1417.3,127
2026-08-06 19:45:00+00:00,7.3268,7.3393,7.3229,7.3241,2434.0,220
2026-08-06 19:50:00+00:00,7.3249,7.3385,7.3202,7.3385,1295.7,228
2026-08-06 19:55:00+00:00,7.3385,7.3538,7.3195,7.3228,1415.0,190
2026-08-06 20:00:00+00:00,7.3252,7.3288,7.3121,7.3129,1041.7,208
2026-08-06 20:05:00+00:00,7.3126,7.3277,7.3121,7.3207,1319.0,167
2026-08-06 20:10:00+00:00,7.3207,7.3231,7.312,7.312,658.8,72
2026-08-06 20:15:00+00:00,7.312,7.3215,7.3001,7.3111,2098.8,214
2026-08-06 20:20:00+00:00,7.3051,7.3087,7.3,7.3022,1638.8,202
2026-08-06 20:25:00+00:00,7.3021,7.3099,7.298,7.2982,1758.6,188
2026-08-06 20:30:00+00:00,7.2982,7.3125,7.294,7.3033,1715.3,243
2026-08-06 20:35:00+00:00,7.3037,7.3104,7.3,7.3004,1020.9,169
2026-08-06 20:40:00+00:00,7.3012,7.3053,7.2864,7.2905,1082.3,151
2026-08-06 20:45:00+00:00,7.2905,7.3027,7.2823,7.2921,3437.2,182
2026-08-06 20:50:00+00:00,7.2967,7.3,7.29,7.29,761.1,86
2026-08-06 20:55:00+00:00,7.291,7.2951,7.285,7.285,1579.3,89
2026-08-06 21:00:00+00:00,7.2889,7.2907,7.285,7.285,821.5,61
2026-08-06 21:05:00+00:00,7.285,7.3,7.285,7.2876,1872.2,170
2026-08-06 21:10:00+00:00,7.2851,7.2922,7.2807,7.2906,830.7,75
2026-08-06 21:15:00+00:00,7.29,7.2941,7.2768,7.2813,917.8,132
2026-08-06 21:20:00+00:00,7.278,7.2833,7.274,7.274,1032.0,68
2026-08-06 21:25:00+00:00,7.274,7.29,7.274,7.2848,1959.8,105
2026-08-06 21:30:00+00:00,7.2843,7.2912,7.2784,7.2847,1312.4,120
2026-08-06 21:35:00+00:00,7.2847,7.2847,7.2691,7.2739,946.2,124
2026-08-06 21:40:00+00:00,7.2692,7.2748,7.267,7.2673,1578.2,115
2026-08-06 21:45:00+00:00,7.2675,7.2725,7.267,7.2685,625.8,34
2026-08-06 21:50:00+00:00,7.2693,7.2762,7.267,7.2672,860.6,72
2026-08-06 21:55:00+00:00,7.2707,7.276,7.267,7.2675,2698.1,106
2026-08-06 22:00:00+00:00,7.2723,7.2856,7.2671,7.2777,3733.7,140
2026-08-06 22:05:00+00:00,7.2833,7.322,7.282,7.3159,4626.6,532
2026-08-06 22:10:00+00:00,7.3187,7.3254,7.3122,7.3165,1673.6,316
2026-08-06 22:15:00+00:00,7.3107,7.3134,7.2941,7.2966,2149.5,366
2026-08-06 22:20:00+00:00,7.2928,7.3036,7.2755,7.2755,1796.8,374
2026-08-06 22:25:00+00:00,7.276,7.2814,7.267,7.2717,1634.2,386
2026-08-06 22:30:00+00:00,7.2736,7.2781,7.2639,7.2713,3155.2,461
2026-08-06 22:35:00+00:00,7.2716,7.279,7.2644,7.2731,1699.8,498
2026-08-06 22:40:00+00:00,7.2733,7.2837,7.2691,7.2797,1731.5,486
2026-08-06 22:45:00+00:00,7.2744,7.2878,7.2666,7.2878,1663.5,514
2026-08-06 22:50:00+00:00,7.2862,7.308,7.2838,7.3067,2257.7,583
2026-08-06 22:55:00+00:00,7.3031,7.3078,7.2878,7.3003,2910.3,468
2026-08-06 23:00:00+00:00,7.2953,7.3024,7.2762,7.2825,2479.4,246
2026-08-06 23:05:00+00:00,7.277,7.3008,7.272,7.2829,6910.7,236
2026-08-06 23:10:00+00:00,7.2847,7.2864,7.2681,7.2761,2032.6,215
2026-08-06 23:15:00+00:00,7.2744,7.2785,7.2642,7.2675,2613.3,314
2026-08-06 23:20:00+00:00,7.2686,7.2783,7.264,7.2747,3912.1,365
2026-08-06 23:25:00+00:00,7.2743,7.2748,7.2639,7.2673,1652.9,185
2026-08-06 23:30:00+00:00,7.2673,7.268,7.2639,7.2639,1907.3,182
2026-08-06 23:35:00+00:00,7.2639,7.268,7.259,7.259,3521.2,167
2026-08-06 23:40:00+00:00,7.259,7.2677,7.259,7.261,5752.1,197
2026-08-06 23:45:00+00:00,7.2646,7.2827,7.2602,7.2822,3994.1,153
2026-08-06 23:50:00+00:00,7.2831,7.2895,7.27,7.2701,2402.4,92
2026-08-06 23:55:00+00:00,7.2751,7.2927,7.2731,7.2864,1486.8,261
2026-08-07 00:00:00+00:00,7.288,7.32,7.288,7.3172,5288.0,287
2026-08-07 00:05:00+00:00,7.3199,7.3232,7.3129,7.3135,2514.3,140
2026-08-07 00:10:00+00:00,7.3131,7.3608,7.3131,7.3449,8345.1,334
2026-08-07 00:15:00+00:00,7.3425,7.3467,7.3412,7.3433,290.5,31
2026-08-07 00:20:00+00:00,7.341,7.3651,7.3158,7.361,4390.4,294
2026-08-07 00:25:00+00:00,7.3644,7.3949,7.3545,7.3898,4954.4,330
2026-08-07 00:30:00+00:00,7.3898,7.3928,7.38,7.3857,2014.6,149
2026-08-07 00:35:00+00:00,7.3856,7.3856,7.3749,7.3772,1305.2,109
2026-08-07 00:40:00+00:00,7.377,7.3806,7.3721,7.3799,1959.5,125
2026-08-07 00:45:00+00:00,7.38,7.38,7.3718,7.3796,1573.4,110
2026-08-07 00:50:00+00:00,7.3765,7.3854,7.3738,7.3802,3858.2,127
2026-08-07 00:55:00+00:00,7.3802,7.3852,7.3761,7.3761,1211.6,33
2026-08-07 01:00:00+00:00,7.379,7.3863,7.3734,7.38,1611.4,107
2026-08-07 01:05:00+00:00,7.3768,7.38,7.3733,7.375,1001.8,40
2026-08-07 01:10:00+00:00,7.37,7.37,7.3431,7.3536,3502.3,123
2026-08-07 01:15:00+00:00,7.3539,7.3539,7.347,7.3511,416.2,34
2026-08-07 01:20:00+00:00,7.3482,7.3581,7.3475,7.3526,1116.7,58
2026-08-07 01:25:00+00:00,7.351,7.387,7.351,7.3724,12260.2,264
2026-08-07 01:30:00+00:00,7.3734,7.4184,7.372,7.4176,38862.0,973
2026-08-07 01:35:00+00:00,7.4176,7.4733,7.4108,7.452,24678.9,816
2026-08-07 01:40:00+00:00,7.4521,7.4599,7.3701,7.382,27637.3,658
2026-08-07 01:45:00+00:00,7.3798,7.3838,7.3101,7.3425,34475.0,693
2026-08-07 01:50:00+00:00,7.3436,7.3734,7.3235,7.3672,18740.9,474
2026-08-07 01:55:00+00:00,7.3672,7.4282,7.3567,7.3736,46119.8,695
2026-08-07 02:00:00+00:00,7.3754,7.4045,7.3489,7.3666,45864.2,954
2026-08-07 02:05:00+00:00,7.3686,7.395,7.3506,7.3548,12667.8,250
2026-08-07 02:10:00+00:00,7.3618,7.3698,7.343,7.3499,9083.0,245
2026-08-07 02:15:00+00:00,7.3493,7.3845,7.347,7.3836,34510.2,455
2026-08-07 02:20:00+00:00,7.3844,7.4251,7.3753,7.4232,19516.8,585
2026-08-07 02:25:00+00:00,7.4232,7.427,7.3844,7.4099,23693.5,815
2026-08-07 02:30:00+00:00,7.4115,7.4341,7.4052,7.4115,12022.7,377
2026-08-07 02:35:00+00:00,7.4131,7.4397,7.4116,7.4229,9091.5,444
2026-08-07 02:40:00+00:00,7.425,7.4548,7.4166,7.4321,19356.6,753
2026-08-07 02:45:00+00:00,7.434,7.4394,7.4,7.4005,8039.7,400
2026-08-07 02:50:00+00:00,7.4064,7.4528,7.4001,7.4331,8997.1,389
2026-08-07 02:55:00+00:00,7.4353,7.4384,7.4228,7.4312,11738.7,239
2026-08-07 03:00:00+00:00,7.4268,7.428,7.4023,7.4121,16804.3,253
2026-08-07 03:05:00+00:00,7.4151,7.4486,7.4101,7.4416,30245.7,721
2026-08-07 03:10:00+00:00,7.4427,7.4549,7.4371,7.453,13205.9,336
2026-08-07 03:15:00+00:00,7.4523,7.465,7.4523,7.4579,8899.4,262
2026-08-07 03:20:00+00:00,7.458,7.4767,7.4578,7.472,10173.8,237
2026-08-07 03:25:00+00:00,7.4749,7.4865,7.472,7.4801,14360.1,364
2026-08-07 03:30:00+00:00,7.4801,7.4801,7.4287,7.4287,19000.0,613
2026-08-07 03:35:00+00:00,7.4307,7.4374,7.4229,7.4302,6995.8,125
2026-08-07 03:40:00+00:00,7.4318,7.4555,7.4302,7.445,9585.7,275
2026-08-07 03:45:00+00:00,7.4452,7.45,7.4358,7.4362,5267.0,239
2026-08-07 03:50:00+00:00,7.4412,7.4412,7.4318,7.432,5906.7,177
2026-08-07 03:55:00+00:00,7.4318,7.4403,7.4289,7.4325,9736.7,207
2026-08-07 04:00:00+00:00,7.433,7.433,7.4,7.4042,21129.8,356
2026-08-07 04:05:00+00:00,7.407,7.4096,7.395,7.4035,6575.2,124
2026-08-07 04:10:00+00:00,7.4,7.4026,7.378,7.3804,14295.1,214
2026-08-07 04:15:00+00:00,7.3805,7.3817,7.3465,7.3552,10477.8,379
2026-08-07 04:20:00+00:00,7.3552,7.3571,7.3305,7.335,7306.0,276
2026-08-07 04:25:00+00:00,7.3349,7.3671,7.325,7.3499,16415.1,768
2026-08-07 04:30:00+00:00,7.351,7.3671,7.345,7.3487,7833.9,536
2026-08-07 04:35:00+00:00,7.3484,7.3507,7.3224,7.325,10400.6,522
2026-08-07 04:40:00+00:00,7.3244,7.3319,7.3061,7.316,6756.7,313
2026-08-07 04:45:00+00:00,7.3148,7.32,7.2898,7.3041,14360.9,955
2026-08-07 04:50:00+00:00,7.302,7.3097,7.2854,7.3053,11177.2,475
2026-08-07 04:55:00+00:00,7.3052,7.3228,7.2969,7.3127,14216.5,524
2026-08-07 05:00:00+00:00,7.3088,7.3731,7.3062,7.35,70299.2,1254
2026-08-07 05:05:00+00:00,7.3496,7.407,7.3468,7.3872,36406.7,661
2026-08-07 05:10:00+00:00,7.3849,7.4365,7.38,7.4266,25199.9,457
2026-08-07 05:15:00+00:00,7.4247,7.4398,7.4089,7.409,13521.7,278
2026-08-07 05:20:00+00:00,7.409,7.4497,7.402,7.4371,18638.9,353
2026-08-07 05:25:00+00:00,7.4371,7.468,7.4257,7.4392,21271.5,467
2026-08-07 05:30:00+00:00,7.4411,7.4728,7.396,7.4641,22267.7,464
2026-08-07 05:35:00+00:00,7.4739,7.489,7.448,7.448,20642.8,333
2026-08-07 05:40:00+00:00,7.448,7.4703,7.4434,7.45,16099.9,289
2026-08-07 05:45:00+00:00,7.4474,7.4717,7.437,7.4596,28014.3,593
2026-08-07 05:50:00+00:00,7.4586,7.4586,7.4134,7.4145,30418.1,505
2026-08-07 05:55:00+00:00,7.4137,7.4899,7.3923,7.4462,125823.4,1752
2026-08-07 06:00:00+00:00,7.446,7.446,7.3846,7.3877,35438.7,458
2026-08-07 06:05:00+00:00,7.3877,7.396,7.3686,7.3912,22691.4,354
2026-08-07 06:10:00+00:00,7.3866,7.4219,7.3847,7.3901,35025.2,527
2026-08-07 06:15:00+00:00,7.3917,7.4222,7.3829,7.41,39742.6,785
2026-08-07 06:20:00+00:00,7.4101,7.4777,7.4038,7.4244,37503.3,812
2026-08-07 06:25:00+00:00,7.4211,7.44,7.4,7.411,35729.2,771
2026-08-07 06:30:00+00:00,7.4113,7.4299,7.3907,7.4151,26773.2,736
2026-08-07 06:35:00+00:00,7.4164,7.4202,7.38,7.3934,35974.9,675
2026-08-07 06:40:00+00:00,7.3897,7.3966,7.37,7.3824,33209.2,553
2026-08-07 06:45:00+00:00,7.3781,7.3916,7.3653,7.3654,21651.1,544
2026-08-07 06:50:00+00:00,7.371,7.3802,7.3513,7.3623,23777.3,459
2026-08-07 06:55:00+00:00,7.361,7.4058,7.3605,7.3992,29241.8,741
2026-08-07 07:00:00+00:00,7.3958,7.3959,7.3151,7.3527,37490.5,1291
2026-08-07 07:05:00+00:00,7.3533,7.3578,7.3125,7.3399,15004.3,610
2026-08-07 07:10:00+00:00,7.3354,7.3599,7.3295,7.3529,9629.7,427
2026-08-07 07:15:00+00:00,7.348,7.3728,7.324,7.3431,12081.5,458
2026-08-07 07:20:00+00:00,7.3477,7.354,7.33,7.3301,6383.2,181
2026-08-07 07:25:00+00:00,7.3321,7.3444,7.3105,7.3425,9833.2,269
2026-08-07 07:30:00+00:00,7.3401,7.3557,7.3366,7.3453,7060.2,148
2026-08-07 07:35:00+00:00,7.3499,7.3786,7.3452,7.3601,13480.1,223
2026-08-07 07:40:00+00:00,7.365,7.365,7.3324,7.3436,7123.5,127
2026-08-07 07:45:00+00:00,7.3436,7.347,7.32,7.3224,5141.6,115
2026-08-07 07:50:00+00:00,7.3224,7.3302,7.3113,7.3182,6655.5,158
2026-08-07 07:55:00+00:00,7.3234,7.343,7.3185,7.3399,7581.3,173
2026-08-07 08:00:00+00:00,7.3326,7.3797,7.3111,7.3748,9655.2,332
2026-08-07 08:05:00+00:00,7.3795,7.3795,7.3445,7.3445,2573.5,134
2026-08-07 08:10:00+00:00,7.3474,7.3695,7.3457,7.356,6949.4,95
2026-08-07 08:15:00+00:00,7.3602,7.37,7.3544,7.366,5956.1,391
2026-08-07 08:20:00+00:00,7.3657,7.3682,7.3575,7.3649,1875.3,180
2026-08-07 08:25:00+00:00,7.3664,7.3682,7.3493,7.3507,3172.5,313
2026-08-07 08:30:00+00:00,7.3509,7.3554,7.3401,7.3533,1325.3,142
2026-08-07 08:35:00+00:00,7.3478,7.3543,7.34,7.3463,1022.2,103
2026-08-07 08:40:00+00:00,7.35,7.3635,7.3448,7.3586,4348.8,149
2026-08-07 08:45:00+00:00,7.3625,7.3631,7.346,7.3594,3352.1,116
2026-08-07 08:50:00+00:00,7.3537,7.3544,7.3275,7.3275,1037.0,86
2026-08-07 08:55:00+00:00,7.3277,7.3436,7.3277,7.3413,3712.2,194
2026-08-07 09:00:00+00:00,7.3428,7.3482,7.3333,7.34,4079.5,193
2026-08-07 09:05:00+00:00,7.3448,7.3571,7.324,7.3281,2871.7,256
2026-08-07 09:10:00+00:00,7.3325,7.3393,7.3258,7.3258,2017.2,169
2026-08-07 09:15:00+00:00,7.3262,7.3413,7.3256,7.3317,4692.5,269
2026-08-07 09:20:00+00:00,7.3302,7.3381,7.3279,7.3365,3496.5,241
2026-08-07 09:25:00+00:00,7.3369,7.3525,7.3365,7.3468,2415.7,342
2026-08-07 09:30:00+00:00,7.3433,7.356,7.341,7.3502,1422.8,308
2026-08-07 09:35:00+00:00,7.3507,7.358,7.3472,7.3481,1076.1,258
2026-08-07 09:40:00+00:00,7.3523,7.3699,7.3287,7.339,14713.8,832
2026-08-07 09:45:00+00:00,7.3424,7.3493,7.335,7.3385,943.7,140
2026-08-07 09:50:00+00:00,7.3381,7.3427,7.3333,7.3398,4802.1,79
2026-08-07 09:55:00+00:00,7.3353,7.3391,7.324,7.3304,10460.2,209
2026-08-07 10:00:00+00:00,7.3292,7.3453,7.329,7.3386,1400.7,153
2026-08-07 10:05:00+00:00,7.3346,7.3414,7.3265,7.3265,1071.7,166
2026-08-07 10:10:00+00:00,7.3289,7.3427,7.3268,7.3368,1527.5,113
2026-08-07 10:15:00+00:00,7.3371,7.3462,7.3366,7.3366,2162.4,175
2026-08-07 10:20:00+00:00,7.3367,7.346,7.3366,7.3418,730.9,77
2026-08-07 10:25:00+00:00,7.3403,7.3442,7.3367,7.34,1012.7,42
2026-08-07 10:30:00+00:00,7.3407,7.3551,7.3369,7.3369,3225.0,90
2026-08-07 10:35:00+00:00,7.3353,7.336,7.3308,7.3332,664.0,36
2026-08-07 10:40:00+00:00,7.3347,7.37,7.3329,7.3564,10596.5,632
2026-08-07 10:45:00+00:00,7.3566,7.3566,7.324,7.33,7009.0,125
2026-08-07 10:50:00+00:00,7.3284,7.3612,7.3245,7.3574,5450.8,149
2026-08-07 10:55:00+00:00,7.3521,7.3694,7.3515,7.3688,5189.5,134
2026-08-07 11:00:00+00:00,7.3658,7.3739,7.3557,7.3582,2959.4,99
2026-08-07 11:05:00+00:00,7.3582,7.365,7.3557,7.3605,1963.0,235
2026-08-07 11:10:00+00:00,7.3622,7.3684,7.3517,7.3636,3371.0,123
2026-08-07 11:15:00+00:00,7.3626,7.3626,7.3515,7.3515,3075.0,95
2026-08-07 11:20:00+00:00,7.3515,7.3599,7.34,7.34,15232.1,210
2026-08-07 11:25:00+00:00,7.34,7.3547,7.3301,7.3401,6640.7,276
2026-08-07 11:30:00+00:00,7.3393,7.3408,7.3342,7.3365,390.9,55
2026-08-07 11:35:00+00:00,7.3364,7.3407,7.3339,7.3381,2443.6,52
2026-08-07 11:40:00+00:00,7.3375,7.3375,7.3286,7.3344,6075.0,153
2026-08-07 11:45:00+00:00,7.3353,7.3474,7.33,7.3446,1106.6,48
2026-08-07 11:50:00+00:00,7.3436,7.347,7.3391,7.3418,716.9,26
2026-08-07 11:55:00+00:00,7.3413,7.3444,7.3405,7.3422,274.6,27
2026-08-07 12:00:00+00:00,7.342,7.3549,7.338,7.3523,2481.6,50
2026-08-07 12:05:00+00:00,7.3503,7.3529,7.3448,7.3486,712.1,23
2026-08-07 12:10:00+00:00,7.3496,7.3499,7.3475,7.3475,201.5,13
2026-08-07 12:15:00+00:00,7.3433,7.3471,7.334,7.334,967.1,65
2026-08-07 12:20:00+00:00,7.3362,7.3367,7.33,7.335,247.4,31
2026-08-07 12:25:00+00:00,7.3351,7.3631,7.3351,7.3625,1285.8,55
2026-08-07 12:30:00+00:00,7.3607,7.3689,7.3421,7.3438,1577.3,133
2026-08-07 12:35:00+00:00,7.3465,7.3566,7.345,7.3546,395.5,49
2026-08-07 12:40:00+00:00,7.3567,7.3593,7.3286,7.3423,4019.7,138
2026-08-07 12:45:00+00:00,7.3385,7.36,7.3355,7.3517,1359.4,101
2026-08-07 12:50:00+00:00,7.3497,7.3497,7.3324,7.3391,3645.0,101
2026-08-07 12:55:00+00:00,7.3407,7.3447,7.331,7.331,758.8,97
2026-08-07 13:00:00+00:00,7.3346,7.341,7.3201,7.3308,8290.4,184
2026-08-07 13:05:00+00:00,7.3312,7.333,7.322,7.3241,1127.1,61
2026-08-07 13:10:00+00:00,7.3265,7.329,7.324,7.324,329.7,22
2026-08-07 13:15:00+00:00,7.3271,7.3364,7.3242,7.3356,280.3,42
2026-08-07 13:20:00+00:00,7.3349,7.3588,7.3345,7.3588,2814.4,77
2026-08-07 13:25:00+00:00,7.36,7.36,7.3428,7.3449,923.5,91
2026-08-07 13:30:00+00:00,7.3449,7.3538,7.3326,7.349,2989.5,210
2026-08-07 13:35:00+00:00,7.3461,7.3534,7.333,7.3462,3056.6,110
2026-08-07 13:40:00+00:00,7.34,7.36,7.3381,7.36,761.3,64
2026-08-07 13:45:00+00:00,7.3608,7.3645,7.3316,7.3421,2381.0,131
2026-08-07 13:50:00+00:00,7.3486,7.4147,7.3418,7.3418,9069.3,390
2026-08-07 13:55:00+00:00,7.3413,7.3413,7.3112,7.314,5053.4,104
2026-08-07 14:00:00+00:00,7.3162,7.34,7.3035,7.3296,20158.4,487
2026-08-07 14:05:00+00:00,7.3298,7.3363,7.2883,7.294,20550.1,1074
2026-08-07 14:10:00+00:00,7.2966,7.318,7.28,7.28,19817.1,2513
2026-08-07 14:15:00+00:00,7.2888,7.2958,7.273,7.2769,11340.8,473
2026-08-07 14:20:00+00:00,7.2769,7.2875,7.2698,7.27,7907.0,411
2026-08-07 14:25:00+00:00,7.2698,7.2927,7.2606,7.2738,4051.6,386
2026-08-07 14:30:00+00:00,7.273,7.3398,7.26,7.2674,9467.5,725
2026-08-07 14:35:00+00:00,7.266,7.2711,7.26,7.2645,1582.4,155
2026-08-07 14:40:00+00:00,7.262,7.2665,7.254,7.254,1697.8,60
2026-08-07 14:45:00+00:00,7.2579,7.264,7.2504,7.252,1241.1,107
2026-08-07 14:50:00+00:00,7.2525,7.262,7.2525,7.2525,3605.3,174
2026-08-07 14:55:00+00:00,7.2525,7.2591,7.2505,7.2525,5394.6,284
2026-08-07 15:00:00+00:00,7.2516,7.2589,7.2478,7.2515,10490.1,540
2026-08-07 15:05:00+00:00,7.2517,7.2641,7.2474,7.2549,8109.7,750
2026-08-07 15:10:00+00:00,7.2527,7.2631,7.251,7.2536,5299.4,293
2026-08-07 15:15:00+00:00,7.2532,7.2554,7.25,7.25,4062.6,135
2026-08-07 15:20:00+00:00,7.25,7.2575,7.242,7.2547,7543.6,341
2026-08-07 15:25:00+00:00,7.2523,7.2905,7.2502,7.2773,3890.4,336
2026-08-07 15:30:00+00:00,7.278,7.2795,7.264,7.2702,3899.5,230
2026-08-07 15:35:00+00:00,7.2677,7.2677,7.2493,7.2507,1392.0,107
2026-08-07 15:40:00+00:00,7.2494,7.2566,7.2473,7.2535,1493.0,117
2026-08-07 15:45:00+00:00,7.2512,7.2591,7.2427,7.2591,2743.3,250
2026-08-07 15:50:00+00:00,7.2561,7.269,7.2515,7.2553,3437.7,332
2026-08-07 15:55:00+00:00,7.2576,7.2596,7.2487,7.2529,1298.6,161
2026-08-07 16:00:00+00:00,7.2495,7.2502,7.242,7.242,2708.4,124
2026-08-07 16:05:00+00:00,7.2451,7.27,7.242,7.2679,4929.9,478
2026-08-07 16:10:00+00:00,7.26,7.26,7.2421,7.2424,1173.9,96
2026-08-07 16:15:00+00:00,7.2437,7.2458,7.2287,7.2287,3357.2,79
2026-08-07 16:20:00+00:00,7.2323,7.2348,7.21,7.2143,2377.5,201
2026-08-07 16:25:00+00:00,7.2107,7.2168,7.2042,7.2128,2463.0,207
2026-08-07 16:30:00+00:00,7.2145,7.2148,7.2046,7.2089,1882.0,130
2026-08-07 16:35:00+00:00,7.208,7.2136,7.2,7.2,1436.8,58
2026-08-07 16:40:00+00:00,7.2,7.203,7.1793,7.1828,7136.1,197
2026-08-07 16:45:00+00:00,7.1809,7.187,7.173,7.1781,3577.1,212
2026-08-07 16:50:00+00:00,7.1738,7.18,7.173,7.1773,6125.0,203
2026-08-07 16:55:00+00:00,7.1775,7.1831,7.1744,7.1788,1409.0,97
2026-08-07 17:00:00+00:00,7.1782,7.2109,7.1742,7.1976,9883.2,492
2026-08-07 17:05:00+00:00,7.1982,7.2153,7.1885,7.2142,5020.4,393
2026-08-07 17:10:00+00:00,7.2144,7.2284,7.2001,7.2001,5309.9,434
2026-08-07 17:15:00+00:00,7.2005,7.2009,7.1806,7.2009,6156.1,100
2026-08-07 17:20:00+00:00,7.1956,7.2013,7.186,7.1923,2772.9,78
2026-08-07 17:25:00+00:00,7.1911,7.1913,7.1811,7.1811,1019.9,39
2026-08-07 17:30:00+00:00,7.1824,7.1928,7.1823,7.1825,967.9,44
2026-08-07 17:35:00+00:00,7.1822,7.1909,7.1806,7.1882,1084.9,60
2026-08-07 17:40:00+00:00,7.1899,7.1916,7.1808,7.1808,925.2,40
2026-08-07 17:45:00+00:00,7.1843,7.1975,7.1822,7.1911,1230.9,128
2026-08-07 17:50:00+00:00,7.1912,7.1963,7.191,7.1961,1032.6,48
2026-08-07 17:55:00+00:00,7.1919,7.1982,7.1911,7.1919,975.5,46
2026-08-07 18:00:00+00:00,7.1919,7.1976,7.191,7.1911,1423.6,30
2026-08-07 18:05:00+00:00,7.1911,7.1951,7.191,7.191,2454.9,32
2026-08-07 18:10:00+00:00,7.1875,7.1875,7.1845,7.185,832.6,17
2026-08-07 18:15:00+00:00,7.1851,7.189,7.185,7.185,853.2,16
2026-08-07 18:20:00+00:00,7.185,7.1854,7.185,7.185,832.6,12
2026-08-07 18:25:00+00:00,7.185,7.1863,7.185,7.185,864.0,19
2026-08-07 18:30:00+00:00,7.185,7.1866,7.185,7.185,846.8,14
2026-08-07 18:35:00+00:00,7.185,7.1883,7.185,7.185,888.6,22
2026-08-07 18:40:00+00:00,7.185,7.185,7.1806,7.1807,1078.0,20
2026-08-07 18:45:00+00:00,7.1806,7.183,7.1686,7.1725,3194.8,80
2026-08-07 18:50:00+00:00,7.1725,7.1725,7.1575,7.162,1293.9,73
2026-08-07 18:55:00+00:00,7.1585,7.1596,7.1501,7.1531,4605.3,97
2026-08-07 19:00:00+00:00,7.1577,7.1809,7.1545,7.1722,2954.7,124
2026-08-07 19:05:00+00:00,7.1729,7.175,7.1672,7.1732,1333.4,50
2026-08-07 19:10:00+00:00,7.1741,7.1782,7.1669,7.178,4248.6,81
2026-08-07 19:15:00+00:00,7.1775,7.179,7.1659,7.1659,1362.2,53
2026-08-07 19:20:00+00:00,7.1668,7.1721,7.1629,7.164,1546.9,51
2026-08-07 19:25:00+00:00,7.1605,7.1605,7.151,7.1511,1899.6,43
2026-08-07 19:30:00+00:00,7.1511,7.1628,7.151,7.1604,2465.6,78
2026-08-07 19:35:00+00:00,7.1597,7.1659,7.1581,7.1651,1438.2,56
2026-08-07 19:40:00+00:00,7.1659,7.1659,7.1564,7.1564,972.1,34
2026-08-07 19:45:00+00:00,7.1537,7.1583,7.151,7.151,1658.3,87
2026-08-07 19:50:00+00:00,7.1512,7.1552,7.151,7.152,2622.4,107
2026-08-07 19:55:00+00:00,7.1525,7.1627,7.151,7.1544,4247.0,140
2026-08-07 20:00:00+00:00,7.1543,7.2109,7.151,7.2109,3976.2,324
2026-08-07 20:05:00+00:00,7.2108,7.2142,7.1928,7.2015,5374.0,302
2026-08-07 20:10:00+00:00,7.2,7.2,7.1535,7.1548,7560.5,604
2026-08-07 20:15:00+00:00,7.1548,7.2063,7.151,7.2018,7262.5,808
2026-08-07 20:20:00+00:00,7.2046,7.2093,7.1562,7.1637,5191.1,665
2026-08-07 20:25:00+00:00,7.1567,7.1625,7.1525,7.1569,1385.2,130
2026-08-07 20:30:00+00:00,7.1526,7.178,7.1512,7.1681,3693.9,165
2026-08-07 20:35:00+00:00,7.1667,7.1786,7.1667,7.1743,992.1,50
2026-08-07 20:40:00+00:00,7.174,7.1765,7.1555,7.1557,2149.9,133
2026-08-07 20:45:00+00:00,7.1557,7.1628,7.1555,7.157,1065.2,36
2026-08-07 20:50:00+00:00,7.1591,7.1622,7.1544,7.1547,1331.0,65
2026-08-07 20:55:00+00:00,7.1559,7.1586,7.151,7.151,954.8,64
2026-08-07 21:00:00+00:00,7.1552,7.159,7.151,7.1549,1066.0,83
2026-08-07 21:05:00+00:00,7.151,7.1512,7.151,7.1512,852.6,12
2026-08-07 21:10:00+00:00,7.151,7.1562,7.151,7.1549,880.0,31
2026-08-07 21:15:00+00:00,7.1511,7.1511,7.15,7.15,897.9,19
2026-08-07 21:20:00+00:00,7.15,7.15,7.1439,7.1439,1995.0,34
2026-08-07 21:25:00+00:00,7.1438,7.148,7.1376,7.1376,2699.3,73
2026-08-07 21:30:00+00:00,7.1379,7.1568,7.137,7.137,1853.6,127
2026-08-07 21:35:00+00:00,7.1377,7.1411,7.1367,7.1371,857.6,20
2026-08-07 21:40:00+00:00,7.1398,7.1451,7.1342,7.136,1906.3,115
2026-08-07 21:45:00+00:00,7.1358,7.1434,7.1344,7.1432,2743.3,85
2026-08-07 21:50:00+00:00,7.139,7.1432,7.1348,7.1351,1167.8,72
2026-08-07 21:55:00+00:00,7.1346,7.189,7.1344,7.1678,7099.5,646
2026-08-07 22:00:00+00:00,7.1687,7.1996,7.156,7.1659,7499.9,795
2026-08-07 22:05:00+00:00,7.1649,7.165,7.1341,7.1463,8233.2,668
2026-08-07 22:10:00+00:00,7.1441,7.1766,7.1385,7.1642,6804.5,805
2026-08-07 22:15:00+00:00,7.1688,7.1826,7.14,7.1631,6214.2,1069
2026-08-07 22:20:00+00:00,7.164,7.164,7.1341,7.1406,3565.8,438
2026-08-07 22:25:00+00:00,7.1358,7.1566,7.1341,7.1414,10112.6,1034
2026-08-07 22:30:00+00:00,7.1386,7.1555,7.1341,7.1343,4965.1,872
2026-08-07 22:35:00+00:00,7.1368,7.14,7.1255,7.1255,7450.5,101
2026-08-07 22:40:00+00:00,7.1255,7.1297,7.12,7.1224,5206.3,471
2026-08-07 22:45:00+00:00,7.12,7.1278,7.12,7.12,4916.0,102
2026-08-07 22:50:00+00:00,7.12,7.1243,7.1192,7.1193,2715.7,45
2026-08-07 22:55:00+00:00,7.1194,7.1236,7.1149,7.1195,1285.8,65
2026-08-07 23:00:00+00:00,7.1159,7.1216,7.1148,7.1151,1139.4,47
2026-08-07 23:05:00+00:00,7.1159,7.1179,7.11,7.11,2344.7,61
2026-08-07 23:10:00+00:00,7.11,7.11,7.11,7.11,870.5,13
2026-08-07 23:15:00+00:00,7.11,7.1185,7.11,7.1184,931.4,21
2026-08-07 23:20:00+00:00,7.1148,7.1172,7.1028,7.1052,2745.6,141
2026-08-07 23:25:00+00:00,7.1028,7.1346,7.1001,7.117,7633.6,603
2026-08-07 23:30:00+00:00,7.1165,7.1599,7.109,7.157,4718.5,879
2026-08-07 23:35:00+00:00,7.1599,7.1677,7.1008,7.1112,6433.9,305
2026-08-07 23:40:00+00:00,7.1126,7.1366,7.1056,7.1105,6821.8,798
2026-08-07 23:45:00+00:00,7.1107,7.1129,7.1008,7.1033,1449.6,46
2026-08-07 23:50:00+00:00,7.1093,7.1145,7.1008,7.1011,1309.8,61
2026-08-07 23:55:00+00:00,7.1003,7.1071,7.1002,7.1055,922.6,39
2026-08-08 00:00:00+00:00,7.1056,7.1081,7.1001,7.1012,5519.5,92
2026-08-08 00:05:00+00:00,7.1012,7.11,7.1001,7.1038,1489.2,115
2026-08-08 00:10:00+00:00,7.1035,7.1083,7.103,7.1083,1272.0,18
2026-08-08 00:15:00+00:00,7.1055,7.114,7.1055,7.112,2620.9,86
2026-08-08 00:20:00+00:00,7.1116,7.1366,7.1116,7.1366,282.8,36
2026-08-08 00:25:00+00:00,7.1399,7.1438,7.1361,7.1428,3339.2,73
2026-08-08 00:30:00+00:00,7.1392,7.14,7.1366,7.1366,103.9,10
2026-08-08 00:35:00+00:00,7.1359,7.1386,7.1259,7.1259,3120.1,91
2026-08-08 00:40:00+00:00,7.1273,7.1311,7.1259,7.1288,223.0,20
2026-08-08 00:45:00+00:00,7.1256,7.1257,7.1175,7.1175,576.4,32
2026-08-08 00:50:00+00:00,7.1179,7.127,7.1179,7.1251,191.7,17
2026-08-08 00:55:00+00:00,7.124,7.13,7.1216,7.13,378.0,22
2026-08-08 01:00:00+00:00,7.1259,7.1348,7.1218,7.1321,701.9,61
2026-08-08 01:05:00+00:00,7.1349,7.1367,7.1275,7.1275,3380.1,56
2026-08-08 01:10:00+00:00,7.1348,7.1367,7.1329,7.1367,684.5,24
2026-08-08 01:15:00+00:00,7.1322,7.1322,7.123,7.1287,651.8,30
2026-08-08 01:20:00+00:00,7.1227,7.1247,7.1217,7.1247,246.8,6
2026-08-08 01:25:00+00:00,7.1287,7.1349,7.1272,7.1333,706.7,42
2026-08-08 01:30:00+00:00,7.131,7.1349,7.131,7.1349,31.3,3
2026-08-08 01:35:00+00:00,7.1324,7.1367,7.1319,7.1325,2432.7,17
2026-08-08 01:40:00+00:00,7.1327,7.1367,7.1295,7.1367,606.9,17
2026-08-08 01:45:00+00:00,7.1364,7.1367,7.1364,7.1367,28.0,3
2026-08-08 01:50:00+00:00,7.1347,7.1367,7.1305,7.1309,1670.2,21
2026-08-08 01:55:00+00:00,7.1334,7.16,7.1334,7.16,8279.9,98
2026-08-08 02:00:00+00:00,7.1645,7.1725,7.1541,7.1541,688.1,38
2026-08-08 02:05:00+00:00,7.1504,7.1541,7.1102,7.1129,3170.9,221
2026-08-08 02:10:00+00:00,7.1146,7.119,7.1069,7.1083,3865.0,154
2026-08-08 02:15:00+00:00,7.1084,7.1254,7.1037,7.123,12191.0,722
2026-08-08 02:20:00+00:00,7.1197,7.132,7.1126,7.1279,14636.3,1146
2026-08-08 02:25:00+00:00,7.1242,7.1341,7.1096,7.1285,6025.4,527
2026-08-08 02:30:00+00:00,7.13,7.1319,7.116,7.1219,1650.6,88
2026-08-08 02:35:00+00:00,7.1258,7.1364,7.1225,7.1228,3280.2,97
2026-08-08 02:40:00+00:00,7.1267,7.1899,7.1267,7.1856,5198.4,390
2026-08-08 02:45:00+00:00,7.19,7.1941,7.1668,7.1842,1273.9,150
2026-08-08 02:50:00+00:00,7.1876,7.2039,7.1863,7.1985,3430.5,167
2026-08-08 02:55:00+00:00,7.2,7.214,7.1991,7.21,5796.5,338
2026-08-08 03:00:00+00:00,7.2082,7.21,7.2047,7.2073,1015.9,75
2026-08-08 03:05:00+00:00,7.2075,7.2156,7.205,7.2083,1529.2,66
2026-08-08 03:10:00+00:00,7.2133,7.2133,7.2048,7.2054,552.7,57
2026-08-08 03:15:00+00:00,7.209,7.2245,7.209,7.2191,1119.3,122
2026-08-08 03:20:00+00:00,7.2215,7.23,7.2163,7.23,1180.6,116
2026-08-08 03:25:00+00:00,7.226,7.2343,7.19,7.1994,5146.2,313
2026-08-08 03:30:00+00:00,7.1995,7.22,7.1937,7.22,550.6,78
2026-08-08 03:35:00+00:00,7.2172,7.2172,7.1622,7.1652,2979.5,333
2026-08-08 03:40:00+00:00,7.1677,7.19,7.1677,7.1867,498.2,90
2026-08-08 03:45:00+00:00,7.1849,7.2102,7.1849,7.21,1295.2,149
2026-08-08 03:50:00+00:00,7.2099,7.2279,7.2031,7.2031,2545.7,214
2026-08-08 03:55:00+00:00,7.2027,7.2173,7.2027,7.2152,1248.8,90
2026-08-08 04:00:00+00:00,7.2152,7.22,7.2141,7.2154,651.7,46
2026-08-08 04:05:00+00:00,7.2172,7.2193,7.2102,7.2193,819.2,93
2026-08-08 04:10:00+00:00,7.2196,7.23,7.2149,7.2266,661.8,50
2026-08-08 04:15:00+00:00,7.2224,7.239,7.2217,7.2383,1785.2,101
2026-08-08 04:20:00+00:00,7.2383,7.2438,7.2358,7.2411,678.9,51
2026-08-08 04:25:00+00:00,7.2411,7.2455,7.2385,7.2451,766.9,64
2026-08-08 04:30:00+00:00,7.2428,7.25,7.2386,7.25,4142.6,116
2026-08-08 04:35:00+00:00,7.25,7.2586,7.2482,7.2586,936.2,53
2026-08-08 04:40:00+00:00,7.2561,7.27,7.2518,7.2648,2314.6,114
2026-08-08 04:45:00+00:00,7.2679,7.2737,7.2638,7.2688,870.4,92
2026-08-08 04:50:00+00:00,7.2669,7.2739,7.25,7.2685,1359.6,106
2026-08-08 04:55:00+00:00,7.2706,7.28,7.2601,7.28,2958.3,129
2026-08-08 05:00:00+00:00,7.2775,7.2853,7.276,7.278,1651.7,125
2026-08-08 05:05:00+00:00,7.2771,7.2858,7.2708,7.279,1546.4,115
2026-08-08 05:10:00+00:00,7.278,7.2864,7.2743,7.2864,656.9,55
2026-08-08 05:15:00+00:00,7.287,7.3,7.2832,7.2868,5548.1,152
2026-08-08 05:20:00+00:00,7.284,7.284,7.2665,7.2721,336.0,44
2026-08-08 05:25:00+00:00,7.2716,7.2716,7.2091,7.2091,11912.8,363
2026-08-08 05:30:00+00:00,7.2091,7.2167,7.2028,7.2047,4291.8,103
2026-08-08 05:35:00+00:00,7.2061,7.224,7.2019,7.2065,1381.3,76
2026-08-08 05:40:00+00:00,7.2049,7.2116,7.1882,7.207,3219.4,196
2026-08-08 05:45:00+00:00,7.2142,7.228,7.2039,7.222,2768.2,125
2026-08-08 05:50:00+00:00,7.2144,7.219,7.2144,7.219,289.5,12
2026-08-08 05:55:00+00:00,7.22,7.2284,7.22,7.2245,573.0,25
2026-08-08 06:00:00+00:00,7.2243,7.2286,7.2174,7.2243,496.0,53
2026-08-08 06:05:00+00:00,7.2212,7.2251,7.2177,7.2238,2154.0,47
2026-08-08 06:10:00+00:00,7.2218,7.23,7.2201,7.23,230.1,34
2026-08-08 06:15:00+00:00,7.2343,7.2465,7.2343,7.2465,778.9,52
2026-08-08 06:20:00+00:00,7.2464,7.252,7.2402,7.2505,1267.1,53
2026-08-08 06:25:00+00:00,7.2505,7.2571,7.249,7.2563,95.6,22
2026-08-08 06:30:00+00:00,7.2563,7.2596,7.2328,7.2374,2473.2,90
2026-08-08 06:35:00+00:00,7.23,7.2375,7.2262,7.2375,115.0,25
2026-08-08 06:40:00+00:00,7.2375,7.2477,7.2313,7.2477,1067.5,95
2026-08-08 06:45:00+00:00,7.2498,7.26,7.2398,7.2476,3789.6,231
2026-08-08 06:50:00+00:00,7.2417,7.2443,7.1913,7.2066,7757.9,623
2026-08-08 06:55:00+00:00,7.2056,7.2062,7.1646,7.17,5092.1,422
2026-08-08 07:00:00+00:00,7.1755,7.1772,7.1637,7.1772,2523.4,225
2026-08-08 07:05:00+00:00,7.18,7.2,7.1795,7.2,1797.0,127
2026-08-08 07:10:00+00:00,7.2029,7.2049,7.1858,7.1927,2474.6,168
2026-08-08 07:15:00+00:00,7.1864,7.1908,7.1855,7.1908,142.4,17
2026-08-08 07:20:00+00:00,7.1906,7.2037,7.1806,7.2037,2053.9,78
2026-08-08 07:25:00+00:00,7.2063,7.2063,7.2022,7.2022,414.7,31
2026-08-08 07:30:00+00:00,7.2071,7.2349,7.2071,7.2347,3844.2,239
2026-08-08 07:35:00+00:00,7.2335,7.2373,7.2321,7.2321,189.9,44
2026-08-08 07:40:00+00:00,7.2267,7.2389,7.2069,7.2369,1932.8,96
2026-08-08 07:45:00+00:00,7.2341,7.25,7.1648,7.1922,11264.2,443
2026-08-08 07:50:00+00:00,7.1976,7.2021,7.1707,7.1764,4320.0,514
2026-08-08 07:55:00+00:00,7.176,7.184,7.1655,7.1814,2497.2,222
2026-08-08 08:00:00+00:00,7.1819,7.1898,7.1753,7.1812,913.6,110
2026-08-08 08:05:00+00:00,7.1824,7.1845,7.1812,7.1812,279.6,37
2026-08-08 08:10:00+00:00,7.1801,7.1842,7.1757,7.1842,576.5,53
2026-08-08 08:15:00+00:00,7.1878,7.1927,7.1832,7.1927,282.2,50
2026-08-08 08:20:00+00:00,7.1999,7.2119,7.1999,7.2105,537.2,35
2026-08-08 08:25:00+00:00,7.2184,7.2348,7.2151,7.2347,2122.2,110
2026-08-08 08:30:00+00:00,7.2354,7.238,7.2322,7.236,82.0,27
2026-08-08 08:35:00+00:00,7.2354,7.2354,7.2325,7.2325,485.9,6
2026-08-08 08:40:00+00:00,7.22,7.22,7.2038,7.209,659.2,52
2026-08-08 08:45:00+00:00,7.209,7.209,7.209,7.209,0.0,0
2026-08-08 08:50:00+00:00,7.209,7.209,7.209,7.209,0.0,0
2026-08-08 08:55:00+00:00,7.2156,7.2156,7.18,7.1897,1111.4,134
2026-08-08 09:00:00+00:00,7.1869,7.1899,7.1839,7.1879,301.0,35
2026-08-08 09:05:00+00:00,7.1959,7.2,7.1959,7.1983,118.2,13
2026-08-08 09:10:00+00:00,7.2,7.2159,7.2,7.2114,245.1,54
2026-08-08 09:15:00+00:00,7.2059,7.2154,7.2059,7.2154,110.5,22
2026-08-08 09:20:00+00:00,7.2151,7.2175,7.2151,7.2169,98.4,6
2026-08-08 09:25:00+00:00,7.22,7.2215,7.2038,7.2072,350.7,95
2026-08-08 09:30:00+00:00,7.2083,7.2172,7.2083,7.2172,711.2,94
2026-08-08 09:35:00+00:00,7.22,7.23,7.22,7.23,169.0,6
2026-08-08 09:40:00+00:00,7.23,7.23,7.23,7.23,0.0,0
2026-08-08 09:45:00+00:00,7.2347,7.2361,7.1862,7.2003,6844.6,472
2026-08-08 09:50:00+00:00,7.1951,7.1951,7.18,7.192,299.8,33
2026-08-08 09:55:00+00:00,7.1938,7.2123,7.1938,7.2105,1078.3,38
2026-08-08 10:00:00+00:00,7.2054,7.2258,7.2054,7.2255,506.3,55
2026-08-08 10:05:00+00:00,7.2232,7.228,7.2169,7.2191,572.5,97
2026-08-08 10:10:00+00:00,7.2191,7.2212,7.2001,7.2078,317.7,79
2026-08-08 10:15:00+00:00,7.2114,7.2136,7.177,7.1968,2455.8,284
2026-08-08 10:20:00+00:00,7.192,7.218,7.1918,7.218,298.0,28
2026-08-08 10:25:00+00:00,7.2178,7.22,7.2178,7.22,494.5,16
2026-08-08 10:30:00+00:00,7.2196,7.2197,7.2066,7.2161,555.4,105
2026-08-08 10:35:00+00:00,7.2198,7.2198,7.2159,7.2191,52.8,20
2026-08-08 10:40:00+00:00,7.22,7.2303,7.2131,7.2141,527.4,62
2026-08-08 10:45:00+00:00,7.2135,7.2149,7.1969,7.2098,517.5,55
2026-08-08 10:50:00+00:00,7.2052,7.2052,7.1854,7.1925,1880.4,131
2026-08-08 10:55:00+00:00,7.195,7.1958,7.195,7.1958,20.0,6
2026-08-08 11:00:00+00:00,7.1998,7.21,7.1998,7.21,575.9,68
2026-08-08 11:05:00+00:00,7.2198,7.22,7.2198,7.22,32.1,2
2026-08-08 11:10:00+00:00,7.228,7.23,7.2153,7.2198,206.1,46
2026-08-08 11:15:00+00:00,7.2164,7.2168,7.21,7.2153,134.4,54
2026-08-08 11:20:00+00:00,7.2141,7.2153,7.1951,7.1988,227.9,54
2026-08-08 11:25:00+00:00,7.1988,7.2008,7.1932,7.2008,422.1,30
2026-08-08 11:30:00+00:00,7.1956,7.1956,7.1894,7.1914,997.8,92
2026-08-08 11:35:00+00:00,7.1946,7.1952,7.1761,7.1809,1012.1,70
2026-08-08 11:40:00+00:00,7.1887,7.1948,7.1776,7.1832,1097.0,88
2026-08-08 11:45:00+00:00,7.1845,7.1845,7.1781,7.1844,117.6,40
2026-08-08 11:50:00+00:00,7.1819,7.204,7.1787,7.1842,1504.1,141
2026-08-08 11:55:00+00:00,7.19,7.2025,7.185,7.2025,576.1,73
2026-08-08 12:00:00+00:00,7.2025,7.2053,7.1957,7.1957,289.7,25
2026-08-08 12:05:00+00:00,7.1989,7.2052,7.1989,7.2052,65.5,21
2026-08-08 12:10:00+00:00,7.2049,7.2056,7.2004,7.2025,56.6,18
2026-08-08 12:15:00+00:00,7.2019,7.2051,7.19,7.2041,240.7,68
2026-08-08 12:20:00+00:00,7.2057,7.2158,7.2049,7.2094,248.5,67
2026-08-08 12:25:00+00:00,7.2092,7.2111,7.1907,7.1941,299.5,62
2026-08-08 12:30:00+00:00,7.1953,7.1953,7.1801,7.1848,551.6,129
2026-08-08 12:35:00+00:00,7.1894,7.1909,7.1893,7.1909,29.5,12
2026-08-08 12:40:00+00:00,7.196,7.2015,7.196,7.1966,147.7,4
2026-08-08 12:45:00+00:00,7.2026,7.2256,7.1748,7.177,4511.7,403
2026-08-08 12:50:00+00:00,7.1784,7.1823,7.1701,7.1778,1257.2,63
2026-08-08 12:55:00+00:00,7.1768,7.1831,7.168,7.1738,803.6,91
2026-08-08 13:00:00+00:00,7.1735,7.2058,7.1627,7.1921,5359.7,598
2026-08-08 13:05:00+00:00,7.1912,7.2381,7.1891,7.2028,8257.6,748
2026-08-08 13:10:00+00:00,7.2024,7.2233,7.16,7.2233,5153.1,356
2026-08-08 13:15:00+00:00,7.2216,7.2216,7.1902,7.1999,857.6,102
2026-08-08 13:20:00+00:00,7.2045,7.235,7.2045,7.2287,940.3,74
2026-08-08 13:25:00+00:00,7.2266,7.2351,7.2181,7.2206,381.9,87
2026-08-08 13:30:00+00:00,7.2185,7.23,7.2185,7.2267,314.9,27
2026-08-08 13:35:00+00:00,7.2269,7.2279,7.2191,7.223,188.4,46
2026-08-08 13:40:00+00:00,7.2184,7.2184,7.1823,7.201,709.4,221
2026-08-08 13:45:00+00:00,7.1981,7.2346,7.1908,7.2312,1385.4,129
2026-08-08 13:50:00+00:00,7.2347,7.24,7.2088,7.2198,1445.9,237
2026-08-08 13:55:00+00:00,7.2204,7.2264,7.2121,7.2185,512.1,90
2026-08-08 14:00:00+00:00,7.2196,7.2207,7.2148,7.2207,110.3,20
2026-08-08 14:05:00+00:00,7.2176,7.2181,7.2,7.218,2390.5,169
2026-08-08 14:10:00+00:00,7.2123,7.2123,7.2088,7.2095,269.0,21
2026-08-08 14:15:00+00:00,7.2099,7.2123,7.206,7.2123,1493.0,73
2026-08-08 14:20:00+00:00,7.2122,7.2122,7.2017,7.2092,120.6,38
2026-08-08 14:25:00+00:00,7.2103,7.2103,7.208,7.2098,13.6,8
2026-08-08 14:30:00+00:00,7.2085,7.2122,7.2052,7.2122,168.5,43
2026-08-08 14:35:00+00:00,7.2121,7.2121,7.2017,7.2023,1098.1,51
2026-08-08 14:40:00+00:00,7.2021,7.2094,7.2018,7.2033,182.3,36
2026-08-08 14:45:00+00:00,7.2,7.2198,7.1914,7.2197,1023.3,93
2026-08-08 14:50:00+00:00,7.219,7.219,7.2184,7.2184,15.3,9
2026-08-08 14:55:00+00:00,7.213,7.2156,7.2091,7.2124,124.6,42
2026-08-08 15:00:00+00:00,7.2096,7.2096,7.1947,7.2089,1200.8,113
2026-08-08 15:05:00+00:00,7.2095,7.2096,7.2079,7.2094,15.3,12
2026-08-08 15:10:00+00:00,7.2092,7.2096,7.2092,7.2096,67.6,11
2026-08-08 15:15:00+00:00,7.2096,7.21,7.2095,7.2099,105.3,15
2026-08-08 15:20:00+00:00,7.2097,7.2099,7.2027,7.2084,836.8,64
2026-08-08 15:25:00+00:00,7.209,7.2136,7.2076,7.2136,205.4,38
2026-08-08 15:30:00+00:00,7.2134,7.2199,7.2134,7.2199,346.6,13
2026-08-08 15:35:00+00:00,7.2198,7.2198,7.2142,7.2163,75.7,30
2026-08-08 15:40:00+00:00,7.2172,7.2193,7.2165,7.2184,13.6,8
2026-08-08 15:45:00+00:00,7.2141,7.2192,7.2141,7.2192,34.1,16
2026-08-08 15:50:00+00:00,7.219,7.2196,7.2153,7.2193,31.6,15
2026-08-08 15:55:00+00:00,7.2191,7.2198,7.2105,7.2159,1301.9,52
2026-08-08 16:00:00+00:00,7.2117,7.215,7.2105,7.2119,1137.2,26
2026-08-08 16:05:00+00:00,7.2113,7.22,7.2108,7.2138,640.2,62
2026-08-08 16:10:00+00:00,7.2142,7.2142,7.2001,7.2114,1272.5,102
2026-08-08 16:15:00+00:00,7.212,7.22,7.21,7.2132,794.1,51
2026-08-08 16:20:00+00:00,7.2161,7.2183,7.2161,7.2183,99.6,4
2026-08-08 16:25:00+00:00,7.2151,7.2198,7.2151,7.2157,44.8,15
2026-08-08 16:30:00+00:00,7.2161,7.2167,7.213,7.2167,66.1,14
2026-08-08 16:35:00+00:00,7.2167,7.2177,7.2167,7.2177,11.5,6
2026-08-08 16:40:00+00:00,7.215,7.2296,7.2098,7.2296,2021.0,98
2026-08-08 16:45:00+00:00,7.23,7.2496,7.23,7.2494,1058.3,43
2026-08-08 16:50:00+00:00,7.2493,7.2501,7.2475,7.2501,615.9,21
2026-08-08 16:55:00+00:00,7.2475,7.2618,7.2459,7.2618,634.9,115
2026-08-08 17:00:00+00:00,7.2591,7.2647,7.2561,7.2567,866.9,118
2026-08-08 17:05:00+00:00,7.2581,7.2663,7.2568,7.2662,463.8,59
2026-08-08 17:10:00+00:00,7.2648,7.2701,7.2475,7.2536,2603.9,143
2026-08-08 17:15:00+00:00,7.256,7.2616,7.2544,7.2567,660.3,79
2026-08-08 17:20:00+00:00,7.2588,7.2619,7.2516,7.2617,1013.3,129
2026-08-08 17:25:00+00:00,7.2634,7.2754,7.2634,7.2707,2048.1,96
2026-08-08 17:30:00+00:00,7.2725,7.3,7.2667,7.2765,3945.1,237
2026-08-08 17:35:00+00:00,7.2739,7.2765,7.2671,7.274,3254.0,93
2026-08-08 17:40:00+00:00,7.271,7.2758,7.2698,7.2758,353.7,31
2026-08-08 17:45:00+00:00,7.274,7.2754,7.267,7.2754,602.9,70
2026-08-08 17:50:00+00:00,7.2724,7.2771,7.2724,7.2765,389.6,29
2026-08-08 17:55:00+00:00,7.2765,7.2858,7.2765,7.2858,690.8,23
2026-08-08 18:00:00+00:00,7.2886,7.294,7.2836,7.294,427.6,70
2026-08-08 18:05:00+00:00,7.294,7.2944,7.2862,7.2944,481.3,96
2026-08-08 18:10:00+00:00,7.2902,7.2976,7.2869,7.2972,1123.2,127
2026-08-08 18:15:00+00:00,7.2941,7.2998,7.2908,7.2926,806.7,132
2026-08-08 18:20:00+00:00,7.2953,7.3,7.2923,7.2991,573.0,78
2026-08-08 18:25:00+00:00,7.2956,7.2999,7.2934,7.2997,539.1,106
2026-08-08 18:30:00+00:00,7.2962,7.2962,7.2879,7.2899,1175.0,165
2026-08-08 18:35:00+00:00,7.2932,7.294,7.2737,7.2898,1915.7,202
2026-08-08 18:40:00+00:00,7.2896,7.2946,7.2804,7.2943,446.5,78
2026-08-08 18:45:00+00:00,7.2943,7.2962,7.2853,7.2897,546.7,87
2026-08-08 18:50:00+00:00,7.2814,7.2814,7.2731,7.2737,1535.4,28
2026-08-08 18:55:00+00:00,7.2737,7.2818,7.2729,7.2818,645.9,39
2026-08-08 19:00:00+00:00,7.2816,7.285,7.2768,7.2771,697.5,56
2026-08-08 19:05:00+00:00,7.2789,7.2789,7.2667,7.2668,968.9,54
2026-08-08 19:10:00+00:00,7.2671,7.2719,7.2667,7.2714,284.5,20
2026-08-08 19:15:00+00:00,7.2714,7.2753,7.2714,7.2749,450.7,26
2026-08-08 19:20:00+00:00,7.2749,7.2797,7.2749,7.2797,15.3,9
2026-08-08 19:25:00+00:00,7.2799,7.28,7.2773,7.2773,15.3,9
2026-08-08 19:30:00+00:00,7.2776,7.2799,7.2676,7.2696,260.7,54
2026-08-08 19:35:00+00:00,7.2688,7.3147,7.268,7.2859,6605.4,742
2026-08-08 19:40:00+00:00,7.2831,7.318,7.2677,7.307,4194.8,791
2026-08-08 19:45:00+00:00,7.311,7.311,7.288,7.2889,2881.9,63
2026-08-08 19:50:00+00:00,7.2919,7.295,7.2773,7.2849,889.7,23
2026-08-08 19:55:00+00:00,7.2781,7.2843,7.276,7.2835,168.1,9
2026-08-08 20:00:00+00:00,7.2875,7.29,7.2875,7.29,347.2,16
2026-08-08 20:05:00+00:00,7.2971,7.312,7.2971,7.312,1614.3,85
2026-08-08 20:10:00+00:00,7.3088,7.3095,7.3088,7.3095,5.2,3
2026-08-08 20:15:00+00:00,7.3058,7.3058,7.3024,7.3025,141.5,42
2026-08-08 20:20:00+00:00,7.3,7.3,7.2974,7.2974,60.0,6
2026-08-08 20:25:00+00:00,7.29,7.2974,7.2877,7.2898,463.9,120
2026-08-08 20:30:00+00:00,7.2909,7.2931,7.2826,7.2931,1246.9,160
2026-08-08 20:35:00+00:00,7.2945,7.2945,7.2936,7.2936,17.7,8
2026-08-08 20:40:00+00:00,7.2936,7.2936,7.2936,7.2936,0.0,0
2026-08-08 20:45:00+00:00,7.2936,7.2936,7.289,7.2936,279.3,26
2026-08-08 20:50:00+00:00,7.2934,7.306,7.2934,7.3058,599.9,27
2026-08-08 20:55:00+00:00,7.3062,7.3062,7.2692,7.2692,2724.2,229
2026-08-08 21:00:00+00:00,7.2692,7.283,7.2667,7.267,1692.8,291
2026-08-08 21:05:00+00:00,7.2685,7.2774,7.2667,7.2729,2148.0,210
2026-08-08 21:10:00+00:00,7.2736,7.313,7.2679,7.3127,4574.4,647
2026-08-08 21:15:00+00:00,7.3126,7.32,7.2932,7.3006,4005.6,379
2026-08-08 21:20:00+00:00,7.3021,7.3021,7.2677,7.2736,4486.7,441
2026-08-08 21:25:00+00:00,7.2736,7.33,7.2672,7.3247,5104.9,610
2026-08-08 21:30:00+00:00,7.324,7.3244,7.2915,7.2992,4107.3,261
2026-08-08 21:35:00+00:00,7.2976,7.2976,7.2675,7.2898,4692.6,769
2026-08-08 21:40:00+00:00,7.2896,7.3236,7.276,7.278,6945.2,1092
2026-08-08 21:45:00+00:00,7.2798,7.3046,7.2672,7.2987,3890.1,532
2026-08-08 21:50:00+00:00,7.296,7.3373,7.2927,7.3321,10520.1,1202
2026-08-08 21:55:00+00:00,7.3224,7.3224,7.3016,7.3059,614.0,97
2026-08-08 22:00:00+00:00,7.3065,7.3075,7.2692,7.2891,6209.7,740
2026-08-08 22:05:00+00:00,7.2872,7.2912,7.2669,7.2704,6010.9,469
2026-08-08 22:10:00+00:00,7.2696,7.336,7.2696,7.3323,9729.1,973
2026-08-08 22:15:00+00:00,7.332,7.3344,7.3049,7.3192,4726.0,692
2026-08-08 22:20:00+00:00,7.3224,7.3338,7.2857,7.3039,5644.5,295
2026-08-08 22:25:00+00:00,7.3039,7.3161,7.3036,7.3086,595.2,49
2026-08-08 22:30:00+00:00,7.3086,7.3198,7.2958,7.314,1172.8,122
2026-08-08 22:35:00+00:00,7.3198,7.3289,7.3151,7.3184,724.0,133
2026-08-08 22:40:00+00:00,7.3131,7.3256,7.3131,7.3244,177.2,34
2026-08-08 22:45:00+00:00,7.3266,7.3266,7.313,7.313,924.6,85
2026-08-08 22:50:00+00:00,7.3158,7.3195,7.3158,7.3195,338.9,20
2026-08-08 22:55:00+00:00,7.3175,7.3246,7.3175,7.3224,438.4,14
2026-08-08 23:00:00+00:00,7.3248,7.3306,7.3248,7.3295,187.8,13
2026-08-08 23:05:00+00:00,7.3333,7.3345,7.3298,7.3298,673.1,23
2026-08-08 23:10:00+00:00,7.3294,7.3398,7.3294,7.3333,1158.9,63
2026-08-08 23:15:00+00:00,7.3333,7.3376,7.3156,7.326,1373.0,177
2026-08-08 23:20:00+00:00,7.3253,7.329,7.321,7.329,261.4,47
2026-08-08 23:25:00+00:00,7.329,7.3299,7.3231,7.3272,112.9,14
2026-08-08 23:30:00+00:00,7.3233,7.3262,7.3184,7.3184,599.9,29
2026-08-08 23:35:00+00:00,7.3222,7.3232,7.3167,7.323,196.9,43
2026-08-08 23:40:00+00:00,7.3186,7.3186,7.299,7.299,981.3,89
2026-08-08 23:45:00+00:00,7.3012,7.3048,7.2973,7.3048,130.6,48
2026-08-08 23:50:00+00:00,7.3016,7.3045,7.2957,7.2987,105.6,27
2026-08-08 23:55:00+00:00,7.2997,7.3009,7.297,7.297,143.0,16
2026-08-09 00:00:00+00:00,7.2929,7.2929,7.286,7.2872,378.5,18
2026-08-09 00:05:00+00:00,7.2999,7.315,7.2993,7.3046,1271.7,108
2026-08-09 00:10:00+00:00,7.3046,7.3094,7.3046,7.3077,196.4,24
2026-08-09 00:15:00+00:00,7.3066,7.3067,7.3,7.3058,385.7,43
2026-08-09 00:20:00+00:00,7.3039,7.3039,7.3012,7.3012,33.2,15
2026-08-09 00:25:00+00:00,7.3029,7.3155,7.3029,7.3151,582.2,33
2026-08-09 00:30:00+00:00,7.3123,7.3187,7.3087,7.3187,220.4,25
2026-08-09 00:35:00+00:00,7.3199,7.3199,7.3199,7.3199,8.1,1
2026-08-09 00:40:00+00:00,7.3199,7.3199,7.3199,7.3199,0.0,0
2026-08-09 00:45:00+00:00,7.3143,7.3143,7.3041,7.3044,425.1,56
2026-08-09 00:50:00+00:00,7.3059,7.3059,7.29,7.2964,203.1,66
2026-08-09 00:55:00+00:00,7.299,7.304,7.299,7.304,230.0,7
2026-08-09 01:00:00+00:00,7.3009,7.3039,7.2878,7.3022,1597.5,216
2026-08-09 01:05:00+00:00,7.2942,7.3116,7.2935,7.3116,518.2,40
2026-08-09 01:10:00+00:00,7.3037,7.3049,7.293,7.2931,470.9,51
2026-08-09 01:15:00+00:00,7.2931,7.2931,7.2931,7.2931,0.0,0
2026-08-09 01:20:00+00:00,7.304,7.304,7.2829,7.2855,824.7,87
2026-08-09 01:25:00+00:00,7.2853,7.2999,7.2853,7.2961,72.0,20
2026-08-09 01:30:00+00:00,7.2999,7.3,7.2999,7.3,166.9,2
2026-08-09 01:35:00+00:00,7.31,7.3174,7.3051,7.3079,1451.8,129
2026-08-09 01:40:00+00:00,7.3079,7.3079,7.3079,7.3079,0.0,0
2026-08-09 01:45:00+00:00,7.3037,7.3054,7.3037,7.3054,52.9,11
2026-08-09 01:50:00+00:00,7.3,7.3,7.3,7.3,3.0,1
2026-08-09 01:55:00+00:00,7.3,7.3,7.3,7.3,0.0,0
2026-08-09 02:00:00+00:00,7.3,7.3,7.2979,7.2979,29.0,2
2026-08-09 02:05:00+00:00,7.2979,7.2979,7.2979,7.2979,0.0,0
2026-08-09 02:10:00+00:00,7.292,7.302,7.292,7.3019,814.4,40
2026-08-09 02:15:00+00:00,7.308,7.308,7.2762,7.2885,2626.7,165
2026-08-09 02:20:00+00:00,7.2884,7.2954,7.28,7.28,680.5,142
2026-08-09 02:25:00+00:00,7.28,7.28,7.28,7.28,0.0,0
2026-08-09 02:30:00+00:00,7.2812,7.2833,7.2667,7.2764,784.5,40
2026-08-09 02:35:00+00:00,7.2754,7.2822,7.275,7.2821,866.2,72
2026-08-09 02:40:00+00:00,7.2834,7.2875,7.2615,7.2645,4443.1,176
2026-08-09 02:45:00+00:00,7.2658,7.2899,7.2642,7.2899,1118.4,75
2026-08-09 02:50:00+00:00,7.2899,7.2999,7.2789,7.2789,625.6,74
2026-08-09 02:55:00+00:00,7.275,7.2866,7.275,7.2861,791.5,56
2026-08-09 03:00:00+00:00,7.2861,7.2888,7.2852,7.2888,54.2,21
2026-08-09 03:05:00+00:00,7.2844,7.2844,7.2786,7.2793,93.6,31
2026-08-09 03:10:00+00:00,7.2807,7.2884,7.2807,7.281,155.5,32
2026-08-09 03:15:00+00:00,7.287,7.2913,7.2837,7.2883,556.2,64
2026-08-09 03:20:00+00:00,7.2906,7.2906,7.2896,7.2896,513.7,14
2026-08-09 03:25:00+00:00,7.2897,7.2897,7.2883,7.2883,91.1,3
2026-08-09 03:30:00+00:00,7.2846,7.2855,7.2838,7.2838,88.5,5
2026-08-09 03:35:00+00:00,7.28,7.2846,7.28,7.2822,120.0,18
2026-08-09 03:40:00+00:00,7.2848,7.2854,7.2848,7.2854,8.0,2
2026-08-09 03:45:00+00:00,7.2854,7.2854,7.2854,7.2854,2.0,1
2026-08-09 03:50:00+00:00,7.286,7.2897,7.286,7.2897,636.1,18
2026-08-09 03:55:00+00:00,7.2906,7.2927,7.2906,7.2926,236.1,15
2026-08-09 04:00:00+00:00,7.2928,7.2928,7.2856,7.291,911.8,62
2026-08-09 04:05:00+00:00,7.2904,7.2999,7.2904,7.2945,863.3,42
2026-08-09 04:10:00+00:00,7.3,7.3014,7.29,7.2906,798.1,52
2026-08-09 04:15:00+00:00,7.2946,7.3007,7.2946,7.2981,608.6,31
2026-08-09 04:20:00+00:00,7.2981,7.2981,7.2981,7.2981,0.0,0
2026-08-09 04:25:00+00:00,7.2999,7.3016,7.2994,7.3016,57.3,6
2026-08-09 04:30:00+00:00,7.3051,7.3087,7.3051,7.3087,323.3,4
2026-08-09 04:35:00+00:00,7.303,7.3053,7.298,7.3044,374.3,50
2026-08-09 04:40:00+00:00,7.2982,7.2994,7.2982,7.2994,8.9,6
2026-08-09 04:45:00+00:00,7.2959,7.2998,7.2948,7.2998,112.7,27
2026-08-09 04:50:00+00:00,7.2998,7.2998,7.2998,7.2998,2.0,1
2026-08-09 04:55:00+00:00,7.2996,7.2999,7.2996,7.2999,6.0,3
2026-08-09 05:00:00+00:00,7.2997,7.2997,7.2995,7.2995,6.0,2
2026-08-09 05:05:00+00:00,7.2995,7.3,7.2995,7.3,37.0,6
2026-08-09 05:10:00+00:00,7.3,7.3,7.2997,7.2998,26.8,4
2026-08-09 05:15:00+00:00,7.2999,7.2999,7.2875,7.2886,1002.5,53
2026-08-09 05:20:00+00:00,7.2816,7.2868,7.2771,7.2838,960.9,227
2026-08-09 05:25:00+00:00,7.2863,7.29,7.2863,7.29,178.9,9
2026-08-09 05:30:00+00:00,7.2898,7.2989,7.2822,7.2989,894.8,145
2026-08-09 05:35:00+00:00,7.2995,7.3,7.2984,7.2984,289.0,11
2026-08-09 05:40:00+00:00,7.3,7.3056,7.2999,7.3056,321.2,8
2026-08-09 05:45:00+00:00,7.3049,7.3072,7.3048,7.3066,359.0,13
2026-08-09 05:50:00+00:00,7.309,7.309,7.309,7.309,5.2,1
2026-08-09 05:55:00+00:00,7.309,7.3122,7.3,7.3046,4728.0,889
2026-08-09 06:00:00+00:00,7.3052,7.3069,7.3023,7.3023,122.4,22
2026-08-09 06:05:00+00:00,7.3024,7.3024,7.3024,7.3024,2.5,1
2026-08-09 06:10:00+00:00,7.3048,7.3053,7.3048,7.3053,3.7,2
2026-08-09 06:15:00+00:00,7.3048,7.3057,7.3048,7.3056,31.5,13
2026-08-09 06:20:00+00:00,7.305,7.3058,7.3013,7.3013,118.9,7
2026-08-09 06:25:00+00:00,7.3052,7.3059,7.3052,7.3059,20.0,4
2026-08-09 06:30:00+00:00,7.3068,7.3152,7.3068,7.3149,400.0,21
2026-08-09 06:35:00+00:00,7.3164,7.3164,7.3164,7.3164,116.0,4
2026-08-09 06:40:00+00:00,7.3182,7.3198,7.3182,7.3198,15.4,3
2026-08-09 06:45:00+00:00,7.3182,7.3182,7.3157,7.3157,116.3,4
2026-08-09 06:50:00+00:00,7.3194,7.3194,7.3133,7.3133,432.6,24
2026-08-09 06:55:00+00:00,7.3125,7.3125,7.3115,7.3115,37.7,4
2026-08-09 07:00:00+00:00,7.3115,7.3115,7.3115,7.3115,0.0,0
2026-08-09 07:05:00+00:00,7.3072,7.3134,7.3037,7.3119,757.5,59
2026-08-09 07:10:00+00:00,7.315,7.32,7.315,7.32,369.2,27
2026-08-09 07:15:00+00:00,7.3154,7.3154,7.313,7.313,50.2,17
2026-08-09 07:20:00+00:00,7.3165,7.3165,7.3045,7.3069,159.4,10
2026-08-09 07:25:00+00:00,7.3045,7.3058,7.3,7.3058,209.9,28
2026-08-09 07:30:00+00:00,7.3042,7.3044,7.2858,7.2909,1909.5,96
2026-08-09 07:35:00+00:00,7.2909,7.2956,7.2907,7.2935,708.3,33
2026-08-09 07:40:00+00:00,7.297,7.2993,7.2892,7.2897,1179.7,89
2026-08-09 07:45:00+00:00,7.2884,7.2908,7.2799,7.2806,895.2,122
2026-08-09 07:50:00+00:00,7.2805,7.2805,7.2778,7.2778,4.2,3
2026-08-09 07:55:00+00:00,7.2805,7.2895,7.2805,7.2891,415.0,17
2026-08-09 08:00:00+00:00,7.2896,7.29,7.2735,7.2892,783.7,65
2026-08-09 08:05:00+00:00,7.29,7.2994,7.29,7.2994,562.2,11
2026-08-09 08:10:00+00:00,7.2993,7.2993,7.2956,7.2991,121.1,10
2026-08-09 08:15:00+00:00,7.2997,7.3216,7.2997,7.3096,3403.6,136
2026-08-09 08:20:00+00:00,7.3,7.3055,7.3,7.3055,73.5,25
2026-08-09 08:25:00+00:00,7.3055,7.3091,7.3055,7.307,58.2,11
2026-08-09 08:30:00+00:00,7.3046,7.3046,7.3046,7.3046,3.0,1
2026-08-09 08:35:00+00:00,7.3064,7.3064,7.3018,7.3025,32.1,6
2026-08-09 08:40:00+00:00,7.3019,7.3064,7.2924,7.3014,1268.9,52
2026-08-09 08:45:00+00:00,7.301,7.3107,7.3005,7.3067,731.6,42
2026-08-09 08:50:00+00:00,7.3068,7.3068,7.2937,7.2942,774.0,120
2026-08-09 08:55:00+00:00,7.2961,7.2961,7.2961,7.2961,200.0,2
2026-08-09 09:00:00+00:00,7.2976,7.298,7.2936,7.298,197.2,30
2026-08-09 09:05:00+00:00,7.298,7.298,7.298,7.298,0.0,0
2026-08-09 09:10:00+00:00,7.296,7.296,7.2859,7.2937,710.7,61
2026-08-09 09:15:00+00:00,7.2956,7.2996,7.2956,7.2995,348.9,8
2026-08-09 09:20:00+00:00,7.2995,7.2995,7.2995,7.2995,0.0,0
2026-08-09 09:25:00+00:00,7.3031,7.3031,7.2987,7.2988,500.6,45
2026-08-09 09:30:00+00:00,7.3001,7.3001,7.2997,7.2997,209.2,6
2026-08-09 09:35:00+00:00,7.2968,7.3001,7.2875,7.2933,1276.9,108
2026-08-09 09:40:00+00:00,7.2895,7.2962,7.2861,7.2936,222.1,86
2026-08-09 09:45:00+00:00,7.2912,7.2924,7.2912,7.2924,6.0,3
2026-08-09 09:50:00+00:00,7.2936,7.3075,7.2725,7.2737,2324.1,519
2026-08-09 09:55:00+00:00,7.2702,7.2764,7.2501,7.2655,5569.0,884
2026-08-09 10:00:00+00:00,7.2655,7.3222,7.2615,7.3208,5400.2,710
2026-08-09 10:05:00+00:00,7.321,7.3212,7.2995,7.3035,2375.9,140
2026-08-09 10:10:00+00:00,7.3057,7.3108,7.3057,7.3108,178.2,3
2026-08-09 10:15:00+00:00,7.3092,7.3145,7.2819,7.2842,890.2,271
2026-08-09 10:20:00+00:00,7.2813,7.2828,7.2506,7.2531,5456.1,1090
2026-08-09 10:25:00+00:00,7.2531,7.3149,7.2371,7.3148,7924.3,818
2026-08-09 10:30:00+00:00,7.3146,7.3229,7.2851,7.2851,9625.8,491
2026-08-09 10:35:00+00:00,7.2851,7.2854,7.251,7.2548,2211.9,552
2026-08-09 10:40:00+00:00,7.2554,7.304,7.2511,7.3014,7987.0,958
2026-08-09 10:45:00+00:00,7.3014,7.316,7.2948,7.3158,8594.4,1344
2026-08-09 10:50:00+00:00,7.3155,7.317,7.2784,7.2784,9671.7,570
2026-08-09 10:55:00+00:00,7.278,7.3054,7.2692,7.3054,2267.0,86
2026-08-09 11:00:00+00:00,7.3088,7.3164,7.2965,7.2982,1488.4,79
2026-08-09 11:05:00+00:00,7.296,7.33,7.2744,7.2921,10041.5,944
2026-08-09 11:10:00+00:00,7.293,7.3115,7.2617,7.2702,3803.7,483
2026-08-09 11:15:00+00:00,7.2702,7.279,7.2512,7.26,13112.0,795
2026-08-09 11:20:00+00:00,7.2614,7.3158,7.2544,7.31,8860.7,698
2026-08-09 11:25:00+00:00,7.312,7.3179,7.27,7.28,9387.1,427
2026-08-09 11:30:00+00:00,7.2786,7.32,7.2703,7.2919,9922.4,688
2026-08-09 11:35:00+00:00,7.2885,7.309,7.2799,7.286,5728.5,572
2026-08-09 11:40:00+00:00,7.285,7.3095,7.2831,7.3095,3158.5,112
2026-08-09 11:45:00+00:00,7.309,7.32,7.3076,7.316,1088.6,56
2026-08-09 11:50:00+00:00,7.316,7.335,7.31,7.3294,3551.1,365
2026-08-09 11:55:00+00:00,7.3308,7.3349,7.3176,7.3223,4538.3,199
2026-08-09 12:00:00+00:00,7.3193,7.325,7.2856,7.2871,2505.3,577
2026-08-09 12:05:00+00:00,7.287,7.331,7.287,7.331,2548.0,232
2026-08-09 12:10:00+00:00,7.3237,7.3241,7.3177,7.3191,353.5,35
2026-08-09 12:15:00+00:00,7.3206,7.3293,7.3177,7.3213,353.8,43
2026-08-09 12:20:00+00:00,7.322,7.332,7.298,7.301,6267.8,504
2026-08-09 12:25:00+00:00,7.302,7.3097,7.2848,7.2848,2599.7,704
2026-08-09 12:30:00+00:00,7.285,7.3225,7.2848,7.3146,6448.3,855
2026-08-09 12:35:00+00:00,7.3145,7.3212,7.306,7.3075,1174.2,117
2026-08-09 12:40:00+00:00,7.3045,7.306,7.2721,7.274,2540.5,460
2026-08-09 12:45:00+00:00,7.2741,7.2778,7.261,7.268,6872.5,997
2026-08-09 12:50:00+00:00,7.2707,7.2894,7.2624,7.2741,8761.7,881
2026-08-09 12:55:00+00:00,7.2692,7.3022,7.2634,7.3017,6434.5,521
2026-08-09 13:00:00+00:00,7.3017,7.3212,7.2958,7.3063,7353.2,682
2026-08-09 13:05:00+00:00,7.3055,7.3194,7.2881,7.3041,8919.9,415
2026-08-09 13:10:00+00:00,7.3044,7.3179,7.2952,7.3168,775.3,66
2026-08-09 13:15:00+00:00,7.316,7.3194,7.272,7.276,7114.4,588
2026-08-09 13:20:00+00:00,7.2724,7.3148,7.266,7.314,14029.1,855
2026-08-09 13:25:00+00:00,7.314,7.3239,7.3073,7.3137,6875.4,678
2026-08-09 13:30:00+00:00,7.322,7.3393,7.31,7.317,16027.1,697
2026-08-09 13:35:00+00:00,7.3131,7.3173,7.2878,7.3173,1604.3,231
2026-08-09 13:40:00+00:00,7.3098,7.3187,7.2844,7.3066,2544.5,533
2026-08-09 13:45:00+00:00,7.3003,7.3003,7.2768,7.2878,4743.0,888
2026-08-09 13:50:00+00:00,7.2819,7.3,7.2728,7.278,9045.3,812
2026-08-09 13:55:00+00:00,7.278,7.3248,7.278,7.316,7635.6,615
2026-08-09 14:00:00+00:00,7.316,7.316,7.2901,7.2999,4354.3,478
2026-08-09 14:05:00+00:00,7.292,7.328,7.292,7.3266,2710.8,580
2026-08-09 14:10:00+00:00,7.3271,7.3271,7.3067,7.3128,2720.3,663
2026-08-09 14:15:00+00:00,7.3186,7.3296,7.308,7.3296,3144.7,322
2026-08-09 14:20:00+00:00,7.3296,7.33,7.2978,7.3216,4627.0,488
2026-08-09 14:25:00+00:00,7.3217,7.3238,7.306,7.3095,3637.7,190
2026-08-09 14:30:00+00:00,7.3093,7.3241,7.3044,7.3241,1017.1,343
2026-08-09 14:35:00+00:00,7.324,7.324,7.2991,7.3059,1806.0,94
2026-08-09 14:40:00+00:00,7.301,7.3184,7.2901,7.3103,6299.4,638
2026-08-09 14:45:00+00:00,7.31,7.3179,7.3072,7.3179,687.9,68
2026-08-09 14:50:00+00:00,7.3139,7.3192,7.3085,7.3192,500.4,34
2026-08-09 14:55:00+00:00,7.3199,7.3279,7.291,7.291,5166.0,247
2026-08-09 15:00:00+00:00,7.2909,7.3044,7.2754,7.3044,10093.6,1444
2026-08-09 15:05:00+00:00,7.304,7.3174,7.2832,7.3155,6610.4,571
2026-08-09 15:10:00+00:00,7.3155,7.3275,7.3155,7.3275,618.0,256
2026-08-09 15:15:00+00:00,7.3275,7.3332,7.3216,7.3315,894.9,273
2026-08-09 15:20:00+00:00,7.333,7.336,7.313,7.3244,7238.2,681
2026-08-09 15:25:00+00:00,7.3248,7.334,7.3124,7.327,4204.2,800
2026-08-09 15:30:00+00:00,7.3209,7.3268,7.293,7.3198,10110.9,717
2026-08-09 15:35:00+00:00,7.32,7.324,7.3154,7.324,101.9,10
2026-08-09 15:40:00+00:00,7.324,7.3333,7.324,7.3326,3156.9,21
2026-08-09 15:45:00+00:00,7.3287,7.3359,7.3087,7.3291,3034.8,282
2026-08-09 15:50:00+00:00,7.3291,7.3291,7.3291,7.3291,0.0,0
2026-08-09 15:55:00+00:00,7.3233,7.3289,7.3195,7.3195,229.6,7
2026-08-09 16:00:00+00:00,7.3197,7.32,7.3197,7.32,1049.2,8
2026-08-09 16:05:00+00:00,7.32,7.3249,7.319,7.319,208.3,9
2026-08-09 16:10:00+00:00,7.3187,7.3248,7.3149,7.3248,519.9,19
2026-08-09 16:15:00+00:00,7.3248,7.3248,7.3248,7.3248,0.0,0
2026-08-09 16:20:00+00:00,7.317,7.3262,7.3148,7.3154,384.0,34
2026-08-09 16:25:00+00:00,7.3249,7.336,7.3249,7.336,3000.0,13
2026-08-09 16:30:00+00:00,7.3249,7.3249,7.3236,7.3236,11.2,3
2026-08-09 16:35:00+00:00,7.3236,7.324,7.323,7.3233,248.4,38
2026-08-09 16:40:00+00:00,7.323,7.323,7.323,7.323,11.9,2
2026-08-09 16:45:00+00:00,7.3252,7.3291,7.3243,7.3243,74.8,3
2026-08-09 16:50:00+00:00,7.3291,7.3291,7.3291,7.3291,10.0,1
2026-08-09 16:55:00+00:00,7.3293,7.3306,7.3293,7.3306,101.3,2
2026-08-09 17:00:00+00:00,7.3319,7.3374,7.3319,7.3374,1459.1,10
2026-08-09 17:05:00+00:00,7.3393,7.3399,7.3393,7.3397,870.0,6
2026-08-09 17:10:00+00:00,7.3347,7.3381,7.33,7.3379,78.6,13
2026-08-09 17:15:00+00:00,7.3313,7.3341,7.331,7.3341,53.7,8
2026-08-09 17:20:00+00:00,7.3367,7.34,7.3367,7.3392,710.1,29
2026-08-09 17:25:00+00:00,7.3352,7.3391,7.3352,7.3352,29.6,3
2026-08-09 17:30:00+00:00,7.3353,7.3385,7.329,7.3359,3031.8,67
2026-08-09 17:35:00+00:00,7.3366,7.3366,7.3326,7.3339,41.4,8
2026-08-09 17:40:00+00:00,7.3336,7.3336,7.3331,7.3331,128.2,3
2026-08-09 17:45:00+00:00,7.3333,7.3365,7.3333,7.3365,42.0,8
2026-08-09 17:50:00+00:00,7.3348,7.3383,7.3321,7.3331,598.0,40
2026-08-09 17:55:00+00:00,7.3349,7.3351,7.3323,7.3323,172.4,25
2026-08-09 18:00:00+00:00,7.3322,7.3382,7.329,7.329,1830.4,108
2026-08-09 18:05:00+00:00,7.3294,7.3339,7.329,7.3295,1792.9,64
2026-08-09 18:10:00+00:00,7.329,7.3352,7.329,7.3292,597.3,39
2026-08-09 18:15:00+00:00,7.3291,7.3323,7.329,7.3291,402.4,30
2026-08-09 18:20:00+00:00,7.3291,7.3291,7.3266,7.3291,403.5,33
2026-08-09 18:25:00+00:00,7.324,7.3244,7.324,7.3244,117.8,8
2026-08-09 18:30:00+00:00,7.3271,7.3271,7.2847,7.2854,4889.0,556
2026-08-09 18:35:00+00:00,7.2896,7.32,7.2823,7.304,9883.6,993
2026-08-09 18:40:00+00:00,7.3049,7.3049,7.3049,7.3049,20.2,1
2026-08-09 18:45:00+00:00,7.305,7.3072,7.2975,7.3035,625.0,37
2026-08-09 18:50:00+00:00,7.2945,7.2958,7.2885,7.2887,866.7,45
2026-08-09 18:55:00+00:00,7.2887,7.2925,7.2766,7.2824,1306.0,110
2026-08-09 19:00:00+00:00,7.2854,7.2924,7.2828,7.2895,250.5,52
2026-08-09 19:05:00+00:00,7.2858,7.3023,7.2858,7.3023,1015.0,110
2026-08-09 19:10:00+00:00,7.3015,7.3433,7.2987,7.3384,6640.1,826
2026-08-09 19:15:00+00:00,7.338,7.3425,7.3043,7.3048,5027.7,810
2026-08-09 19:20:00+00:00,7.3048,7.3182,7.281,7.2974,7145.1,731
2026-08-09 19:25:00+00:00,7.2883,7.2997,7.2767,7.2911,9390.3,644
2026-08-09 19:30:00+00:00,7.286,7.31,7.2819,7.302,2457.5,140
2026-08-09 19:35:00+00:00,7.3065,7.319,7.3065,7.3155,233.2,20
2026-08-09 19:40:00+00:00,7.314,7.314,7.2852,7.2997,2341.5,106
2026-08-09 19:45:00+00:00,7.3,7.3,7.2908,7.2908,46.7,3
2026-08-09 19:50:00+00:00,7.2865,7.291,7.2848,7.2848,28.2,5
2026-08-09 19:55:00+00:00,7.2901,7.297,7.2854,7.297,532.9,19
2026-08-09 20:00:00+00:00,7.291,7.2929,7.291,7.2929,36.6,2
2026-08-09 20:05:00+00:00,7.2988,7.3102,7.2936,7.3102,771.9,26
2026-08-09 20:10:00+00:00,7.3018,7.3018,7.2936,7.2944,376.2,14
2026-08-09 20:15:00+00:00,7.2911,7.294,7.2836,7.294,327.6,10
2026-08-09 20:20:00+00:00,7.2967,7.2989,7.2967,7.2967,28.7,4
2026-08-09 20:25:00+00:00,7.2967,7.3018,7.2864,7.2877,968.0,55
2026-08-09 20:30:00+00:00,7.2966,7.3148,7.2966,7.3148,1300.0,28
2026-08-09 20:35:00+00:00,7.3137,7.3137,7.3039,7.3039,44.7,7
2026-08-09 20:40:00+00:00,7.3039,7.3039,7.3039,7.3039,0.0,0
2026-08-09 20:45:00+00:00,7.3055,7.3057,7.3055,7.3057,39.5,2
2026-08-09 20:50:00+00:00,7.3093,7.3172,7.3093,7.3172,243.5,9
2026-08-09 20:55:00+00:00,7.3106,7.32,7.3106,7.3127,563.8,16
2026-08-09 21:00:00+00:00,7.3198,7.3202,7.3127,7.3129,700.0,13
2026-08-09 21:05:00+00:00,7.3146,7.3146,7.3146,7.3146,110.7,1
2026-08-09 21:10:00+00:00,7.3146,7.3156,7.3146,7.3156,24.1,3
2026-08-09 21:15:00+00:00,7.3132,7.3132,7.3128,7.3128,6.0,2
2026-08-09 21:20:00+00:00,7.3128,7.3128,7.3128,7.3128,0.0,0
2026-08-09 21:25:00+00:00,7.3201,7.329,7.3201,7.329,357.5,13
2026-08-09 21:30:00+00:00,7.329,7.329,7.329,7.329,0.0,0
2026-08-09 21:35:00+00:00,7.3222,7.3222,7.3194,7.3194,179.0,10
2026-08-09 21:40:00+00:00,7.3218,7.3218,7.3056,7.3056,683.7,21
2026-08-09 21:45:00+00:00,7.3056,7.32,7.3056,7.32,810.5,18
2026-08-09 21:50:00+00:00,7.32,7.3295,7.3183,7.3295,207.8,130
2026-08-09 21:55:00+00:00,7.329,7.329,7.3084,7.3245,1702.7,54
2026-08-09 22:00:00+00:00,7.3254,7.3617,7.3254,7.3482,4395.3,76
2026-08-09 22:05:00+00:00,7.3465,7.3465,7.3378,7.338,2715.9,44
2026-08-09 22:10:00+00:00,7.3378,7.3439,7.3378,7.3439,1211.9,17
2026-08-09 22:15:00+00:00,7.3434,7.3444,7.3434,7.3444,54.8,2
2026-08-09 22:20:00+00:00,7.3419,7.36,7.3419,7.3503,2596.7,46
2026-08-09 22:25:00+00:00,7.3508,7.3508,7.3494,7.3505,144.5,6
2026-08-09 22:30:00+00:00,7.3549,7.36,7.351,7.3586,1166.2,58
2026-08-09 22:35:00+00:00,7.3518,7.3578,7.3483,7.3485,1064.7,32
2026-08-09 22:40:00+00:00,7.3505,7.3505,7.3488,7.3488,66.0,4
2026-08-09 22:45:00+00:00,7.3479,7.3571,7.3378,7.3461,2981.3,78
2026-08-09 22:50:00+00:00,7.3404,7.3404,7.2696,7.3,15333.7,336
2026-08-09 22:55:00+00:00,7.2972,7.302,7.2972,7.302,440.7,5
2026-08-09 23:00:00+00:00,7.303,7.3267,7.303,7.3214,4126.8,60
2026-08-09 23:05:00+00:00,7.3251,7.3277,7.3242,7.3277,51.6,7
2026-08-09 23:10:00+00:00,7.3208,7.3208,7.3208,7.3208,6.4,1
2026-08-09 23:15:00+00:00,7.3208,7.3208,7.3208,7.3208,0.0,0
2026-08-09 23:20:00+00:00,7.3218,7.3238,7.3184,7.3221,195.4,10
2026-08-09 23:25:00+00:00,7.3262,7.3293,7.322,7.3221,594.4,11
2026-08-09 23:30:00+00:00,7.3221,7.3291,7.3175,7.3291,56.2,12
2026-08-09 23:35:00+00:00,7.3289,7.3304,7.324,7.329,695.5,18
2026-08-09 23:40:00+00:00,7.3227,7.3277,7.32,7.3277,753.3,24
2026-08-09 23:45:00+00:00,7.3277,7.3277,7.3277,7.3277,0.0,0
2026-08-09 23:50:00+00:00,7.3271,7.3271,7.3271,7.3271,51.6,1
2026-08-09 23:55:00+00:00,7.3191,7.3239,7.3105,7.3195,522.7,26
2026-08-10 00:00:00+00:00,7.3195,7.3277,7.307,7.3178,484.1,32
2026-08-10 00:05:00+00:00,7.3178,7.3258,7.3126,7.3243,368.0,40
2026-08-10 00:10:00+00:00,7.3248,7.3356,7.3127,7.3319,3552.3,126
2026-08-10 00:15:00+00:00,7.3352,7.3593,7.3289,7.3552,1980.4,59
2026-08-10 00:20:00+00:00,7.3597,7.3999,7.3597,7.3942,7552.6,118
2026-08-10 00:25:00+00:00,7.3872,7.3997,7.382,7.3996,1075.3,56
2026-08-10 00:30:00+00:00,7.3918,7.3998,7.3426,7.3569,10625.3,583
2026-08-10 00:35:00+00:00,7.357,7.3672,7.3367,7.3619,4193.5,174
2026-08-10 00:40:00+00:00,7.3529,7.3647,7.3486,7.3582,381.9,28
2026-08-10 00:45:00+00:00,7.3586,7.4,7.3582,7.3911,16767.6,522
2026-08-10 00:50:00+00:00,7.3911,7.4,7.3701,7.3921,8854.2,274
2026-08-10 00:55:00+00:00,7.3974,7.4129,7.3696,7.3949,20643.5,445
2026-08-10 01:00:00+00:00,7.3875,7.4,7.3827,7.3872,7265.0,193
2026-08-10 01:05:00+00:00,7.3873,7.4,7.3822,7.3942,9050.7,305
2026-08-10 01:10:00+00:00,7.3913,7.4,7.362,7.3886,8389.4,124
2026-08-10 01:15:00+00:00,7.3891,7.4,7.3817,7.3873,2992.3,78
2026-08-10 01:20:00+00:00,7.3965,7.4369,7.3903,7.3988,20505.4,255
2026-08-10 01:25:00+00:00,7.399,7.4098,7.3282,7.37,18174.9,337
2026-08-10 01:30:00+00:00,7.37,7.4903,7.3095,7.3662,157593.4,1268
2026-08-10 01:35:00+00:00,7.3607,7.4538,7.2922,7.306,88005.7,801
2026-08-10 01:40:00+00:00,7.2994,7.4063,7.285,7.3644,49576.8,815
2026-08-10 01:45:00+00:00,7.3649,7.444,7.35,7.4078,32592.8,1255
2026-08-10 01:50:00+00:00,7.4145,7.45,7.4022,7.4317,29967.9,1114
2026-08-10 01:55:00+00:00,7.4286,7.59,7.3818,7.468,146674.7,5117
2026-08-10 02:00:00+00:00,7.4658,7.475,7.4121,7.4241,41801.4,1125
2026-08-10 02:05:00+00:00,7.4241,7.444,7.378,7.394,41735.8,737
2026-08-10 02:10:00+00:00,7.3935,7.3936,7.3463,7.3827,32764.8,1042
2026-08-10 02:15:00+00:00,7.3828,7.3937,7.3661,7.3663,13662.0,664
2026-08-10 02:20:00+00:00,7.3659,7.3713,7.3375,7.3513,31992.5,1185
2026-08-10 02:25:00+00:00,7.3516,7.3699,7.3411,7.3639,9737.6,375
2026-08-10 02:30:00+00:00,7.3639,7.3856,7.3461,7.3856,6811.4,350
2026-08-10 02:35:00+00:00,7.389,7.3891,7.3547,7.3657,12626.5,513
2026-08-10 02:40:00+00:00,7.3673,7.384,7.3443,7.3467,13670.8,787
2026-08-10 02:45:00+00:00,7.3476,7.3814,7.3263,7.3298,39268.2,1415
2026-08-10 02:50:00+00:00,7.3301,7.3394,7.2944,7.2959,24687.5,527
2026-08-10 02:55:00+00:00,7.2967,7.316,7.2766,7.3116,23029.4,419
2026-08-10 03:00:00+00:00,7.3082,7.309,7.2761,7.309,17702.8,273
2026-08-10 03:05:00+00:00,7.31,7.312,7.2882,7.2929,10723.8,244
2026-08-10 03:10:00+00:00,7.2929,7.297,7.2771,7.2807,13978.5,163
2026-08-10 03:15:00+00:00,7.2842,7.2851,7.2651,7.2776,8060.7,166
2026-08-10 03:20:00+00:00,7.2818,7.2845,7.2545,7.2578,11477.0,200
2026-08-10 03:25:00+00:00,7.2578,7.2759,7.2545,7.2759,13913.9,197
2026-08-10 03:30:00+00:00,7.2735,7.2779,7.2709,7.275,1746.0,54
2026-08-10 03:35:00+00:00,7.2726,7.2739,7.2446,7.2447,4475.4,155
2026-08-10 03:40:00+00:00,7.2429,7.2454,7.2309,7.2349,2075.9,93
2026-08-10 03:45:00+00:00,7.2323,7.2407,7.2,7.2037,4960.2,138
2026-08-10 03:50:00+00:00,7.209,7.2093,7.1952,7.1983,759.2,37
2026-08-10 03:55:00+00:00,7.1997,7.2183,7.1952,7.2183,7086.9,110
2026-08-10 04:00:00+00:00,7.214,7.2338,7.2129,7.2183,2969.6,108
2026-08-10 04:05:00+00:00,7.2265,7.2434,7.2229,7.23,4289.4,64
2026-08-10 04:10:00+00:00,7.23,7.23,7.2073,7.2118,2165.8,83
2026-08-10 04:15:00+00:00,7.2134,7.22,7.2079,7.2149,1064.1,80
2026-08-10 04:20:00+00:00,7.2183,7.2194,7.2076,7.2156,1727.8,75
2026-08-10 04:25:00+00:00,7.2164,7.2342,7.216,7.2342,1999.1,127
2026-08-10 04:30:00+00:00,7.2342,7.24,7.2299,7.2329,5309.7,187
2026-08-10 04:35:00+00:00,7.2369,7.2371,7.22,7.2303,5683.5,133
2026-08-10 04:40:00+00:00,7.2315,7.2334,7.2271,7.2296,2376.3,70
2026-08-10 04:45:00+00:00,7.2316,7.2316,7.2271,7.2289,1718.2,49
2026-08-10 04:50:00+00:00,7.2289,7.2335,7.2271,7.2294,2086.9,45
2026-08-10 04:55:00+00:00,7.2317,7.2368,7.2307,7.236,2488.4,70
2026-08-10 05:00:00+00:00,7.2319,7.2433,7.1541,7.2324,29464.1,683
2026-08-10 05:05:00+00:00,7.2325,7.2534,7.2269,7.2304,6878.0,293
2026-08-10 05:10:00+00:00,7.2346,7.2495,7.2326,7.2374,2918.2,154
2026-08-10 05:15:00+00:00,7.2389,7.2472,7.2293,7.2414,6790.6,239
2026-08-10 05:20:00+00:00,7.2425,7.2945,7.225,7.2413,21728.4,559
2026-08-10 05:25:00+00:00,7.2414,7.2692,7.2403,7.2597,6364.9,349
2026-08-10 05:30:00+00:00,7.2618,7.3662,7.2576,7.3462,49431.8,4059
2026-08-10 05:35:00+00:00,7.3463,7.3621,7.314,7.3176,13747.8,876
2026-08-10 05:40:00+00:00,7.323,7.3332,7.3135,7.3135,6751.8,833
2026-08-10 05:45:00+00:00,7.3129,7.3136,7.2865,7.292,13073.9,962
2026-08-10 05:50:00+00:00,7.292,7.3203,7.2834,7.3045,14153.7,1196
2026-08-10 05:55:00+00:00,7.3016,7.315,7.2872,7.315,15482.4,849
2026-08-10 06:00:00+00:00,7.3118,7.3198,7.29,7.3112,7116.4,630
2026-08-10 06:05:00+00:00,7.3121,7.32,7.2801,7.2829,11287.8,380
2026-08-10 06:10:00+00:00,7.286,7.3023,7.28,7.2816,11973.9,763
2026-08-10 06:15:00+00:00,7.2821,7.2882,7.2771,7.2837,10012.2,295
2026-08-10 06:20:00+00:00,7.2837,7.3017,7.2817,7.2919,12232.4,947
2026-08-10 06:25:00+00:00,7.2928,7.3079,7.2901,7.3026,10199.0,875
2026-08-10 06:30:00+00:00,7.3029,7.3077,7.28,7.2825,17924.2,517
2026-08-10 06:35:00+00:00,7.2851,7.2974,7.271,7.29,18600.7,670
2026-08-10 06:40:00+00:00,7.2917,7.34,7.2901,7.3276,28206.2,1157
2026-08-10 06:45:00+00:00,7.3276,7.35,7.306,7.3097,22656.5,1254
2026-08-10 06:50:00+00:00,7.3093,7.3153,7.2944,7.3054,18014.4,802
2026-08-10 06:55:00+00:00,7.3033,7.3264,7.296,7.3164,28168.5,990
2026-08-10 07:00:00+00:00,7.3162,7.33,7.2928,7.3205,15339.6,1134
2026-08-10 07:05:00+00:00,7.32,7.37,7.3173,7.328,13498.1,903
2026-08-10 07:10:00+00:00,7.3285,7.33,7.2852,7.31,7811.6,702
2026-08-10 07:15:00+00:00,7.3087,7.3338,7.2812,7.3119,11526.0,971
2026-08-10 07:20:00+00:00,7.3076,7.36,7.3076,7.3449,15958.8,1123
2026-08-10 07:25:00+00:00,7.3465,7.36,7.3372,7.3505,18500.7,1480
2026-08-10 07:30:00+00:00,7.3543,7.3597,7.3472,7.3513,2067.5,346
2026-08-10 07:35:00+00:00,7.3513,7.3551,7.322,7.3417,4896.2,736
2026-08-10 07:40:00+00:00,7.3419,7.3484,7.3329,7.3388,2278.2,569
2026-08-10 07:45:00+00:00,7.3436,7.3473,7.3318,7.337,1348.8,390
2026-08-10 07:50:00+00:00,7.3385,7.3407,7.3322,7.3329,563.8,231
2026-08-10 07:55:00+00:00,7.336,7.3472,7.3322,7.3447,1961.5,545
2026-08-10 08:00:00+00:00,7.3395,7.3448,7.327,7.3388,4388.0,722
2026-08-10 08:05:00+00:00,7.3392,7.3395,7.3276,7.3313,1873.0,375
2026-08-10 08:10:00+00:00,7.3356,7.3358,7.31,7.3147,2490.5,322
2026-08-10 08:15:00+00:00,7.3102,7.314,7.3002,7.3082,7765.9,345
2026-08-10 08:20:00+00:00,7.3079,7.3119,7.2848,7.296,2729.9,432
2026-08-10 08:25:00+00:00,7.2921,7.2976,7.2848,7.2862,1665.1,307
2026-08-10 08:30:00+00:00,7.2886,7.2905,7.2805,7.2851,2444.2,182
2026-08-10 08:35:00+00:00,7.284,7.2877,7.2703,7.2703,4373.3,449
2026-08-10 08:40:00+00:00,7.2705,7.28,7.264,7.2736,5130.8,577
2026-08-10 08:45:00+00:00,7.2744,7.2821,7.2696,7.2714,3400.1,559
2026-08-10 08:50:00+00:00,7.2683,7.2799,7.2661,7.2725,694.0,284
2026-08-10 08:55:00+00:00,7.2736,7.2791,7.2705,7.2789,553.4,157
2026-08-10 09:00:00+00:00,7.2758,7.2799,7.2669,7.2701,2267.6,485
2026-08-10 09:05:00+00:00,7.2719,7.2799,7.265,7.2742,1878.2,547
2026-08-10 09:10:00+00:00,7.2736,7.2742,7.2692,7.2742,1797.0,256
2026-08-10 09:15:00+00:00,7.2742,7.28,7.27,7.2736,1728.3,270
2026-08-10 09:20:00+00:00,7.2787,7.2796,7.2701,7.2774,547.8,183
2026-08-10 09:25:00+00:00,7.2778,7.2885,7.2716,7.2858,2509.4,186
2026-08-10 09:30:00+00:00,7.2815,7.309,7.2773,7.304,8251.2,554
2026-08-10 09:35:00+00:00,7.3019,7.3028,7.2811,7.2901,2617.2,279
2026-08-10 09:40:00+00:00,7.2896,7.2896,7.2801,7.2838,273.0,62
2026-08-10 09:45:00+00:00,7.2802,7.2896,7.2772,7.2896,1980.0,214
2026-08-10 09:50:00+00:00,7.2899,7.2938,7.2842,7.2892,404.5,74
2026-08-10 09:55:00+00:00,7.2874,7.2952,7.2862,7.2914,691.6,110
2026-08-10 10:00:00+00:00,7.2926,7.2991,7.2869,7.2914,1513.7,178
2026-08-10 10:05:00+00:00,7.296,7.2975,7.2597,7.2853,11376.8,493
2026-08-10 10:10:00+00:00,7.2886,7.3012,7.2789,7.2984,2481.0,144
2026-08-10 10:15:00+00:00,7.3016,7.3143,7.2944,7.3132,1903.0,118
2026-08-10 10:20:00+00:00,7.3177,7.3247,7.3128,7.322,729.9,83
2026-08-10 10:25:00+00:00,7.3212,7.3223,7.3042,7.3164,3145.0,247
2026-08-10 10:30:00+00:00,7.3205,7.3218,7.3043,7.3182,1335.4,120
2026-08-10 10:35:00+00:00,7.3175,7.3191,7.3047,7.3156,1333.1,131
2026-08-10 10:40:00+00:00,7.3137,7.3228,7.3129,7.3209,1233.6,88
2026-08-10 10:45:00+00:00,7.3205,7.3225,7.3042,7.3122,4057.2,139
2026-08-10 10:50:00+00:00,7.3101,7.3232,7.3093,7.3174,547.5,61
2026-08-10 10:55:00+00:00,7.3178,7.318,7.3051,7.3061,572.2,60
2026-08-10 11:00:00+00:00,7.3042,7.3072,7.2988,7.3072,2211.0,12
2026-08-10 11:05:00+00:00,7.2975,7.3036,7.2939,7.3026,1233.2,24
2026-08-10 11:10:00+00:00,7.3038,7.3084,7.2935,7.298,2806.5,40
2026-08-10 11:15:00+00:00,7.2998,7.304,7.2933,7.3018,2817.1,32
2026-08-10 11:20:00+00:00,7.3026,7.3099,7.2979,7.3033,3040.9,297
2026-08-10 11:25:00+00:00,7.3078,7.3139,7.3024,7.3041,1695.8,214
2026-08-10 11:30:00+00:00,7.3053,7.3118,7.3029,7.3046,1246.0,194
2026-08-10 11:35:00+00:00,7.3034,7.3034,7.2771,7.2831,5596.7,221
2026-08-10 11:40:00+00:00,7.2862,7.2933,7.2813,7.2933,549.7,35
2026-08-10 11:45:00+00:00,7.2897,7.2897,7.2816,7.2816,204.0,9
2026-08-10 11:50:00+00:00,7.2918,7.2968,7.2918,7.2968,44.9,4
2026-08-10 11:55:00+00:00,7.289,7.293,7.289,7.291,51.8,9
2026-08-10 12:00:00+00:00,7.2931,7.2963,7.291,7.2922,69.5,11
2026-08-10 12:05:00+00:00,7.2937,7.2937,7.2856,7.2933,141.9,17
2026-08-10 12:10:00+00:00,7.2922,7.2968,7.2885,7.2885,393.2,34
2026-08-10 12:15:00+00:00,7.2896,7.2925,7.286,7.2899,166.0,24
2026-08-10 12:20:00+00:00,7.2912,7.2912,7.2894,7.2894,508.2,5
2026-08-10 12:25:00+00:00,7.287,7.2903,7.2866,7.2903,93.8,15
2026-08-10 12:30:00+00:00,7.2902,7.3,7.2823,7.291,2038.4,84
2026-08-10 12:35:00+00:00,7.2871,7.2903,7.2863,7.2867,468.4,27
2026-08-10 12:40:00+00:00,7.2867,7.2867,7.178,7.27,24474.5,409
2026-08-10 12:45:00+00:00,7.27,7.27,7.2475,7.2596,3318.4,174
2026-08-10 12:50:00+00:00,7.2699,7.27,7.2621,7.2661,105.0,8
2026-08-10 12:55:00+00:00,7.2657,7.2869,7.2641,7.2791,3268.0,94
2026-08-10 13:00:00+00:00,7.2801,7.2865,7.2789,7.28,1104.4,12
2026-08-10 13:05:00+00:00,7.2792,7.2815,7.2751,7.2792,747.2,18
2026-08-10 13:10:00+00:00,7.2758,7.2787,7.268,7.2749,851.4,44
2026-08-10 13:15:00+00:00,7.2749,7.2772,7.2749,7.2772,5680.5,28
2026-08-10 13:20:00+00:00,7.277,7.277,7.277,7.277,3.0,1
2026-08-10 13:25:00+00:00,7.2728,7.2772,7.2692,7.2692,1746.6,30
2026-08-10 13:30:00+00:00,7.2692,7.2828,7.2512,7.2625,14624.7,352
2026-08-10 13:35:00+00:00,7.2614,7.2847,7.2572,7.2596,4136.4,143
2026-08-10 13:40:00+00:00,7.2586,7.2633,7.2,7.2372,12698.2,413
2026-08-10 13:45:00+00:00,7.2393,7.271,7.2387,7.2664,3015.1,85
2026-08-10 13:50:00+00:00,7.2721,7.2751,7.2605,7.2686,4036.8,73
2026-08-10 13:55:00+00:00,7.2701,7.2773,7.2624,7.2759,3792.9,55
2026-08-10 14:00:00+00:00,7.2735,7.2846,7.27,7.2778,1977.3,70
2026-08-10 14:05:00+00:00,7.2817,7.3344,7.2771,7.3155,14328.9,337
2026-08-10 14:10:00+00:00,7.3185,7.321,7.3117,7.3181,3106.9,92
2026-08-10 14:15:00+00:00,7.3181,7.3182,7.2825,7.29,2963.5,127
2026-08-10 14:20:00+00:00,7.2911,7.2971,7.2656,7.2656,5395.1,253
2026-08-10 14:25:00+00:00,7.2651,7.28,7.257,7.2641,2615.9,132
2026-08-10 14:30:00+00:00,7.2634,7.2742,7.263,7.2742,3262.5,109
2026-08-10 14:35:00+00:00,7.2705,7.2865,7.26,7.2826,3799.5,180
2026-08-10 14:40:00+00:00,7.2866,7.2871,7.2654,7.2714,1418.4,107
2026-08-10 14:45:00+00:00,7.2685,7.2775,7.2605,7.2775,1146.2,81
2026-08-10 14:50:00+00:00,7.2771,7.2797,7.2706,7.2739,1012.2,43
2026-08-10 14:55:00+00:00,7.2739,7.2749,7.2646,7.2747,802.7,73
2026-08-10 15:00:00+00:00,7.2747,7.2762,7.2625,7.272,1130.8,106
2026-08-10 15:05:00+00:00,7.2758,7.2799,7.275,7.2789,682.6,42
2026-08-10 15:10:00+00:00,7.28,7.2871,7.254,7.2675,5463.9,268
2026-08-10 15:15:00+00:00,7.2675,7.2756,7.2627,7.2687,924.6,110
2026-08-10 15:20:00+00:00,7.2684,7.2685,7.2525,7.2525,2615.6,187
2026-08-10 15:25:00+00:00,7.2565,7.257,7.24,7.2465,5319.5,170
2026-08-10 15:30:00+00:00,7.2476,7.2671,7.2476,7.2521,572.0,66
2026-08-10 15:35:00+00:00,7.2545,7.2598,7.2317,7.2494,2983.2,524
2026-08-10 15:40:00+00:00,7.2535,7.2559,7.2336,7.2427,4539.3,545
2026-08-10 15:45:00+00:00,7.2466,7.2563,7.2401,7.244,3306.4,588
2026-08-10 15:50:00+00:00,7.2485,7.2592,7.2441,7.2546,6448.4,597
2026-08-10 15:55:00+00:00,7.25,7.2545,7.2384,7.244,2994.3,332
2026-08-10 16:00:00+00:00,7.2474,7.2526,7.2329,7.2405,2295.8,354
2026-08-10 16:05:00+00:00,7.2422,7.2624,7.2381,7.2555,1603.2,256
2026-08-10 16:10:00+00:00,7.2523,7.2662,7.2475,7.2627,683.2,73
2026-08-10 16:15:00+00:00,7.2631,7.2791,7.2573,7.2683,1399.0,201
2026-08-10 16:20:00+00:00,7.2704,7.2773,7.252,7.2773,2734.4,126
2026-08-10 16:25:00+00:00,7.2757,7.2757,7.252,7.2557,3066.6,86
2026-08-10 16:30:00+00:00,7.2557,7.2668,7.252,7.2619,902.0,78
2026-08-10 16:35:00+00:00,7.2577,7.2618,7.2534,7.2616,220.7,54
2026-08-10 16:40:00+00:00,7.2644,7.2685,7.256,7.2611,721.6,108
2026-08-10 16:45:00+00:00,7.2621,7.28,7.2599,7.28,589.9,60
2026-08-10 16:50:00+00:00,7.28,7.28,7.2694,7.2716,384.9,67
2026-08-10 16:55:00+00:00,7.2761,7.2837,7.272,7.2764,747.9,54
2026-08-10 17:00:00+00:00,7.277,7.2828,7.2744,7.2792,260.1,41
2026-08-10 17:05:00+00:00,7.2795,7.2795,7.2582,7.2756,1328.0,102
2026-08-10 17:10:00+00:00,7.2777,7.2846,7.2715,7.2846,197.1,28
2026-08-10 17:15:00+00:00,7.2859,7.2922,7.2803,7.2922,259.4,51
2026-08-10 17:20:00+00:00,7.2924,7.2964,7.2896,7.2949,153.7,22
2026-08-10 17:25:00+00:00,7.2949,7.3,7.2924,7.2984,2300.0,42
2026-08-10 17:30:00+00:00,7.3,7.318,7.2916,7.2916,8451.0,641
2026-08-10 17:35:00+00:00,7.2916,7.2916,7.2757,7.2838,808.2,54
2026-08-10 17:40:00+00:00,7.2836,7.288,7.281,7.2867,481.4,27
2026-08-10 17:45:00+00:00,7.2862,7.2941,7.2842,7.29,917.7,36
2026-08-10 17:50:00+00:00,7.292,7.3,7.292,7.298,878.2,17
2026-08-10 17:55:00+00:00,7.3,7.306,7.2978,7.302,447.7,14
2026-08-10 18:00:00+00:00,7.3047,7.305,7.2825,7.2851,4939.7,53
2026-08-10 18:05:00+00:00,7.2864,7.2953,7.2838,7.2953,184.9,7
2026-08-10 18:10:00+00:00,7.2954,7.2981,7.2951,7.2955,55.6,9
2026-08-10 18:15:00+00:00,7.2977,7.2977,7.2847,7.2847,157.5,25
2026-08-10 18:20:00+00:00,7.2815,7.2815,7.2701,7.2765,611.6,39
2026-08-10 18:25:00+00:00,7.2798,7.2873,7.2798,7.2873,84.6,9
2026-08-10 18:30:00+00:00,7.2861,7.2887,7.2861,7.2887,138.8,2
2026-08-10 18:35:00+00:00,7.2862,7.29,7.2854,7.2887,337.0,16
2026-08-10 18:40:00+00:00,7.2895,7.2917,7.2891,7.2917,26.8,6
2026-08-10 18:45:00+00:00,7.288,7.288,7.2658,7.2658,275.4,41
2026-08-10 18:50:00+00:00,7.2706,7.2706,7.2706,7.2706,2.3,1
2026-08-10 18:55:00+00:00,7.2719,7.2719,7.2719,7.2719,75.0,2
2026-08-10 19:00:00+00:00,7.2719,7.2796,7.2695,7.2699,781.2,59
2026-08-10 19:05:00+00:00,7.2695,7.2695,7.2549,7.2567,2670.0,168
2026-08-10 19:10:00+00:00,7.256,7.2987,7.2558,7.2969,3213.3,401
2026-08-10 19:15:00+00:00,7.2951,7.3137,7.2951,7.3045,1064.7,340
2026-08-10 19:20:00+00:00,7.311,7.32,7.2863,7.2863,9404.8,757
2026-08-10 19:25:00+00:00,7.2867,7.2909,7.27,7.27,2051.7,27
2026-08-10 19:30:00+00:00,7.2761,7.2814,7.2761,7.2814,165.2,18
2026-08-10 19:35:00+00:00,7.2814,7.2814,7.2814,7.2814,0.0,0
2026-08-10 19:40:00+00:00,7.2825,7.2926,7.2817,7.2926,273.1,11
2026-08-10 19:45:00+00:00,7.2875,7.2901,7.2856,7.2856,65.6,10
2026-08-10 19:50:00+00:00,7.2859,7.291,7.2822,7.287,1536.0,35
2026-08-10 19:55:00+00:00,7.286,7.286,7.2634,7.267,2403.1,86
2026-08-10 20:00:00+00:00,7.2651,7.2651,7.2611,7.2644,35.1,11
2026-08-10 20:05:00+00:00,7.26,7.2657,7.26,7.2657,8.8,2
2026-08-10 20:10:00+00:00,7.2639,7.2848,7.2639,7.2845,1169.0,54
2026-08-10 20:15:00+00:00,7.2843,7.2926,7.2809,7.2894,437.8,26
2026-08-10 20:20:00+00:00,7.2891,7.2891,7.276,7.2823,139.3,21
2026-08-10 20:25:00+00:00,7.2778,7.2778,7.2721,7.2723,32.7,8
2026-08-10 20:30:00+00:00,7.2749,7.2749,7.267,7.267,172.7,21
2026-08-10 20:35:00+00:00,7.2646,7.2669,7.2646,7.2663,276.4,28
2026-08-10 20:40:00+00:00,7.2654,7.2679,7.26,7.26,206.1,35
2026-08-10 20:45:00+00:00,7.2644,7.2644,7.2411,7.2509,9893.0,169
2026-08-10 20:50:00+00:00,7.2553,7.2583,7.2553,7.2583,20.0,3
2026-08-10 20:55:00+00:00,7.2583,7.2599,7.2491,7.25,1003.2,30
2026-08-10 21:00:00+00:00,7.25,7.25,7.25,7.25,0.0,0
2026-08-10 21:05:00+00:00,7.2478,7.2478,7.2478,7.2478,1.5,1
2026-08-10 21:10:00+00:00,7.2478,7.2478,7.2478,7.2478,0.0,0
2026-08-10 21:15:00+00:00,7.2469,7.251,7.2442,7.251,44.1,13
2026-08-10 21:20:00+00:00,7.2493,7.2495,7.2286,7.2317,549.9,61
2026-08-10 21:25:00+00:00,7.2284,7.23,7.2039,7.23,1713.6,161
2026-08-10 21:30:00+00:00,7.2283,7.24,7.2283,7.24,32.0,2
2026-08-10 21:35:00+00:00,7.244,7.244,7.2411,7.2411,17.8,4
2026-08-10 21:40:00+00:00,7.25,7.2633,7.2412,7.2412,964.1,57
2026-08-10 21:45:00+00:00,7.25,7.256,7.25,7.256,39.9,9
2026-08-10 21:50:00+00:00,7.2529,7.2629,7.2529,7.2629,89.1,14
2026-08-10 21:55:00+00:00,7.2649,7.2785,7.2649,7.2766,1264.6,44
2026-08-10 22:00:00+00:00,7.2765,7.2799,7.2765,7.2799,150.2,4
2026-08-10 22:05:00+00:00,7.2762,7.3048,7.2519,7.2542,3890.0,256
2026-08-10 22:10:00+00:00,7.2553,7.2553,7.2553,7.2553,12.2,1
2026-08-10 22:15:00+00:00,7.2553,7.2573,7.2485,7.2497,702.9,59
2026-08-10 22:20:00+00:00,7.2493,7.27,7.2493,7.2656,1455.9,62
2026-08-10 22:25:00+00:00,7.2675,7.278,7.2667,7.278,102.9,12
2026-08-10 22:30:00+00:00,7.2749,7.2818,7.2692,7.2809,1279.5,58
2026-08-10 22:35:00+00:00,7.2823,7.2823,7.2743,7.2743,511.7,32
2026-08-10 22:40:00+00:00,7.2758,7.2812,7.2728,7.2801,707.5,29
2026-08-10 22:45:00+00:00,7.2772,7.2772,7.2772,7.2772,31.0,1
2026-08-10 22:50:00+00:00,7.2828,7.2833,7.265,7.265,2309.4,49
2026-08-10 22:55:00+00:00,7.2693,7.2704,7.2388,7.2458,1731.8,185
2026-08-10 23:00:00+00:00,7.248,7.2561,7.2465,7.2549,504.3,22
2026-08-10 23:05:00+00:00,7.2566,7.26,7.2472,7.2488,1249.3,85
2026-08-10 23:10:00+00:00,7.2524,7.2587,7.2484,7.255,783.2,150
2026-08-10 23:15:00+00:00,7.251,7.2534,7.2486,7.2534,116.4,29
2026-08-10 23:20:00+00:00,7.2487,7.2524,7.2427,7.2514,903.1,76
2026-08-10 23:25:00+00:00,7.2499,7.2547,7.2467,7.2547,95.6,32
2026-08-10 23:30:00+00:00,7.2517,7.26,7.2476,7.26,516.0,38
2026-08-10 23:35:00+00:00,7.2588,7.2634,7.2536,7.2627,1631.0,284
2026-08-10 23:40:00+00:00,7.2603,7.2663,7.258,7.2656,262.3,66
2026-08-10 23:45:00+00:00,7.2655,7.2661,7.259,7.2629,749.7,105
2026-08-10 23:50:00+00:00,7.266,7.2665,7.259,7.2642,2219.2,108
2026-08-10 23:55:00+00:00,7.2639,7.2665,7.2637,7.266,2997.2,92
2026-08-11 00:00:00+00:00,7.2607,7.2663,7.26,7.2652,425.4,40
2026-08-11 00:05:00+00:00,7.2654,7.2665,7.2651,7.2665,470.9,23
2026-08-11 00:10:00+00:00,7.2664,7.2665,7.26,7.2649,1275.8,183
2026-08-11 00:15:00+00:00,7.2647,7.2665,7.2601,7.2665,1429.9,171
2026-08-11 00:20:00+00:00,7.2663,7.2665,7.2615,7.2664,808.2,81
2026-08-11 00:25:00+00:00,7.2663,7.2665,7.2621,7.2624,1354.6,30
2026-08-11 00:30:00+00:00,7.2663,7.2665,7.2602,7.2662,1919.0,117
2026-08-11 00:35:00+00:00,7.2661,7.2665,7.2592,7.2658,2497.2,172
2026-08-11 00:40:00+00:00,7.2658,7.2665,7.2543,7.2624,2423.2,246
2026-08-11 00:45:00+00:00,7.2623,7.2665,7.2563,7.2635,7202.8,310
2026-08-11 00:50:00+00:00,7.264,7.2665,7.2604,7.2655,1592.4,177
2026-08-11 00:55:00+00:00,7.2655,7.2665,7.258,7.2665,1059.4,157
2026-08-11 01:00:00+00:00,7.2665,7.2665,7.2597,7.2661,2056.0,218
2026-08-11 01:05:00+00:00,7.266,7.2665,7.2593,7.2624,416.1,60
2026-08-11 01:10:00+00:00,7.2619,7.2661,7.2532,7.2661,1960.5,120
2026-08-11 01:15:00+00:00,7.2617,7.282,7.2584,7.2734,4312.6,181
2026-08-11 01:20:00+00:00,7.269,7.2811,7.2689,7.2727,2738.3,234
2026-08-11 01:25:00+00:00,7.2739,7.2791,7.2674,7.2791,2889.7,124
2026-08-11 01:30:00+00:00,7.2791,7.329,7.2627,7.2892,36649.8,1321
2026-08-11 01:35:00+00:00,7.2891,7.3,7.2773,7.2859,15715.2,488
2026-08-11 01:40:00+00:00,7.2842,7.3162,7.2814,7.3052,20958.7,613
2026-08-11 01:45:00+00:00,7.3053,7.3145,7.298,7.3095,9565.9,339
2026-08-11 01:50:00+00:00,7.3108,7.3167,7.296,7.3007,10688.8,276
2026-08-11 01:55:00+00:00,7.2975,7.302,7.2861,7.2863,25435.8,562
2026-08-11 02:00:00+00:00,7.29,7.2908,7.27,7.277,10043.2,177
2026-08-11 02:05:00+00:00,7.2745,7.2826,7.2722,7.2796,3347.1,62
2026-08-11 02:10:00+00:00,7.2814,7.2863,7.2746,7.2844,3116.1,71
2026-08-11 02:15:00+00:00,7.2843,7.2855,7.2761,7.2837,4786.0,110
2026-08-11 02:20:00+00:00,7.2873,7.2873,7.2727,7.2785,3098.4,76
2026-08-11 02:25:00+00:00,7.2784,7.29,7.2745,7.2866,3375.0,171
2026-08-11 02:30:00+00:00,7.2847,7.2885,7.276,7.2834,5877.7,332
2026-08-11 02:35:00+00:00,7.2823,7.291,7.278,7.291,5973.8,270
2026-08-11 02:40:00+00:00,7.2881,7.3155,7.288,7.3087,13853.4,391
2026-08-11 02:45:00+00:00,7.3091,7.3227,7.2958,7.3169,23746.8,400
2026-08-11 02:50:00+00:00,7.3216,7.3298,7.3005,7.329,27894.8,779
2026-08-11 02:55:00+00:00,7.3242,7.4301,7.3141,7.3364,82320.6,769
2026-08-11 03:00:00+00:00,7.3336,7.3362,7.3049,7.3148,13350.3,239
2026-08-11 03:05:00+00:00,7.3163,7.3381,7.3002,7.3268,13166.8,304
2026-08-11 03:10:00+00:00,7.32,7.3276,7.3028,7.3209,6712.4,173
2026-08-11 03:15:00+00:00,7.3248,7.3629,7.3153,7.33,9869.5,108
2026-08-11 03:20:00+00:00,7.325,7.331,7.31,7.3145,7978.3,89
2026-08-11 03:25:00+00:00,7.3105,7.3355,7.3095,7.3232,9984.9,141
2026-08-11 03:30:00+00:00,7.3231,7.3235,7.3118,7.3189,809.0,78
2026-08-11 03:35:00+00:00,7.323,7.3532,7.3154,7.341,11082.2,222
2026-08-11 03:40:00+00:00,7.3421,7.3869,7.3406,7.37,14228.8,380
2026-08-11 03:45:00+00:00,7.3686,7.3704,7.3589,7.3596,1310.1,51
2026-08-11 03:50:00+00:00,7.3628,7.3632,7.3527,7.3564,1945.6,63
2026-08-11 03:55:00+00:00,7.3549,7.3613,7.3544,7.3612,1098.8,48
2026-08-11 04:00:00+00:00,7.3612,7.3612,7.35,7.3502,4799.9,163
2026-08-11 04:05:00+00:00,7.354,7.3561,7.3381,7.3415,4554.8,70
2026-08-11 04:10:00+00:00,7.3441,7.3443,7.341,7.3443,416.5,10
2026-08-11 04:15:00+00:00,7.3446,7.3524,7.3397,7.3486,3943.4,94
2026-08-11 04:20:00+00:00,7.35,7.3697,7.35,7.3697,4205.5,73
2026-08-11 04:25:00+00:00,7.3664,7.3677,7.3615,7.3627,456.8,18
2026-08-11 04:30:00+00:00,7.3601,7.3627,7.36,7.36,710.6,21
2026-08-11 04:35:00+00:00,7.36,7.3661,7.36,7.3661,5470.0,62
2026-08-11 04:40:00+00:00,7.3655,7.3661,7.3655,7.3655,429.3,9
2026-08-11 04:45:00+00:00,7.3655,7.3708,7.3655,7.3692,2079.2,30
2026-08-11 04:50:00+00:00,7.3692,7.371,7.3681,7.371,391.0,12
2026-08-11 04:55:00+00:00,7.3681,7.3758,7.3634,7.3635,11197.1,84
2026-08-11 05:00:00+00:00,7.3606,7.4852,7.332,7.3522,89502.6,772
2026-08-11 05:05:00+00:00,7.3486,7.38,7.3423,7.3798,18513.5,484
2026-08-11 05:10:00+00:00,7.3798,7.38,7.3464,7.3464,14187.2,233
2026-08-11 05:15:00+00:00,7.3494,7.3647,7.349,7.3533,11033.1,176
2026-08-11 05:20:00+00:00,7.3529,7.3756,7.3439,7.354,38318.5,762
2026-08-11 05:25:00+00:00,7.3537,7.3537,7.3343,7.345,4292.5,83
2026-08-11 05:30:00+00:00,7.3485,7.3525,7.3329,7.3525,3914.6,89
2026-08-11 05:35:00+00:00,7.3528,7.3618,7.3414,7.3452,6898.3,181
2026-08-11 05:40:00+00:00,7.3449,7.3626,7.3434,7.359,3592.7,108
2026-08-11 05:45:00+00:00,7.3613,7.3727,7.35,7.3727,4946.3,138
2026-08-11 05:50:00+00:00,7.3727,7.392,7.3652,7.3703,22240.4,319
2026-08-11 05:55:00+00:00,7.3717,7.3799,7.3661,7.3781,6155.4,200
2026-08-11 06:00:00+00:00,7.375,7.375,7.3343,7.3411,44522.9,285
2026-08-11 06:05:00+00:00,7.3414,7.3425,7.331,7.3358,4176.2,65
2026-08-11 06:10:00+00:00,7.3375,7.339,7.3127,7.3166,10117.9,208
2026-08-11 06:15:00+00:00,7.315,7.45,7.3,7.3331,123320.9,845
2026-08-11 06:20:00+00:00,7.3331,7.3393,7.3083,7.309,19226.8,304
2026-08-11 06:25:00+00:00,7.3104,7.3182,7.3031,7.3053,10943.5,103
2026-08-11 06:30:00+00:00,7.3053,7.3923,7.275,7.2777,118676.2,1099
2026-08-11 06:35:00+00:00,7.2771,7.33,7.2741,7.286,29351.9,235
2026-08-11 06:40:00+00:00,7.286,7.2907,7.286,7.2862,5995.4,85
2026-08-11 06:45:00+00:00,7.2862,7.3149,7.2823,7.3077,13851.0,345
2026-08-11 06:50:00+00:00,7.3069,7.3102,7.2944,7.2944,6033.2,176
2026-08-11 06:55:00+00:00,7.2935,7.3022,7.293,7.3005,7040.2,117
2026-08-11 07:00:00+00:00,7.3005,7.3005,7.2758,7.277,18863.8,701
2026-08-11 07:05:00+00:00,7.2809,7.2821,7.27,7.2803,6630.0,269
2026-08-11 07:10:00+00:00,7.2781,7.29,7.2738,7.2823,13300.7,824
2026-08-11 07:15:00+00:00,7.2822,7.29,7.2808,7.2808,2575.0,122
2026-08-11 07:20:00+00:00,7.282,7.2928,7.2805,7.2889,7797.0,378
2026-08-11 07:25:00+00:00,7.2886,7.2929,7.2863,7.2898,7441.3,361
2026-08-11 07:30:00+00:00,7.2863,7.2928,7.2801,7.2866,10117.4,494
2026-08-11 07:35:00+00:00,7.2858,7.2919,7.2821,7.2904,4953.1,209
2026-08-11 07:40:00+00:00,7.2904,7.2948,7.2839,7.2906,2537.6,125
2026-08-11 07:45:00+00:00,7.2927,7.302,7.2914,7.294,9165.4,334
2026-08-11 07:50:00+00:00,7.2965,7.302,7.2899,7.2952,6723.2,364
2026-08-11 07:55:00+00:00,7.2962,7.302,7.2937,7.2945,11609.9,670
2026-08-11 08:00:00+00:00,7.2955,7.2976,7.28,7.2812,8813.9,329
2026-08-11 08:05:00+00:00,7.2806,7.2906,7.28,7.2826,6885.4,506
2026-08-11 08:10:00+00:00,7.2859,7.2879,7.28,7.2844,16323.1,246
2026-08-11 08:15:00+00:00,7.2841,7.288,7.28,7.2802,7039.6,450
2026-08-11 08:20:00+00:00,7.2812,7.2875,7.28,7.28,5551.9,431
2026-08-11 08:25:00+00:00,7.2835,7.292,7.28,7.2804,6706.0,505
2026-08-11 08:30:00+00:00,7.2804,7.2861,7.28,7.28,2699.7,138
2026-08-11 08:35:00+00:00,7.2838,7.2877,7.28,7.281,3246.6,140
2026-08-11 08:40:00+00:00,7.2848,7.2875,7.28,7.2805,8051.7,132
2026-08-11 08:45:00+00:00,7.284,7.2857,7.28,7.2856,1713.1,122
2026-08-11 08:50:00+00:00,7.2818,7.2864,7.2801,7.2856,1515.1,157
2026-08-11 08:55:00+00:00,7.2856,7.2872,7.2811,7.2863,1824.7,122
2026-08-11 09:00:00+00:00,7.2839,7.2887,7.28,7.2878,2021.9,143
2026-08-11 09:05:00+00:00,7.288,7.2942,7.2822,7.2862,2022.4,95
2026-08-11 09:10:00+00:00,7.2893,7.2954,7.2858,7.2866,2732.9,92
2026-08-11 09:15:00+00:00,7.2902,7.2927,7.2842,7.2882,904.5,58
2026-08-11 09:20:00+00:00,7.2885,7.2888,7.2801,7.281,9132.9,107
2026-08-11 09:25:00+00:00,7.2847,7.285,7.28,7.28,797.0,55
2026-08-11 09:30:00+00:00,7.28,7.2862,7.28,7.2802,1267.4,120
2026-08-11 09:35:00+00:00,7.2836,7.2838,7.28,7.28,6719.4,94
2026-08-11 09:40:00+00:00,7.2809,7.2837,7.28,7.28,853.4,80
2026-08-11 09:45:00+00:00,7.28,7.2875,7.28,7.2812,1586.4,117
2026-08-11 09:50:00+00:00,7.2813,7.2847,7.28,7.2812,1029.7,40
2026-08-11 09:55:00+00:00,7.28,7.285,7.28,7.2806,2781.9,49
2026-08-11 10:00:00+00:00,7.28,7.2801,7.28,7.28,170.2,12
2026-08-11 10:05:00+00:00,7.28,7.2801,7.28,7.2801,965.0,29
2026-08-11 10:10:00+00:00,7.2801,7.2801,7.28,7.28,245.4,12
2026-08-11 10:15:00+00:00,7.28,7.2848,7.28,7.2848,1344.3,51
2026-08-11 10:20:00+00:00,7.2848,7.2873,7.2808,7.287,497.0,19
2026-08-11 10:25:00+00:00,7.2849,7.2909,7.2844,7.2844,860.4,25
2026-08-11 10:30:00+00:00,7.283,7.2859,7.283,7.2859,22.0,2
2026-08-11 10:35:00+00:00,7.2855,7.2855,7.28,7.28,7304.9,13
2026-08-11 10:40:00+00:00,7.2836,7.2836,7.2834,7.2834,46.8,3
2026-08-11 10:45:00+00:00,7.2834,7.2835,7.2801,7.2835,31.5,7
2026-08-11 10:50:00+00:00,7.2835,7.2845,7.2801,7.2809,1118.9,56
2026-08-11 10:55:00+00:00,7.2829,7.2837,7.2802,7.2827,433.2,10
2026-08-11 11:00:00+00:00,7.2841,7.29,7.2835,7.2865,2248.1,39
2026-08-11 11:05:00+00:00,7.2861,7.2879,7.2756,7.2794,36434.9,129
2026-08-11 11:10:00+00:00,7.2791,7.2852,7.2749,7.2775,4559.2,49
2026-08-11 11:15:00+00:00,7.2782,7.2786,7.2701,7.2756,5251.4,72
2026-08-11 11:20:00+00:00,7.2756,7.2802,7.2726,7.2779,4797.2,82
2026-08-11 11:25:00+00:00,7.2748,7.2779,7.2711,7.2738,2828.2,55
2026-08-11 11:30:00+00:00,7.2719,7.2752,7.2715,7.2737,343.6,13
2026-08-11 11:35:00+00:00,7.274,7.2777,7.272,7.2777,207.0,5
2026-08-11 11:40:00+00:00,7.2767,7.2777,7.2724,7.2727,1179.6,15
2026-08-11 11:45:00+00:00,7.2747,7.2793,7.2747,7.2753,1370.4,21
2026-08-11 11:50:00+00:00,7.2753,7.2753,7.2706,7.2708,4859.9,28
2026-08-11 11:55:00+00:00,7.2708,7.2721,7.27,7.2721,506.3,8
2026-08-11 12:00:00+00:00,7.2701,7.2741,7.2685,7.2706,3773.3,54
2026-08-11 12:05:00+00:00,7.275,7.275,7.2707,7.2724,132.6,3
2026-08-11 12:10:00+00:00,7.2724,7.2771,7.2719,7.2771,1433.6,34
2026-08-11 12:15:00+00:00,7.2757,7.2799,7.2757,7.2799,76.9,4
2026-08-11 12:20:00+00:00,7.277,7.277,7.2492,7.2657,10711.5,135
2026-08-11 12:25:00+00:00,7.2666,7.2666,7.2635,7.2643,823.0,16
2026-08-11 12:30:00+00:00,7.2661,7.2693,7.2589,7.2589,2944.4,34
2026-08-11 12:35:00+00:00,7.2602,7.2629,7.2585,7.2624,1601.7,28
2026-08-11 12:40:00+00:00,7.2616,7.2659,7.2613,7.2659,662.8,8
2026-08-11 12:45:00+00:00,7.2637,7.2739,7.2637,7.2718,2303.7,74
2026-08-11 12:50:00+00:00,7.2705,7.2705,7.2705,7.2705,4.5,1
2026-08-11 12:55:00+00:00,7.276,7.276,7.276,7.276,6.6,1
2026-08-11 13:00:00+00:00,7.275,7.275,7.271,7.2739,231.9,5
2026-08-11 13:05:00+00:00,7.273,7.2742,7.2684,7.2735,574.5,11
2026-08-11 13:10:00+00:00,7.274,7.2791,7.2734,7.2791,1222.0,18
2026-08-11 13:15:00+00:00,7.2778,7.2785,7.2692,7.2767,877.9,13
2026-08-11 13:20:00+00:00,7.2749,7.2796,7.2701,7.2768,2384.2,37
2026-08-11 13:25:00+00:00,7.2781,7.2829,7.2781,7.2828,408.2,15
2026-08-11 13:30:00+00:00,7.2823,7.2972,7.2805,7.2972,6119.3,146
2026-08-11 13:35:00+00:00,7.2976,7.2997,7.2911,7.2911,3677.4,35
2026-08-11 13:40:00+00:00,7.2915,7.2915,7.2623,7.2646,8875.1,142
2026-08-11 13:45:00+00:00,7.2642,7.2642,7.2359,7.2452,14207.4,294
2026-08-11 13:50:00+00:00,7.2441,7.2441,7.23,7.2357,8336.9,163
2026-08-11 13:55:00+00:00,7.2364,7.2413,7.2306,7.2413,2888.3,63
2026-08-11 14:00:00+00:00,7.2386,7.2499,7.2386,7.2457,5211.6,74
2026-08-11 14:05:00+00:00,7.2477,7.2528,7.2463,7.2519,2158.1,21
2026-08-11 14:10:00+00:00,7.251,7.2596,7.2458,7.2535,7660.3,128
2026-08-11 14:15:00+00:00,7.2512,7.252,7.2391,7.242,4280.6,58
2026-08-11 14:20:00+00:00,7.2445,7.2601,7.2436,7.2601,17098.1,168
2026-08-11 14:25:00+00:00,7.2624,7.2671,7.2611,7.2671,3760.6,62
2026-08-11 14:30:00+00:00,7.2615,7.2624,7.2446,7.2466,8940.9,111
2026-08-11 14:35:00+00:00,7.2496,7.2501,7.246,7.2495,1581.2,21
2026-08-11 14:40:00+00:00,7.2522,7.2522,7.2487,7.2487,1288.2,10
2026-08-11 14:45:00+00:00,7.2506,7.2506,7.2486,7.2486,1139.3,13
2026-08-11 14:50:00+00:00,7.2505,7.2583,7.2504,7.2561,10600.0,90
2026-08-11 14:55:00+00:00,7.257,7.2611,7.2552,7.261,6006.3,54
2026-08-11 15:00:00+00:00,7.2611,7.2698,7.26,7.2688,3158.8,61
2026-08-11 15:05:00+00:00,7.2652,7.2737,7.265,7.2713,2813.5,31
2026-08-11 15:10:00+00:00,7.2722,7.2738,7.2719,7.2738,1239.8,17
2026-08-11 15:15:00+00:00,7.2748,7.2748,7.2729,7.2739,283.9,10
2026-08-11 15:20:00+00:00,7.2756,7.28,7.2754,7.28,3726.9,37
2026-08-11 15:25:00+00:00,7.2763,7.2791,7.2763,7.2791,578.0,8
2026-08-11 15:30:00+00:00,7.2791,7.2791,7.2709,7.2709,356.2,15
2026-08-11 15:35:00+00:00,7.2733,7.2742,7.2684,7.2735,4437.1,55
2026-08-11 15:40:00+00:00,7.2675,7.2695,7.266,7.266,88.8,4
2026-08-11 15:45:00+00:00,7.2689,7.2758,7.2689,7.2758,3055.7,30
2026-08-11 15:50:00+00:00,7.2785,7.2825,7.2728,7.2744,6652.4,95
2026-08-11 15:55:00+00:00,7.2767,7.28,7.2767,7.2799,1426.5,17
2026-08-11 16:00:00+00:00,7.2793,7.2794,7.2645,7.2686,1909.1,38
2026-08-11 16:05:00+00:00,7.2686,7.2715,7.2567,7.2604,5840.0,88
2026-08-11 16:10:00+00:00,7.2592,7.2691,7.2562,7.2655,2773.2,33
2026-08-11 16:15:00+00:00,7.2682,7.2706,7.2562,7.2562,4040.6,70
2026-08-11 16:20:00+00:00,7.2563,7.2563,7.2461,7.2489,4216.3,111
2026-08-11 16:25:00+00:00,7.25,7.2504,7.2369,7.237,5960.6,115
2026-08-11 16:30:00+00:00,7.2385,7.2385,7.2318,7.2327,5868.9,85
2026-08-11 16:35:00+00:00,7.2338,7.2359,7.2315,7.2324,5094.5,100
2026-08-11 16:40:00+00:00,7.2349,7.236,7.2324,7.2325,8008.0,80
2026-08-11 16:45:00+00:00,7.2349,7.2381,7.2325,7.2361,7470.3,102
2026-08-11 16:50:00+00:00,7.236,7.2363,7.2233,7.2234,10194.7,129
2026-08-11 16:55:00+00:00,7.2256,7.2285,7.2214,7.2285,7748.4,106
2026-08-11 17:00:00+00:00,7.2285,7.2307,7.21,7.2126,24580.7,82
2026-08-11 17:05:00+00:00,7.214,7.2165,7.21,7.212,3493.2,49
2026-08-11 17:10:00+00:00,7.2104,7.2127,7.21,7.21,8531.8,71
2026-08-11 17:15:00+00:00,7.2102,7.2119,7.21,7.21,4366.1,30
2026-08-11 17:20:00+00:00,7.21,7.2124,7.21,7.21,2914.6,39
2026-08-11 17:25:00+00:00,7.2101,7.2105,7.21,7.21,3756.5,34
2026-08-11 17:30:00+00:00,7.21,7.2107,7.2057,7.2082,6154.1,68
2026-08-11 17:35:00+00:00,7.2083,7.2156,7.207,7.2079,10300.7,113
2026-08-11 17:40:00+00:00,7.2063,7.2106,7.2002,7.2002,4966.1,56
2026-08-11 17:45:00+00:00,7.2002,7.2043,7.2,7.2,3870.3,42
2026-08-11 17:50:00+00:00,7.2,7.2017,7.2,7.2,4459.3,59
2026-08-11 17:55:00+00:00,7.2,7.2071,7.2,7.2032,8484.7,87
2026-08-11 18:00:00+00:00,7.2031,7.2074,7.2031,7.2048,3830.3,38
2026-08-11 18:05:00+00:00,7.2043,7.2196,7.2039,7.2174,10394.0,126
2026-08-11 18:10:00+00:00,7.2186,7.2197,7.2167,7.2193,2120.6,23
2026-08-11 18:15:00+00:00,7.2194,7.2202,7.2034,7.2034,3500.1,54
2026-08-11 18:20:00+00:00,7.2092,7.2109,7.2031,7.2031,2226.8,29
2026-08-11 18:25:00+00:00,7.204,7.2064,7.2,7.2004,4906.4,52
2026-08-11 18:30:00+00:00,7.2009,7.2041,7.192,7.192,3162.6,49
2026-08-11 18:35:00+00:00,7.19,7.1931,7.1807,7.1807,5241.1,72
2026-08-11 18:40:00+00:00,7.18,7.18,7.1696,7.1738,5580.7,62
2026-08-11 18:45:00+00:00,7.1736,7.1799,7.1736,7.1759,4391.3,69
2026-08-11 18:50:00+00:00,7.1755,7.1772,7.1736,7.1742,4899.4,53
2026-08-11 18:55:00+00:00,7.1738,7.1739,7.1673,7.1701,5155.9,38
2026-08-11 19:00:00+00:00,7.1674,7.1697,7.1635,7.1684,3791.9,52
2026-08-11 19:05:00+00:00,7.167,7.1748,7.167,7.1726,2470.3,23
2026-08-11 19:10:00+00:00,7.1731,7.1734,7.1675,7.1698,4289.0,26
2026-08-11 19:15:00+00:00,7.1698,7.1717,7.169,7.169,1700.8,39
2026-08-11 19:20:00+00:00,7.169,7.1723,7.169,7.1722,311.8,22
2026-08-11 19:25:00+00:00,7.1713,7.1713,7.1679,7.1681,2132.6,34
2026-08-11 19:30:00+00:00,7.1669,7.1688,7.1665,7.1686,1766.8,40
2026-08-11 19:35:00+00:00,7.1676,7.1715,7.1676,7.1699,1068.6,29
2026-08-11 19:40:00+00:00,7.1699,7.1757,7.1689,7.1754,4476.2,68
2026-08-11 19:45:00+00:00,7.176,7.1778,7.1725,7.1763,1347.0,28
2026-08-11 19:50:00+00:00,7.1735,7.1772,7.1721,7.176,1468.1,32
2026-08-11 19:55:00+00:00,7.1761,7.218,7.1761,7.217,14507.5,211
2026-08-11 20:00:00+00:00,7.2196,7.24,7.2035,7.2394,25060.7,359
2026-08-11 20:05:00+00:00,7.24,7.2485,7.2363,7.2407,19557.9,186
2026-08-11 20:10:00+00:00,7.2365,7.2377,7.2289,7.2296,2043.7,65
2026-08-11 20:15:00+00:00,7.2282,7.2343,7.2277,7.2343,413.9,27
2026-08-11 20:20:00+00:00,7.2327,7.2389,7.2326,7.2389,6479.4,70
2026-08-11 20:25:00+00:00,7.2387,7.2472,7.2349,7.2453,6808.2,98
2026-08-11 20:30:00+00:00,7.247,7.253,7.246,7.253,985.2,48
2026-08-11 20:35:00+00:00,7.2522,7.2598,7.2516,7.2598,2963.4,97
2026-08-11 20:40:00+00:00,7.2598,7.26,7.2565,7.26,804.3,27
2026-08-11 20:45:00+00:00,7.2598,7.2604,7.2554,7.2578,574.9,23
2026-08-11 20:50:00+00:00,7.2603,7.2615,7.2563,7.2605,1032.5,75
2026-08-11 20:55:00+00:00,7.2569,7.2667,7.2569,7.263,2208.7,78
2026-08-11 21:00:00+00:00,7.263,7.2699,7.2612,7.2642,5819.9,137
2026-08-11 21:05:00+00:00,7.2642,7.2674,7.2556,7.2586,3029.1,73
2026-08-11 21:10:00+00:00,7.2554,7.2689,7.2539,7.2632,7699.4,154
2026-08-11 21:15:00+00:00,7.264,7.2686,7.2553,7.2655,4304.6,124
2026-08-11 21:20:00+00:00,7.2655,7.269,7.2645,7.269,98.0,13
2026-08-11 21:25:00+00:00,7.2666,7.27,7.2644,7.2666,1706.4,30
2026-08-11 21:30:00+00:00,7.2676,7.2745,7.2671,7.2745,303.3,13
2026-08-11 21:35:00+00:00,7.2761,7.2785,7.2761,7.2775,714.8,20
2026-08-11 21:40:00+00:00,7.2775,7.2798,7.2718,7.2797,2222.8,31
2026-08-11 21:45:00+00:00,7.2749,7.2749,7.2749,7.2749,13.6,2
2026-08-11 21:50:00+00:00,7.2774,7.2775,7.2774,7.2774,925.4,9
2026-08-11 21:55:00+00:00,7.2761,7.2786,7.2754,7.2757,2808.2,38
2026-08-11 22:00:00+00:00,7.2759,7.2761,7.27,7.2717,12747.1,137
2026-08-11 22:05:00+00:00,7.273,7.28,7.2684,7.2722,11579.7,114
2026-08-11 22:10:00+00:00,7.2689,7.2756,7.2689,7.2753,2531.7,23
2026-08-11 22:15:00+00:00,7.2787,7.28,7.2726,7.273,1700.6,49
2026-08-11 22:20:00+00:00,7.2756,7.2769,7.2713,7.2755,1154.9,11
2026-08-11 22:25:00+00:00,7.2728,7.2752,7.2632,7.2649,3339.3,45
2026-08-11 22:30:00+00:00,7.2673,7.2729,7.2673,7.2729,1895.3,28
2026-08-11 22:35:00+00:00,7.2687,7.2709,7.263,7.2683,1909.5,39
2026-08-11 22:40:00+00:00,7.2705,7.271,7.2678,7.2679,146.7,10
2026-08-11 22:45:00+00:00,7.2689,7.2694,7.2612,7.2676,3049.6,48
2026-08-11 22:50:00+00:00,7.2677,7.2693,7.2587,7.2587,3433.2,41
2026-08-11 22:55:00+00:00,7.2627,7.2668,7.2607,7.2667,838.2,17
2026-08-11 23:00:00+00:00,7.2698,7.2698,7.251,7.2568,4709.5,134
2026-08-11 23:05:00+00:00,7.2566,7.2573,7.2528,7.2548,244.7,18
2026-08-11 23:10:00+00:00,7.2531,7.2548,7.251,7.2537,373.9,20
2026-08-11 23:15:00+00:00,7.254,7.2572,7.251,7.2551,3720.4,29
2026-08-11 23:20:00+00:00,7.251,7.2531,7.251,7.251,1334.3,49
2026-08-11 23:25:00+00:00,7.253,7.2566,7.251,7.2546,6052.6,101
2026-08-11 23:30:00+00:00,7.2548,7.2568,7.2532,7.2565,76.1,6
2026-08-11 23:35:00+00:00,7.2585,7.2605,7.255,7.255,2271.3,24
2026-08-11 23:40:00+00:00,7.2562,7.2638,7.2538,7.2577,2847.9,59
2026-08-11 23:45:00+00:00,7.2554,7.2688,7.2543,7.2639,5962.3,109
2026-08-11 23:50:00+00:00,7.2615,7.262,7.2575,7.262,1737.0,20
2026-08-11 23:55:00+00:00,7.2631,7.2666,7.2607,7.2666,2220.0,23
2026-08-12 00:00:00+00:00,7.2672,7.2791,7.2525,7.2724,14197.3,375
2026-08-12 00:05:00+00:00,7.2724,7.2846,7.251,7.2545,34739.3,623
2026-08-12 00:10:00+00:00,7.2512,7.2731,7.2512,7.2629,25666.5,429
2026-08-12 00:15:00+00:00,7.2622,7.275,7.253,7.2708,20142.0,337
2026-08-12 00:20:00+00:00,7.2687,7.3653,7.2687,7.3495,58715.9,598
2026-08-12 00:25:00+00:00,7.3497,7.3521,7.336,7.339,17557.8,341
2026-08-12 00:30:00+00:00,7.339,7.3454,7.339,7.3406,2272.2,58
2026-08-12 00:35:00+00:00,7.3406,7.3443,7.2824,7.2849,34276.6,499
2026-08-12 00:40:00+00:00,7.2849,7.2921,7.2802,7.2887,9891.9,360
2026-08-12 00:45:00+00:00,7.2885,7.3097,7.2808,7.3009,10615.4,383
2026-08-12 00:50:00+00:00,7.3009,7.3069,7.2618,7.2738,28672.0,519
2026-08-12 00:55:00+00:00,7.2749,7.2975,7.2726,7.29,7349.5,153
2026-08-12 01:00:00+00:00,7.2932,7.2968,7.2848,7.2943,1752.6,93
2026-08-12 01:05:00+00:00,7.2966,7.3074,7.293,7.3012,26141.8,408
2026-08-12 01:10:00+00:00,7.3017,7.3034,7.266,7.2839,25075.3,475
2026-08-12 01:15:00+00:00,7.2829,7.3323,7.2755,7.3171,20451.6,453
2026-08-12 01:20:00+00:00,7.3223,7.35,7.32,7.3481,27629.5,306
2026-08-12 01:25:00+00:00,7.3434,7.3469,7.3374,7.3374,3731.8,57
2026-08-12 01:30:00+00:00,7.3376,7.3792,7.3128,7.3742,60161.2,585
2026-08-12 01:35:00+00:00,7.3742,7.4665,7.3742,7.4665,82379.2,992
2026-08-12 01:40:00+00:00,7.4665,7.55,7.4655,7.5401,92290.1,1099
2026-08-12 01:45:00+00:00,7.5418,7.5451,7.5008,7.5088,34243.3,365
2026-08-12 01:50:00+00:00,7.5089,7.54,7.5088,7.5318,24490.1,305
2026-08-12 01:55:00+00:00,7.5303,7.5705,7.5303,7.5633,61397.7,418
2026-08-12 02:00:00+00:00,7.5632,7.5632,7.5287,7.5383,34068.3,248
2026-08-12 02:05:00+00:00,7.5383,7.5547,7.5289,7.5547,37129.0,342
2026-08-12 02:10:00+00:00,7.5547,7.6,7.5543,7.592,28885.6,355
2026-08-12 02:15:00+00:00,7.5881,7.593,7.5619,7.5649,121996.0,518
2026-08-12 02:20:00+00:00,7.5649,7.5682,7.5441,7.5457,9872.0,132
2026-08-12 02:25:00+00:00,7.5467,7.57,7.5442,7.5661,13745.4,166
2026-08-12 02:30:00+00:00,7.5643,7.5716,7.5561,7.5581,15593.3,210
2026-08-12 02:35:00+00:00,7.5581,7.6025,7.547,7.5977,24239.7,414
2026-08-12 02:40:00+00:00,7.5976,7.6119,7.5819,7.582,43533.0,468
2026-08-12 02:45:00+00:00,7.5815,7.636,7.5815,7.634,28262.0,303
2026-08-12 02:50:00+00:00,7.636,7.66,7.6301,7.6479,38763.1,349
2026-08-12 02:55:00+00:00,7.6493,7.66,7.6379,7.658,27625.9,308
2026-08-12 03:00:00+00:00,7.658,7.7,7.6482,7.6933,30432.6,394
2026-08-12 03:05:00+00:00,7.6936,7.718,7.687,7.699,40493.4,646
2026-08-12 03:10:00+00:00,7.6968,7.71,7.6865,7.6977,18653.8,362
2026-08-12 03:15:00+00:00,7.6977,7.71,7.6976,7.7062,32366.0,284
2026-08-12 03:20:00+00:00,7.7083,7.718,7.6901,7.718,25424.6,355
2026-08-12 03:25:00+00:00,7.718,7.75,7.7166,7.7426,35896.0,296
2026-08-12 03:30:00+00:00,7.7425,7.7798,7.7367,7.7774,9132.4,121
2026-08-12 03:35:00+00:00,7.7799,7.79,7.7774,7.7863,19459.6,216
2026-08-12 03:40:00+00:00,7.7827,7.8,7.7827,7.7939,13749.1,201
2026-08-12 03:45:00+00:00,7.7969,7.7984,7.7876,7.797,6678.7,113
2026-08-12 03:50:00+00:00,7.797,7.8185,7.7949,7.8165,18328.4,243
2026-08-12 03:55:00+00:00,7.8131,7.8268,7.8107,7.8136,25028.8,225
2026-08-12 04:00:00+00:00,7.8111,7.8111,7.7818,7.7873,13935.2,208
2026-08-12 04:05:00+00:00,7.7879,7.7879,7.7606,7.7711,29442.5,328
2026-08-12 04:10:00+00:00,7.7696,7.7697,7.7574,7.7587,7552.7,105
2026-08-12 04:15:00+00:00,7.7582,7.7599,7.7561,7.7568,16693.0,169
2026-08-12 04:20:00+00:00,7.7568,7.8,7.7561,7.7968,35519.0,419
2026-08-12 04:25:00+00:00,7.7967,7.84,7.7962,7.8277,59198.6,688
2026-08-12 04:30:00+00:00,7.8294,7.8298,7.8068,7.8069,10363.3,236
2026-08-12 04:35:00+00:00,7.8055,7.8193,7.8047,7.812,3501.5,114
2026-08-12 04:40:00+00:00,7.8142,7.8191,7.7757,7.7757,12686.4,203
2026-08-12 04:45:00+00:00,7.78,7.7945,7.7799,7.7911,6207.5,78
2026-08-12 04:50:00+00:00,7.796,7.81,7.7929,7.801,12563.8,221
2026-08-12 04:55:00+00:00,7.7969,7.8176,7.7969,7.8117,13913.4,167
2026-08-12 05:00:00+00:00,7.8115,8.009,7.8115,7.9349,522563.7,2172
2026-08-12 05:05:00+00:00,7.9244,7.9526,7.8962,7.9038,106662.7,567
2026-08-12 05:10:00+00:00,7.8991,7.9083,7.8417,7.8458,47102.3,374
2026-08-12 05:15:00+00:00,7.8418,7.8536,7.828,7.8384,41983.5,518
2026-08-12 05:20:00+00:00,7.8395,7.8395,7.8039,7.8039,21850.0,276
2026-08-12 05:25:00+00:00,7.8038,7.8038,7.7693,7.77,25130.0,353
2026-08-12 05:30:00+00:00,7.77,7.7998,7.7688,7.7765,24546.7,384
2026-08-12 05:35:00+00:00,7.7798,7.8123,7.7736,7.7923,16319.3,254
2026-08-12 05:40:00+00:00,7.7903,7.7948,7.7761,7.78,18442.6,248
2026-08-12 05:45:00+00:00,7.7769,7.7879,7.7759,7.7783,7053.9,126
2026-08-12 05:50:00+00:00,7.7799,7.7906,7.775,7.7826,9303.2,341
2026-08-12 05:55:00+00:00,7.7822,7.79,7.7735,7.7773,13066.3,599
2026-08-12 06:00:00+00:00,7.7806,7.7806,7.7307,7.7419,53566.9,3093
2026-08-12 06:05:00+00:00,7.7458,7.7718,7.7416,7.7539,19585.7,1967
2026-08-12 06:10:00+00:00,7.7539,7.7846,7.7411,7.7725,21448.0,2146
2026-08-12 06:15:00+00:00,7.7747,7.7846,7.7601,7.7687,7557.7,597
2026-08-12 06:20:00+00:00,7.7651,7.77,7.759,7.7689,4985.2,175
2026-08-12 06:25:00+00:00,7.7645,7.7699,7.75,7.7661,4822.3,196
2026-08-12 06:30:00+00:00,7.7602,7.7786,7.7601,7.773,4578.8,140
2026-08-12 06:35:00+00:00,7.7762,7.7898,7.7713,7.7875,8419.2,86
2026-08-12 06:40:00+00:00,7.7851,7.79,7.785,7.79,6569.4,58
2026-08-12 06:45:00+00:00,7.7878,7.8211,7.7848,7.7976,43735.7,395
2026-08-12 06:50:00+00:00,7.7975,7.84,7.7859,7.7879,49727.4,591
2026-08-12 06:55:00+00:00,7.7873,7.8501,7.7873,7.816,67930.3,570
2026-08-12 07:00:00+00:00,7.816,7.816,7.7944,7.8057,14947.9,361
2026-08-12 07:05:00+00:00,7.802,7.828,7.7939,7.828,23342.8,271
2026-08-12 07:10:00+00:00,7.828,7.8326,7.8021,7.8021,5925.2,121
2026-08-12 07:15:00+00:00,7.8017,7.83,7.797,7.8223,9690.3,236
2026-08-12 07:20:00+00:00,7.8184,7.8235,7.8129,7.8178,1300.2,100
2026-08-12 07:25:00+00:00,7.8178,7.8181,7.8108,7.8124,7748.1,251
2026-08-12 07:30:00+00:00,7.8114,7.8182,7.804,7.804,9606.8,356
2026-08-12 07:35:00+00:00,7.804,7.81,7.7937,7.7962,16533.9,455
2026-08-12 07:40:00+00:00,7.7962,7.8066,7.7933,7.8034,17225.0,326
2026-08-12 07:45:00+00:00,7.804,7.8587,7.8035,7.85,30449.3,482
2026-08-12 07:50:00+00:00,7.8454,7.8591,7.8168,7.8289,10128.9,266
2026-08-12 07:55:00+00:00,7.8277,7.8283,7.8155,7.8164,3654.7,149
2026-08-12 08:00:00+00:00,7.8187,7.8188,7.81,7.8177,6662.5,118
2026-08-12 08:05:00+00:00,7.8177,7.8188,7.817,7.8172,5202.1,80
2026-08-12 08:10:00+00:00,7.8172,7.8225,7.814,7.8199,4867.0,68
2026-08-12 08:15:00+00:00,7.8171,7.8246,7.8135,7.8212,8493.8,56
2026-08-12 08:20:00+00:00,7.8165,7.829,7.8158,7.8236,9328.7,137
2026-08-12 08:25:00+00:00,7.825,7.827,7.8191,7.8199,5180.8,76
2026-08-12 08:30:00+00:00,7.8197,7.8283,7.8185,7.8283,3199.7,67
2026-08-12 08:35:00+00:00,7.8284,7.84,7.8265,7.8395,7611.5,121
2026-08-12 08:40:00+00:00,7.841,7.841,7.8228,7.8283,16736.9,152
2026-08-12 08:45:00+00:00,7.823,7.83,7.8,7.8005,11763.3,178
2026-08-12 08:50:00+00:00,7.8033,7.806,7.79,7.7969,10302.2,313
2026-08-12 08:55:00+00:00,7.7968,7.7968,7.7727,7.7727,14870.2,226
2026-08-12 09:00:00+00:00,7.7771,7.7846,7.7718,7.7786,15360.2,286
2026-08-12 09:05:00+00:00,7.7786,7.79,7.7769,7.79,22080.5,326
2026-08-12 09:10:00+00:00,7.79,7.79,7.78,7.78,5821.7,145
2026-08-12 09:15:00+00:00,7.7804,7.7812,7.7706,7.7716,19815.4,390
2026-08-12 09:20:00+00:00,7.7717,7.7843,7.77,7.7809,20756.9,345
2026-08-12 09:25:00+00:00,7.7799,7.7846,7.7799,7.7817,6081.1,114
2026-08-12 09:30:00+00:00,7.7807,7.785,7.7777,7.7833,8586.5,141
2026-08-12 09:35:00+00:00,7.7778,7.7811,7.7717,7.7721,11305.1,157
2026-08-12 09:40:00+00:00,7.7722,7.7736,7.7663,7.7669,9716.5,145
2026-08-12 09:45:00+00:00,7.7669,7.7676,7.7601,7.764,4906.1,80
2026-08-12 09:50:00+00:00,7.7666,7.7683,7.7595,7.7651,3313.2,47
2026-08-12 09:55:00+00:00,7.7644,7.7671,7.7574,7.758,9181.1,143
2026-08-12 10:00:00+00:00,7.7578,7.7613,7.7541,7.7613,1530.3,31
2026-08-12 10:05:00+00:00,7.764,7.764,7.7576,7.7591,1686.2,20
2026-08-12 10:10:00+00:00,7.7581,7.764,7.7579,7.7615,3090.7,25
2026-08-12 10:15:00+00:00,7.7616,7.767,7.7616,7.7639,4255.6,59
2026-08-12 10:20:00+00:00,7.7639,7.7639,7.7602,7.7615,655.8,7
2026-08-12 10:25:00+00:00,7.7614,7.7653,7.761,7.761,1148.5,18
2026-08-12 10:30:00+00:00,7.7581,7.7655,7.7581,7.7623,1535.1,27
2026-08-12 10:35:00+00:00,7.7631,7.7657,7.7604,7.7652,1309.1,11
2026-08-12 10:40:00+00:00,7.7661,7.7667,7.7649,7.7667,446.4,8
2026-08-12 10:45:00+00:00,7.7683,7.7684,7.7628,7.7628,2392.6,23
2026-08-12 10:50:00+00:00,7.7644,7.7672,7.7644,7.7672,7.6,4
2026-08-12 10:55:00+00:00,7.7672,7.7672,7.7609,7.7663,35.4,4
2026-08-12 11:00:00+00:00,7.7644,7.7672,7.7616,7.7645,39.3,9
2026-08-12 11:05:00+00:00,7.7645,7.7666,7.7643,7.766,904.0,27
2026-08-12 11:10:00+00:00,7.7673,7.7673,7.7623,7.7673,54.4,10
2026-08-12 11:15:00+00:00,7.7673,7.7673,7.7602,7.7626,1833.1,29
2026-08-12 11:20:00+00:00,7.7631,7.7643,7.7629,7.7633,916.1,29
2026-08-12 11:25:00+00:00,7.7633,7.7633,7.7628,7.7628,1677.3,28
2026-08-12 11:30:00+00:00,7.7633,7.7633,7.7626,7.7626,53.1,9
2026-08-12 11:35:00+00:00,7.7626,7.7668,7.7626,7.7668,1645.1,18
2026-08-12 11:40:00+00:00,7.7659,7.773,7.7611,7.7729,3052.7,49
2026-08-12 11:45:00+00:00,7.7767,7.8022,7.7767,7.7994,5003.9,63
2026-08-12 11:50:00+00:00,7.801,7.8102,7.801,7.8101,2793.0,38
2026-08-12 11:55:00+00:00,7.8199,7.8204,7.8154,7.8203,3714.3,46
2026-08-12 12:00:00+00:00,7.8155,7.8155,7.8134,7.8155,40.5,6
2026-08-12 12:05:00+00:00,7.8165,7.8166,7.8131,7.8131,701.9,9
2026-08-12 12:10:00+00:00,7.8155,7.8155,7.8056,7.8069,1035.5,15
2026-08-12 12:15:00+00:00,7.8094,7.8134,7.8025,7.8118,3103.8,63
2026-08-12 12:20:00+00:00,7.8118,7.82,7.8096,7.8161,3360.9,89
2026-08-12 12:25:00+00:00,7.8144,7.8162,7.8019,7.8024,5969.7,83
2026-08-12 12:30:00+00:00,7.8019,7.8198,7.7932,7.8144,14224.2,181
2026-08-12 12:35:00+00:00,7.8121,7.8121,7.8061,7.8096,1261.5,26
2026-08-12 12:40:00+00:00,7.8106,7.8229,7.8106,7.8227,2254.9,45
2026-08-12 12:45:00+00:00,7.8222,7.8222,7.8156,7.8164,2056.5,31
2026-08-12 12:50:00+00:00,7.817,7.8227,7.8122,7.8227,2188.6,45
2026-08-12 12:55:00+00:00,7.8227,7.823,7.8175,7.8212,1646.0,50
2026-08-12 13:00:00+00:00,7.8226,7.8255,7.8162,7.821,5825.3,73
2026-08-12 13:05:00+00:00,7.8234,7.83,7.8234,7.8279,1585.2,41
2026-08-12 13:10:00+00:00,7.8279,7.8279,7.7987,7.8072,18152.0,245
2026-08-12 13:15:00+00:00,7.8072,7.8092,7.8022,7.8029,1377.2,31
2026-08-12 13:20:00+00:00,7.803,7.8078,7.803,7.805,1620.3,31
2026-08-12 13:25:00+00:00,7.805,7.8097,7.8003,7.8075,3858.7,75
2026-08-12 13:30:00+00:00,7.8028,7.82,7.7949,7.7998,5156.2,110
2026-08-12 13:35:00+00:00,7.7954,7.8205,7.7954,7.8172,11349.2,192
2026-08-12 13:40:00+00:00,7.813,7.8479,7.81,7.8479,4258.4,103
2026-08-12 13:45:00+00:00,7.8473,7.8852,7.8472,7.8852,8244.2,188
2026-08-12 13:50:00+00:00,7.8852,7.8966,7.8833,7.8942,22456.3,459
2026-08-12 13:55:00+00:00,7.8964,7.8982,7.88,7.8878,21046.3,229
2026-08-12 14:00:00+00:00,7.8877,7.8928,7.8351,7.8402,16030.7,275
2026-08-12 14:05:00+00:00,7.8336,7.8495,7.8214,7.8293,7270.2,167
2026-08-12 14:10:00+00:00,7.8293,7.83,7.8,7.8001,21743.3,333
2026-08-12 14:15:00+00:00,7.8001,7.8062,7.7784,7.7836,40023.7,471
2026-08-12 14:20:00+00:00,7.7837,7.7903,7.7716,7.7885,21223.0,333
2026-08-12 14:25:00+00:00,7.7873,7.85,7.7871,7.84,28712.1,291
2026-08-12 14:30:00+00:00,7.8399,7.8758,7.8398,7.8602,37497.8,381
2026-08-12 14:35:00+00:00,7.8657,7.8668,7.844,7.86,17444.2,193
2026-08-12 14:40:00+00:00,7.8586,7.8733,7.8569,7.8733,5784.9,78
2026-08-12 14:45:00+00:00,7.8647,7.8951,7.8647,7.8882,9054.5,143
2026-08-12 14:50:00+00:00,7.8874,7.8898,7.8673,7.8687,16820.1,210
2026-08-12 14:55:00+00:00,7.8714,7.8786,7.8654,7.8752,11196.9,158
2026-08-12 15:00:00+00:00,7.8753,7.8753,7.86,7.8685,11014.9,124
2026-08-12 15:05:00+00:00,7.8678,7.8862,7.8678,7.8862,7675.5,89
2026-08-12 15:10:00+00:00,7.8814,7.8995,7.8814,7.8992,5137.2,85
2026-08-12 15:15:00+00:00,7.899,7.9013,7.8966,7.9013,4160.3,46
2026-08-12 15:20:00+00:00,7.9015,7.9036,7.8966,7.9036,6783.6,81
2026-08-12 15:25:00+00:00,7.9036,7.9043,7.8984,7.9026,1793.7,33
2026-08-12 15:30:00+00:00,7.9026,7.9064,7.898,7.9027,5826.0,62
2026-08-12 15:35:00+00:00,7.9035,7.9035,7.8948,7.9002,10417.6,54
2026-08-12 15:40:00+00:00,7.8978,7.9034,7.8701,7.8701,17993.6,214
2026-08-12 15:45:00+00:00,7.87,7.8709,7.8583,7.8651,7749.7,134
2026-08-12 15:50:00+00:00,7.8651,7.8812,7.8651,7.8812,1121.7,40
2026-08-12 15:55:00+00:00,7.8812,7.9118,7.8812,7.9112,14106.4,221
2026-08-12 16:00:00+00:00,7.9076,7.9131,7.8898,7.8941,7213.5,85
2026-08-12 16:05:00+00:00,7.8944,7.9008,7.8941,7.9008,2715.9,43
2026-08-12 16:10:00+00:00,7.9007,7.9102,7.8984,7.9101,2246.9,46
2026-08-12 16:15:00+00:00,7.9075,7.9139,7.9075,7.9127,2482.5,71
2026-08-12 16:20:00+00:00,7.9107,7.916,7.9054,7.916,8744.4,102
2026-08-12 16:25:00+00:00,7.9136,7.9166,7.9133,7.9166,2607.5,52
2026-08-12 16:30:00+00:00,7.9134,7.916,7.9103,7.9136,2541.3,60
2026-08-12 16:35:00+00:00,7.9129,7.92,7.9129,7.9198,3774.1,72
2026-08-12 16:40:00+00:00,7.9181,7.92,7.9121,7.9175,2280.6,54
2026-08-12 16:45:00+00:00,7.9142,7.9184,7.9128,7.9181,1733.5,23
2026-08-12 16:50:00+00:00,7.92,7.9207,7.9169,7.9193,4171.6,32
2026-08-12 16:55:00+00:00,7.9176,7.9241,7.9172,7.9241,1664.9,41
2026-08-12 17:00:00+00:00,7.9241,7.9301,7.9241,7.9293,4974.2,44
2026-08-12 17:05:00+00:00,7.9299,7.93,7.9205,7.9212,7346.7,114
2026-08-12 17:10:00+00:00,7.9211,7.9219,7.9126,7.9165,7154.2,125
2026-08-12 17:15:00+00:00,7.9166,7.924,7.9166,7.923,902.9,34
2026-08-12 17:20:00+00:00,7.9196,7.93,7.9196,7.9265,1222.6,46
2026-08-12 17:25:00+00:00,7.9265,7.9316,7.9065,7.9096,15270.0,216
2026-08-12 17:30:00+00:00,7.9066,7.9099,7.893,7.899,10089.2,105
2026-08-12 17:35:00+00:00,7.8951,7.9087,7.8951,7.9082,1328.3,26
2026-08-12 17:40:00+00:00,7.9085,7.9299,7.9085,7.9299,2908.8,40
2026-08-12 17:45:00+00:00,7.9276,7.9357,7.9259,7.9344,4076.5,41
2026-08-12 17:50:00+00:00,7.9344,7.9431,7.9344,7.9412,8834.6,62
2026-08-12 17:55:00+00:00,7.939,7.9433,7.9384,7.9432,463.4,17
2026-08-12 18:00:00+00:00,7.9432,7.9432,7.9303,7.9356,4838.4,75
2026-08-12 18:05:00+00:00,7.9358,7.9368,7.9317,7.9367,1240.7,23
2026-08-12 18:10:00+00:00,7.9345,7.9421,7.9332,7.9386,7370.3,71
2026-08-12 18:15:00+00:00,7.94,7.9433,7.9396,7.9433,3122.6,43
2026-08-12 18:20:00+00:00,7.9433,7.95,7.9413,7.9498,1165.2,23
2026-08-12 18:25:00+00:00,7.95,7.95,7.9405,7.942,5944.7,105
2026-08-12 18:30:00+00:00,7.9437,7.9493,7.9367,7.9488,4892.5,63
2026-08-12 18:35:00+00:00,7.9455,7.95,7.9404,7.9495,551.9,44
2026-08-12 18:40:00+00:00,7.945,7.95,7.9444,7.95,1774.6,26
2026-08-12 18:45:00+00:00,7.95,7.95,7.9469,7.95,783.3,12
2026-08-12 18:50:00+00:00,7.95,7.95,7.9459,7.95,640.9,22
2026-08-12 18:55:00+00:00,7.9466,7.95,7.9429,7.9469,2897.5,44
2026-08-12 19:00:00+00:00,7.9499,7.95,7.9463,7.95,543.5,15
2026-08-12 19:05:00+00:00,7.95,7.95,7.9463,7.9473,1214.2,30
2026-08-12 19:10:00+00:00,7.948,7.95,7.9463,7.95,1137.1,19
2026-08-12 19:15:00+00:00,7.9488,7.96,7.9463,7.96,2375.3,35
2026-08-12 19:20:00+00:00,7.96,7.97,7.9579,7.97,8303.8,92
2026-08-12 19:25:00+00:00,7.9667,7.97,7.9608,7.9653,1493.7,35
2026-08-12 19:30:00+00:00,7.9631,7.9651,7.9405,7.9437,2349.2,31
2026-08-12 19:35:00+00:00,7.9406,7.9476,7.9174,7.9464,14533.9,178
2026-08-12 19:40:00+00:00,7.9462,7.9599,7.9408,7.9514,1897.9,42
2026-08-12 19:45:00+00:00,7.9468,7.9545,7.9353,7.9425,2167.2,52
2026-08-12 19:50:00+00:00,7.94,7.95,7.936,7.95,5255.2,76
2026-08-12 19:55:00+00:00,7.9442,7.959,7.9422,7.959,10473.3,138
2026-08-12 20:00:00+00:00,7.959,7.96,7.9573,7.959,3912.6,60
2026-08-12 20:05:00+00:00,7.959,7.9699,7.959,7.9692,4331.6,70
2026-08-12 20:10:00+00:00,7.9637,7.9647,7.95,7.96,2101.7,58
2026-08-12 20:15:00+00:00,7.9623,7.9699,7.9623,7.9683,2489.7,46
2026-08-12 20:20:00+00:00,7.9636,7.973,7.9608,7.973,2333.6,45
2026-08-12 20:25:00+00:00,7.9689,7.9742,7.9622,7.9742,1461.5,40
2026-08-12 20:30:00+00:00,7.974,7.98,7.9702,7.98,3989.2,74
2026-08-12 20:35:00+00:00,7.9783,7.98,7.9748,7.9763,1466.3,45
2026-08-12 20:40:00+00:00,7.9763,7.9812,7.975,7.9812,621.9,19
2026-08-12 20:45:00+00:00,7.9816,7.9874,7.9803,7.9859,1588.7,32
2026-08-12 20:50:00+00:00,7.9827,7.9873,7.9806,7.9871,1720.1,26
2026-08-12 20:55:00+00:00,7.9865,7.99,7.9825,7.9873,2462.3,69
2026-08-12 21:00:00+00:00,7.9873,7.99,7.9847,7.9851,3299.7,69
2026-08-12 21:05:00+00:00,7.9846,7.9846,7.9742,7.9829,1849.7,40
2026-08-12 21:10:00+00:00,7.9824,7.9835,7.9747,7.9816,1062.7,26
2026-08-12 21:15:00+00:00,7.9819,7.99,7.9742,7.987,7117.3,51
2026-08-12 21:20:00+00:00,7.987,7.987,7.9814,7.9865,1455.0,31
2026-08-12 21:25:00+00:00,7.987,7.99,7.987,7.99,7055.3,32
2026-08-12 21:30:00+00:00,7.99,7.99,7.9855,7.9881,1271.7,35
2026-08-12 21:35:00+00:00,7.9899,7.99,7.9846,7.9881,2808.5,32
2026-08-12 21:40:00+00:00,7.9881,7.9894,7.9693,7.9774,9524.3,189
2026-08-12 21:45:00+00:00,7.9769,7.9769,7.9668,7.9737,2015.5,53
2026-08-12 21:50:00+00:00,7.9734,7.9734,7.9072,7.9096,10750.9,296
2026-08-12 21:55:00+00:00,7.9096,7.9653,7.9096,7.9487,39844.4,436
2026-08-12 22:00:00+00:00,7.9461,7.952,7.9223,7.9223,23326.9,545
2026-08-12 22:05:00+00:00,7.9216,7.9363,7.9171,7.9292,7625.1,207
2026-08-12 22:10:00+00:00,7.9292,7.97,7.929,7.97,8150.8,138
2026-08-12 22:15:00+00:00,7.97,7.9853,7.9691,7.9788,6130.3,199
2026-08-12 22:20:00+00:00,7.9788,7.9827,7.9606,7.9678,7451.0,296
2026-08-12 22:25:00+00:00,7.9672,7.99,7.9668,7.9886,7241.3,126
2026-08-12 22:30:00+00:00,7.9892,8.029,7.9863,8.029,46417.1,314
2026-08-12 22:35:00+00:00,8.0285,8.0388,8.0242,8.0373,10238.0,197
2026-08-12 22:40:00+00:00,8.0373,8.0388,8.0285,8.0287,6632.2,53
2026-08-12 22:45:00+00:00,8.0255,8.0255,7.9872,7.9907,22973.3,274
2026-08-12 22:50:00+00:00,7.9952,8.0135,7.947,7.9676,29709.0,248
2026-08-12 22:55:00+00:00,7.9732,7.9738,7.9439,7.9439,39553.4,330
2026-08-12 23:00:00+00:00,7.9435,7.9466,7.9056,7.9132,20953.1,280
2026-08-12 23:05:00+00:00,7.9116,7.9198,7.9,7.9041,17486.1,104
2026-08-12 23:10:00+00:00,7.904,7.9741,7.9039,7.9641,36586.8,317
2026-08-12 23:15:00+00:00,7.9605,7.9712,7.9558,7.9687,6886.6,81
2026-08-12 23:20:00+00:00,7.9682,7.973,7.967,7.9689,2076.3,64
2026-08-12 23:25:00+00:00,7.9728,7.9728,7.962,7.9656,8421.7,85
2026-08-12 23:30:00+00:00,7.9654,7.9654,7.9573,7.9573,2097.8,44
2026-08-12 23:35:00+00:00,7.9568,7.9652,7.9568,7.9621,2309.4,56
2026-08-12 23:40:00+00:00,7.9621,7.9919,7.9577,7.9919,6466.7,58
2026-08-12 23:45:00+00:00,7.9864,7.9919,7.9834,7.9918,5260.5,129
2026-08-12 23:50:00+00:00,7.9915,7.9919,7.9864,7.9919,1038.7,14
2026-08-12 23:55:00+00:00,7.9863,7.9979,7.9863,7.9947,11253.3,146
2026-08-13 00:00:00+00:00,7.9941,8.0358,7.9897,8.0272,16957.5,190
2026-08-13 00:05:00+00:00,8.0286,8.032,8.0231,8.0242,5101.6,94
2026-08-13 00:10:00+00:00,8.0249,8.0298,8.0118,8.0257,17607.2,232
2026-08-13 00:15:00+00:00,8.0256,8.0379,8.0201,8.0342,12521.1,180
2026-08-13 00:20:00+00:00,8.0342,8.0388,8.0228,8.0298,14143.9,197
2026-08-13 00:25:00+00:00,8.0302,8.0402,8.0279,8.0378,7462.6,204
2026-08-13 00:30:00+00:00,8.0378,8.0417,8.0322,8.0323,4280.6,154
2026-08-13 00:35:00+00:00,8.0304,8.0383,8.0301,8.0357,3625.9,115
2026-08-13 00:40:00+00:00,8.0345,8.0423,8.0307,8.0382,3042.6,101
2026-08-13 00:45:00+00:00,8.0382,8.0424,8.0296,8.0302,3295.6,89
2026-08-13 00:50:00+00:00,8.0302,8.0342,8.015,8.0187,4529.9,163
2026-08-13 00:55:00+00:00,8.0188,8.023,8.0,8.001,10270.8,225
2026-08-13 01:00:00+00:00,8.0054,8.0124,8.0,8.0079,14300.5,302
2026-08-13 01:05:00+00:00,8.0081,8.0375,8.0081,8.03,6940.6,133
2026-08-13 01:10:00+00:00,8.0312,8.0344,8.0281,8.0285,3177.5,57
2026-08-13 01:15:00+00:00,8.0283,8.0346,8.0261,8.0282,5922.7,91
2026-08-13 01:20:00+00:00,8.0312,8.032,8.0253,8.0303,14337.4,79
2026-08-13 01:25:00+00:00,8.029,8.032,8.026,8.0281,3979.2,54
2026-08-13 01:30:00+00:00,8.03,8.1722,8.0284,8.0915,322068.6,2283
2026-08-13 01:35:00+00:00,8.1046,8.166,8.0991,8.123,171306.3,1128
2026-08-13 01:40:00+00:00,8.1201,8.1201,8.0577,8.0594,105423.3,454
2026-08-13 01:45:00+00:00,8.0652,8.08,8.01,8.01,93124.8,543
2026-08-13 01:50:00+00:00,8.0111,8.0908,7.9772,8.0388,181625.4,880
2026-08-13 01:55:00+00:00,8.0391,8.05,8.0166,8.026,44785.2,168
2026-08-13 02:00:00+00:00,8.0259,8.1078,8.0259,8.0855,32178.4,309
2026-08-13 02:05:00+00:00,8.0874,8.108,8.0784,8.1045,22490.0,274
2026-08-13 02:10:00+00:00,8.1079,8.1103,8.0942,8.1096,15123.0,117
2026-08-13 02:15:00+00:00,8.1112,8.1282,8.1112,8.127,11184.2,102
2026-08-13 02:20:00+00:00,8.1281,8.1313,8.1119,8.1278,11965.6,121
2026-08-13 02:25:00+00:00,8.1205,8.1227,8.0953,8.098,32632.1,231
2026-08-13 02:30:00+00:00,8.0993,8.1005,8.057,8.0611,47577.4,289
2026-08-13 02:35:00+00:00,8.061,8.0639,7.9843,8.0047,28038.5,299
2026-08-13 02:40:00+00:00,8.0075,8.0075,7.9526,7.9593,40871.4,490
2026-08-13 02:45:00+00:00,7.9532,7.9699,7.95,7.96,24792.7,206
2026-08-13 02:50:00+00:00,7.96,7.9654,7.9001,7.9237,26767.0,401
2026-08-13 02:55:00+00:00,7.928,7.9583,7.9127,7.954,35571.0,475
2026-08-13 03:00:00+00:00,7.958,7.9963,7.947,7.9868,26107.6,308
2026-08-13 03:05:00+00:00,7.9878,8.03,7.9833,8.0227,38501.6,400
2026-08-13 03:10:00+00:00,8.029,8.029,7.96,7.9731,28677.4,328
2026-08-13 03:15:00+00:00,7.9747,7.9904,7.9627,7.9801,33110.4,293
2026-08-13 03:20:00+00:00,7.9784,7.9899,7.9715,7.9826,10876.6,108
2026-08-13 03:25:00+00:00,7.9834,7.9877,7.9524,7.9587,30946.1,270
2026-08-13 03:30:00+00:00,7.964,7.9735,7.9606,7.9635,10532.7,73
2026-08-13 03:35:00+00:00,7.9636,7.9647,7.9588,7.9628,673.0,23
2026-08-13 03:40:00+00:00,7.9564,7.9587,7.9358,7.9405,4660.7,70
2026-08-13 03:45:00+00:00,7.9408,7.9518,7.9335,7.9354,5037.0,83
2026-08-13 03:50:00+00:00,7.9356,7.9451,7.9336,7.9401,486.4,26
2026-08-13 03:55:00+00:00,7.9433,7.963,7.94,7.9606,7059.2,101
2026-08-13 04:00:00+00:00,7.9558,7.9674,7.9558,7.9609,5627.0,95
2026-08-13 04:05:00+00:00,7.9609,7.9669,7.9608,7.9627,705.1,20
2026-08-13 04:10:00+00:00,7.9627,7.9735,7.9562,7.9606,9427.7,148
2026-08-13 04:15:00+00:00,7.9575,7.9632,7.9412,7.9455,9419.5,129
2026-08-13 04:20:00+00:00,7.9472,7.9568,7.9472,7.9531,7939.8,87
2026-08-13 04:25:00+00:00,7.9557,7.9683,7.9557,7.9675,872.0,16
2026-08-13 04:30:00+00:00,7.9663,7.973,7.9663,7.9727,1677.2,23
2026-08-13 04:35:00+00:00,7.9649,7.9717,7.9629,7.97,12046.8,87
2026-08-13 04:40:00+00:00,7.9702,8.02,7.9702,8.02,14324.3,163
2026-08-13 04:45:00+00:00,8.0199,8.0199,8.0066,8.0113,6874.0,81
2026-08-13 04:50:00+00:00,8.0049,8.01,7.9969,8.0016,15600.0,169
2026-08-13 04:55:00+00:00,8.0052,8.014,8.0003,8.0095,2790.6,38
2026-08-13 05:00:00+00:00,8.0101,8.0263,8.0037,8.0232,26858.6,213
2026-08-13 05:05:00+00:00,8.0224,8.0307,8.0186,8.0275,10853.8,122
2026-08-13 05:10:00+00:00,8.0276,8.0309,7.9929,8.0246,11962.5,173
2026-08-13 05:15:00+00:00,8.0209,8.0209,7.958,7.9669,25388.1,237
2026-08-13 05:20:00+00:00,7.9681,7.9697,7.9635,7.9677,7445.8,70
2026-08-13 05:25:00+00:00,7.97,7.97,7.9629,7.9677,8244.0,101
2026-08-13 05:30:00+00:00,7.971,7.9744,7.9611,7.9679,5665.5,68
2026-08-13 05:35:00+00:00,7.96,7.9608,7.9399,7.9401,11475.0,103
2026-08-13 05:40:00+00:00,7.94,7.9401,7.9002,7.905,29654.3,559
2026-08-13 05:45:00+00:00,7.9027,7.9066,7.8818,7.889,39710.6,573
2026-08-13 05:50:00+00:00,7.8875,7.8944,7.876,7.878,33982.3,340
2026-08-13 05:55:00+00:00,7.878,7.8793,7.817,7.823,61184.7,589
2026-08-13 06:00:00+00:00,7.8205,7.8218,7.8003,7.8003,37875.9,305
2026-08-13 06:05:00+00:00,7.8064,7.86,7.8002,7.838,60248.9,450
2026-08-13 06:10:00+00:00,7.8366,7.8406,7.8088,7.8088,42130.7,271
2026-08-13 06:15:00+00:00,7.8093,7.8093,7.78,7.7801,36515.8,340
2026-08-13 06:20:00+00:00,7.78,7.7854,7.7301,7.7301,62094.3,2125
2026-08-13 06:25:00+00:00,7.7319,7.781,7.7252,7.7591,86933.7,1940
2026-08-13 06:30:00+00:00,7.7602,7.78,7.756,7.7718,33031.9,368
2026-08-13 06:35:00+00:00,7.7703,7.7727,7.731,7.7391,61755.8,493
2026-08-13 06:40:00+00:00,7.7393,7.7427,7.726,7.7378,38208.2,461
2026-08-13 06:45:00+00:00,7.7382,7.7409,7.7282,7.7285,27611.0,369
2026-08-13 06:50:00+00:00,7.7286,7.7316,7.6912,7.6912,46403.4,357
2026-08-13 06:55:00+00:00,7.7001,7.7007,7.6851,7.6986,28059.4,249
2026-08-13 07:00:00+00:00,7.6986,7.6986,7.665,7.6716,60400.4,493
2026-08-13 07:05:00+00:00,7.6716,7.6716,7.6456,7.6544,27494.8,284
2026-08-13 07:10:00+00:00,7.6536,7.66,7.6403,7.6403,18705.4,197
2026-08-13 07:15:00+00:00,7.6403,7.66,7.6403,7.6569,11293.6,122
2026-08-13 07:20:00+00:00,7.66,7.6861,7.6565,7.6794,13936.5,209
2026-08-13 07:25:00+00:00,7.6798,7.6899,7.678,7.6851,34315.3,345
2026-08-13 07:30:00+00:00,7.6851,7.6866,7.6764,7.6809,5294.8,77
2026-08-13 07:35:00+00:00,7.6839,7.6886,7.683,7.6878,16078.0,176
2026-08-13 07:40:00+00:00,7.6885,7.6935,7.6825,7.688,3525.3,61
2026-08-13 07:45:00+00:00,7.6902,7.6938,7.688,7.6926,4046.3,82
2026-08-13 07:50:00+00:00,7.6941,7.7151,7.6937,7.7151,8803.2,105
2026-08-13 07:55:00+00:00,7.7148,7.7299,7.7147,7.7155,12317.0,267
2026-08-13 08:00:00+00:00,7.7132,7.7135,7.69,7.6916,5970.2,327
2026-08-13 08:05:00+00:00,7.69,7.6905,7.683,7.6872,694.4,49
2026-08-13 08:10:00+00:00,7.6877,7.6916,7.677,7.6791,8537.5,338
2026-08-13 08:15:00+00:00,7.6794,7.6807,7.6379,7.645,11647.2,234
2026-08-13 08:20:00+00:00,7.645,7.6546,7.6382,7.6528,8240.1,357
2026-08-13 08:25:00+00:00,7.6504,7.6507,7.6388,7.6414,6637.1,190
2026-08-13 08:30:00+00:00,7.6413,7.6535,7.6288,7.6367,14426.9,788
2026-08-13 08:35:00+00:00,7.6332,7.64,7.6262,7.64,3356.8,42
2026-08-13 08:40:00+00:00,7.64,7.6684,7.6375,7.6682,5053.5,427
2026-08-13 08:45:00+00:00,7.6632,7.6683,7.651,7.6593,4766.0,260
2026-08-13 08:50:00+00:00,7.6564,7.67,7.653,7.6569,2507.3,154
2026-08-13 08:55:00+00:00,7.66,7.6637,7.6463,7.6533,7790.8,418
2026-08-13 09:00:00+00:00,7.656,7.6597,7.6401,7.6401,8242.6,364
2026-08-13 09:05:00+00:00,7.6401,7.6673,7.633,7.65,9100.7,210
2026-08-13 09:10:00+00:00,7.64,7.6403,7.626,7.6284,3961.4,303
2026-08-13 09:15:00+00:00,7.6284,7.6356,7.6258,7.628,557.7,68
2026-08-13 09:20:00+00:00,7.631,7.631,7.6272,7.6272,40.8,3
2026-08-13 09:25:00+00:00,7.6337,7.6337,7.6209,7.6276,1669.4,104
2026-08-13 09:30:00+00:00,7.6276,7.6385,7.6001,7.6123,20445.1,376
2026-08-13 09:35:00+00:00,7.6093,7.6093,7.6073,7.6075,157.6,19
2026-08-13 09:40:00+00:00,7.608,7.608,7.6049,7.605,667.0,8
2026-08-13 09:45:00+00:00,7.6064,7.611,7.6053,7.611,1057.1,106
2026-08-13 09:50:00+00:00,7.6078,7.6143,7.6077,7.6143,1186.9,55
2026-08-13 09:55:00+00:00,7.6143,7.6399,7.6142,7.6399,5348.1,332
2026-08-13 10:00:00+00:00,7.6399,7.6412,7.6371,7.64,1658.8,144
2026-08-13 10:05:00+00:00,7.6403,7.6414,7.62,7.6218,2590.9,222
2026-08-13 10:10:00+00:00,7.6216,7.6246,7.62,7.62,1461.9,80
2026-08-13 10:15:00+00:00,7.6239,7.6253,7.6226,7.6226,393.2,7
2026-08-13 10:20:00+00:00,7.621,7.6226,7.62,7.62,168.0,12
2026-08-13 10:25:00+00:00,7.6225,7.6226,7.62,7.6212,285.3,7
2026-08-13 10:30:00+00:00,7.6212,7.6221,7.6194,7.6197,10475.6,96
2026-08-13 10:35:00+00:00,7.6197,7.6197,7.6197,7.6197,0.0,0
2026-08-13 10:40:00+00:00,7.6148,7.6176,7.6146,7.6176,108.5,13
2026-08-13 10:45:00+00:00,7.6169,7.6195,7.6169,7.6195,138.6,7
2026-08-13 10:50:00+00:00,7.6162,7.6191,7.6159,7.6191,91.9,8
2026-08-13 10:55:00+00:00,7.6215,7.6328,7.6215,7.6314,4819.3,285
2026-08-13 11:00:00+00:00,7.6374,7.649,7.6357,7.6451,3350.1,225
2026-08-13 11:05:00+00:00,7.6433,7.6444,7.622,7.6238,4032.3,216
2026-08-13 11:10:00+00:00,7.6219,7.6222,7.5949,7.6014,12103.3,414
2026-08-13 11:15:00+00:00,7.6058,7.608,7.5978,7.6033,2466.1,254
2026-08-13 11:20:00+00:00,7.6043,7.6043,7.592,7.592,1165.3,139
2026-08-13 11:25:00+00:00,7.597,7.6001,7.57,7.572,6410.0,521
2026-08-13 11:30:00+00:00,7.57,7.583,7.569,7.5734,2056.5,96
2026-08-13 11:35:00+00:00,7.574,7.597,7.574,7.597,2959.3,96
2026-08-13 11:40:00+00:00,7.5971,7.6184,7.597,7.6134,2236.3,139
2026-08-13 11:45:00+00:00,7.6172,7.636,7.6101,7.6334,3848.1,416
2026-08-13 11:50:00+00:00,7.6322,7.6322,7.6275,7.6302,1147.3,93
2026-08-13 11:55:00+00:00,7.6293,7.6331,7.62,7.62,1576.3,102
2026-08-13 12:00:00+00:00,7.6125,7.6163,7.5954,7.5959,1114.5,87
2026-08-13 12:05:00+00:00,7.6045,7.6081,7.5971,7.6081,760.6,50
2026-08-13 12:10:00+00:00,7.6093,7.61,7.6035,7.6035,138.0,21
2026-08-13 12:15:00+00:00,7.6031,7.6034,7.576,7.576,9746.7,642
2026-08-13 12:20:00+00:00,7.5761,7.5818,7.5604,7.5643,7547.9,667
2026-08-13 12:25:00+00:00,7.5641,7.58,7.5641,7.58,1334.6,25
2026-08-13 12:30:00+00:00,7.5899,7.5971,7.5803,7.5883,6192.0,431
2026-08-13 12:35:00+00:00,7.5949,7.6326,7.5945,7.63,7615.5,427
2026-08-13 12:40:00+00:00,7.6359,7.6399,7.6247,7.6251,4253.9,396
2026-08-13 12:45:00+00:00,7.6284,7.639,7.6239,7.6359,1845.7,173
2026-08-13 12:50:00+00:00,7.6377,7.6384,7.6312,7.6384,147.4,17
2026-08-13 12:55:00+00:00,7.6361,7.639,7.6327,7.6374,570.2,50
2026-08-13 13:00:00+00:00,7.6321,7.6351,7.6254,7.6316,1835.7,199
2026-08-13 13:05:00+00:00,7.6289,7.6299,7.626,7.6274,815.9,94
2026-08-13 13:10:00+00:00,7.6262,7.6392,7.6259,7.6273,1255.7,146
2026-08-13 13:15:00+00:00,7.6277,7.6363,7.627,7.6363,3686.4,82
2026-08-13 13:20:00+00:00,7.638,7.64,7.6345,7.6395,3760.6,193
2026-08-13 13:25:00+00:00,7.64,7.645,7.6376,7.638,1247.7,48
2026-08-13 13:30:00+00:00,7.638,7.6477,7.6301,7.6394,8657.8,489
2026-08-13 13:35:00+00:00,7.6363,7.66,7.631,7.66,10798.3,551
2026-08-13 13:40:00+00:00,7.6662,7.6662,7.6356,7.6579,20687.8,400
2026-08-13 13:45:00+00:00,7.6579,7.6993,7.6531,7.6992,12879.1,516
2026-08-13 13:50:00+00:00,7.699,7.7,7.6668,7.6768,18456.8,381
2026-08-13 13:55:00+00:00,7.6748,7.6939,7.658,7.6935,16123.5,718
2026-08-13 14:00:00+00:00,7.6853,7.7,7.6852,7.69,15350.1,804
2026-08-13 14:05:00+00:00,7.6896,7.7,7.6853,7.7,10208.1,265
2026-08-13 14:10:00+00:00,7.6971,7.7,7.6897,7.6996,13958.5,416
2026-08-13 14:15:00+00:00,7.6994,7.6999,7.6851,7.6996,9429.9,379
2026-08-13 14:20:00+00:00,7.7,7.7,7.6925,7.7,4211.8,97
2026-08-13 14:25:00+00:00,7.6973,7.7365,7.6973,7.7365,10186.0,482
2026-08-13 14:30:00+00:00,7.7364,7.79,7.7277,7.7891,19055.0,576
2026-08-13 14:35:00+00:00,7.7877,7.7999,7.7827,7.7952,7554.7,244
2026-08-13 14:40:00+00:00,7.8,7.8234,7.8,7.8188,9632.5,390
2026-08-13 14:45:00+00:00,7.818,7.84,7.8175,7.8267,9659.7,612
2026-08-13 14:50:00+00:00,7.8262,7.846,7.8234,7.8402,2793.2,216
2026-08-13 14:55:00+00:00,7.8459,7.8462,7.8339,7.8408,4761.1,272
2026-08-13 15:00:00+00:00,7.8381,7.85,7.8343,7.8499,5610.3,247
2026-08-13 15:05:00+00:00,7.8499,7.8739,7.8496,7.8739,7773.6,557
2026-08-13 15:10:00+00:00,7.8758,7.8998,7.8717,7.894,11010.9,551
2026-08-13 15:15:00+00:00,7.889,7.8942,7.8859,7.8899,6754.1,339
2026-08-13 15:20:00+00:00,7.8897,7.9,7.8885,7.9,9786.6,321
2026-08-13 15:25:00+00:00,7.9,7.92,7.8964,7.9199,7742.6,325
2026-08-13 15:30:00+00:00,7.9198,7.96,7.7857,7.8171,28348.4,946
2026-08-13 15:35:00+00:00,7.8177,7.8456,7.8173,7.8254,19472.4,826
2026-08-13 15:40:00+00:00,7.8255,7.8495,7.8255,7.8414,9033.3,460
2026-08-13 15:45:00+00:00,7.8419,7.8628,7.8263,7.8329,16781.6,578
2026-08-13 15:50:00+00:00,7.8364,7.8364,7.7772,7.7849,11923.0,1015
2026-08-13 15:55:00+00:00,7.7849,7.7921,7.7721,7.7857,16153.6,1198
2026-08-13 16:00:00+00:00,7.7838,7.8297,7.7804,7.8227,13922.1,872
2026-08-13 16:05:00+00:00,7.8202,7.8296,7.7906,7.8031,8461.5,560
2026-08-13 16:10:00+00:00,7.803,7.803,7.7865,7.7969,5101.6,451
2026-08-13 16:15:00+00:00,7.796,7.8229,7.796,7.8229,1554.2,106
2026-08-13 16:20:00+00:00,7.8195,7.8718,7.8195,7.8718,3537.5,240
2026-08-13 16:25:00+00:00,7.8662,7.8833,7.8323,7.8774,8134.2,471
2026-08-13 16:30:00+00:00,7.8771,7.8899,7.8706,7.8809,4182.7,384
2026-08-13 16:35:00+00:00,7.877,7.877,7.8669,7.8674,2299.5,172
2026-08-13 16:40:00+00:00,7.8662,7.87,7.861,7.87,1313.5,144
2026-08-13 16:45:00+00:00,7.87,7.8999,7.87,7.8999,2041.2,78
2026-08-13 16:50:00+00:00,7.895,7.9088,7.89,7.8976,7737.9,337
2026-08-13 16:55:00+00:00,7.8937,7.9027,7.8854,7.898,4464.9,406
2026-08-13 17:00:00+00:00,7.8982,7.8982,7.8813,7.8861,2137.2,186
2026-08-13 17:05:00+00:00,7.888,7.898,7.8842,7.891,2514.3,263
2026-08-13 17:10:00+00:00,7.8852,7.8928,7.8803,7.8835,841.1,79
2026-08-13 17:15:00+00:00,7.8819,7.8875,7.8708,7.8758,1891.8,158
2026-08-13 17:20:00+00:00,7.8755,7.8879,7.8706,7.8848,3103.0,181
2026-08-13 17:25:00+00:00,7.8845,7.8929,7.8845,7.8929,1681.0,88
2026-08-13 17:30:00+00:00,7.8961,7.9567,7.8918,7.9543,10271.9,459
2026-08-13 17:35:00+00:00,7.9514,7.9541,7.9243,7.9323,3849.9,159
2026-08-13 17:40:00+00:00,7.9275,7.9317,7.9202,7.9303,1868.5,175
2026-08-13 17:45:00+00:00,7.9274,7.93,7.9205,7.9291,1088.1,99
2026-08-13 17:50:00+00:00,7.9251,7.9348,7.9243,7.9308,1380.6,139
2026-08-13 17:55:00+00:00,7.9306,7.9376,7.9287,7.9317,2271.9,188
2026-08-13 18:00:00+00:00,7.932,7.9366,7.9259,7.9285,2876.0,181
2026-08-13 18:05:00+00:00,7.9273,7.9341,7.9223,7.9284,3519.3,232
2026-08-13 18:10:00+00:00,7.9258,7.9318,7.9102,7.9152,3382.4,345
2026-08-13 18:15:00+00:00,7.9143,7.9143,7.9094,7.9113,1568.3,104
2026-08-13 18:20:00+00:00,7.9097,7.9116,7.9041,7.9084,836.4,75
2026-08-13 18:25:00+00:00,7.9082,7.9083,7.9008,7.9045,1169.3,109
2026-08-13 18:30:00+00:00,7.9044,7.9071,7.9007,7.9061,1032.6,120
2026-08-13 18:35:00+00:00,7.9056,7.9071,7.8847,7.8969,2121.8,173
2026-08-13 18:40:00+00:00,7.8967,7.9067,7.8967,7.9031,1965.1,191
2026-08-13 18:45:00+00:00,7.9035,7.9044,7.8968,7.9039,2515.2,247
2026-08-13 18:50:00+00:00,7.9039,7.9039,7.9022,7.9029,415.0,46
2026-08-13 18:55:00+00:00,7.9028,7.9111,7.8998,7.9111,2028.4,114
2026-08-13 19:00:00+00:00,7.9107,7.9394,7.9064,7.9372,5632.8,500
2026-08-13 19:05:00+00:00,7.9322,7.9416,7.9247,7.9249,3167.5,181
2026-08-13 19:10:00+00:00,7.9244,7.9246,7.9032,7.908,2904.5,304
2026-08-13 19:15:00+00:00,7.9056,7.9089,7.9002,7.9069,3148.5,327
2026-08-13 19:20:00+00:00,7.9029,7.907,7.8968,7.897,1420.3,135
2026-08-13 19:25:00+00:00,7.897,7.897,7.8877,7.891,1135.6,95
2026-08-13 19:30:00+00:00,7.8897,7.8907,7.8816,7.8816,1850.7,195
2026-08-13 19:35:00+00:00,7.8811,7.8815,7.8673,7.8685,693.9,44
2026-08-13 19:40:00+00:00,7.8663,7.8673,7.8476,7.8476,1262.4,108
2026-08-13 19:45:00+00:00,7.847,7.8636,7.8469,7.863,4005.4,273
2026-08-13 19:50:00+00:00,7.8629,7.8973,7.8625,7.8911,2236.2,169
2026-08-13 19:55:00+00:00,7.891,7.891,7.8781,7.8891,2829.5,225
2026-08-13 20:00:00+00:00,7.8887,7.9003,7.8887,7.9003,2378.0,261
2026-08-13 20:05:00+00:00,7.9,7.9043,7.8996,7.9004,1003.3,112
2026-08-13 20:10:00+00:00,7.9003,7.9003,7.9003,7.9003,5.0,1
2026-08-13 20:15:00+00:00,7.9011,7.9061,7.9008,7.9028,677.3,61
2026-08-13 20:20:00+00:00,7.9028,7.9028,7.9028,7.9028,0.0,0
2026-08-13 20:25:00+00:00,7.91,7.937,7.91,7.9254,3397.8,156
2026-08-13 20:30:00+00:00,7.927,7.9329,7.9254,7.9293,435.9,34
2026-08-13 20:35:00+00:00,7.931,7.936,7.9304,7.9308,641.2,56
2026-08-13 20:40:00+00:00,7.9324,7.9324,7.9324,7.9324,30.1,3
2026-08-13 20:45:00+00:00,7.9327,7.9327,7.9327,7.9327,25.2,1
2026-08-13 20:50:00+00:00,7.9326,7.937,7.93,7.937,548.2,50
2026-08-13 20:55:00+00:00,7.9368,7.937,7.9262,7.9289,490.6,47
2026-08-13 21:00:00+00:00,7.9297,7.9297,7.9293,7.9293,65.0,4
2026-08-13 21:05:00+00:00,7.9312,7.9312,7.9217,7.9217,2576.1,79
2026-08-13 21:10:00+00:00,7.9222,7.9234,7.9179,7.9188,2434.0,258
2026-08-13 21:15:00+00:00,7.9188,7.9188,7.9145,7.9148,120.7,14
2026-08-13 21:20:00+00:00,7.9123,7.9126,7.9123,7.9126,57.1,5
2026-08-13 21:25:00+00:00,7.9145,7.9214,7.9139,7.9209,1499.0,34
2026-08-13 21:30:00+00:00,7.9204,7.9214,7.9202,7.9214,21.4,4
2026-08-13 21:35:00+00:00,7.916,7.9213,7.8735,7.8813,2392.8,264
2026-08-13 21:40:00+00:00,7.8843,7.9213,7.8597,7.9158,4358.1,264
2026-08-13 21:45:00+00:00,7.9198,7.9214,7.9198,7.9198,49.0,4
2026-08-13 21:50:00+00:00,7.9198,7.9211,7.89,7.8905,4900.4,358
2026-08-13 21:55:00+00:00,7.8882,7.893,7.8882,7.8893,56.0,6
2026-08-13 22:00:00+00:00,7.8937,7.8946,7.8937,7.8946,66.1,6
2026-08-13 22:05:00+00:00,7.8904,7.8947,7.8895,7.8914,536.3,53
2026-08-13 22:10:00+00:00,7.8983,7.8997,7.7903,7.84,7089.4,254
2026-08-13 22:15:00+00:00,7.8397,7.8471,7.8266,7.8471,1251.8,111
2026-08-13 22:20:00+00:00,7.8463,7.8568,7.8404,7.8478,3134.8,314
2026-08-13 22:25:00+00:00,7.8422,7.8586,7.8422,7.8586,386.5,19
2026-08-13 22:30:00+00:00,7.86,7.88,7.86,7.88,532.7,23
2026-08-13 22:35:00+00:00,7.8847,7.8883,7.8821,7.8832,4041.1,382
2026-08-13 22:40:00+00:00,7.8887,7.8997,7.8855,7.8974,818.2,52
2026-08-13 22:45:00+00:00,7.8979,7.9118,7.8979,7.9064,2185.2,165
2026-08-13 22:50:00+00:00,7.9064,7.9123,7.9005,7.9026,2007.0,104
2026-08-13 22:55:00+00:00,7.9111,7.9164,7.908,7.9087,1560.9,81
2026-08-13 23:00:00+00:00,7.9095,7.9123,7.9052,7.9123,929.9,64
2026-08-13 23:05:00+00:00,7.9091,7.9144,7.9001,7.9057,1570.9,164
2026-08-13 23:10:00+00:00,7.9052,7.9154,7.9043,7.9154,416.7,44
2026-08-13 23:15:00+00:00,7.916,7.9195,7.916,7.9184,431.3,47
2026-08-13 23:20:00+00:00,7.9187,7.9214,7.9141,7.9141,2608.4,124
2026-08-13 23:25:00+00:00,7.9166,7.9214,7.9136,7.9136,2023.9,12
2026-08-13 23:30:00+00:00,7.9136,7.9165,7.9135,7.9164,207.2,19
2026-08-13 23:35:00+00:00,7.9214,7.9214,7.9197,7.9214,1797.4,18
2026-08-13 23:40:00+00:00,7.9214,7.9214,7.9194,7.9197,475.3,35
2026-08-13 23:45:00+00:00,7.9173,7.9214,7.9173,7.9214,442.2,49
2026-08-13 23:50:00+00:00,7.9214,7.9422,7.9214,7.9422,2500.5,190
2026-08-13 23:55:00+00:00,7.9383,7.9422,7.9335,7.9335,1409.6,186
2026-08-14 00:00:00+00:00,7.942,7.9424,7.9333,7.9381,5156.1,421
2026-08-14 00:05:00+00:00,7.937,7.9479,7.9301,7.9357,4727.8,398
2026-08-14 00:10:00+00:00,7.936,7.936,7.9,7.926,7909.1,758
2026-08-14 00:15:00+00:00,7.9228,7.9285,7.8924,7.8924,4288.6,475
2026-08-14 00:20:00+00:00,7.8935,7.8998,7.7953,7.8533,26072.6,1450
2026-08-14 00:25:00+00:00,7.853,7.8639,7.8353,7.8502,6016.1,352
2026-08-14 00:30:00+00:00,7.8555,7.8605,7.8489,7.8489,2815.2,233
2026-08-14 00:35:00+00:00,7.8496,7.8615,7.8484,7.8575,783.7,84
2026-08-14 00:40:00+00:00,7.8538,7.8538,7.8257,7.8349,6697.0,543
2026-08-14 00:45:00+00:00,7.8336,7.8395,7.8335,7.8341,806.0,98
2026-08-14 00:50:00+00:00,7.8389,7.84,7.831,7.8318,2485.9,199
2026-08-14 00:55:00+00:00,7.8318,7.834,7.8282,7.834,446.6,46
2026-08-14 01:00:00+00:00,7.834,7.8445,7.8307,7.8307,4131.1,226
2026-08-14 01:05:00+00:00,7.8346,7.8431,7.828,7.8286,2172.6,67
2026-08-14 01:10:00+00:00,7.8291,7.8332,7.8205,7.8225,4485.4,276
2026-08-14 01:15:00+00:00,7.832,7.8709,7.832,7.8651,20043.1,392
2026-08-14 01:20:00+00:00,7.8654,7.9361,7.8651,7.9227,23365.4,479
2026-08-14 01:25:00+00:00,7.9228,7.95,7.9193,7.9382,13106.3,459
2026-08-14 01:30:00+00:00,7.942,7.9837,7.8654,7.9004,106735.1,2126
2026-08-14 01:35:00+00:00,7.9014,7.99,7.8865,7.8999,112903.3,1340
2026-08-14 01:40:00+00:00,7.8999,7.92,7.8693,7.8777,62135.9,1186
2026-08-14 01:45:00+00:00,7.8767,7.9427,7.8644,7.9314,34969.5,859
2026-08-14 01:50:00+00:00,7.9354,7.957,7.8765,7.8858,29987.5,1092
2026-08-14 01:55:00+00:00,7.8839,7.902,7.8533,7.8682,43021.6,1180
2026-08-14 02:00:00+00:00,7.8701,7.8999,7.8655,7.8906,24926.8,640
2026-08-14 02:05:00+00:00,7.8903,7.91,7.8811,7.892,15139.3,932
2026-08-14 02:10:00+00:00,7.8903,7.9012,7.8701,7.9012,16121.8,794
2026-08-14 02:15:00+00:00,7.9003,8.0,7.8871,7.8879,79718.9,1227
2026-08-14 02:20:00+00:00,7.888,7.9149,7.888,7.9084,10051.3,556
2026-08-14 02:25:00+00:00,7.9084,7.9103,7.8949,7.9007,9546.8,502
2026-08-14 02:30:00+00:00,7.9004,7.9478,7.9004,7.9397,21898.0,876
2026-08-14 02:35:00+00:00,7.9348,8.0024,7.9318,7.9602,51794.3,1285
2026-08-14 02:40:00+00:00,7.96,8.09,7.9279,7.9736,95334.3,1458
2026-08-14 02:45:00+00:00,7.9736,7.98,7.9537,7.9537,17132.4,604
2026-08-14 02:50:00+00:00,7.9583,7.9706,7.9502,7.9616,14369.9,809
2026-08-14 02:55:00+00:00,7.9545,7.9734,7.9506,7.9591,24165.7,844
2026-08-14 03:00:00+00:00,7.9546,7.9565,7.9326,7.9351,26359.9,619
2026-08-14 03:05:00+00:00,7.9412,7.9563,7.93,7.9358,18479.0,654
2026-08-14 03:10:00+00:00,7.9361,7.9492,7.9317,7.9436,11298.9,592
2026-08-14 03:15:00+00:00,7.9467,8.04,7.9359,7.9587,69643.3,1087
2026-08-14 03:20:00+00:00,7.9587,7.9796,7.9472,7.9615,15202.5,731
2026-08-14 03:25:00+00:00,7.9616,7.9627,7.9515,7.9593,9040.6,448
2026-08-14 03:30:00+00:00,7.9596,7.9664,7.95,7.9594,2069.8,231
2026-08-14 03:35:00+00:00,7.9594,7.9661,7.95,7.9572,3602.8,155
2026-08-14 03:40:00+00:00,7.9575,7.964,7.95,7.9538,4071.5,250
2026-08-14 03:45:00+00:00,7.9573,7.9584,7.9513,7.9546,1648.4,84
2026-08-14 03:50:00+00:00,7.9555,7.9571,7.952,7.952,1524.7,108
2026-08-14 03:55:00+00:00,7.952,8.0225,7.95,7.9765,17432.9,666
2026-08-14 04:00:00+00:00,7.9736,7.9739,7.8929,7.9436,9634.0,316
2026-08-14 04:05:00+00:00,7.9463,7.9463,7.9201,7.9276,1994.5,191
2026-08-14 04:10:00+00:00,7.9279,7.9388,7.9259,7.9383,602.0,37
2026-08-14 04:15:00+00:00,7.9361,7.9413,7.9301,7.9355,1299.2,85
2026-08-14 04:20:00+00:00,7.9351,7.9351,7.928,7.928,1965.7,174
2026-08-14 04:25:00+00:00,7.928,7.9312,7.9214,7.9268,2916.0,133
2026-08-14 04:30:00+00:00,7.9252,7.9336,7.9231,7.9311,2769.7,244
2026-08-14 04:35:00+00:00,7.9274,7.933,7.9103,7.9195,853.7,62
2026-08-14 04:40:00+00:00,7.9161,7.917,7.9051,7.9091,5118.2,228
2026-08-14 04:45:00+00:00,7.9096,7.915,7.9084,7.9084,1465.9,37
2026-08-14 04:50:00+00:00,7.9119,7.9121,7.9054,7.9091,433.4,30
2026-08-14 04:55:00+00:00,7.9136,7.93,7.9118,7.9286,4899.5,142
2026-08-14 05:00:00+00:00,7.928,7.9699,7.9204,7.9205,46106.3,1398
2026-08-14 05:05:00+00:00,7.927,7.9296,7.91,7.9107,5773.7,81
2026-08-14 05:10:00+00:00,7.9137,7.9145,7.88,7.8872,28378.0,602
2026-08-14 05:15:00+00:00,7.8929,7.935,7.8755,7.8781,27855.1,433
2026-08-14 05:20:00+00:00,7.8817,7.8885,7.8701,7.8701,8211.5,231
2026-08-14 05:25:00+00:00,7.8742,7.9348,7.8701,7.9145,25340.9,904
2026-08-14 05:30:00+00:00,7.9169,7.9776,7.9061,7.9427,39675.4,805
2026-08-14 05:35:00+00:00,7.9449,7.96,7.9335,7.9336,20475.4,833
2026-08-14 05:40:00+00:00,7.9376,7.9423,7.9205,7.9247,4376.2,327
2026-08-14 05:45:00+00:00,7.9264,7.929,7.9039,7.9107,10459.9,488
2026-08-14 05:50:00+00:00,7.9129,7.9342,7.9103,7.921,7061.3,462
2026-08-14 05:55:00+00:00,7.9227,7.9365,7.9208,7.9361,16105.8,318
2026-08-14 06:00:00+00:00,7.9303,7.9345,7.865,7.9229,35276.0,801
2026-08-14 06:05:00+00:00,7.9256,7.9256,7.9086,7.9086,9366.4,206
2026-08-14 06:10:00+00:00,7.9124,7.9232,7.9071,7.9157,7625.6,280
2026-08-14 06:15:00+00:00,7.9179,7.9214,7.9156,7.9183,3279.0,170
2026-08-14 06:20:00+00:00,7.9244,8.0,7.9244,7.9497,70423.5,836
2026-08-14 06:25:00+00:00,7.9539,7.9659,7.9499,7.9615,9572.1,387
2026-08-14 06:30:00+00:00,7.9644,7.9694,7.9428,7.9428,11880.3,574
2026-08-14 06:35:00+00:00,7.9458,7.9573,7.924,7.9266,4547.9,164
2026-08-14 06:40:00+00:00,7.9274,7.9395,7.9266,7.9319,3716.1,148
2026-08-14 06:45:00+00:00,7.932,7.935,7.9281,7.9302,2532.6,87
2026-08-14 06:50:00+00:00,7.9325,7.9496,7.9312,7.9447,12094.4,566
2026-08-14 06:55:00+00:00,7.945,7.9664,7.9373,7.9661,17061.7,804
2026-08-14 07:00:00+00:00,7.9574,7.9583,7.9165,7.9258,23528.0,707
2026-08-14 07:05:00+00:00,7.9258,7.9422,7.9243,7.9323,9765.2,683
2026-08-14 07:10:00+00:00,7.9324,7.9383,7.9232,7.9327,1395.9,72
2026-08-14 07:15:00+00:00,7.9284,7.94,7.9259,7.9301,4597.3,386
2026-08-14 07:20:00+00:00,7.9317,7.9321,7.9242,7.9242,2237.6,150
2026-08-14 07:25:00+00:00,7.9289,7.9291,7.9214,7.9261,2138.1,184
2026-08-14 07:30:00+00:00,7.9238,7.932,7.92,7.9246,1206.8,136
2026-08-14 07:35:00+00:00,7.932,7.9321,7.9239,7.9288,803.2,42
2026-08-14 07:40:00+00:00,7.9254,7.9288,7.9201,7.9215,1610.9,120
2026-08-14 07:45:00+00:00,7.9215,7.9225,7.9132,7.9132,5475.3,91
2026-08-14 07:50:00+00:00,7.9134,7.9286,7.9041,7.928,9788.4,751
2026-08-14 07:55:00+00:00,7.9228,7.9354,7.9181,7.9324,5966.4,688
2026-08-14 08:00:00+00:00,7.933,7.939,7.9145,7.9244,5773.9,589
2026-08-14 08:05:00+00:00,7.9252,7.9433,7.9213,7.9327,5780.6,579
2026-08-14 08:10:00+00:00,7.933,7.935,7.9204,7.9273,1922.4,528
2026-08-14 08:15:00+00:00,7.9272,7.932,7.92,7.9249,1917.4,222
2026-08-14 08:20:00+00:00,7.9253,7.9359,7.92,7.9303,1015.1,144
2026-08-14 08:25:00+00:00,7.9306,7.9321,7.9209,7.9315,1322.6,171
2026-08-14 08:30:00+00:00,7.9256,7.9325,7.9201,7.9303,871.9,60
2026-08-14 08:35:00+00:00,7.9327,7.94,7.9243,7.9379,7249.7,266
2026-08-14 08:40:00+00:00,7.9378,7.9399,7.9265,7.9265,786.7,101
2026-08-14 08:45:00+00:00,7.9266,7.9266,7.92,7.9219,2682.8,173
2026-08-14 08:50:00+00:00,7.9223,7.9263,7.9101,7.9109,1516.6,256
2026-08-14 08:55:00+00:00,7.9101,7.9163,7.9027,7.9162,1125.8,90
2026-08-14 09:00:00+00:00,7.9142,7.9179,7.9027,7.9111,1407.1,259
2026-08-14 09:05:00+00:00,7.9126,7.9138,7.9,7.9045,1299.6,307
2026-08-14 09:10:00+00:00,7.9032,7.9074,7.9,7.9055,1377.2,94
2026-08-14 09:15:00+00:00,7.9041,7.9214,7.9,7.9202,3605.5,231
2026-08-14 09:20:00+00:00,7.9202,7.9499,7.9201,7.9451,5650.7,517
2026-08-14 09:25:00+00:00,7.9421,7.9459,7.94,7.9403,1056.1,65
2026-08-14 09:30:00+00:00,7.94,7.9408,7.93,7.9332,2826.1,254
2026-08-14 09:35:00+00:00,7.9339,7.9489,7.93,7.9423,7355.9,357
2026-08-14 09:40:00+00:00,7.9415,7.9557,7.94,7.9557,3617.0,161
2026-08-14 09:45:00+00:00,7.9557,7.9642,7.95,7.9591,4183.2,98
2026-08-14 09:50:00+00:00,7.9577,7.9693,7.95,7.9672,4048.7,160
2026-08-14 09:55:00+00:00,7.9684,7.9999,7.9684,7.9914,7328.3,504
2026-08-14 10:00:00+00:00,7.9917,7.9956,7.9754,7.98,3060.6,408
2026-08-14 10:05:00+00:00,7.9825,7.9851,7.974,7.9787,2251.5,400
2026-08-14 10:10:00+00:00,7.979,7.9811,7.978,7.9808,740.5,112
2026-08-14 10:15:00+00:00,7.9811,7.9811,7.978,7.9797,635.5,54
2026-08-14 10:20:00+00:00,7.9794,7.9849,7.978,7.9811,1057.1,136
2026-08-14 10:25:00+00:00,7.9808,7.9808,7.978,7.9793,856.4,108
2026-08-14 10:30:00+00:00,7.9797,7.9843,7.978,7.978,1624.5,78
2026-08-14 10:35:00+00:00,7.979,7.979,7.9742,7.978,703.4,87
2026-08-14 10:40:00+00:00,7.9764,7.9806,7.974,7.9805,835.7,25
2026-08-14 10:45:00+00:00,7.9814,7.9831,7.9806,7.9831,29.0,10
2026-08-14 10:50:00+00:00,7.9806,7.9902,7.9806,7.9902,5478.6,436
2026-08-14 10:55:00+00:00,7.9883,7.9968,7.988,7.995,2543.2,422
2026-08-14 11:00:00+00:00,7.9954,8.0063,7.9954,8.0037,5417.2,157
2026-08-14 11:05:00+00:00,8.007,8.0146,8.0018,8.0128,6632.7,343
2026-08-14 11:10:00+00:00,8.0103,8.04,8.0093,8.0395,5268.4,593
2026-08-14 11:15:00+00:00,8.0395,8.0578,8.0188,8.044,5971.7,570
2026-08-14 11:20:00+00:00,8.0443,8.07,8.033,8.0396,5621.1,954
2026-08-14 11:25:00+00:00,8.0396,8.0452,8.0329,8.0452,1481.9,133
2026-08-14 11:30:00+00:00,8.047,8.0498,8.02,8.031,3641.9,591
2026-08-14 11:35:00+00:00,8.0307,8.07,8.0302,8.07,4982.2,467
2026-08-14 11:40:00+00:00,8.0646,8.07,8.0588,8.0661,2801.3,674
2026-08-14 11:45:00+00:00,8.0616,8.066,8.0516,8.0517,175.3,47
2026-08-14 11:50:00+00:00,8.0518,8.0583,8.0335,8.0409,2185.3,559
2026-08-14 11:55:00+00:00,8.042,8.0556,8.042,8.0529,5863.3,165
2026-08-14 12:00:00+00:00,8.0528,8.06,8.0439,8.0519,4223.2,436
2026-08-14 12:05:00+00:00,8.0521,8.0521,8.0378,8.038,2437.8,257
2026-08-14 12:10:00+00:00,8.0381,8.0458,8.0381,8.0415,1095.6,52
2026-08-14 12:15:00+00:00,8.0417,8.0537,8.0415,8.044,1251.6,73
2026-08-14 12:20:00+00:00,8.0455,8.0531,8.0418,8.0474,426.5,71
2026-08-14 12:25:00+00:00,8.0514,8.0538,8.0439,8.0471,735.7,212
2026-08-14 12:30:00+00:00,8.0437,8.0577,8.0437,8.0576,2706.7,175
2026-08-14 12:35:00+00:00,8.0549,8.058,8.0465,8.054,556.3,124
2026-08-14 12:40:00+00:00,8.0536,8.0547,8.048,8.0507,247.3,76
2026-08-14 12:45:00+00:00,8.0504,8.0536,8.0501,8.0505,240.2,85
2026-08-14 12:50:00+00:00,8.0522,8.0559,8.05,8.0502,448.2,104
2026-08-14 12:55:00+00:00,8.05,8.0513,8.0415,8.0466,325.6,45
2026-08-14 13:00:00+00:00,8.0431,8.0601,8.0415,8.06,3139.3,247
2026-08-14 13:05:00+00:00,8.0606,8.065,8.0604,8.0632,1408.6,149
2026-08-14 13:10:00+00:00,8.0619,8.0708,8.058,8.058,3177.2,330
2026-08-14 13:15:00+00:00,8.058,8.058,8.0426,8.0527,2771.0,505
2026-08-14 13:20:00+00:00,8.0528,8.0553,8.0527,8.0542,1308.0,169
2026-08-14 13:25:00+00:00,8.0542,8.0615,8.0404,8.0522,6731.7,832
2026-08-14 13:30:00+00:00,8.0544,8.0562,7.9038,7.9479,14216.0,1533
2026-08-14 13:35:00+00:00,7.9415,7.98,7.905,7.9751,10230.4,1196
2026-08-14 13:40:00+00:00,7.9748,7.9833,7.9414,7.9753,10907.5,878
2026-08-14 13:45:00+00:00,7.9751,7.9937,7.9401,7.9614,6668.5,679
2026-08-14 13:50:00+00:00,7.9531,7.9552,7.9305,7.9446,8906.3,772
2026-08-14 13:55:00+00:00,7.9428,7.9515,7.9343,7.9405,2818.3,453
2026-08-14 14:00:00+00:00,7.9397,7.9727,7.9342,7.9727,9462.1,859
2026-08-14 14:05:00+00:00,7.9729,7.99,7.9663,7.982,4864.0,551
2026-08-14 14:10:00+00:00,7.9805,8.0276,7.9803,8.0192,19791.9,599
2026-08-14 14:15:00+00:00,8.0202,8.0223,7.9721,7.9767,6746.2,814
2026-08-14 14:20:00+00:00,7.977,7.9808,7.959,7.9619,2425.8,450
2026-08-14 14:25:00+00:00,7.9545,7.9669,7.9327,7.9364,4713.1,421
2026-08-14 14:30:00+00:00,7.9367,7.9475,7.9038,7.9161,10240.8,782
2026-08-14 14:35:00+00:00,7.9164,7.9926,7.9102,7.9831,14691.7,1191
2026-08-14 14:40:00+00:00,7.9809,7.99,7.971,7.9882,6908.1,503
2026-08-14 14:45:00+00:00,7.9882,8.0083,7.9812,7.9873,4164.7,579
2026-08-14 14:50:00+00:00,7.9869,7.9913,7.9501,7.9521,2854.4,565
2026-08-14 14:55:00+00:00,7.9514,7.9685,7.9304,7.9345,2934.2,560
2026-08-14 15:00:00+00:00,7.9343,7.9488,7.9301,7.9393,3844.2,555
2026-08-14 15:05:00+00:00,7.9442,7.9474,7.9392,7.9394,1619.2,310
2026-08-14 15:10:00+00:00,7.9421,7.9435,7.9392,7.9392,1221.5,153
2026-08-14 15:15:00+00:00,7.9392,7.9473,7.9392,7.9436,2164.1,541
2026-08-14 15:20:00+00:00,7.9468,7.9597,7.9202,7.9249,17536.3,836
2026-08-14 15:25:00+00:00,7.9249,7.9249,7.92,7.9202,2827.6,379
2026-08-14 15:30:00+00:00,7.9217,7.925,7.9101,7.9134,10188.4,371
2026-08-14 15:35:00+00:00,7.9131,7.9193,7.9038,7.9038,5690.2,803
2026-08-14 15:40:00+00:00,7.905,7.905,7.8801,7.8868,10738.6,671
2026-08-14 15:45:00+00:00,7.8875,7.9338,7.8875,7.9075,5840.3,673
2026-08-14 15:50:00+00:00,7.9007,7.9007,7.8729,7.8778,1313.1,245
2026-08-14 15:55:00+00:00,7.8778,7.8799,7.8707,7.8783,1199.1,267
2026-08-14 16:00:00+00:00,7.8796,7.8973,7.8701,7.8926,2422.8,199
2026-08-14 16:05:00+00:00,7.8963,7.9,7.8839,7.9,2335.3,148
2026-08-14 16:10:00+00:00,7.89,7.89,7.8804,7.8804,245.1,6
2026-08-14 16:15:00+00:00,7.8892,7.8998,7.8892,7.8968,473.7,116
2026-08-14 16:20:00+00:00,7.9,7.9,7.872,7.8872,2527.0,246
2026-08-14 16:25:00+00:00,7.8812,7.8889,7.8798,7.8866,749.7,71
2026-08-14 16:30:00+00:00,7.8858,7.9,7.88,7.8959,3098.1,157
2026-08-14 16:35:00+00:00,7.8858,7.9036,7.8782,7.9028,419.6,89
2026-08-14 16:40:00+00:00,7.902,7.9024,7.902,7.9023,37.2,13
2026-08-14 16:45:00+00:00,7.9068,7.9223,7.8997,7.922,694.2,41
2026-08-14 16:50:00+00:00,7.9228,7.9253,7.8867,7.8896,1355.8,427
2026-08-14 16:55:00+00:00,7.8893,7.8993,7.8867,7.899,902.8,213
2026-08-14 17:00:00+00:00,7.8988,7.9047,7.8963,7.902,623.3,177
2026-08-14 17:05:00+00:00,7.9039,7.9141,7.9035,7.9064,211.0,79
2026-08-14 17:10:00+00:00,7.9092,7.9133,7.9,7.9048,310.5,83
2026-08-14 17:15:00+00:00,7.9055,7.9294,7.9052,7.9287,1044.2,106
2026-08-14 17:20:00+00:00,7.9279,7.9299,7.9109,7.912,1366.1,125
2026-08-14 17:25:00+00:00,7.91,7.9107,7.902,7.9054,483.8,131
2026-08-14 17:30:00+00:00,7.9133,7.9207,7.91,7.91,668.8,253
2026-08-14 17:35:00+00:00,7.9199,7.9221,7.9088,7.9185,637.5,211
2026-08-14 17:40:00+00:00,7.9174,7.9175,7.9017,7.9078,190.4,52
2026-08-14 17:45:00+00:00,7.9063,7.909,7.8914,7.8914,245.8,81
2026-08-14 17:50:00+00:00,7.8915,7.9003,7.8866,7.891,448.9,94
2026-08-14 17:55:00+00:00,7.8927,7.92,7.8927,7.9197,5920.8,505
2026-08-14 18:00:00+00:00,7.9157,7.9157,7.912,7.912,69.4,3
2026-08-14 18:05:00+00:00,7.92,7.92,7.9138,7.9145,579.5,133
2026-08-14 18:10:00+00:00,7.9142,7.9149,7.9095,7.9098,586.6,200
2026-08-14 18:15:00+00:00,7.9138,7.9177,7.9051,7.9051,34.3,9
2026-08-14 18:20:00+00:00,7.9108,7.9153,7.9074,7.9119,48.8,10
2026-08-14 18:25:00+00:00,7.9059,7.9059,7.9059,7.9059,2.0,1
2026-08-14 18:30:00+00:00,7.9035,7.9126,7.8922,7.9018,1271.5,212
2026-08-14 18:35:00+00:00,7.9054,7.9054,7.9012,7.9039,335.9,119
2026-08-14 18:40:00+00:00,7.8993,7.8993,7.8992,7.8992,4.6,2
2026-08-14 18:45:00+00:00,7.9073,7.91,7.8968,7.897,493.6,176
2026-08-14 18:50:00+00:00,7.8939,7.8986,7.8939,7.8986,15.6,6
2026-08-14 18:55:00+00:00,7.9047,7.9069,7.9038,7.9056,199.6,76
2026-08-14 19:00:00+00:00,7.9092,7.9127,7.9065,7.91,153.7,35
2026-08-14 19:05:00+00:00,7.912,7.9161,7.9115,7.9161,247.1,64
2026-08-14 19:10:00+00:00,7.9135,7.9142,7.9117,7.9142,772.9,281
2026-08-14 19:15:00+00:00,7.9063,7.9129,7.9061,7.907,229.6,96
2026-08-14 19:20:00+00:00,7.9116,7.9116,7.9113,7.9113,232.5,86
2026-08-14 19:25:00+00:00,7.9138,7.9138,7.9138,7.9138,45.3,2
2026-08-14 19:30:00+00:00,7.9137,7.9138,7.9059,7.9077,219.9,63
2026-08-14 19:35:00+00:00,7.9077,7.9077,7.9077,7.9077,0.0,0
2026-08-14 19:40:00+00:00,7.9072,7.9072,7.9043,7.9043,60.7,5
2026-08-14 19:45:00+00:00,7.9043,7.9043,7.9043,7.9043,0.0,0
2026-08-14 19:50:00+00:00,7.9085,7.9085,7.9085,7.9085,2.3,1
2026-08-14 19:55:00+00:00,7.9119,7.9136,7.9116,7.9119,656.1,18
2026-08-14 20:00:00+00:00,7.9119,7.9119,7.9119,7.9119,0.0,0
2026-08-14 20:05:00+00:00,7.9139,7.9141,7.9139,7.9141,23.3,3
2026-08-14 20:10:00+00:00,7.9141,7.9141,7.9141,7.9141,0.0,0
2026-08-14 20:15:00+00:00,7.9104,7.9104,7.9043,7.9047,205.2,82
2026-08-14 20:20:00+00:00,7.9061,7.9067,7.9061,7.9067,12.6,7
2026-08-14 20:25:00+00:00,7.9067,7.9067,7.9067,7.9067,0.0,0
2026-08-14 20:30:00+00:00,7.9067,7.9067,7.9067,7.9067,0.0,0
2026-08-14 20:35:00+00:00,7.9067,7.9067,7.9067,7.9067,0.0,0
2026-08-14 20:40:00+00:00,7.9016,7.9016,7.9016,7.9016,2.0,1
2026-08-14 20:45:00+00:00,7.9097,7.9105,7.9088,7.9105,63.0,25
2026-08-14 20:50:00+00:00,7.9136,7.9142,7.9097,7.9116,559.9,88
2026-08-14 20:55:00+00:00,7.9117,7.9142,7.9116,7.9142,51.8,9
2026-08-14 21:00:00+00:00,7.9122,7.9122,7.9122,7.9122,10.0,1
2026-08-14 21:05:00+00:00,7.9122,7.9122,7.9122,7.9122,0.0,0
2026-08-14 21:10:00+00:00,7.9108,7.9108,7.89,7.9024,2733.7,126
2026-08-14 21:15:00+00:00,7.9022,7.9035,7.89,7.8951,4288.1,225
2026-08-14 21:20:00+00:00,7.9021,7.9022,7.8922,7.9004,432.1,130
2026-08-14 21:25:00+00:00,7.9008,7.9026,7.8971,7.8971,114.7,45
2026-08-14 21:30:00+00:00,7.8971,7.9051,7.8971,7.9045,104.6,34
2026-08-14 21:35:00+00:00,7.9073,7.9073,7.9068,7.9068,11.6,7
2026-08-14 21:40:00+00:00,7.91,7.9142,7.903,7.9077,1313.1,226
2026-08-14 21:45:00+00:00,7.9108,7.9142,7.8936,7.8936,920.1,190
2026-08-14 21:50:00+00:00,7.8938,7.9369,7.8934,7.9364,4209.4,714
2026-08-14 21:55:00+00:00,7.9367,7.9762,7.9283,7.9762,11330.8,1179
2026-08-14 22:00:00+00:00,7.9758,7.9761,7.9011,7.915,8599.6,1215
2026-08-14 22:05:00+00:00,7.911,7.928,7.8985,7.9121,9771.7,1409
2026-08-14 22:10:00+00:00,7.9142,7.9646,7.9103,7.9581,3789.3,956
2026-08-14 22:15:00+00:00,7.964,7.97,7.9414,7.9437,6234.1,841
2026-08-14 22:20:00+00:00,7.9531,7.9763,7.9308,7.9705,11947.4,1173
2026-08-14 22:25:00+00:00,7.9708,7.9708,7.904,7.913,5929.6,890
2026-08-14 22:30:00+00:00,7.9139,7.95,7.913,7.9415,4997.1,484
2026-08-14 22:35:00+00:00,7.9415,7.945,7.9325,7.9425,1668.4,432
2026-08-14 22:40:00+00:00,7.9445,7.9445,7.93,7.93,4579.8,184
2026-08-14 22:45:00+00:00,7.9337,7.9356,7.9337,7.9356,320.0,88
2026-08-14 22:50:00+00:00,7.936,7.9415,7.934,7.9367,395.0,73
2026-08-14 22:55:00+00:00,7.9366,7.9366,7.9365,7.9365,4.8,2
2026-08-14 23:00:00+00:00,7.9387,7.9435,7.935,7.935,275.2,51
2026-08-14 23:05:00+00:00,7.934,7.9385,7.9119,7.9168,558.9,118
2026-08-14 23:10:00+00:00,7.9168,7.9224,7.9051,7.9121,5505.6,738
2026-08-14 23:15:00+00:00,7.9086,7.9763,7.9086,7.9646,6928.6,1171
2026-08-14 23:20:00+00:00,7.9638,7.9699,7.9053,7.9271,10673.7,988
2026-08-14 23:25:00+00:00,7.9236,7.932,7.9162,7.925,3036.7,560
2026-08-14 23:30:00+00:00,7.922,7.9338,7.9164,7.9335,1855.9,277
2026-08-14 23:35:00+00:00,7.935,7.9452,7.9205,7.9356,681.8,181
2026-08-14 23:40:00+00:00,7.9357,7.9388,7.9246,7.9246,155.9,29
2026-08-14 23:45:00+00:00,7.9265,7.9315,7.9063,7.9063,275.5,62
2026-08-14 23:50:00+00:00,7.9074,7.92,7.9049,7.9109,2601.1,477
2026-08-14 23:55:00+00:00,7.9086,7.9659,7.9081,7.9503,7678.2,1226
2026-08-15 00:00:00+00:00,7.95,7.9537,7.9362,7.9491,4656.4,734
2026-08-15 00:05:00+00:00,7.9494,7.9569,7.9167,7.932,6828.3,475
2026-08-15 00:10:00+00:00,7.9333,7.9428,7.9291,7.9379,3840.5,630
2026-08-15 00:15:00+00:00,7.9319,7.9339,7.912,7.9222,695.7,103
2026-08-15 00:20:00+00:00,7.9229,7.9246,7.9081,7.9237,942.2,161
2026-08-15 00:25:00+00:00,7.9208,7.9208,7.9186,7.9186,20.0,5
2026-08-15 00:30:00+00:00,7.9199,7.9242,7.9197,7.9242,11.6,7
2026-08-15 00:35:00+00:00,7.9152,7.9152,7.9152,7.9152,3.0,1
2026-08-15 00:40:00+00:00,7.9217,7.9217,7.9141,7.9177,790.7,42
2026-08-15 00:45:00+00:00,7.9171,7.9231,7.9132,7.9231,160.2,30
2026-08-15 00:50:00+00:00,7.9156,7.9346,7.9153,7.9346,1200.1,71
2026-08-15 00:55:00+00:00,7.935,7.9407,7.9303,7.9308,699.2,89
2026-08-15 01:00:00+00:00,7.9317,7.935,7.93,7.9331,194.5,70
2026-08-15 01:05:00+00:00,7.93,7.934,7.93,7.9326,125.9,16
2026-08-15 01:10:00+00:00,7.9326,7.9346,7.93,7.9344,98.5,13
2026-08-15 01:15:00+00:00,7.9359,7.9383,7.9265,7.938,495.9,125
2026-08-15 01:20:00+00:00,7.9364,7.9364,7.9361,7.9362,19.0,7
2026-08-15 01:25:00+00:00,7.9324,7.9327,7.9274,7.932,150.8,24
2026-08-15 01:30:00+00:00,7.9249,7.9331,7.9242,7.9328,1004.0,278
2026-08-15 01:35:00+00:00,7.9337,7.934,7.9337,7.934,140.6,4
2026-08-15 01:40:00+00:00,7.935,7.935,7.9321,7.9321,138.4,2
2026-08-15 01:45:00+00:00,7.9327,7.9398,7.9307,7.9343,339.1,40
2026-08-15 01:50:00+00:00,7.9388,7.939,7.9375,7.9379,42.6,13
2026-08-15 01:55:00+00:00,7.9381,7.9391,7.9355,7.9374,127.3,59
2026-08-15 02:00:00+00:00,7.9391,7.9392,7.9358,7.9358,267.1,6
2026-08-15 02:05:00+00:00,7.9357,7.9377,7.9337,7.9377,140.0,9
2026-08-15 02:10:00+00:00,7.9325,7.9325,7.9278,7.9278,61.4,28
2026-08-15 02:15:00+00:00,7.9271,7.9294,7.9271,7.9294,31.4,9
2026-08-15 02:20:00+00:00,7.9253,7.9253,7.9191,7.9192,114.4,32
2026-08-15 02:25:00+00:00,7.9177,7.9177,7.9153,7.9164,230.2,30
2026-08-15 02:30:00+00:00,7.9168,7.9272,7.9168,7.9239,323.4,55
2026-08-15 02:35:00+00:00,7.9216,7.9216,7.9068,7.9068,159.2,7
2026-08-15 02:40:00+00:00,7.9083,7.9147,7.9067,7.9102,1174.4,397
2026-08-15 02:45:00+00:00,7.9157,7.9175,7.9143,7.9175,92.6,33
2026-08-15 02:50:00+00:00,7.9176,7.918,7.917,7.9177,130.4,53
2026-08-15 02:55:00+00:00,7.92,7.9206,7.92,7.9204,41.4,23
2026-08-15 03:00:00+00:00,7.9204,7.9204,7.9204,7.9204,0.0,0
2026-08-15 03:05:00+00:00,7.923,7.9233,7.923,7.9233,21.7,17
2026-08-15 03:10:00+00:00,7.9299,7.93,7.9299,7.93,33.1,2
2026-08-15 03:15:00+00:00,7.9298,7.9298,7.9298,7.9298,4.2,2
2026-08-15 03:20:00+00:00,7.9274,7.9307,7.9274,7.9307,3.2,2
2026-08-15 03:25:00+00:00,7.9307,7.9307,7.9307,7.9307,0.0,0
2026-08-15 03:30:00+00:00,7.9307,7.9307,7.9307,7.9307,0.0,0
2026-08-15 03:35:00+00:00,7.9274,7.9274,7.9191,7.9207,362.8,132
2026-08-15 03:40:00+00:00,7.9238,7.925,7.9214,7.9249,94.4,31
2026-08-15 03:45:00+00:00,7.9249,7.9249,7.9249,7.9249,0.0,0
2026-08-15 03:50:00+00:00,7.9199,7.9239,7.9199,7.9239,20.3,7
2026-08-15 03:55:00+00:00,7.9238,7.925,7.9169,7.9169,107.3,25
2026-08-15 04:00:00+00:00,7.9253,7.9253,7.925,7.925,12.4,4
2026-08-15 04:05:00+00:00,7.925,7.925,7.925,7.925,0.0,0
2026-08-15 04:10:00+00:00,7.9251,7.9251,7.9215,7.9227,57.3,20
2026-08-15 04:15:00+00:00,7.9223,7.9224,7.9092,7.9168,610.3,159
2026-08-15 04:20:00+00:00,7.9157,7.9175,7.9131,7.9172,88.4,27
2026-08-15 04:25:00+00:00,7.9172,7.9172,7.9172,7.9172,0.0,0
2026-08-15 04:30:00+00:00,7.9172,7.9172,7.9172,7.9172,0.0,0
2026-08-15 04:35:00+00:00,7.9164,7.9164,7.9108,7.914,158.3,55
2026-08-15 04:40:00+00:00,7.9094,7.9094,7.9094,7.9094,221.6,3
2026-08-15 04:45:00+00:00,7.9102,7.9266,7.9087,7.9213,1517.5,357
2026-08-15 04:50:00+00:00,7.9211,7.9255,7.9211,7.9224,197.2,46
2026-08-15 04:55:00+00:00,7.9212,7.9236,7.9159,7.9236,212.3,15
2026-08-15 05:00:00+00:00,7.9208,7.9211,7.9146,7.9148,91.1,21
2026-08-15 05:05:00+00:00,7.9198,7.9274,7.9191,7.9245,117.4,30
2026-08-15 05:10:00+00:00,7.9255,7.9358,7.9255,7.9309,1280.9,177
2026-08-15 05:15:00+00:00,7.9319,7.936,7.9317,7.9359,16.0,8
2026-08-15 05:20:00+00:00,7.9348,7.9348,7.9348,7.9348,87.3,1
2026-08-15 05:25:00+00:00,7.9331,7.9345,7.9254,7.9303,744.1,47
2026-08-15 05:30:00+00:00,7.9328,7.9349,7.9294,7.9349,264.8,30
2026-08-15 05:35:00+00:00,7.9368,7.9371,7.9368,7.9371,74.4,3
2026-08-15 05:40:00+00:00,7.9339,7.9353,7.9261,7.9283,162.1,44
2026-08-15 05:45:00+00:00,7.9255,7.9307,7.9253,7.9255,762.2,332
2026-08-15 05:50:00+00:00,7.9262,7.9348,7.9258,7.9327,834.6,131
2026-08-15 05:55:00+00:00,7.9333,7.9369,7.9316,7.9333,202.0,33
2026-08-15 06:00:00+00:00,7.9331,7.9343,7.9239,7.9283,390.3,77
2026-08-15 06:05:00+00:00,7.9283,7.9552,7.9278,7.9422,701.6,48
2026-08-15 06:10:00+00:00,7.9387,7.9421,7.9282,7.9282,295.2,89
2026-08-15 06:15:00+00:00,7.9312,7.9373,7.9312,7.9322,31.9,12
2026-08-15 06:20:00+00:00,7.9347,7.9399,7.9347,7.9399,225.6,55
2026-08-15 06:25:00+00:00,7.94,7.9446,7.94,7.9446,100.7,2
2026-08-15 06:30:00+00:00,7.9446,7.9446,7.9446,7.9446,0.0,0
2026-08-15 06:35:00+00:00,7.9405,7.9405,7.9402,7.9402,3.0,2
2026-08-15 06:40:00+00:00,7.9462,7.9471,7.9424,7.9449,35.7,13
2026-08-15 06:45:00+00:00,7.9425,7.9425,7.9402,7.9425,7.6,5
2026-08-15 06:50:00+00:00,7.9425,7.9425,7.9424,7.9424,2.6,2
2026-08-15 06:55:00+00:00,7.9425,7.9425,7.9395,7.9395,24.9,10
2026-08-15 07:00:00+00:00,7.9445,7.9461,7.9397,7.9397,900.0,9
2026-08-15 07:05:00+00:00,7.9394,7.9405,7.9394,7.9394,100.0,6
2026-08-15 07:10:00+00:00,7.9438,7.9461,7.9435,7.9461,275.0,17
2026-08-15 07:15:00+00:00,7.9454,7.9461,7.9448,7.946,583.2,189
2026-08-15 07:20:00+00:00,7.9462,7.9469,7.9459,7.9462,158.8,58
2026-08-15 07:25:00+00:00,7.9459,7.9462,7.9432,7.9452,428.1,72
2026-08-15 07:30:00+00:00,7.9434,7.9481,7.9434,7.9481,84.5,9
2026-08-15 07:35:00+00:00,7.9485,7.95,7.9456,7.9456,595.6,33
2026-08-15 07:40:00+00:00,7.9455,7.9455,7.9455,7.9455,4.1,1
2026-08-15 07:45:00+00:00,7.9445,7.9455,7.9445,7.9449,255.8,58
2026-08-15 07:50:00+00:00,7.9473,7.9499,7.9473,7.9491,579.4,72
2026-08-15 07:55:00+00:00,7.9499,7.9499,7.949,7.949,15.9,7
2026-08-15 08:00:00+00:00,7.9474,7.9477,7.9395,7.9463,207.8,39
2026-08-15 08:05:00+00:00,7.9399,7.9472,7.9399,7.9463,235.3,17
2026-08-15 08:10:00+00:00,7.9461,7.9462,7.9394,7.9429,625.4,160
2026-08-15 08:15:00+00:00,7.9432,7.9441,7.9398,7.9428,55.2,16
2026-08-15 08:20:00+00:00,7.9422,7.9455,7.9398,7.9398,76.1,21
2026-08-15 08:25:00+00:00,7.9428,7.9428,7.9399,7.9402,12.0,5
2026-08-15 08:30:00+00:00,7.9448,7.9448,7.9403,7.9403,41.4,15
2026-08-15 08:35:00+00:00,7.9403,7.9403,7.9403,7.9403,0.0,0
2026-08-15 08:40:00+00:00,7.941,7.9445,7.9368,7.9391,1055.4,22
2026-08-15 08:45:00+00:00,7.9345,7.9365,7.9342,7.9365,32.0,15
2026-08-15 08:50:00+00:00,7.9365,7.9365,7.9365,7.9365,0.0,0
2026-08-15 08:55:00+00:00,7.9352,7.9406,7.9342,7.94,240.4,32
2026-08-15 09:00:00+00:00,7.9366,7.9399,7.9201,7.926,199.5,46
2026-08-15 09:05:00+00:00,7.9261,7.9328,7.9261,7.9284,83.5,40
2026-08-15 09:10:00+00:00,7.9361,7.9421,7.934,7.9413,214.2,60
2026-08-15 09:15:00+00:00,7.9412,7.9492,7.9412,7.9462,40.5,13
2026-08-15 09:20:00+00:00,7.9469,7.9469,7.9448,7.9448,100.9,8
2026-08-15 09:25:00+00:00,7.9488,7.95,7.94,7.9416,268.8,45
2026-08-15 09:30:00+00:00,7.944,7.944,7.9409,7.9409,2.6,2
2026-08-15 09:35:00+00:00,7.9425,7.9425,7.9385,7.9422,53.9,20
2026-08-15 09:40:00+00:00,7.9387,7.9387,7.9387,7.9387,25.3,2
2026-08-15 09:45:00+00:00,7.9386,7.9386,7.9386,7.9386,83.6,1
2026-08-15 09:50:00+00:00,7.9415,7.9418,7.9415,7.9418,15.5,12
2026-08-15 09:55:00+00:00,7.9418,7.9418,7.9418,7.9418,0.0,0
2026-08-15 10:00:00+00:00,7.9418,7.9418,7.9418,7.9418,0.0,0
2026-08-15 10:05:00+00:00,7.9398,7.94,7.9386,7.9395,320.1,18
2026-08-15 10:10:00+00:00,7.9417,7.9417,7.9386,7.9386,51.6,30
2026-08-15 10:15:00+00:00,7.9387,7.9392,7.9204,7.9303,3968.8,419
2026-08-15 10:20:00+00:00,7.93,7.9913,7.93,7.9823,7751.7,814
2026-08-15 10:25:00+00:00,7.98,7.9815,7.93,7.9551,6258.4,859
2026-08-15 10:30:00+00:00,7.9564,7.9817,7.9557,7.9648,1455.7,298
2026-08-15 10:35:00+00:00,7.9601,7.9786,7.9545,7.956,594.7,102
2026-08-15 10:40:00+00:00,7.9585,7.9585,7.9527,7.9527,88.5,12
2026-08-15 10:45:00+00:00,7.9539,7.9555,7.9539,7.9555,35.2,9
2026-08-15 10:50:00+00:00,7.9599,7.9599,7.9599,7.9599,1.3,1
2026-08-15 10:55:00+00:00,7.9555,7.9697,7.9555,7.9697,92.5,7
2026-08-15 11:00:00+00:00,7.9697,7.9697,7.9697,7.9697,0.0,0
2026-08-15 11:05:00+00:00,7.9685,7.9685,7.9671,7.9671,106.1,2
2026-08-15 11:10:00+00:00,7.9663,7.9669,7.9628,7.9631,53.2,25
2026-08-15 11:15:00+00:00,7.966,7.9688,7.9647,7.965,222.1,36
2026-08-15 11:20:00+00:00,7.9675,7.9948,7.9675,7.9778,3125.8,293
2026-08-15 11:25:00+00:00,7.9796,7.9796,7.9756,7.9756,175.8,3
2026-08-15 11:30:00+00:00,7.9751,7.9803,7.9665,7.9764,396.0,103
2026-08-15 11:35:00+00:00,7.9782,7.9792,7.9779,7.9792,54.3,9
2026-08-15 11:40:00+00:00,7.97,7.9799,7.9664,7.9798,491.7,60
2026-08-15 11:45:00+00:00,7.9758,7.9783,7.97,7.9703,575.5,162
2026-08-15 11:50:00+00:00,7.97,7.9711,7.9646,7.9655,247.9,78
2026-08-15 11:55:00+00:00,7.9713,7.9716,7.9669,7.9716,47.7,20
2026-08-15 12:00:00+00:00,7.9706,7.9762,7.9686,7.9718,263.1,26
2026-08-15 12:05:00+00:00,7.9705,7.9705,7.9694,7.9699,115.4,47
2026-08-15 12:10:00+00:00,7.9702,7.9725,7.967,7.9682,105.0,37
2026-08-15 12:15:00+00:00,7.9679,7.9684,7.9655,7.9674,82.5,48
2026-08-15 12:20:00+00:00,7.9657,7.9665,7.9573,7.9614,1157.4,149
2026-08-15 12:25:00+00:00,7.9613,7.9658,7.9594,7.9598,223.5,41
2026-08-15 12:30:00+00:00,7.9598,7.96,7.9574,7.96,9.6,5
2026-08-15 12:35:00+00:00,7.9603,7.9637,7.96,7.9602,218.9,93
2026-08-15 12:40:00+00:00,7.9578,7.9587,7.9547,7.9553,883.5,21
2026-08-15 12:45:00+00:00,7.9597,7.9616,7.9597,7.9609,83.5,6
2026-08-15 12:50:00+00:00,7.9611,7.9624,7.961,7.961,17.4,6
2026-08-15 12:55:00+00:00,7.961,7.961,7.961,7.961,0.0,0
2026-08-15 13:00:00+00:00,7.9663,7.9663,7.9612,7.9612,68.7,6
2026-08-15 13:05:00+00:00,7.9662,7.9665,7.9657,7.9665,79.3,4
2026-08-15 13:10:00+00:00,7.9665,7.9665,7.9665,7.9665,0.0,0
2026-08-15 13:15:00+00:00,7.9665,7.9665,7.9665,7.9665,0.0,0
2026-08-15 13:20:00+00:00,7.9656,7.9665,7.9656,7.9665,147.4,14
2026-08-15 13:25:00+00:00,7.9653,7.9782,7.9652,7.9777,496.2,40
2026-08-15 13:30:00+00:00,7.9781,7.9839,7.9781,7.98,1245.5,215
2026-08-15 13:35:00+00:00,7.9842,7.9854,7.9842,7.9854,50.0,25
2026-08-15 13:40:00+00:00,7.9807,7.9823,7.9739,7.9787,856.6,175
2026-08-15 13:45:00+00:00,7.9784,7.9784,7.944,7.9464,2780.6,955
2026-08-15 13:50:00+00:00,7.9472,7.952,7.9362,7.9401,5807.3,741
2026-08-15 13:55:00+00:00,7.9409,7.9499,7.9388,7.9448,5170.4,584
2026-08-15 14:00:00+00:00,7.9442,7.9943,7.9442,7.9829,5840.4,670
2026-08-15 14:05:00+00:00,7.9903,8.0,7.973,7.9953,10097.5,1199
2026-08-15 14:10:00+00:00,7.9956,7.9956,7.9789,7.979,4252.1,191
2026-08-15 14:15:00+00:00,7.9796,7.9882,7.9776,7.9806,1673.1,286
2026-08-15 14:20:00+00:00,7.9805,7.982,7.98,7.981,40.9,21
2026-08-15 14:25:00+00:00,7.981,7.981,7.9798,7.98,33.8,14
2026-08-15 14:30:00+00:00,7.982,7.9851,7.982,7.9851,27.2,7
2026-08-15 14:35:00+00:00,7.9851,7.9878,7.9794,7.9809,440.2,23
2026-08-15 14:40:00+00:00,7.9828,7.9838,7.9767,7.9767,172.2,82
2026-08-15 14:45:00+00:00,7.977,7.98,7.9651,7.9687,1562.1,345
2026-08-15 14:50:00+00:00,7.974,7.9758,7.9702,7.9758,482.0,103
2026-08-15 14:55:00+00:00,7.9783,7.98,7.9754,7.9754,546.4,20
2026-08-15 15:00:00+00:00,7.98,7.9899,7.98,7.9899,493.1,23
2026-08-15 15:05:00+00:00,7.9879,8.0,7.9849,7.9921,802.0,64
2026-08-15 15:10:00+00:00,7.992,7.9992,7.9894,7.9985,990.3,316
2026-08-15 15:15:00+00:00,7.9948,7.9998,7.9948,7.9973,46.4,20
2026-08-15 15:20:00+00:00,7.9987,8.0,7.9987,8.0,42.9,19
2026-08-15 15:25:00+00:00,8.0,8.0,7.9933,7.9966,221.2,45
2026-08-15 15:30:00+00:00,7.9963,7.9991,7.9892,7.995,309.9,48
2026-08-15 15:35:00+00:00,7.9942,7.9977,7.9896,7.9927,88.2,13
2026-08-15 15:40:00+00:00,7.9928,7.9929,7.9911,7.9911,5.1,4
2026-08-15 15:45:00+00:00,7.9908,7.9909,7.9829,7.9837,865.0,202
2026-08-15 15:50:00+00:00,7.9833,7.989,7.9833,7.9874,1225.7,132
2026-08-15 15:55:00+00:00,7.9877,7.9878,7.9651,7.9784,2441.6,200
2026-08-15 16:00:00+00:00,7.9798,7.9999,7.9798,7.9906,2110.9,312
2026-08-15 16:05:00+00:00,7.9907,8.0,7.9703,7.9907,1768.2,406
2026-08-15 16:10:00+00:00,7.991,7.9969,7.9622,7.9872,427.6,44
2026-08-15 16:15:00+00:00,7.9881,7.993,7.9881,7.9892,519.3,50
2026-08-15 16:20:00+00:00,7.9917,8.0,7.9912,7.996,201.8,10
2026-08-15 16:25:00+00:00,7.9971,7.9977,7.9956,7.9973,50.0,18
2026-08-15 16:30:00+00:00,7.9989,8.0098,7.9722,7.9932,5319.1,638
2026-08-15 16:35:00+00:00,7.9952,7.9995,7.9944,7.9964,438.3,103
2026-08-15 16:40:00+00:00,7.9972,7.9973,7.9963,7.9963,45.0,20
2026-08-15 16:45:00+00:00,7.9963,7.9963,7.9963,7.9963,0.0,0
2026-08-15 16:50:00+00:00,7.9984,7.9985,7.9944,7.998,90.7,30
2026-08-15 16:55:00+00:00,7.998,7.998,7.998,7.998,0.0,0
2026-08-15 17:00:00+00:00,7.9944,7.9944,7.9944,7.9944,17.0,2
2026-08-15 17:05:00+00:00,7.9989,7.9989,7.9989,7.9989,25.4,1
2026-08-15 17:10:00+00:00,7.9927,7.996,7.9927,7.993,75.9,50
2026-08-15 17:15:00+00:00,7.9959,7.9959,7.984,7.9865,1435.5,276
2026-08-15 17:20:00+00:00,7.9798,7.98,7.9711,7.9766,1322.4,251
2026-08-15 17:25:00+00:00,7.9766,7.9768,7.9728,7.9767,46.9,7
2026-08-15 17:30:00+00:00,7.977,7.9795,7.9731,7.9792,87.4,20
2026-08-15 17:35:00+00:00,7.98,7.9861,7.98,7.9861,55.1,4
2026-08-15 17:40:00+00:00,7.9878,7.99,7.9874,7.9898,214.7,17
2026-08-15 17:45:00+00:00,7.9875,7.9879,7.9875,7.9878,133.7,45
2026-08-15 17:50:00+00:00,7.9878,7.9878,7.9878,7.9878,0.0,0
2026-08-15 17:55:00+00:00,7.9887,7.9888,7.9887,7.9888,155.8,2
2026-08-15 18:00:00+00:00,7.9881,7.9881,7.9877,7.9877,6.7,3
2026-08-15 18:05:00+00:00,7.9888,7.993,7.9888,7.9928,164.1,21
2026-08-15 18:10:00+00:00,7.9929,7.993,7.9925,7.9925,131.2,55
2026-08-15 18:15:00+00:00,7.995,7.9956,7.995,7.9956,7.8,4
2026-08-15 18:20:00+00:00,7.9956,7.9956,7.9956,7.9956,0.0,0
2026-08-15 18:25:00+00:00,7.9961,7.9961,7.996,7.996,4.0,3
2026-08-15 18:30:00+00:00,7.9973,7.9973,7.9951,7.9951,20.0,7
2026-08-15 18:35:00+00:00,7.9992,8.0,7.9988,7.9996,284.0,96
2026-08-15 18:40:00+00:00,7.999,8.0012,7.9987,7.9987,28.8,11
2026-08-15 18:45:00+00:00,8.0021,8.004,7.9998,8.004,42.4,20
2026-08-15 18:50:00+00:00,8.002,8.002,8.002,8.002,2.9,1
2026-08-15 18:55:00+00:00,8.0025,8.02,8.0025,8.0109,1139.8,193
2026-08-15 19:00:00+00:00,8.0097,8.0128,8.0033,8.0128,228.2,62
2026-08-15 19:05:00+00:00,8.008,8.0128,8.0055,8.0112,255.1,113
2026-08-15 19:10:00+00:00,8.0072,8.0082,8.001,8.0064,158.6,58
2026-08-15 19:15:00+00:00,8.0062,8.0105,8.0035,8.0056,40.1,20
2026-08-15 19:20:00+00:00,8.0113,8.0123,8.0063,8.0087,255.6,69
2026-08-15 19:25:00+00:00,8.0075,8.0079,8.0024,8.0024,77.5,27
2026-08-15 19:30:00+00:00,8.0026,8.009,8.002,8.009,504.1,192
2026-08-15 19:35:00+00:00,8.0044,8.0047,8.0002,8.0017,99.4,32
2026-08-15 19:40:00+00:00,8.0015,8.007,8.0012,8.005,855.3,247
2026-08-15 19:45:00+00:00,8.0001,8.0025,7.9986,7.9992,198.8,39
2026-08-15 19:50:00+00:00,7.9992,7.9992,7.9992,7.9992,0.0,0
2026-08-15 19:55:00+00:00,8.0045,8.005,8.0045,8.005,31.2,4
2026-08-15 20:00:00+00:00,8.0046,8.0046,8.0046,8.0046,3.0,1
2026-08-15 20:05:00+00:00,8.0039,8.0098,8.0016,8.0041,757.8,193
2026-08-15 20:10:00+00:00,8.0068,8.0077,7.9987,7.9987,418.3,156
2026-08-15 20:15:00+00:00,8.0007,8.05,7.9986,8.0336,12050.3,294
2026-08-15 20:20:00+00:00,8.0326,8.0338,8.013,8.0201,2109.5,657
2026-08-15 20:25:00+00:00,8.0172,8.0679,8.0165,8.0629,9373.4,883
2026-08-15 20:30:00+00:00,8.0632,8.0673,8.035,8.0386,6669.5,908
2026-08-15 20:35:00+00:00,8.0398,8.0582,8.0398,8.05,811.9,172
2026-08-15 20:40:00+00:00,8.0521,8.0683,8.0451,8.0624,1896.9,304
2026-08-15 20:45:00+00:00,8.0645,8.0657,8.0645,8.0657,124.8,3
2026-08-15 20:50:00+00:00,8.0643,8.0679,8.0643,8.0676,168.7,84
2026-08-15 20:55:00+00:00,8.07,8.0727,8.037,8.0373,1048.7,58
2026-08-15 21:00:00+00:00,8.0368,8.0582,8.0307,8.0472,940.3,183
2026-08-15 21:05:00+00:00,8.0486,8.078,8.0486,8.0725,2379.6,456
2026-08-15 21:10:00+00:00,8.0761,8.0799,8.0719,8.0798,572.5,59
2026-08-15 21:15:00+00:00,8.0755,8.08,8.0743,8.0745,323.6,31
2026-08-15 21:20:00+00:00,8.0793,8.08,8.0793,8.08,205.0,12
2026-08-15 21:25:00+00:00,8.0796,8.0847,8.0796,8.0847,176.7,27
2026-08-15 21:30:00+00:00,8.0827,8.085,8.0783,8.0842,935.1,67
2026-08-15 21:35:00+00:00,8.0784,8.0826,8.0736,8.078,483.5,51
2026-08-15 21:40:00+00:00,8.0778,8.081,8.05,8.0519,1507.5,187
2026-08-15 21:45:00+00:00,8.0501,8.0672,8.05,8.0515,577.4,174
2026-08-15 21:50:00+00:00,8.0514,8.0745,8.051,8.0738,2866.7,507
2026-08-15 21:55:00+00:00,8.0742,8.0795,8.0666,8.0729,466.3,125
2026-08-15 22:00:00+00:00,8.0741,8.0811,8.0721,8.0805,1200.3,225
2026-08-15 22:05:00+00:00,8.085,8.085,8.05,8.0592,4248.9,560
2026-08-15 22:10:00+00:00,8.0596,8.085,8.0528,8.0831,6654.2,729
2026-08-15 22:15:00+00:00,8.0834,8.0837,8.0696,8.0799,1967.8,572
2026-08-15 22:20:00+00:00,8.08,8.0884,8.08,8.088,1171.3,178
2026-08-15 22:25:00+00:00,8.0874,8.0884,8.0695,8.0717,947.4,120
2026-08-15 22:30:00+00:00,8.0603,8.0696,8.06,8.0643,1488.6,325
2026-08-15 22:35:00+00:00,8.0641,8.0681,8.0591,8.0628,2803.8,492
2026-08-15 22:40:00+00:00,8.0618,8.0737,8.0505,8.0642,18708.4,844
2026-08-15 22:45:00+00:00,8.0645,8.0878,8.0596,8.082,11588.5,1028
2026-08-15 22:50:00+00:00,8.082,8.0886,8.0589,8.0653,3874.8,448
2026-08-15 22:55:00+00:00,8.0655,8.0665,8.0631,8.0633,73.3,25
2026-08-15 23:00:00+00:00,8.0577,8.0626,8.0567,8.0616,216.5,40
2026-08-15 23:05:00+00:00,8.0591,8.0602,8.0591,8.0602,136.5,5
2026-08-15 23:10:00+00:00,8.0608,8.0694,8.0608,8.0694,377.7,8
2026-08-15 23:15:00+00:00,8.0654,8.08,8.0654,8.0759,2237.6,93
2026-08-15 23:20:00+00:00,8.0759,8.0759,8.0759,8.0759,0.0,0
2026-08-15 23:25:00+00:00,8.0712,8.0766,8.0705,8.0716,240.1,55
2026-08-15 23:30:00+00:00,8.0703,8.0703,8.0679,8.0679,100.9,28
2026-08-15 23:35:00+00:00,8.0694,8.0694,8.068,8.068,19.9,9
2026-08-15 23:40:00+00:00,8.0677,8.074,8.0677,8.074,132.8,4
2026-08-15 23:45:00+00:00,8.0713,8.0716,8.0663,8.0664,236.7,56
2026-08-15 23:50:00+00:00,8.0626,8.063,8.06,8.0623,61.3,16
2026-08-15 23:55:00+00:00,8.0623,8.0714,8.0606,8.063,509.5,205
2026-08-16 00:00:00+00:00,8.0666,8.0666,8.0623,8.0623,35.9,13
2026-08-16 00:05:00+00:00,8.0646,8.0646,8.0643,8.0643,21.5,11
2026-08-16 00:10:00+00:00,8.0608,8.065,8.0577,8.0608,183.2,69
2026-08-16 00:15:00+00:00,8.0608,8.0678,8.0506,8.0575,3395.5,815
2026-08-16 00:20:00+00:00,8.0578,8.0612,8.0517,8.0564,1678.5,174
2026-08-16 00:25:00+00:00,8.0565,8.0695,8.0488,8.0512,1001.4,163
2026-08-16 00:30:00+00:00,8.0557,8.0581,8.0471,8.0479,386.7,84
2026-08-16 00:35:00+00:00,8.0452,8.0487,8.0304,8.0326,2466.4,695
2026-08-16 00:40:00+00:00,8.0323,8.0337,8.011,8.011,2914.1,594
2026-08-16 00:45:00+00:00,8.0199,8.0202,8.0018,8.01,442.0,104
2026-08-16 00:50:00+00:00,8.0077,8.0078,7.9986,7.9996,496.4,126
2026-08-16 00:55:00+00:00,7.9986,8.008,7.9986,7.9989,459.2,48
2026-08-16 01:00:00+00:00,8.0024,8.0076,7.9986,8.0075,204.3,60
2026-08-16 01:05:00+00:00,8.0033,8.0093,8.0033,8.0093,35.8,2
2026-08-16 01:10:00+00:00,8.0028,8.0029,8.0028,8.0029,3.1,2
2026-08-16 01:15:00+00:00,8.002,8.0033,8.002,8.0033,125.9,2
2026-08-16 01:20:00+00:00,8.0022,8.0022,7.9992,8.0019,331.1,13
2026-08-16 01:25:00+00:00,8.0071,8.0095,8.0071,8.0095,50.0,11
2026-08-16 01:30:00+00:00,8.0087,8.0087,8.0034,8.0034,13.5,6
2026-08-16 01:35:00+00:00,8.0099,8.0099,8.0096,8.0098,28.4,23
2026-08-16 01:40:00+00:00,8.0098,8.0098,8.0098,8.0098,0.0,0
2026-08-16 01:45:00+00:00,8.007,8.007,8.007,8.007,1.9,1
2026-08-16 01:50:00+00:00,8.007,8.007,8.007,8.007,0.0,0
2026-08-16 01:55:00+00:00,8.0067,8.0099,8.0017,8.0056,426.7,137
2026-08-16 02:00:00+00:00,8.0056,8.0092,8.0004,8.0046,95.7,26
2026-08-16 02:05:00+00:00,8.01,8.01,8.01,8.01,11.0,2
2026-08-16 02:10:00+00:00,8.0087,8.0191,8.0002,8.0101,323.5,37
2026-08-16 02:15:00+00:00,8.0101,8.0101,8.0101,8.0101,0.0,0
2026-08-16 02:20:00+00:00,8.0128,8.0128,8.0108,8.0108,41.0,3
2026-08-16 02:25:00+00:00,8.0178,8.0178,8.0168,8.0168,100.5,4
2026-08-16 02:30:00+00:00,8.0179,8.0179,8.0112,8.0112,6.2,2
2026-08-16 02:35:00+00:00,8.0174,8.0174,8.0167,8.0167,101.9,3
2026-08-16 02:40:00+00:00,8.0179,8.0179,8.0179,8.0179,86.0,1
2026-08-16 02:45:00+00:00,8.0179,8.0179,8.0179,8.0179,0.0,0
2026-08-16 02:50:00+00:00,8.0179,8.0179,8.0179,8.0179,0.0,0
2026-08-16 02:55:00+00:00,8.0154,8.0154,8.0154,8.0154,50.0,2
2026-08-16 03:00:00+00:00,8.0154,8.0154,8.0154,8.0154,0.0,0
2026-08-16 03:05:00+00:00,8.0154,8.0194,8.0154,8.0194,4.2,2
2026-08-16 03:10:00+00:00,8.0194,8.0194,8.0194,8.0194,0.0,0
2026-08-16 03:15:00+00:00,8.0183,8.0277,8.0183,8.0274,568.3,64
2026-08-16 03:20:00+00:00,8.0299,8.03,8.024,8.0242,155.8,61
2026-08-16 03:25:00+00:00,8.0234,8.0274,8.0234,8.0257,174.0,28
2026-08-16 03:30:00+00:00,8.0241,8.05,8.0241,8.05,727.6,220
2026-08-16 03:35:00+00:00,8.05,8.0737,8.0481,8.0731,1636.0,377
2026-08-16 03:40:00+00:00,8.0736,8.0761,8.0313,8.0348,5409.7,822
2026-08-16 03:45:00+00:00,8.0368,8.0468,8.0276,8.0406,2466.4,392
2026-08-16 03:50:00+00:00,8.0404,8.0407,8.0359,8.04,390.1,25
2026-08-16 03:55:00+00:00,8.0449,8.05,8.0304,8.0427,509.9,71
2026-08-16 04:00:00+00:00,8.043,8.0445,8.0376,8.0444,229.8,59
2026-08-16 04:05:00+00:00,8.0446,8.0447,8.0341,8.0341,585.2,148
2026-08-16 04:10:00+00:00,8.0344,8.0414,8.0341,8.0393,235.2,71
2026-08-16 04:15:00+00:00,8.0383,8.0383,8.0383,8.0383,38.2,2
2026-08-16 04:20:00+00:00,8.0361,8.0427,8.0326,8.0372,617.2,196
2026-08-16 04:25:00+00:00,8.0402,8.051,8.0402,8.051,1218.7,29
2026-08-16 04:30:00+00:00,8.0464,8.0464,8.0409,8.0411,352.4,40
2026-08-16 04:35:00+00:00,8.0443,8.046,8.0197,8.0197,2337.8,292
2026-08-16 04:40:00+00:00,8.0197,8.0197,7.9908,8.005,5139.0,421
2026-08-16 04:45:00+00:00,8.0021,8.0021,7.94,7.95,3127.5,392
2026-08-16 04:50:00+00:00,7.9485,7.9534,7.93,7.9318,4835.3,581
2026-08-16 04:55:00+00:00,7.933,7.9385,7.924,7.924,2745.4,214
2026-08-16 05:00:00+00:00,7.9231,7.9364,7.9181,7.9338,1533.2,387
2026-08-16 05:05:00+00:00,7.9366,7.9779,7.9347,7.9779,2197.1,243
2026-08-16 05:10:00+00:00,7.973,7.973,7.96,7.9674,2403.7,694
2026-08-16 05:15:00+00:00,7.9676,7.9798,7.9669,7.9704,1233.7,381
2026-08-16 05:20:00+00:00,7.9677,7.9799,7.9677,7.9711,626.0,128
2026-08-16 05:25:00+00:00,7.9737,7.9737,7.94,7.9417,684.1,190
2026-08-16 05:30:00+00:00,7.9451,7.9538,7.9448,7.9535,173.8,48
2026-08-16 05:35:00+00:00,7.9599,7.9633,7.9539,7.9592,888.4,153
2026-08-16 05:40:00+00:00,7.9541,7.9591,7.9541,7.9591,189.1,82
2026-08-16 05:45:00+00:00,7.9573,7.96,7.9556,7.9597,323.1,43
2026-08-16 05:50:00+00:00,7.9586,7.97,7.9586,7.97,331.9,76
2026-08-16 05:55:00+00:00,7.9761,7.9878,7.9723,7.9878,1310.6,263
2026-08-16 06:00:00+00:00,7.9899,8.0067,7.9889,8.0066,1240.6,175
2026-08-16 06:05:00+00:00,8.0082,8.03,8.0082,8.0244,750.0,213
2026-08-16 06:10:00+00:00,8.0247,8.0322,8.0232,8.0278,770.3,146
2026-08-16 06:15:00+00:00,8.0265,8.0304,8.0209,8.0213,489.3,107
2026-08-16 06:20:00+00:00,8.0219,8.0298,7.98,7.98,1575.8,363
2026-08-16 06:25:00+00:00,7.9948,8.0177,7.9946,8.0177,203.1,79
2026-08-16 06:30:00+00:00,8.0199,8.0398,8.0199,8.0356,183.4,41
2026-08-16 06:35:00+00:00,8.04,8.0455,8.0344,8.0364,3318.1,349
2026-08-16 06:40:00+00:00,8.0348,8.0435,8.0279,8.0329,814.1,273
2026-08-16 06:45:00+00:00,8.0331,8.0357,8.0147,8.0243,2846.5,569
2026-08-16 06:50:00+00:00,8.0227,8.0272,8.0213,8.0238,1749.3,186
2026-08-16 06:55:00+00:00,8.0258,8.0367,8.0196,8.0272,5923.1,596
2026-08-16 07:00:00+00:00,8.0274,8.03,8.0169,8.0202,1579.9,487
2026-08-16 07:05:00+00:00,8.0226,8.0299,8.0211,8.0231,604.9,206
2026-08-16 07:10:00+00:00,8.0288,8.03,8.0246,8.0251,274.3,60
2026-08-16 07:15:00+00:00,8.025,8.0299,8.0244,8.0299,554.4,73
2026-08-16 07:20:00+00:00,8.03,8.03,8.0196,8.0279,1333.6,142
2026-08-16 07:25:00+00:00,8.0299,8.03,8.0299,8.03,1848.9,12
2026-08-16 07:30:00+00:00,8.03,8.03,8.0297,8.03,246.6,12
2026-08-16 07:35:00+00:00,8.0281,8.03,8.027,8.03,164.9,43
2026-08-16 07:40:00+00:00,8.03,8.0318,8.027,8.0296,2869.6,189
2026-08-16 07:45:00+00:00,8.0293,8.0368,8.0277,8.0319,501.1,119
2026-08-16 07:50:00+00:00,8.0302,8.031,8.0239,8.0239,242.9,15
2026-08-16 07:55:00+00:00,8.02,8.02,8.0071,8.012,166.0,15
2026-08-16 08:00:00+00:00,8.0178,8.02,8.0133,8.0133,276.8,27
2026-08-16 08:05:00+00:00,8.0168,8.0184,8.0041,8.0056,153.8,42
2026-08-16 08:10:00+00:00,8.0062,8.01,8.0062,8.01,27.0,8
2026-08-16 08:15:00+00:00,8.01,8.01,8.01,8.01,0.0,0
2026-08-16 08:20:00+00:00,8.01,8.01,8.01,8.01,0.0,0
2026-08-16 08:25:00+00:00,8.0182,8.0182,7.994,7.994,2397.6,292
2026-08-16 08:30:00+00:00,7.9968,7.9982,7.9937,7.9964,51.7,17
2026-08-16 08:35:00+00:00,7.9959,7.9965,7.9947,7.9947,427.8,15
2026-08-16 08:40:00+00:00,7.9947,8.0084,7.9913,8.0072,884.6,129
2026-08-16 08:45:00+00:00,8.0067,8.0165,8.0056,8.0162,1528.8,134
2026-08-16 08:50:00+00:00,8.0162,8.0162,8.0162,8.0162,0.0,0
2026-08-16 08:55:00+00:00,8.0131,8.0131,8.0131,8.0131,3.6,3
2026-08-16 09:00:00+00:00,8.0184,8.0184,8.0149,8.0149,53.8,10
2026-08-16 09:05:00+00:00,8.0149,8.015,8.0131,8.015,223.1,15
2026-08-16 09:10:00+00:00,8.0099,8.0185,8.0074,8.0176,640.7,73
2026-08-16 09:15:00+00:00,8.0184,8.0184,8.0148,8.0148,3.6,2
2026-08-16 09:20:00+00:00,8.0148,8.0148,8.0148,8.0148,0.0,0
2026-08-16 09:25:00+00:00,8.0148,8.0148,8.0148,8.0148,0.0,0
2026-08-16 09:30:00+00:00,8.0184,8.0184,8.0184,8.0184,8.0,1
2026-08-16 09:35:00+00:00,8.0153,8.0183,8.0153,8.0182,201.4,3
2026-08-16 09:40:00+00:00,8.0141,8.0141,8.0138,8.0138,10.1,4
2026-08-16 09:45:00+00:00,8.0123,8.0168,8.0089,8.0168,1952.4,117
2026-08-16 09:50:00+00:00,8.0154,8.0188,8.0153,8.0153,737.3,78
2026-08-16 09:55:00+00:00,8.0153,8.0153,8.0153,8.0153,2.0,1
2026-08-16 10:00:00+00:00,8.0153,8.0153,8.0153,8.0153,0.0,0
2026-08-16 10:05:00+00:00,8.0188,8.038,8.0188,8.0327,957.6,32
2026-08-16 10:10:00+00:00,8.0381,8.0381,8.0331,8.0331,869.6,23
2026-08-16 10:15:00+00:00,8.0361,8.0361,8.0101,8.0109,3304.4,743
2026-08-16 10:20:00+00:00,8.01,8.0151,8.0001,8.0004,1754.0,299
2026-08-16 10:25:00+00:00,8.0065,8.0162,8.0065,8.0142,526.4,59
2026-08-16 10:30:00+00:00,8.0139,8.0143,8.0081,8.0081,400.6,122
2026-08-16 10:35:00+00:00,8.0081,8.0081,8.0081,8.0081,0.0,0
2026-08-16 10:40:00+00:00,8.0119,8.0119,8.0025,8.0081,88.3,17
2026-08-16 10:45:00+00:00,8.0078,8.0078,8.0078,8.0078,119.0,2
2026-08-16 10:50:00+00:00,8.0016,8.0042,8.0003,8.0042,503.1,4
2026-08-16 10:55:00+00:00,8.0042,8.0042,8.0042,8.0042,0.0,0
2026-08-16 11:00:00+00:00,8.0042,8.0042,8.0042,8.0042,0.0,0
2026-08-16 11:05:00+00:00,8.0038,8.0054,7.9996,8.0054,664.4,132
2026-08-16 11:10:00+00:00,8.0046,8.0046,7.9967,8.0038,220.7,32
2026-08-16 11:15:00+00:00,8.0029,8.0029,7.9971,8.0024,16.2,4
2026-08-16 11:20:00+00:00,8.0024,8.0024,8.0024,8.0024,0.0,0
2026-08-16 11:25:00+00:00,7.9966,7.9995,7.9966,7.9995,48.0,9
2026-08-16 11:30:00+00:00,7.9946,7.995,7.9882,7.9925,418.2,42
2026-08-16 11:35:00+00:00,7.9924,7.9942,7.9868,7.9868,196.2,50
2026-08-16 11:40:00+00:00,7.9902,7.9942,7.9863,7.9933,1598.7,171
2026-08-16 11:45:00+00:00,7.991,7.9912,7.991,7.9912,5.0,3
2026-08-16 11:50:00+00:00,7.991,7.9959,7.9833,7.9959,690.7,55
2026-08-16 11:55:00+00:00,7.9974,7.9994,7.997,7.9994,241.0,5
2026-08-16 12:00:00+00:00,7.9971,8.0,7.9968,7.9984,201.1,18
2026-08-16 12:05:00+00:00,7.9976,8.0018,7.9968,8.0016,801.1,23
2026-08-16 12:10:00+00:00,8.0022,8.0417,8.0022,8.0415,4814.8,432
2026-08-16 12:15:00+00:00,8.038,8.038,8.0302,8.0302,327.3,13
2026-08-16 12:20:00+00:00,8.034,8.034,7.993,7.9958,548.5,176
2026-08-16 12:25:00+00:00,7.9961,8.0372,7.9859,8.0236,8399.0,944
2026-08-16 12:30:00+00:00,8.0252,8.0333,8.0175,8.0206,7539.4,832
2026-08-16 12:35:00+00:00,8.0215,8.0237,7.9637,7.9661,3088.8,344
2026-08-16 12:40:00+00:00,7.9668,7.9674,7.9554,7.9564,1228.6,190
2026-08-16 12:45:00+00:00,7.962,7.9857,7.9554,7.9836,3555.0,573
2026-08-16 12:50:00+00:00,7.9833,7.9859,7.9769,7.9823,440.5,102
2026-08-16 12:55:00+00:00,7.9792,7.9898,7.9792,7.9898,917.2,283
2026-08-16 13:00:00+00:00,7.9899,7.994,7.9821,7.9827,1004.8,208
2026-08-16 13:05:00+00:00,7.9819,7.9867,7.98,7.9848,673.9,223
2026-08-16 13:10:00+00:00,7.9785,7.9805,7.976,7.9764,895.0,17
2026-08-16 13:15:00+00:00,7.9725,7.9757,7.9666,7.9757,1715.9,189
2026-08-16 13:20:00+00:00,7.9691,7.9691,7.9691,7.9691,111.5,1
2026-08-16 13:25:00+00:00,7.9691,7.9691,7.9691,7.9691,0.0,0
2026-08-16 13:30:00+00:00,7.9731,7.9731,7.9694,7.9694,6.2,2
2026-08-16 13:35:00+00:00,7.9698,7.9763,7.9683,7.9684,2479.7,115
2026-08-16 13:40:00+00:00,7.971,7.971,7.9651,7.9675,968.5,135
2026-08-16 13:45:00+00:00,7.9632,7.9632,7.9381,7.941,1094.6,34
2026-08-16 13:50:00+00:00,7.9352,7.9352,7.9352,7.9352,12.2,1
2026-08-16 13:55:00+00:00,7.9362,7.9565,7.9362,7.9479,4275.2,555
2026-08-16 14:00:00+00:00,7.9476,7.9564,7.9476,7.9495,834.0,84
2026-08-16 14:05:00+00:00,7.9485,7.9516,7.9483,7.9516,132.1,31
2026-08-16 14:10:00+00:00,7.9533,7.9533,7.9465,7.9465,196.9,19
2026-08-16 14:15:00+00:00,7.9473,7.9473,7.9423,7.9424,28.1,10
2026-08-16 14:20:00+00:00,7.9465,7.953,7.9441,7.9453,266.3,63
2026-08-16 14:25:00+00:00,7.9547,7.9828,7.9547,7.9786,1969.0,141
2026-08-16 14:30:00+00:00,7.9736,7.9736,7.9735,7.9735,4.8,2
2026-08-16 14:35:00+00:00,7.9739,7.9805,7.97,7.9802,4496.6,217
2026-08-16 14:40:00+00:00,7.9784,7.9797,7.97,7.9797,940.2,396
2026-08-16 14:45:00+00:00,7.9693,7.9764,7.9687,7.9756,589.1,46
2026-08-16 14:50:00+00:00,7.971,7.9805,7.971,7.9805,858.2,72
2026-08-16 14:55:00+00:00,7.9825,7.987,7.9814,7.9844,932.2,36
2026-08-16 15:00:00+00:00,7.9874,7.9926,7.9816,7.9926,849.6,179
2026-08-16 15:05:00+00:00,7.9937,7.9969,7.9937,7.9949,64.1,23
2026-08-16 15:10:00+00:00,7.9952,7.9952,7.9893,7.9893,10.0,7
2026-08-16 15:15:00+00:00,7.9893,7.9893,7.9893,7.9893,0.0,0
2026-08-16 15:20:00+00:00,7.9893,7.9893,7.9893,7.9893,0.0,0
2026-08-16 15:25:00+00:00,7.9953,7.9953,7.9944,7.9944,19.1,7
2026-08-16 15:30:00+00:00,7.9944,7.9944,7.9944,7.9944,0.0,0
2026-08-16 15:35:00+00:00,7.9881,7.9881,7.9867,7.9867,105.0,6
2026-08-16 15:40:00+00:00,7.9848,7.9943,7.98,7.991,1842.4,281
2026-08-16 15:45:00+00:00,7.993,7.9943,7.9868,7.9868,140.2,4
2026-08-16 15:50:00+00:00,7.9868,7.9868,7.9868,7.9868,0.0,0
2026-08-16 15:55:00+00:00,7.9842,7.9926,7.9823,7.9908,1921.7,320
2026-08-16 16:00:00+00:00,7.9863,7.9889,7.986,7.9879,98.2,42
2026-08-16 16:05:00+00:00,7.9884,7.9884,7.9815,7.9875,66.6,10
2026-08-16 16:10:00+00:00,7.9918,7.9918,7.9876,7.9876,29.0,3
2026-08-16 16:15:00+00:00,7.9919,7.9919,7.9856,7.9898,6.5,3
2026-08-16 16:20:00+00:00,7.9926,7.9999,7.9926,7.9971,91.2,25
2026-08-16 16:25:00+00:00,7.998,8.0058,7.9876,7.9876,655.0,107
2026-08-16 16:30:00+00:00,7.9835,7.9855,7.9801,7.9828,534.2,94
2026-08-16 16:35:00+00:00,7.9844,7.9881,7.98,7.98,255.9,79
2026-08-16 16:40:00+00:00,7.9831,7.9831,7.9831,7.9831,1.9,1
2026-08-16 16:45:00+00:00,7.9858,7.9876,7.9832,7.9876,123.7,41
2026-08-16 16:50:00+00:00,7.9876,7.9876,7.9876,7.9876,0.0,0
2026-08-16 16:55:00+00:00,7.9831,7.9832,7.9831,7.9832,3.2,2
2026-08-16 17:00:00+00:00,7.9843,7.9843,7.9842,7.9842,4.4,2
2026-08-16 17:05:00+00:00,7.9842,7.9842,7.9842,7.9842,0.0,0
2026-08-16 17:10:00+00:00,7.9887,7.9887,7.9873,7.9884,325.9,23
2026-08-16 17:15:00+00:00,7.9881,7.9929,7.9881,7.9929,81.2,18
2026-08-16 17:20:00+00:00,7.9928,7.9952,7.9928,7.9952,12.6,6
2026-08-16 17:25:00+00:00,7.9952,7.9952,7.9952,7.9952,0.0,0
2026-08-16 17:30:00+00:00,7.9933,7.9958,7.993,7.9936,403.5,33
2026-08-16 17:35:00+00:00,7.9943,7.9964,7.9912,7.9915,746.1,36
2026-08-16 17:40:00+00:00,7.9922,7.994,7.9892,7.9896,262.3,28
2026-08-16 17:45:00+00:00,7.9921,8.012,7.9921,7.9968,1525.5,169
2026-08-16 17:50:00+00:00,8.0,8.0,7.9971,7.9993,440.0,20
2026-08-16 17:55:00+00:00,7.9934,7.9934,7.9892,7.9927,775.6,59
2026-08-16 18:00:00+00:00,7.9914,7.9951,7.9892,7.9915,134.9,49
2026-08-16 18:05:00+00:00,7.9913,7.9917,7.9843,7.9864,512.6,146
2026-08-16 18:10:00+00:00,7.9813,7.9837,7.9735,7.9785,578.7,136
2026-08-16 18:15:00+00:00,7.9764,7.978,7.974,7.9762,46.8,23
2026-08-16 18:20:00+00:00,7.9764,7.9843,7.9764,7.9843,21.5,7
2026-08-16 18:25:00+00:00,7.9847,7.9848,7.9755,7.9755,23.6,10
2026-08-16 18:30:00+00:00,7.9755,7.9755,7.9755,7.9755,0.0,0
2026-08-16 18:35:00+00:00,7.9772,7.9772,7.9742,7.9766,86.9,53
2026-08-16 18:40:00+00:00,7.9785,7.9785,7.9781,7.9781,13.2,9
2026-08-16 18:45:00+00:00,7.9799,7.9829,7.9799,7.9828,310.1,10
2026-08-16 18:50:00+00:00,7.9839,7.9909,7.9821,7.9909,712.5,76
2026-08-16 18:55:00+00:00,7.9909,8.0199,7.9735,8.019,4480.1,680
2026-08-16 19:00:00+00:00,8.0196,8.0487,8.0079,8.0442,7167.6,1285
2026-08-16 19:05:00+00:00,8.0422,8.0451,8.0281,8.0408,6153.7,1069
2026-08-16 19:10:00+00:00,8.0405,8.0405,8.0062,8.031,4974.2,862
2026-08-16 19:15:00+00:00,8.0335,8.0344,8.01,8.02,6414.6,742
2026-08-16 19:20:00+00:00,8.0198,8.0252,8.0149,8.0189,455.4,118
2026-08-16 19:25:00+00:00,8.0189,8.025,8.0165,8.0165,149.4,46
2026-08-16 19:30:00+00:00,8.0194,8.0207,8.0168,8.0168,712.9,198
2026-08-16 19:35:00+00:00,8.0168,8.0168,8.0168,8.0168,0.0,0
2026-08-16 19:40:00+00:00,8.0169,8.0192,8.0162,8.0172,347.6,123
2026-08-16 19:45:00+00:00,8.0199,8.022,7.9801,7.9829,496.7,138
2026-08-16 19:50:00+00:00,7.9862,7.9863,7.9804,7.9846,263.2,94
2026-08-16 19:55:00+00:00,7.9846,7.9862,7.9843,7.986,87.0,28
2026-08-16 20:00:00+00:00,7.9832,7.9837,7.9832,7.9837,2.0,2
2026-08-16 20:05:00+00:00,7.9857,8.003,7.9843,7.9861,6726.1,382
2026-08-16 20:10:00+00:00,7.9956,7.9958,7.9956,7.9958,7.8,5
2026-08-16 20:15:00+00:00,7.9958,7.9958,7.9958,7.9958,0.0,0
2026-08-16 20:20:00+00:00,7.9958,7.9958,7.9958,7.9958,0.0,0
2026-08-16 20:25:00+00:00,7.995,8.0008,7.995,8.0008,62.2,3
2026-08-16 20:30:00+00:00,7.9963,7.9963,7.9963,7.9963,67.5,1
2026-08-16 20:35:00+00:00,7.9963,7.9963,7.9963,7.9963,0.0,0
2026-08-16 20:40:00+00:00,7.9963,7.9967,7.9788,7.9877,1744.9,66
2026-08-16 20:45:00+00:00,7.9807,7.9842,7.9767,7.9842,154.4,19
2026-08-16 20:50:00+00:00,7.9842,7.9842,7.9842,7.9842,0.0,0
2026-08-16 20:55:00+00:00,7.9789,7.9789,7.962,7.9736,4065.1,555
2026-08-16 21:00:00+00:00,7.9742,7.9785,7.96,7.9662,2079.3,511
2026-08-16 21:05:00+00:00,7.9651,7.9699,7.95,7.9543,3417.2,1247
2026-08-16 21:10:00+00:00,7.9546,7.9567,7.9442,7.9467,461.3,144
2026-08-16 21:15:00+00:00,7.9544,7.9567,7.9533,7.9564,507.2,37
2026-08-16 21:20:00+00:00,7.9536,7.9536,7.938,7.9394,618.6,121
2026-08-16 21:25:00+00:00,7.9389,7.9392,7.9343,7.936,85.1,27
2026-08-16 21:30:00+00:00,7.9422,7.9481,7.9364,7.948,58.9,22
2026-08-16 21:35:00+00:00,7.9498,7.9498,7.9498,7.9498,2.0,1
2026-08-16 21:40:00+00:00,7.9459,7.9483,7.938,7.9447,1547.4,139
2026-08-16 21:45:00+00:00,7.9446,7.9446,7.935,7.9396,641.1,65
2026-08-16 21:50:00+00:00,7.9401,7.9532,7.9393,7.9532,1478.9,203
2026-08-16 21:55:00+00:00,7.9532,7.9604,7.9432,7.9475,3437.6,495
2026-08-16 22:00:00+00:00,7.9495,7.9812,7.9381,7.9646,3165.6,485
2026-08-16 22:05:00+00:00,7.9644,7.9699,7.9633,7.968,660.9,224
2026-08-16 22:10:00+00:00,7.9683,7.9732,7.9646,7.9727,473.1,128
2026-08-16 22:15:00+00:00,7.9727,7.9727,7.9727,7.9727,0.0,0
2026-08-16 22:20:00+00:00,7.9752,7.9769,7.9726,7.9729,248.7,66
2026-08-16 22:25:00+00:00,7.9714,7.9716,7.9437,7.947,1570.0,351
2026-08-16 22:30:00+00:00,7.95,7.95,7.9475,7.9478,68.4,19
2026-08-16 22:35:00+00:00,7.941,7.9467,7.9361,7.9387,897.1,294
2026-08-16 22:40:00+00:00,7.9408,7.9447,7.9381,7.9439,316.4,53
2026-08-16 22:45:00+00:00,7.9397,7.9532,7.9393,7.9512,3671.1,491
2026-08-16 22:50:00+00:00,7.9525,7.9531,7.9401,7.9482,3160.3,593
2026-08-16 22:55:00+00:00,7.9469,7.9479,7.94,7.9418,917.5,126
2026-08-16 23:00:00+00:00,7.94,7.9476,7.9369,7.947,960.3,318
2026-08-16 23:05:00+00:00,7.9433,7.948,7.9316,7.9316,2376.8,357
2026-08-16 23:10:00+00:00,7.9343,7.9375,7.93,7.9357,1100.8,235
2026-08-16 23:15:00+00:00,7.9357,7.9479,7.9334,7.9479,1699.8,353
2026-08-16 23:20:00+00:00,7.9478,7.948,7.9395,7.9426,2743.7,342
2026-08-16 23:25:00+00:00,7.9432,7.9438,7.9372,7.9372,494.2,195
2026-08-16 23:30:00+00:00,7.9409,7.9433,7.9375,7.9396,453.6,103
2026-08-16 23:35:00+00:00,7.9418,7.9499,7.9402,7.9476,1335.2,458
2026-08-16 23:40:00+00:00,7.9457,7.9488,7.9422,7.9433,152.2,54
2026-08-16 23:45:00+00:00,7.9445,7.9573,7.9364,7.9529,4307.8,357
2026-08-16 23:50:00+00:00,7.9526,7.9616,7.9,7.95,11040.7,783
2026-08-16 23:55:00+00:00,7.9481,7.9519,7.9411,7.9436,662.5,79
2026-08-17 00:00:00+00:00,7.9434,7.97,7.94,7.9599,8359.9,1109
2026-08-17 00:05:00+00:00,7.9523,7.968,7.9503,7.962,3475.1,324
2026-08-17 00:10:00+00:00,7.9601,7.9659,7.95,7.9628,1095.7,109
2026-08-17 00:15:00+00:00,7.9655,7.9655,7.9432,7.947,1534.0,166
2026-08-17 00:20:00+00:00,7.9469,7.9502,7.941,7.943,410.1,122
2026-08-17 00:25:00+00:00,7.9404,7.9463,7.9404,7.9462,127.2,23
2026-08-17 00:30:00+00:00,7.9414,7.97,7.9405,7.9666,4412.2,633
2026-08-17 00:35:00+00:00,7.9685,7.9767,7.9407,7.9763,4694.8,524
2026-08-17 00:40:00+00:00,7.9711,7.9999,7.9607,7.9945,6857.4,338
2026-08-17 00:45:00+00:00,7.999,8.0528,7.9913,8.0446,22937.9,1377
2026-08-17 00:50:00+00:00,8.0446,8.0535,7.98,7.9904,10665.6,916
2026-08-17 00:55:00+00:00,7.9851,8.01,7.985,8.0061,2556.7,514
2026-08-17 01:00:00+00:00,8.0028,8.0273,8.0028,8.018,3581.7,494
2026-08-17 01:05:00+00:00,8.0193,8.0195,8.0029,8.0096,1914.7,595
2026-08-17 01:10:00+00:00,8.0088,8.0195,7.9935,8.0066,4905.4,898
2026-08-17 01:15:00+00:00,8.0055,8.05,7.98,8.0403,9995.8,883
2026-08-17 01:20:00+00:00,8.0459,8.08,8.0401,8.07,12286.5,834
2026-08-17 01:25:00+00:00,8.0698,8.085,8.058,8.0804,10781.4,574
2026-08-17 01:30:00+00:00,8.0835,8.2139,8.08,8.2093,152600.2,2734
2026-08-17 01:35:00+00:00,8.2093,8.2282,8.1513,8.2087,30485.3,1458
2026-08-17 01:40:00+00:00,8.2079,8.2338,8.18,8.1916,42290.6,1395
2026-08-17 01:45:00+00:00,8.1875,8.2981,8.156,8.2848,53772.2,1538
2026-08-17 01:50:00+00:00,8.2848,8.35,8.2411,8.2622,130495.7,2428
2026-08-17 01:55:00+00:00,8.26,8.3772,8.2407,8.2919,130068.8,2378
2026-08-17 02:00:00+00:00,8.2863,8.309,8.2511,8.308,35450.9,1420
2026-08-17 02:05:00+00:00,8.3015,8.3798,8.2855,8.3397,47894.7,1971
2026-08-17 02:10:00+00:00,8.3439,8.4,8.3412,8.3844,38517.9,2633
2026-08-17 02:15:00+00:00,8.3895,8.5,8.3671,8.4651,129452.7,2679
2026-08-17 02:20:00+00:00,8.4648,8.525,8.4436,8.4945,59768.2,1572
2026-08-17 02:25:00+00:00,8.4988,8.5544,8.4344,8.4678,58404.3,1588
2026-08-17 02:30:00+00:00,8.4679,8.5418,8.4622,8.5013,28437.9,1178
2026-08-17 02:35:00+00:00,8.5015,8.6327,8.4594,8.4698,97115.9,1250
2026-08-17 02:40:00+00:00,8.4652,8.5398,8.4543,8.5223,17184.9,761
2026-08-17 02:45:00+00:00,8.5284,8.7061,8.5157,8.6198,138526.3,2150
2026-08-17 02:50:00+00:00,8.612,8.7665,8.5979,8.6682,153528.4,1648
2026-08-17 02:55:00+00:00,8.6692,8.847,8.6404,8.7353,237968.6,2289
2026-08-17 03:00:00+00:00,8.7224,8.7293,8.6711,8.6844,24158.9,1158
2026-08-17 03:05:00+00:00,8.6888,8.729,8.6608,8.7005,13694.3,1243
2026-08-17 03:10:00+00:00,8.7106,8.7127,8.6544,8.6643,38924.0,1111
2026-08-17 03:15:00+00:00,8.6642,8.6954,8.6357,8.6672,16298.9,989
2026-08-17 03:20:00+00:00,8.6756,8.6893,8.6458,8.6698,8282.6,640
2026-08-17 03:25:00+00:00,8.6701,8.7073,8.6603,8.6862,15665.3,840
2026-08-17 03:30:00+00:00,8.6822,8.7,8.6623,8.6903,6523.1,709
2026-08-17 03:35:00+00:00,8.6932,8.708,8.6639,8.6649,7267.3,510
2026-08-17 03:40:00+00:00,8.6649,8.6898,8.6434,8.6721,9166.3,546
2026-08-17 03:45:00+00:00,8.67,8.6811,8.595,8.6624,19845.2,1132
2026-08-17 03:50:00+00:00,8.6624,8.71,8.6453,8.6651,6677.9,485
2026-08-17 03:55:00+00:00,8.6644,8.6894,8.6487,8.666,10776.0,481
2026-08-17 04:00:00+00:00,8.6602,8.6602,8.604,8.6561,13003.8,863
2026-08-17 04:05:00+00:00,8.6506,8.6994,8.6463,8.676,11791.7,1026
2026-08-17 04:10:00+00:00,8.676,8.7,8.6686,8.6927,5655.8,598
2026-08-17 04:15:00+00:00,8.6867,8.695,8.6537,8.6645,3718.7,507
2026-08-17 04:20:00+00:00,8.6642,8.666,8.6522,8.6592,3564.5,461
2026-08-17 04:25:00+00:00,8.6623,8.6659,8.652,8.6527,3571.7,576
2026-08-17 04:30:00+00:00,8.6552,8.6601,8.615,8.6451,14205.3,1442
2026-08-17 04:35:00+00:00,8.646,8.6984,8.646,8.6776,13385.8,1256
2026-08-17 04:40:00+00:00,8.6778,8.6993,8.59,8.603,21751.6,1034
2026-08-17 04:45:00+00:00,8.6033,8.6657,8.5959,8.6465,14379.4,750
2026-08-17 04:50:00+00:00,8.6419,8.6502,8.64,8.6449,2029.3,376
2026-08-17 04:55:00+00:00,8.6445,8.7,8.6445,8.681,9675.8,1061
2026-08-17 05:00:00+00:00,8.6795,8.795,8.6064,8.7897,46618.0,1834
2026-08-17 05:05:00+00:00,8.7812,8.8089,8.7472,8.7979,34003.2,1389
2026-08-17 05:10:00+00:00,8.7978,8.847,8.78,8.8062,27862.7,1310
2026-08-17 05:15:00+00:00,8.8168,8.8291,8.713,8.713,18141.9,825
2026-08-17 05:20:00+00:00,8.7538,8.792,8.711,8.7467,20520.4,840
2026-08-17 05:25:00+00:00,8.7464,8.7644,8.665,8.6874,21904.9,937
2026-08-17 05:30:00+00:00,8.688,8.6988,8.6562,8.6912,15589.9,1058
2026-08-17 05:35:00+00:00,8.6929,8.7149,8.6829,8.7091,18632.9,556
2026-08-17 05:40:00+00:00,8.7141,8.7152,8.6929,8.7071,2877.5,175
2026-08-17 05:45:00+00:00,8.7083,8.7095,8.6624,8.694,8331.9,752
2026-08-17 05:50:00+00:00,8.6902,8.7222,8.64,8.7208,22275.0,918
2026-08-17 05:55:00+00:00,8.7025,8.7475,8.668,8.736,23567.6,1028
2026-08-17 06:00:00+00:00,8.7315,8.7332,8.6663,8.6774,18572.7,1389
2026-08-17 06:05:00+00:00,8.6845,8.748,8.6803,8.7303,11865.9,1035
2026-08-17 06:10:00+00:00,8.7262,8.8531,8.7252,8.7876,58231.5,1143
2026-08-17 06:15:00+00:00,8.7883,8.8286,8.7721,8.7862,27095.1,916
2026-08-17 06:20:00+00:00,8.7859,8.8298,8.73,8.7653,33421.3,995
2026-08-17 06:25:00+00:00,8.7641,8.8,8.746,8.7637,20106.6,924
2026-08-17 06:30:00+00:00,8.764,8.7849,8.7135,8.7201,23227.9,1339
2026-08-17 06:35:00+00:00,8.7268,8.7645,8.7202,8.7569,13215.6,872
2026-08-17 06:40:00+00:00,8.7569,8.8187,8.74,8.7827,20802.1,1346
2026-08-17 06:45:00+00:00,8.7824,8.8267,8.7768,8.8174,18180.4,736
2026-08-17 06:50:00+00:00,8.8195,8.9,8.8176,8.8838,57334.0,1490
2026-08-17 06:55:00+00:00,8.8891,9.0,8.8699,8.9734,157532.2,1562
2026-08-17 07:00:00+00:00,8.9659,8.9734,8.8918,8.9516,41684.2,1439
2026-08-17 07:05:00+00:00,8.9516,8.9621,8.9101,8.934,18051.2,1280
2026-08-17 07:10:00+00:00,8.9338,8.95,8.9186,8.9333,11062.9,1020
2026-08-17 07:15:00+00:00,8.9393,8.95,8.9283,8.9495,13122.8,873
2026-08-17 07:20:00+00:00,8.95,8.9621,8.9336,8.9426,9475.7,976
2026-08-17 07:25:00+00:00,8.9425,8.9658,8.9319,8.964,11663.0,1324
2026-08-17 07:30:00+00:00,8.964,9.0999,8.964,9.0607,87434.8,1911
2026-08-17 07:35:00+00:00,9.0608,9.1383,9.048,9.1036,41097.0,1509
2026-08-17 07:40:00+00:00,9.1099,9.1654,9.0905,9.091,27982.9,1293
2026-08-17 07:45:00+00:00,9.0981,9.1273,9.0762,9.1045,11390.6,782
2026-08-17 07:50:00+00:00,9.1045,9.1545,9.0919,9.0949,16523.7,1146
2026-08-17 07:55:00+00:00,9.0949,9.1039,9.0391,9.0392,28130.2,1128
2026-08-17 08:00:00+00:00,9.0392,9.05,8.9484,8.9979,93019.8,4417
2026-08-17 08:05:00+00:00,8.9978,9.053,8.944,9.0236,20309.4,1382
2026-08-17 08:10:00+00:00,9.0233,9.043,8.967,8.9966,6229.4,786
2026-08-17 08:15:00+00:00,8.9969,9.0083,8.9878,9.0004,2198.4,404
2026-08-17 08:20:00+00:00,8.9985,9.02,8.9802,9.0039,2996.9,515
2026-08-17 08:25:00+00:00,9.0039,9.05,9.0008,9.0067,5211.7,666
2026-08-17 08:30:00+00:00,9.0085,9.0141,8.9602,8.986,7956.4,515
2026-08-17 08:35:00+00:00,8.9723,8.9849,8.954,8.9665,8581.4,1027
2026-08-17 08:40:00+00:00,8.9662,8.992,8.9521,8.9827,15684.9,1286
2026-08-17 08:45:00+00:00,8.9905,9.0094,8.9529,8.9802,6730.3,708
2026-08-17 08:50:00+00:00,8.9802,9.0148,8.955,8.9671,3131.5,405
2026-08-17 08:55:00+00:00,8.9634,9.0003,8.9551,8.9814,7257.0,602
2026-08-17 09:00:00+00:00,8.9834,8.9834,8.955,8.956,2431.4,332
2026-08-17 09:05:00+00:00,8.9562,8.9575,8.9442,8.9481,5073.9,346
2026-08-17 09:10:00+00:00,8.9452,8.9592,8.9421,8.9507,2179.1,326
2026-08-17 09:15:00+00:00,8.9507,8.9536,8.93,8.9308,7194.0,876
2026-08-17 09:20:00+00:00,8.9308,8.9356,8.9266,8.9288,8392.9,416
2026-08-17 09:25:00+00:00,8.9266,8.987,8.92,8.9598,14216.6,853
2026-08-17 09:30:00+00:00,8.9577,8.9637,8.9201,8.9285,10648.2,872
2026-08-17 09:35:00+00:00,8.933,8.9425,8.9292,8.9425,321.7,49
2026-08-17 09:40:00+00:00,8.9426,8.9712,8.9426,8.9549,3159.1,222
2026-08-17 09:45:00+00:00,8.9506,8.9571,8.9265,8.9311,3423.3,315
2026-08-17 09:50:00+00:00,8.9275,8.9444,8.925,8.9269,3545.2,385
2026-08-17 09:55:00+00:00,8.9305,9.0786,8.9269,9.031,34774.0,1343
2026-08-17 10:00:00+00:00,9.0255,9.0291,8.9752,8.9878,8631.5,1068
2026-08-17 10:05:00+00:00,8.9884,9.01,8.9735,8.9822,6717.2,844
2026-08-17 10:10:00+00:00,8.9825,8.9857,8.97,8.9857,2306.2,345
2026-08-17 10:15:00+00:00,8.9846,8.9971,8.9784,8.9971,3580.4,395
2026-08-17 10:20:00+00:00,8.9935,9.0035,8.9897,8.9913,4387.3,512
2026-08-17 10:25:00+00:00,8.9949,8.9949,8.978,8.9858,2203.8,203
2026-08-17 10:30:00+00:00,8.9884,8.9947,8.9871,8.9933,695.5,160
2026-08-17 10:35:00+00:00,8.99,8.9919,8.9864,8.9889,3427.3,141
2026-08-17 10:40:00+00:00,8.9888,8.9948,8.9882,8.9948,538.8,67
2026-08-17 10:45:00+00:00,8.9929,8.9957,8.99,8.991,962.7,128
2026-08-17 10:50:00+00:00,8.994,8.994,8.96,8.9652,5372.2,566
2026-08-17 10:55:00+00:00,8.966,8.9703,8.9601,8.9633,3162.8,428
2026-08-17 11:00:00+00:00,8.9667,8.9703,8.95,8.9556,3574.5,361
2026-08-17 11:05:00+00:00,8.9529,8.9695,8.95,8.9631,5370.4,622
2026-08-17 11:10:00+00:00,8.9633,8.98,8.9412,8.9587,11328.5,596
2026-08-17 11:15:00+00:00,8.9564,8.9588,8.903,8.91,31270.6,533
2026-08-17 11:20:00+00:00,8.9033,8.9145,8.8773,8.9076,9232.9,644
2026-08-17 11:25:00+00:00,8.9049,8.92,8.875,8.8903,15763.6,1050
2026-08-17 11:30:00+00:00,8.8866,8.8895,8.8456,8.8748,25176.8,1206
2026-08-17 11:35:00+00:00,8.874,8.874,8.8161,8.8241,25869.4,1195
2026-08-17 11:40:00+00:00,8.826,8.832,8.7737,8.7839,44539.6,1422
2026-08-17 11:45:00+00:00,8.7804,8.7807,8.751,8.7674,58405.2,832
2026-08-17 11:50:00+00:00,8.7724,8.9071,8.755,8.888,59241.4,950
2026-08-17 11:55:00+00:00,8.8879,8.9076,8.8001,8.8317,23149.4,850
2026-08-17 12:00:00+00:00,8.8296,8.8344,8.786,8.7891,11016.0,882
2026-08-17 12:05:00+00:00,8.7881,8.8084,8.785,8.7954,11679.0,738
2026-08-17 12:10:00+00:00,8.7987,8.8085,8.7905,8.8008,10401.5,527
2026-08-17 12:15:00+00:00,8.8037,8.8057,8.7902,8.8001,8447.3,485
2026-08-17 12:20:00+00:00,8.7967,8.7978,8.7902,8.7937,6885.5,334
2026-08-17 12:25:00+00:00,8.791,8.7938,8.75,8.7665,35190.8,683
2026-08-17 12:30:00+00:00,8.7676,8.8002,8.7498,8.7539,17578.7,812
2026-08-17 12:35:00+00:00,8.7542,8.7669,8.7421,8.7592,12167.3,663
2026-08-17 12:40:00+00:00,8.7581,8.7675,8.7301,8.7384,14728.0,430
2026-08-17 12:45:00+00:00,8.7366,8.7481,8.704,8.74,20311.6,1106
2026-08-17 12:50:00+00:00,8.7431,8.7489,8.7349,8.7397,7378.4,511
2026-08-17 12:55:00+00:00,8.7396,8.7603,8.7373,8.7511,4230.4,296
2026-08-17 13:00:00+00:00,8.7493,8.808,8.7477,8.8028,9445.5,633
2026-08-17 13:05:00+00:00,8.8015,8.8272,8.7797,8.8184,6906.6,713
2026-08-17 13:10:00+00:00,8.8162,8.82,8.7742,8.8114,16898.6,1153
2026-08-17 13:15:00+00:00,8.8119,8.82,8.7731,8.7787,8939.3,864
2026-08-17 13:20:00+00:00,8.7787,8.8016,8.772,8.7988,7861.9,770
2026-08-17 13:25:00+00:00,8.8026,8.807,8.7799,8.7893,5271.4,443
2026-08-17 13:30:00+00:00,8.785,8.838,8.784,8.8117,11561.2,936
2026-08-17 13:35:00+00:00,8.8117,8.84,8.8095,8.8329,9516.4,745
2026-08-17 13:40:00+00:00,8.8327,8.8492,8.8,8.8234,17470.5,950
2026-08-17 13:45:00+00:00,8.8239,8.839,8.7816,8.7899,19005.3,1137
2026-08-17 13:50:00+00:00,8.7926,8.8444,8.78,8.8246,23600.3,917
2026-08-17 13:55:00+00:00,8.8296,8.8499,8.8218,8.8404,100694.3,1155
2026-08-17 14:00:00+00:00,8.8396,8.8897,8.8321,8.8804,53064.6,607
2026-08-17 14:05:00+00:00,8.8777,8.8957,8.8443,8.8489,15306.4,293
2026-08-17 14:10:00+00:00,8.8446,8.859,8.8445,8.8506,1669.3,232
2026-08-17 14:15:00+00:00,8.848,8.8557,8.8286,8.8538,7058.1,313
2026-08-17 14:20:00+00:00,8.8535,8.888,8.8501,8.8821,9364.9,626
2026-08-17 14:25:00+00:00,8.8803,8.9117,8.8626,8.8763,17752.4,464
2026-08-17 14:30:00+00:00,8.8763,8.9078,8.8702,8.8955,6035.2,557
2026-08-17 14:35:00+00:00,8.8958,8.92,8.8886,8.916,6850.0,550
2026-08-17 14:40:00+00:00,8.9132,8.9192,8.8949,8.9037,11445.1,630
2026-08-17 14:45:00+00:00,8.9007,8.9349,8.8849,8.9278,22822.3,805
2026-08-17 14:50:00+00:00,8.926,8.99,8.9162,8.975,56684.0,1124
2026-08-17 14:55:00+00:00,8.9697,9.0209,8.962,9.0151,33825.7,410
2026-08-17 15:00:00+00:00,9.0046,9.03,8.9544,8.9974,14491.4,455
2026-08-17 15:05:00+00:00,8.9977,9.028,8.9909,9.0055,5859.6,363
2026-08-17 15:10:00+00:00,9.0018,9.0019,8.9607,8.9647,6786.1,421
2026-08-17 15:15:00+00:00,8.9723,9.0206,8.96,8.9843,9444.7,562
2026-08-17 15:20:00+00:00,8.9871,9.03,8.987,9.0205,7241.1,327
2026-08-17 15:25:00+00:00,9.0222,9.0235,8.999,9.0014,2295.8,255
2026-08-17 15:30:00+00:00,9.0029,9.0029,8.9265,8.9383,10182.0,453
2026-08-17 15:35:00+00:00,8.9425,8.9573,8.9366,8.9496,3613.9,303
2026-08-17 15:40:00+00:00,8.9471,8.9526,8.9306,8.9317,1027.4,301
2026-08-17 15:45:00+00:00,8.9314,8.9544,8.9265,8.9315,3190.8,352
2026-08-17 15:50:00+00:00,8.93,9.0043,8.9266,8.9692,7048.3,476
2026-08-17 15:55:00+00:00,8.9698,9.03,8.9265,8.9833,20790.0,703
2026-08-17 16:00:00+00:00,8.9843,9.003,8.9807,8.9875,3401.5,485
2026-08-17 16:05:00+00:00,8.9864,8.9937,8.93,8.9611,6253.1,539
2026-08-17 16:10:00+00:00,8.9665,8.9803,8.9536,8.9582,1290.2,214
2026-08-17 16:15:00+00:00,8.9645,8.9653,8.9603,8.9603,265.2,36
2026-08-17 16:20:00+00:00,8.9643,8.9735,8.9609,8.9735,2360.5,324
2026-08-17 16:25:00+00:00,8.9705,8.9838,8.9588,8.9616,4078.3,443
2026-08-17 16:30:00+00:00,8.9615,8.9645,8.9265,8.9542,5757.6,491
2026-08-17 16:35:00+00:00,8.9575,8.9635,8.951,8.9593,1889.6,405
2026-08-17 16:40:00+00:00,8.9587,8.9642,8.9548,8.9554,434.2,47
2026-08-17 16:45:00+00:00,8.9612,8.9629,8.9493,8.9541,3333.4,197
2026-08-17 16:50:00+00:00,8.9583,8.9625,8.9511,8.9593,1884.7,130
2026-08-17 16:55:00+00:00,8.9584,8.9592,8.9501,8.9504,755.7,212
2026-08-17 17:00:00+00:00,8.9514,8.9553,8.9431,8.9431,1694.0,209
2026-08-17 17:05:00+00:00,8.9446,8.9572,8.9182,8.9529,9168.4,948
2026-08-17 17:10:00+00:00,8.9529,8.9694,8.9489,8.9527,2830.9,363
2026-08-17 17:15:00+00:00,8.9495,8.953,8.9405,8.9405,1425.4,301
2026-08-17 17:20:00+00:00,8.946,8.9498,8.9381,8.941,2150.8,484
2026-08-17 17:25:00+00:00,8.9412,8.9509,8.9286,8.9329,4702.0,606
2026-08-17 17:30:00+00:00,8.9326,8.9345,8.925,8.9251,455.5,80
2026-08-17 17:35:00+00:00,8.9253,8.9338,8.9182,8.9323,4375.9,542
2026-08-17 17:40:00+00:00,8.931,8.9364,8.9246,8.9361,4738.3,187
2026-08-17 17:45:00+00:00,8.9361,8.9407,8.9279,8.9317,814.6,169
2026-08-17 17:50:00+00:00,8.9335,8.9423,8.9335,8.9417,758.6,154
2026-08-17 17:55:00+00:00,8.943,8.9479,8.9324,8.9407,1145.1,169
2026-08-17 18:00:00+00:00,8.941,8.9427,8.9041,8.9143,4518.4,396
2026-08-17 18:05:00+00:00,8.9154,8.9192,8.8398,8.8463,18659.0,664
2026-08-17 18:10:00+00:00,8.8465,8.87,8.843,8.8696,6928.2,465
2026-08-17 18:15:00+00:00,8.8691,8.8836,8.8621,8.8685,10007.4,509
2026-08-17 18:20:00+00:00,8.8688,8.8692,8.8352,8.8435,3582.8,581
2026-08-17 18:25:00+00:00,8.8449,8.8566,8.8373,8.8422,4226.9,289
2026-08-17 18:30:00+00:00,8.845,8.8478,8.8359,8.8432,1276.1,145
2026-08-17 18:35:00+00:00,8.8432,8.8432,8.8231,8.8408,6142.5,375
2026-08-17 18:40:00+00:00,8.8394,8.8412,8.8351,8.8385,1782.9,314
2026-08-17 18:45:00+00:00,8.8331,8.8751,8.8302,8.8654,13197.4,668
2026-08-17 18:50:00+00:00,8.8624,8.8854,8.8624,8.8743,2496.0,260
2026-08-17 18:55:00+00:00,8.8808,8.8955,8.8763,8.8955,7572.3,280
2026-08-17 19:00:00+00:00,8.8904,8.902,8.8856,8.8891,3296.8,295
2026-08-17 19:05:00+00:00,8.8874,8.8881,8.8676,8.8715,3163.4,187
2026-08-17 19:10:00+00:00,8.8721,8.8834,8.8532,8.8606,7771.8,685
2026-08-17 19:15:00+00:00,8.8664,8.8909,8.8582,8.8828,8367.7,797
2026-08-17 19:20:00+00:00,8.8808,8.9009,8.8612,8.8815,5481.1,474
2026-08-17 19:25:00+00:00,8.8787,8.9323,8.8779,8.9112,3631.1,267
2026-08-17 19:30:00+00:00,8.9134,8.9398,8.869,8.8981,2937.6,179
2026-08-17 19:35:00+00:00,8.9025,8.9093,8.8819,8.893,2071.1,383
2026-08-17 19:40:00+00:00,8.8882,8.9029,8.8741,8.8883,3660.6,245
2026-08-17 19:45:00+00:00,8.8809,8.8989,8.8799,8.8989,417.3,147
2026-08-17 19:50:00+00:00,8.8965,8.8965,8.865,8.8686,1422.6,345
2026-08-17 19:55:00+00:00,8.864,8.9008,8.8609,8.8936,2306.6,332
2026-08-17 20:00:00+00:00,8.8926,8.8987,8.8926,8.8987,4.2,3
2026-08-17 20:05:00+00:00,8.8918,8.8932,8.88,8.888,1380.1,99
2026-08-17 20:10:00+00:00,8.888,8.8926,8.887,8.887,448.1,13
2026-08-17 20:15:00+00:00,8.8888,8.892,8.8842,8.892,57.3,13
2026-08-17 20:20:00+00:00,8.8913,8.8967,8.8913,8.8948,127.4,26
2026-08-17 20:25:00+00:00,8.8957,8.91,8.8957,8.8989,1054.2,76
2026-08-17 20:30:00+00:00,8.8992,8.8992,8.8831,8.8926,2027.3,269
2026-08-17 20:35:00+00:00,8.8917,8.8995,8.8917,8.8995,168.5,13
2026-08-17 20:40:00+00:00,8.8957,8.8975,8.8795,8.8942,3469.9,455
2026-08-17 20:45:00+00:00,8.8943,8.9098,8.8893,8.9075,3803.3,369
2026-08-17 20:50:00+00:00,8.9095,8.9225,8.8972,8.8972,2018.6,332
2026-08-17 20:55:00+00:00,8.8992,8.9694,8.8987,8.923,9193.1,295
2026-08-17 21:00:00+00:00,8.9238,8.9356,8.9113,8.9261,3089.2,316
2026-08-17 21:05:00+00:00,8.9215,8.9268,8.9197,8.9268,238.4,87
2026-08-17 21:10:00+00:00,8.924,8.9589,8.924,8.9589,1662.8,348
2026-08-17 21:15:00+00:00,8.9589,8.97,8.9559,8.9606,2383.7,260
2026-08-17 21:20:00+00:00,8.96,8.9614,8.9319,8.938,2779.4,277
2026-08-17 21:25:00+00:00,8.9341,8.9646,8.93,8.937,2808.3,309
2026-08-17 21:30:00+00:00,8.933,8.97,8.9154,8.9632,1760.5,146
2026-08-17 21:35:00+00:00,8.9645,8.9645,8.9574,8.9574,82.9,8
2026-08-17 21:40:00+00:00,8.9571,8.9606,8.9522,8.9573,1200.8,186
2026-08-17 21:45:00+00:00,8.957,8.9666,8.9547,8.9666,660.2,21
2026-08-17 21:50:00+00:00,8.9621,8.9659,8.9621,8.9659,23.2,4
2026-08-17 21:55:00+00:00,8.966,8.9699,8.9653,8.9699,110.2,9
2026-08-17 22:00:00+00:00,8.97,8.9738,8.9539,8.9655,4428.1,147
2026-08-17 22:05:00+00:00,8.9649,8.9678,8.958,8.9663,152.5,33
2026-08-17 22:10:00+00:00,8.966,8.9673,8.9575,8.9619,220.2,45
2026-08-17 22:15:00+00:00,8.9558,8.9608,8.9521,8.9608,233.6,42
2026-08-17 22:20:00+00:00,8.9608,8.967,8.9271,8.9294,2378.8,182
2026-08-17 22:25:00+00:00,8.9353,8.9595,8.935,8.9545,602.0,50
2026-08-17 22:30:00+00:00,8.9502,8.9639,8.9435,8.9589,1016.6,61
2026-08-17 22:35:00+00:00,8.9579,8.961,8.9466,8.9478,416.0,32
2026-08-17 22:40:00+00:00,8.947,8.9521,8.93,8.9348,4585.0,337
2026-08-17 22:45:00+00:00,8.9343,8.9436,8.925,8.9278,3000.1,317
2026-08-17 22:50:00+00:00,8.9275,8.9575,8.925,8.954,3489.5,396
2026-08-17 22:55:00+00:00,8.9505,8.9592,8.942,8.9424,1701.6,252
2026-08-17 23:00:00+00:00,8.9421,8.9513,8.9003,8.9048,7283.6,417
2026-08-17 23:05:00+00:00,8.9048,8.9125,8.8932,8.9111,3270.0,326
2026-08-17 23:10:00+00:00,8.911,8.9212,8.9061,8.9212,1176.5,78
2026-08-17 23:15:00+00:00,8.9198,8.9332,8.907,8.9301,4494.6,218
2026-08-17 23:20:00+00:00,8.9313,8.9508,8.9265,8.9362,2121.6,320
2026-08-17 23:25:00+00:00,8.9342,8.9515,8.9342,8.9478,1375.2,125
2026-08-17 23:30:00+00:00,8.947,8.9561,8.8895,8.8895,10104.4,591
2026-08-17 23:35:00+00:00,8.895,8.901,8.82,8.8442,22915.8,1293
2026-08-17 23:40:00+00:00,8.8439,8.9192,8.8439,8.9192,11184.3,557
2026-08-17 23:45:00+00:00,8.9132,8.9436,8.9132,8.9432,2056.0,105
2026-08-17 23:50:00+00:00,8.9436,8.9707,8.928,8.9707,9059.8,604
2026-08-17 23:55:00+00:00,8.9739,8.9774,8.9399,8.9535,4293.1,150
2026-08-18 00:00:00+00:00,8.9493,8.9541,8.9357,8.9446,2856.5,184
2026-08-18 00:05:00+00:00,8.9421,8.9657,8.9421,8.951,2592.3,247
2026-08-18 00:10:00+00:00,8.9398,8.9444,8.9179,8.936,4898.4,606
2026-08-18 00:15:00+00:00,8.9426,8.9859,8.9426,8.983,1027.5,92
2026-08-18 00:20:00+00:00,8.9857,9.04,8.9735,9.0337,23266.8,717
2026-08-18 00:25:00+00:00,9.0364,9.055,9.0315,9.0524,15757.4,517
2026-08-18 00:30:00+00:00,9.055,9.055,8.8536,8.9666,27671.2,1157
2026-08-18 00:35:00+00:00,8.9718,8.9803,8.8851,8.9425,16034.1,477
2026-08-18 00:40:00+00:00,8.94,8.9928,8.94,8.9917,2930.8,258
2026-08-18 00:45:00+00:00,8.9916,8.9998,8.9192,8.963,10280.6,775
2026-08-18 00:50:00+00:00,8.9609,9.05,8.9465,9.0228,15393.1,579
2026-08-18 00:55:00+00:00,9.0214,9.05,9.0,9.0296,7742.6,497
2026-08-18 01:00:00+00:00,9.0222,9.0342,8.9662,8.9717,10302.0,507
2026-08-18 01:05:00+00:00,8.9697,8.9903,8.915,8.9824,10157.5,299
2026-08-18 01:10:00+00:00,8.9849,8.9897,8.9772,8.9811,2317.3,163
2026-08-18 01:15:00+00:00,8.9772,8.9991,8.9739,8.9783,10552.9,510
2026-08-18 01:20:00+00:00,8.9786,8.9786,8.89,8.8966,12432.0,637
2026-08-18 01:25:00+00:00,8.8914,8.9186,8.7641,8.8972,45653.6,1238
2026-08-18 01:30:00+00:00,8.8962,8.92,8.7249,8.8201,58456.9,1916
2026-08-18 01:35:00+00:00,8.82,8.86,8.7636,8.7662,37206.6,1594
2026-08-18 01:40:00+00:00,8.7673,8.8542,8.75,8.7981,31513.1,1539
2026-08-18 01:45:00+00:00,8.7939,8.87,8.7257,8.7586,43584.3,1042
2026-08-18 01:50:00+00:00,8.7638,8.7874,8.723,8.7441,19214.7,1014
2026-08-18 01:55:00+00:00,8.7509,8.7705,8.666,8.746,30229.1,523
2026-08-18 02:00:00+00:00,8.7423,8.84,8.7249,8.816,30029.5,836
2026-08-18 02:05:00+00:00,8.8161,8.8268,8.7754,8.8118,12193.6,629
2026-08-18 02:10:00+00:00,8.8118,8.8198,8.7788,8.7788,20750.1,593
2026-08-18 02:15:00+00:00,8.7798,8.8379,8.7201,8.806,38806.8,932
2026-08-18 02:20:00+00:00,8.81,8.81,8.7098,8.7191,43424.2,1211
2026-08-18 02:25:00+00:00,8.7199,8.7698,8.7134,8.7579,34191.3,662
2026-08-18 02:30:00+00:00,8.7599,8.7663,8.721,8.7571,32800.8,706
2026-08-18 02:35:00+00:00,8.7568,8.8101,8.7508,8.788,57821.2,1336
2026-08-18 02:40:00+00:00,8.7807,8.8315,8.7633,8.7833,118801.3,1956
2026-08-18 02:45:00+00:00,8.7836,8.8588,8.748,8.8201,96313.3,1876
2026-08-18 02:50:00+00:00,8.8221,8.8496,8.66,8.6982,161878.9,1917
2026-08-18 02:55:00+00:00,8.6982,8.6983,8.6304,8.6551,59561.8,1146
2026-08-18 03:00:00+00:00,8.655,8.74,8.6458,8.7074,57231.1,1302
2026-08-18 03:05:00+00:00,8.7116,8.7167,8.65,8.65,68028.6,1665
2026-08-18 03:10:00+00:00,8.65,8.6989,8.6315,8.6783,34062.7,873
2026-08-18 03:15:00+00:00,8.6791,8.8079,8.6743,8.779,77538.1,1470
2026-08-18 03:20:00+00:00,8.7772,8.7987,8.7382,8.7899,101421.2,1419
2026-08-18 03:25:00+00:00,8.7781,8.8014,8.7523,8.785,79570.1,941
2026-08-18 03:30:00+00:00,8.7813,8.82,8.7752,8.7808,33797.5,522
2026-08-18 03:35:00+00:00,8.782,8.8179,8.782,8.7922,19056.6,706
2026-08-18 03:40:00+00:00,8.7921,8.8147,8.7863,8.8121,9202.0,622
2026-08-18 03:45:00+00:00,8.8149,8.8345,8.8082,8.8085,13257.6,386
2026-08-18 03:50:00+00:00,8.8072,8.8114,8.7972,8.8092,2207.9,220
2026-08-18 03:55:00+00:00,8.8193,8.8193,8.7827,8.7911,5881.0,153
2026-08-18 04:00:00+00:00,8.7939,8.7946,8.572,8.591,204144.1,2167
2026-08-18 04:05:00+00:00,8.591,8.6079,8.3647,8.4119,232936.2,2794
2026-08-18 04:10:00+00:00,8.4084,8.664,8.198,8.5527,313212.0,3285
2026-08-18 04:15:00+00:00,8.5657,8.6,8.5301,8.5487,9368.1,438
2026-08-18 04:20:00+00:00,8.5526,8.6067,8.5201,8.6024,19453.7,640
2026-08-18 04:25:00+00:00,8.5997,8.6063,8.5588,8.5925,13008.6,530
2026-08-18 04:30:00+00:00,8.5896,8.684,8.5862,8.6307,23469.4,657
2026-08-18 04:35:00+00:00,8.6309,8.6434,8.5741,8.6298,13739.1,860
2026-08-18 04:40:00+00:00,8.6366,8.6407,8.6212,8.6248,6127.2,610
2026-08-18 04:45:00+00:00,8.6313,8.6355,8.6263,8.6335,1524.3,182
2026-08-18 04:50:00+00:00,8.6333,8.659,8.6273,8.659,2977.5,293
2026-08-18 04:55:00+00:00,8.6541,8.6702,8.6343,8.6473,4849.9,317
2026-08-18 05:00:00+00:00,8.6495,8.68,8.6294,8.6427,42562.0,2251
2026-08-18 05:05:00+00:00,8.6411,8.6412,8.5891,8.5976,32843.2,1474
2026-08-18 05:10:00+00:00,8.5953,8.6015,8.504,8.5142,28849.5,1266
2026-08-18 05:15:00+00:00,8.5115,8.5996,8.5001,8.5849,41797.9,1183
2026-08-18 05:20:00+00:00,8.585,8.6018,8.568,8.5726,18080.2,1333
2026-08-18 05:25:00+00:00,8.5679,8.5679,8.5173,8.5356,19397.2,1467
2026-08-18 05:30:00+00:00,8.5367,8.5525,8.5081,8.5384,16271.4,956
2026-08-18 05:35:00+00:00,8.5372,8.56,8.5151,8.5475,11666.4,589
2026-08-18 05:40:00+00:00,8.5519,8.5661,8.5433,8.5659,7529.9,714
2026-08-18 05:45:00+00:00,8.567,8.6,8.5551,8.5943,16637.8,1225
2026-08-18 05:50:00+00:00,8.5944,8.6325,8.588,8.605,23332.9,1299
2026-08-18 05:55:00+00:00,8.6046,8.605,8.572,8.5862,27089.1,934
2026-08-18 06:00:00+00:00,8.5824,8.6,8.572,8.5859,20792.9,1368
2026-08-18 06:05:00+00:00,8.5859,8.5901,8.5209,8.5509,26126.8,1802
2026-08-18 06:10:00+00:00,8.5456,8.5474,8.475,8.5213,43611.8,1661
2026-08-18 06:15:00+00:00,8.5163,8.5502,8.5006,8.5304,18105.4,1517
2026-08-18 06:20:00+00:00,8.5301,8.579,8.5243,8.5761,40248.2,1781
2026-08-18 06:25:00+00:00,8.5774,8.6027,8.5738,8.5962,46882.1,1269
2026-08-18 06:30:00+00:00,8.5962,8.66,8.5951,8.611,59094.8,1603
2026-08-18 06:35:00+00:00,8.6107,8.6546,8.5758,8.5973,27118.2,1592
2026-08-18 06:40:00+00:00,8.5988,8.6177,8.5568,8.5933,18179.2,1551
2026-08-18 06:45:00+00:00,8.5973,8.6159,8.558,8.5901,37377.4,1920
2026-08-18 06:50:00+00:00,8.5882,8.6195,8.5828,8.6028,25905.3,1344
2026-08-18 06:55:00+00:00,8.6067,8.7259,8.599,8.6827,109062.3,2161
2026-08-18 07:00:00+00:00,8.683,8.6846,8.6149,8.6276,24399.5,1247
2026-08-18 07:05:00+00:00,8.6255,8.6614,8.6109,8.6447,8865.1,967
2026-08-18 07:10:00+00:00,8.6482,8.6582,8.6373,8.6561,13468.9,1357
2026-08-18 07:15:00+00:00,8.6525,8.6562,8.6249,8.6347,24632.4,1453
2026-08-18 07:20:00+00:00,8.6367,8.6499,8.6307,8.6399,17370.0,884
2026-08-18 07:25:00+00:00,8.6402,8.6586,8.6287,8.6468,21536.4,1337
2026-08-18 07:30:00+00:00,8.6485,8.653,8.611,8.6457,11961.3,896
2026-08-18 07:35:00+00:00,8.6472,8.6628,8.6439,8.6556,14582.1,919
2026-08-18 07:40:00+00:00,8.6554,8.6634,8.6302,8.6408,16533.9,1067
2026-08-18 07:45:00+00:00,8.6365,8.6547,8.6362,8.6442,3595.8,415
2026-08-18 07:50:00+00:00,8.6457,8.6772,8.6388,8.6749,12413.4,1037
2026-08-18 07:55:00+00:00,8.6762,8.694,8.6709,8.6724,28469.4,1662
2026-08-18 08:00:00+00:00,8.6649,8.6698,8.5824,8.6115,40953.6,1100
2026-08-18 08:05:00+00:00,8.6092,8.6157,8.5462,8.5559,14433.6,560
2026-08-18 08:10:00+00:00,8.5509,8.5703,8.5285,8.5672,15783.5,494
2026-08-18 08:15:00+00:00,8.5686,8.5832,8.5668,8.5816,2140.5,120
2026-08-18 08:20:00+00:00,8.5836,8.5866,8.5351,8.5352,10203.2,526
2026-08-18 08:25:00+00:00,8.5341,8.5596,8.51,8.5221,22481.8,678
2026-08-18 08:30:00+00:00,8.5216,8.5791,8.51,8.5536,16455.9,520
2026-08-18 08:35:00+00:00,8.5502,8.5653,8.5502,8.5653,808.3,57
2026-08-18 08:40:00+00:00,8.5604,8.5727,8.5498,8.5628,2028.4,228
2026-08-18 08:45:00+00:00,8.5621,8.5629,8.5559,8.56,626.8,87
2026-08-18 08:50:00+00:00,8.5603,8.571,8.5354,8.5696,6706.1,320
2026-08-18 08:55:00+00:00,8.5702,8.5735,8.5548,8.5697,4220.6,451
2026-08-18 09:00:00+00:00,8.5696,8.5831,8.5417,8.5536,9132.8,587
2026-08-18 09:05:00+00:00,8.5535,8.5692,8.5298,8.5303,7369.2,530
2026-08-18 09:10:00+00:00,8.529,8.5373,8.5274,8.5298,1080.1,187
2026-08-18 09:15:00+00:00,8.5313,8.5445,8.5305,8.538,640.8,151
2026-08-18 09:20:00+00:00,8.5421,8.5473,8.5118,8.5414,6020.3,430
2026-08-18 09:25:00+00:00,8.5401,8.5404,8.5312,8.5357,806.9,196
2026-08-18 09:30:00+00:00,8.5353,8.5353,8.5171,8.5256,1287.2,166
2026-08-18 09:35:00+00:00,8.521,8.5329,8.52,8.5329,750.8,138
2026-08-18 09:40:00+00:00,8.5332,8.5332,8.5134,8.5156,2699.4,163
2026-08-18 09:45:00+00:00,8.5168,8.5411,8.5139,8.5374,1362.6,141
2026-08-18 09:50:00+00:00,8.5374,8.5374,8.5185,8.5188,2071.9,160
2026-08-18 09:55:00+00:00,8.5183,8.5556,8.51,8.514,8235.9,687
2026-08-18 10:00:00+00:00,8.5111,8.5275,8.51,8.5238,4972.7,301
2026-08-18 10:05:00+00:00,8.5272,8.5413,8.527,8.5406,887.4,108
2026-08-18 10:10:00+00:00,8.5414,8.547,8.5306,8.5311,2589.8,213
2026-08-18 10:15:00+00:00,8.5339,8.5401,8.527,8.5378,1072.7,266
2026-08-18 10:20:00+00:00,8.5363,8.5406,8.5286,8.531,2705.9,282
2026-08-18 10:25:00+00:00,8.527,8.527,8.5124,8.5196,4263.8,262
2026-08-18 10:30:00+00:00,8.5195,8.551,8.516,8.5439,1137.9,203
2026-08-18 10:35:00+00:00,8.5414,8.5414,8.5321,8.5352,508.8,155
2026-08-18 10:40:00+00:00,8.5326,8.5326,8.5241,8.53,1257.0,106
2026-08-18 10:45:00+00:00,8.5315,8.5384,8.5263,8.5384,720.8,159
2026-08-18 10:50:00+00:00,8.5373,8.5374,8.5324,8.5332,124.6,19
2026-08-18 10:55:00+00:00,8.527,8.527,8.5191,8.5242,2449.8,372
2026-08-18 11:00:00+00:00,8.5267,8.547,8.5224,8.547,1738.3,301
2026-08-18 11:05:00+00:00,8.5465,8.5471,8.537,8.5424,1382.8,399
2026-08-18 11:10:00+00:00,8.5422,8.5478,8.5325,8.5452,7392.1,680
2026-08-18 11:15:00+00:00,8.5484,8.5486,8.521,8.5369,3640.5,498
2026-08-18 11:20:00+00:00,8.54,8.54,8.532,8.5332,216.4,34
2026-08-18 11:25:00+00:00,8.534,8.5391,8.5337,8.5379,102.1,74
2026-08-18 11:30:00+00:00,8.5355,8.536,8.528,8.5288,1150.1,74
2026-08-18 11:35:00+00:00,8.5259,8.5297,8.5211,8.5248,529.8,250
2026-08-18 11:40:00+00:00,8.5226,8.5267,8.519,8.5209,3989.3,336
2026-08-18 11:45:00+00:00,8.5209,8.5414,8.5191,8.5414,2349.7,236
2026-08-18 11:50:00+00:00,8.5414,8.5476,8.5381,8.5442,1642.3,241
2026-08-18 11:55:00+00:00,8.5437,8.5472,8.5206,8.546,6226.6,921
2026-08-18 12:00:00+00:00,8.5439,8.5527,8.5395,8.5521,1158.1,404
2026-08-18 12:05:00+00:00,8.552,8.5681,8.539,8.5413,6804.0,699
2026-08-18 12:10:00+00:00,8.5431,8.5449,8.5212,8.5297,2331.7,563
2026-08-18 12:15:00+00:00,8.5316,8.5328,8.5218,8.5259,2396.6,401
2026-08-18 12:20:00+00:00,8.5254,8.5303,8.5214,8.5223,1692.1,473
2026-08-18 12:25:00+00:00,8.5263,8.5285,8.52,8.5212,2612.3,335
2026-08-18 12:30:00+00:00,8.5213,8.5233,8.519,8.5203,1589.8,267
2026-08-18 12:35:00+00:00,8.519,8.5228,8.519,8.519,877.9,107
2026-08-18 12:40:00+00:00,8.5195,8.5231,8.519,8.5212,932.3,83
2026-08-18 12:45:00+00:00,8.519,8.5256,8.519,8.5209,506.8,45
2026-08-18 12:50:00+00:00,8.5228,8.5293,8.519,8.5291,906.8,59
2026-08-18 12:55:00+00:00,8.5279,8.5293,8.519,8.5198,2525.6,287
2026-08-18 13:00:00+00:00,8.5198,8.526,8.519,8.521,913.7,192
2026-08-18 13:05:00+00:00,8.5236,8.5244,8.519,8.5213,815.3,252
2026-08-18 13:10:00+00:00,8.5218,8.5264,8.519,8.5246,1596.5,116
2026-08-18 13:15:00+00:00,8.5282,8.5333,8.5246,8.5246,1110.9,240
2026-08-18 13:20:00+00:00,8.5256,8.5309,8.519,8.5287,2372.8,145
2026-08-18 13:25:00+00:00,8.527,8.5272,8.519,8.5234,934.4,110
2026-08-18 13:30:00+00:00,8.5232,8.5526,8.519,8.5345,3191.4,408
2026-08-18 13:35:00+00:00,8.5358,8.5484,8.527,8.5328,2696.5,295
2026-08-18 13:40:00+00:00,8.532,8.5375,8.532,8.5359,5140.1,243
2026-08-18 13:45:00+00:00,8.5349,8.5367,8.527,8.527,10407.7,132
2026-08-18 13:50:00+00:00,8.527,8.5323,8.514,8.5166,7888.3,306
2026-08-18 13:55:00+00:00,8.5124,8.5136,8.492,8.4928,8157.3,479
2026-08-18 14:00:00+00:00,8.492,8.492,8.43,8.4829,25303.0,808
2026-08-18 14:05:00+00:00,8.4839,8.4839,8.4632,8.4761,3081.3,319
2026-08-18 14:10:00+00:00,8.4766,8.4766,8.4305,8.4349,7975.0,718
2026-08-18 14:15:00+00:00,8.4318,8.4881,8.4309,8.4784,7681.6,685
2026-08-18 14:20:00+00:00,8.4781,8.4786,8.4311,8.4618,11179.4,820
2026-08-18 14:25:00+00:00,8.461,8.4806,8.4594,8.4733,2962.6,261
2026-08-18 14:30:00+00:00,8.4751,8.5046,8.4738,8.4813,7504.4,416
2026-08-18 14:35:00+00:00,8.4815,8.4815,8.47,8.4757,5339.6,301
2026-08-18 14:40:00+00:00,8.4764,8.4764,8.4269,8.429,6021.3,475
2026-08-18 14:45:00+00:00,8.4266,8.4364,8.4159,8.4211,9964.2,806
2026-08-18 14:50:00+00:00,8.4218,8.45,8.41,8.41,10760.9,744
2026-08-18 14:55:00+00:00,8.41,8.421,8.398,8.4125,13153.1,704
2026-08-18 15:00:00+00:00,8.4123,8.42,8.3963,8.4028,6547.6,478
2026-08-18 15:05:00+00:00,8.3992,8.4399,8.3956,8.3988,18470.6,937
2026-08-18 15:10:00+00:00,8.395,8.4299,8.39,8.4294,14775.5,835
2026-08-18 15:15:00+00:00,8.4292,8.43,8.4,8.4,7321.2,381
2026-08-18 15:20:00+00:00,8.4014,8.4267,8.39,8.4259,8341.7,766
2026-08-18 15:25:00+00:00,8.428,8.4293,8.39,8.4186,8990.1,660
2026-08-18 15:30:00+00:00,8.4166,8.4294,8.4096,8.4105,4882.6,564
2026-08-18 15:35:00+00:00,8.4138,8.4138,8.4009,8.4055,1839.9,186
2026-08-18 15:40:00+00:00,8.4033,8.43,8.4001,8.4268,2423.7,260
2026-08-18 15:45:00+00:00,8.4285,8.4431,8.4194,8.4195,5853.1,230
2026-08-18 15:50:00+00:00,8.4198,8.4259,8.4033,8.4215,4433.9,531
2026-08-18 15:55:00+00:00,8.4214,8.4496,8.4186,8.4377,4906.5,390
2026-08-18 16:00:00+00:00,8.4368,8.4556,8.4301,8.4329,4003.3,403
2026-08-18 16:05:00+00:00,8.4328,8.4382,8.4308,8.4329,836.9,276
2026-08-18 16:10:00+00:00,8.431,8.4344,8.4207,8.4223,2096.5,443
2026-08-18 16:15:00+00:00,8.4221,8.4221,8.3909,8.4051,10470.0,775
2026-08-18 16:20:00+00:00,8.4048,8.4271,8.4043,8.4263,1427.2,264
2026-08-18 16:25:00+00:00,8.4277,8.4281,8.3878,8.3955,9316.6,777
2026-08-18 16:30:00+00:00,8.3941,8.4148,8.3931,8.4095,7339.1,669
2026-08-18 16:35:00+00:00,8.4095,8.4133,8.4,8.4133,2131.6,482
2026-08-18 16:40:00+00:00,8.4145,8.4163,8.3801,8.3844,11964.4,589
2026-08-18 16:45:00+00:00,8.384,8.3998,8.38,8.3936,13650.1,662
2026-08-18 16:50:00+00:00,8.3935,8.3949,8.3875,8.3906,1323.3,157
2026-08-18 16:55:00+00:00,8.3908,8.394,8.3784,8.3828,5118.9,435
2026-08-18 17:00:00+00:00,8.382,8.394,8.3784,8.384,7298.3,648
2026-08-18 17:05:00+00:00,8.3837,8.3851,8.3804,8.3819,613.9,160
2026-08-18 17:10:00+00:00,8.3819,8.3889,8.3785,8.3836,6092.1,392
2026-08-18 17:15:00+00:00,8.3835,8.3949,8.3814,8.3823,1794.9,193
2026-08-18 17:20:00+00:00,8.3823,8.4,8.3751,8.3853,16254.7,571
2026-08-18 17:25:00+00:00,8.3848,8.3875,8.3805,8.3838,735.1,134
2026-08-18 17:30:00+00:00,8.3842,8.3873,8.3662,8.3691,6825.2,368
2026-08-18 17:35:00+00:00,8.3694,8.3747,8.366,8.3704,4589.8,770
2026-08-18 17:40:00+00:00,8.3703,8.377,8.366,8.3718,3448.7,287
2026-08-18 17:45:00+00:00,8.3703,8.3704,8.3643,8.3656,3364.1,590
2026-08-18 17:50:00+00:00,8.366,8.3687,8.36,8.361,4509.1,367
2026-08-18 17:55:00+00:00,8.3608,8.3705,8.3546,8.3558,5974.0,588
2026-08-18 18:00:00+00:00,8.358,8.3614,8.3545,8.3566,4707.6,684
2026-08-18 18:05:00+00:00,8.3582,8.3587,8.3486,8.3486,8646.7,712
2026-08-18 18:10:00+00:00,8.3486,8.3486,8.33,8.3444,7386.6,511
2026-08-18 18:15:00+00:00,8.3444,8.3494,8.3341,8.3398,2586.7,434
2026-08-18 18:20:00+00:00,8.3442,8.4013,8.3336,8.3438,26601.5,1319
2026-08-18 18:25:00+00:00,8.3439,8.3526,8.3353,8.3514,4999.2,402
2026-08-18 18:30:00+00:00,8.3499,8.3549,8.3346,8.337,6945.2,571
2026-08-18 18:35:00+00:00,8.3373,8.3584,8.3363,8.3584,4558.1,457
2026-08-18 18:40:00+00:00,8.356,8.3731,8.352,8.3724,1370.5,362
2026-08-18 18:45:00+00:00,8.37,8.3705,8.33,8.3375,9528.5,611
2026-08-18 18:50:00+00:00,8.3397,8.3413,8.3367,8.3409,256.5,71
2026-08-18 18:55:00+00:00,8.341,8.3413,8.3352,8.3404,187.9,72
2026-08-18 19:00:00+00:00,8.3399,8.3507,8.3319,8.34,1702.1,98
2026-08-18 19:05:00+00:00,8.3412,8.3416,8.3316,8.3369,1655.9,249
2026-08-18 19:10:00+00:00,8.336,8.3487,8.3343,8.3487,891.6,128
2026-08-18 19:15:00+00:00,8.3498,8.3555,8.3498,8.3536,286.6,151
2026-08-18 19:20:00+00:00,8.3531,8.355,8.3454,8.3511,2441.6,320
2026-08-18 19:25:00+00:00,8.3505,8.3543,8.3401,8.3531,1774.0,260
2026-08-18 19:30:00+00:00,8.3529,8.3532,8.3506,8.3531,312.2,55
2026-08-18 19:35:00+00:00,8.3531,8.3537,8.3506,8.3508,1165.1,120
2026-08-18 19:40:00+00:00,8.3532,8.3542,8.3506,8.354,1273.8,66
2026-08-18 19:45:00+00:00,8.3542,8.3542,8.3506,8.3538,552.5,140
2026-08-18 19:50:00+00:00,8.3539,8.3579,8.3508,8.3579,1514.0,195
2026-08-18 19:55:00+00:00,8.3579,8.36,8.3506,8.3538,1213.6,387
2026-08-18 20:00:00+00:00,8.3529,8.3718,8.3529,8.3607,9917.9,647
2026-08-18 20:05:00+00:00,8.3587,8.3776,8.3576,8.3776,6462.3,804
2026-08-18 20:10:00+00:00,8.3737,8.3778,8.3701,8.3739,552.1,178
2026-08-18 20:15:00+00:00,8.3733,8.4201,8.3711,8.3985,30575.1,1118
2026-08-18 20:20:00+00:00,8.3988,8.4195,8.3944,8.4103,2087.7,410
2026-08-18 20:25:00+00:00,8.4122,8.4123,8.3885,8.4013,1569.7,313
2026-08-18 20:30:00+00:00,8.4019,8.4329,8.3957,8.4325,7910.4,524
2026-08-18 20:35:00+00:00,8.4311,8.4311,8.4012,8.4014,1820.5,357
2026-08-18 20:40:00+00:00,8.4019,8.4032,8.3929,8.4029,488.0,221
2026-08-18 20:45:00+00:00,8.3983,8.3991,8.3706,8.3827,3542.5,411
2026-08-18 20:50:00+00:00,8.3799,8.383,8.3701,8.3713,837.9,314
2026-08-18 20:55:00+00:00,8.372,8.3831,8.3693,8.379,957.7,177
2026-08-18 21:00:00+00:00,8.3819,8.39,8.3746,8.3887,643.0,203
2026-08-18 21:05:00+00:00,8.3878,8.4,8.3878,8.3943,190.5,50
2026-08-18 21:10:00+00:00,8.3974,8.3976,8.3832,8.3832,200.2,48
2026-08-18 21:15:00+00:00,8.3802,8.3881,8.38,8.3819,329.1,122
2026-08-18 21:20:00+00:00,8.3816,8.3938,8.3815,8.3912,482.4,147
2026-08-18 21:25:00+00:00,8.3935,8.3956,8.3808,8.3872,483.6,173
2026-08-18 21:30:00+00:00,8.3865,8.3866,8.3746,8.376,817.9,215
2026-08-18 21:35:00+00:00,8.3747,8.3853,8.3746,8.3809,1492.8,557
2026-08-18 21:40:00+00:00,8.3832,8.4181,8.375,8.4012,9081.2,1210
2026-08-18 21:45:00+00:00,8.4042,8.4042,8.3944,8.3965,577.1,177
2026-08-18 21:50:00+00:00,8.3928,8.3985,8.3901,8.3925,110.4,7
2026-08-18 21:55:00+00:00,8.39,8.3975,8.3845,8.3861,3714.4,469
2026-08-18 22:00:00+00:00,8.3842,8.4034,8.3842,8.403,2210.1,686
2026-08-18 22:05:00+00:00,8.4034,8.4038,8.375,8.3828,11563.0,695
2026-08-18 22:10:00+00:00,8.3828,8.3858,8.3632,8.3642,7784.3,784
2026-08-18 22:15:00+00:00,8.3643,8.3676,8.3452,8.3542,3059.8,730
2026-08-18 22:20:00+00:00,8.3514,8.3786,8.3471,8.353,7948.9,754
2026-08-18 22:25:00+00:00,8.3529,8.3534,8.3336,8.3431,6217.5,553
2026-08-18 22:30:00+00:00,8.3442,8.3496,8.3413,8.3414,2264.5,192
2026-08-18 22:35:00+00:00,8.3416,8.3473,8.3416,8.3424,532.1,167
2026-08-18 22:40:00+00:00,8.3426,8.3446,8.3347,8.3437,8460.8,408
2026-08-18 22:45:00+00:00,8.3438,8.3499,8.3336,8.3428,3997.3,365
2026-08-18 22:50:00+00:00,8.3405,8.3506,8.3366,8.3418,3660.7,624
2026-08-18 22:55:00+00:00,8.3424,8.3446,8.3383,8.3419,1268.3,271
2026-08-18 23:00:00+00:00,8.3392,8.3442,8.3303,8.3439,2977.8,287
2026-08-18 23:05:00+00:00,8.3423,8.3482,8.3348,8.3425,6467.8,1016
2026-08-18 23:10:00+00:00,8.3425,8.3426,8.3232,8.3287,5836.0,266
2026-08-18 23:15:00+00:00,8.3299,8.3389,8.3267,8.3295,4723.6,405
2026-08-18 23:20:00+00:00,8.3294,8.36,8.3267,8.3445,8692.0,960
2026-08-18 23:25:00+00:00,8.3447,8.3448,8.3354,8.3408,398.1,119
2026-08-18 23:30:00+00:00,8.3391,8.3416,8.3323,8.3344,483.6,212
2026-08-18 23:35:00+00:00,8.3343,8.3345,8.3342,8.3344,9.3,6
2026-08-18 23:40:00+00:00,8.3341,8.3367,8.3324,8.3367,243.6,13
2026-08-18 23:45:00+00:00,8.3335,8.3341,8.322,8.3257,4476.1,374
2026-08-18 23:50:00+00:00,8.3257,8.33,8.3256,8.329,1804.2,433
2026-08-18 23:55:00+00:00,8.329,8.33,8.326,8.3286,3897.7,671
2026-08-19 00:00:00+00:00,8.3283,8.3421,8.3033,8.308,62385.3,1408
2026-08-19 00:05:00+00:00,8.3036,8.3098,8.2743,8.2745,29417.0,1104
2026-08-19 00:10:00+00:00,8.2745,8.2782,8.2606,8.261,9723.4,933
2026-08-19 00:15:00+00:00,8.261,8.2624,8.21,8.2106,41851.6,1041
2026-08-19 00:20:00+00:00,8.21,8.2201,8.21,8.21,12713.7,707
2026-08-19 00:25:00+00:00,8.2102,8.2172,8.2071,8.2167,3296.0,346
2026-08-19 00:30:00+00:00,8.2154,8.2355,8.2154,8.2254,30189.5,705
2026-08-19 00:35:00+00:00,8.2246,8.32,8.22,8.3149,9925.1,801
2026-08-19 00:40:00+00:00,8.3186,8.3603,8.314,8.352,19094.8,782
2026-08-19 00:45:00+00:00,8.3522,8.3681,8.352,8.3602,17241.8,453
2026-08-19 00:50:00+00:00,8.3599,8.3675,8.356,8.357,5186.2,239
2026-08-19 00:55:00+00:00,8.3576,8.3664,8.2817,8.3026,9701.6,621
2026-08-19 01:00:00+00:00,8.3046,8.3132,8.2671,8.2818,13238.8,832
2026-08-19 01:05:00+00:00,8.2818,8.3723,8.2818,8.3671,7191.5,1006
2026-08-19 01:10:00+00:00,8.3699,8.3788,8.3606,8.3761,3111.0,416
2026-08-19 01:15:00+00:00,8.3761,8.4041,8.3625,8.3879,11793.2,580
2026-08-19 01:20:00+00:00,8.3881,8.4043,8.3411,8.3487,20404.1,967
2026-08-19 01:25:00+00:00,8.3471,8.4061,8.33,8.4061,21437.8,867
2026-08-19 01:30:00+00:00,8.4036,8.4236,8.3674,8.3702,21721.3,1741
2026-08-19 01:35:00+00:00,8.3702,8.5048,8.3532,8.5048,53062.4,1586
2026-08-19 01:40:00+00:00,8.5018,8.5229,8.4702,8.4702,28950.0,1429
2026-08-19 01:45:00+00:00,8.47,8.4753,8.3845,8.4194,20803.6,1604
2026-08-19 01:50:00+00:00,8.4194,8.4397,8.4187,8.4355,9770.6,435
2026-08-19 01:55:00+00:00,8.4306,8.44,8.4076,8.4354,33433.7,922
2026-08-19 02:00:00+00:00,8.4355,8.4684,8.4352,8.4602,15138.4,798
2026-08-19 02:05:00+00:00,8.466,8.4867,8.4055,8.408,25155.1,1182
2026-08-19 02:10:00+00:00,8.4089,8.4546,8.3866,8.4028,35623.5,1249
2026-08-19 02:15:00+00:00,8.4037,8.442,8.3592,8.3639,43069.6,1602
2026-08-19 02:20:00+00:00,8.3639,8.445,8.3592,8.4215,46420.0,1832
2026-08-19 02:25:00+00:00,8.4203,8.4293,8.3409,8.3589,35818.8,1175
2026-08-19 02:30:00+00:00,8.3563,8.377,8.2734,8.2956,69975.0,2219
2026-08-19 02:35:00+00:00,8.2953,8.2971,8.2053,8.2406,87563.7,2009
2026-08-19 02:40:00+00:00,8.2433,8.3181,8.241,8.2707,62984.4,1586
2026-08-19 02:45:00+00:00,8.2707,8.3398,8.2601,8.3233,46398.2,1478
2026-08-19 02:50:00+00:00,8.3167,8.349,8.281,8.2831,38281.8,1826
2026-08-19 02:55:00+00:00,8.2868,8.37,8.2837,8.3665,61775.1,2139
2026-08-19 03:00:00+00:00,8.3665,8.3759,8.35,8.35,16749.4,669
2026-08-19 03:05:00+00:00,8.3516,8.365,8.3233,8.3368,22053.8,1294
2026-08-19 03:10:00+00:00,8.336,8.3548,8.3227,8.3285,16407.4,1125
2026-08-19 03:15:00+00:00,8.3329,8.3472,8.3049,8.3332,28344.0,829
2026-08-19 03:20:00+00:00,8.3319,8.3353,8.2911,8.3086,30856.3,1321
2026-08-19 03:25:00+00:00,8.3051,8.3148,8.2936,8.3006,10021.0,845
2026-08-19 03:30:00+00:00,8.3006,8.344,8.3006,8.3401,8058.0,772
2026-08-19 03:35:00+00:00,8.3412,8.3496,8.3396,8.3431,4842.0,465
2026-08-19 03:40:00+00:00,8.3428,8.3468,8.3257,8.3266,4731.2,455
2026-08-19 03:45:00+00:00,8.3276,8.34,8.3212,8.3299,2748.4,509
2026-08-19 03:50:00+00:00,8.3329,8.3354,8.3255,8.3354,1725.8,238
2026-08-19 03:55:00+00:00,8.3312,8.3312,8.2914,8.2996,7018.4,582
2026-08-19 04:00:00+00:00,8.3004,8.3029,8.2928,8.3003,379.0,64
2026-08-19 04:05:00+00:00,8.2963,8.3066,8.295,8.3052,2456.7,390
2026-08-19 04:10:00+00:00,8.3051,8.312,8.3,8.3003,869.9,182
2026-08-19 04:15:00+00:00,8.3,8.3107,8.3,8.3049,1379.7,169
2026-08-19 04:20:00+00:00,8.3058,8.3259,8.3,8.3254,4310.2,556
2026-08-19 04:25:00+00:00,8.3256,8.35,8.3256,8.3498,8973.2,727
2026-08-19 04:30:00+00:00,8.3469,8.3471,8.3398,8.3399,1110.0,254
2026-08-19 04:35:00+00:00,8.3398,8.3499,8.3398,8.3462,1206.8,199
2026-08-19 04:40:00+00:00,8.3465,8.3542,8.3398,8.3412,7287.6,530
2026-08-19 04:45:00+00:00,8.3412,8.3526,8.3398,8.3483,11967.2,498
2026-08-19 04:50:00+00:00,8.3492,8.3555,8.3398,8.3404,4954.3,244
2026-08-19 04:55:00+00:00,8.3404,8.3469,8.3319,8.342,17043.2,592
2026-08-19 05:00:00+00:00,8.3423,8.3423,8.24,8.252,75516.3,2855
2026-08-19 05:05:00+00:00,8.252,8.2808,8.24,8.2653,40815.0,1191
2026-08-19 05:10:00+00:00,8.2668,8.3121,8.2568,8.2664,34564.9,1370
2026-08-19 05:15:00+00:00,8.2645,8.2986,8.25,8.2602,22158.0,1414
2026-08-19 05:20:00+00:00,8.2629,8.3454,8.2629,8.3425,15632.5,1199
2026-08-19 05:25:00+00:00,8.3373,8.3563,8.301,8.3431,27091.0,1322
2026-08-19 05:30:00+00:00,8.3431,8.41,8.3401,8.3861,22850.8,1400
2026-08-19 05:35:00+00:00,8.3829,8.3933,8.3417,8.3868,44493.7,1367
2026-08-19 05:40:00+00:00,8.388,8.4439,8.3872,8.4099,11278.2,853
2026-08-19 05:45:00+00:00,8.4105,8.4588,8.4105,8.4249,18780.8,978
2026-08-19 05:50:00+00:00,8.425,8.4297,8.3911,8.3914,7917.8,1073
2026-08-19 05:55:00+00:00,8.3911,8.3984,8.35,8.3877,11401.6,1221
2026-08-19 06:00:00+00:00,8.3897,8.4031,8.3665,8.3895,19769.8,1204
2026-08-19 06:05:00+00:00,8.3896,8.4007,8.3601,8.3707,10496.1,940
2026-08-19 06:10:00+00:00,8.371,8.4017,8.3635,8.3981,9049.6,896
2026-08-19 06:15:00+00:00,8.3964,8.399,8.373,8.3815,10501.2,891
2026-08-19 06:20:00+00:00,8.3827,8.3999,8.331,8.3746,16642.5,1185
2026-08-19 06:25:00+00:00,8.3631,8.397,8.3624,8.3913,7331.9,829
2026-08-19 06:30:00+00:00,8.3928,8.3953,8.3156,8.3377,20028.1,1061
2026-08-19 06:35:00+00:00,8.3333,8.3333,8.2669,8.2669,12815.8,845
2026-08-19 06:40:00+00:00,8.27,8.29,8.2403,8.2728,34050.9,1735
2026-08-19 06:45:00+00:00,8.2717,8.4354,8.2702,8.4265,44517.1,1734
2026-08-19 06:50:00+00:00,8.4256,8.4454,8.3843,8.4033,23237.2,1255
2026-08-19 06:55:00+00:00,8.4026,8.4364,8.3982,8.41,15082.8,778
2026-08-19 07:00:00+00:00,8.4109,8.4389,8.3662,8.4206,26961.2,1340
2026-08-19 07:05:00+00:00,8.4282,8.441,8.3919,8.4185,12414.9,984
2026-08-19 07:10:00+00:00,8.4119,8.4481,8.4041,8.4452,7392.5,611
2026-08-19 07:15:00+00:00,8.4449,8.4487,8.4237,8.4361,16746.3,1232
2026-08-19 07:20:00+00:00,8.436,8.4803,8.3997,8.4743,36261.9,1562
2026-08-19 07:25:00+00:00,8.4743,8.4904,8.4614,8.4829,8085.4,828
2026-08-19 07:30:00+00:00,8.4832,8.4838,8.452,8.4733,6593.2,752
2026-08-19 07:35:00+00:00,8.4756,8.4772,8.4341,8.4469,8208.8,996
2026-08-19 07:40:00+00:00,8.4438,8.4467,8.4293,8.4323,4373.0,481
2026-08-19 07:45:00+00:00,8.4324,8.4547,8.4324,8.4465,11288.1,1335
2026-08-19 07:50:00+00:00,8.4467,8.4904,8.4387,8.4904,24339.7,950
2026-08-19 07:55:00+00:00,8.4846,8.5106,8.48,8.51,24836.6,560
2026-08-19 08:00:00+00:00,8.5106,8.516,8.4762,8.486,20693.1,741
2026-08-19 08:05:00+00:00,8.4862,8.4871,8.4805,8.4824,4926.4,328
2026-08-19 08:10:00+00:00,8.4829,8.4949,8.4805,8.4896,3257.0,204
2026-08-19 08:15:00+00:00,8.4893,8.497,8.489,8.4892,4339.9,279
2026-08-19 08:20:00+00:00,8.4929,8.4962,8.4237,8.4399,15690.8,983
2026-08-19 08:25:00+00:00,8.4404,8.4405,8.3978,8.4165,9174.1,1070
2026-08-19 08:30:00+00:00,8.4163,8.4617,8.4162,8.4477,6286.6,829
2026-08-19 08:35:00+00:00,8.4492,8.4559,8.4374,8.4381,5544.5,593
2026-08-19 08:40:00+00:00,8.4386,8.4387,8.4247,8.4291,2364.9,287
2026-08-19 08:45:00+00:00,8.4296,8.4411,8.4294,8.434,2945.5,405
2026-08-19 08:50:00+00:00,8.4337,8.4502,8.4336,8.448,2045.5,179
2026-08-19 08:55:00+00:00,8.4458,8.4479,8.4238,8.4281,5375.6,592
2026-08-19 09:00:00+00:00,8.4264,8.4366,8.4247,8.4362,3722.4,458
2026-08-19 09:05:00+00:00,8.4378,8.4436,8.43,8.4387,1679.1,256
2026-08-19 09:10:00+00:00,8.4377,8.447,8.4295,8.442,2283.2,470
2026-08-19 09:15:00+00:00,8.445,8.4524,8.441,8.4437,1797.5,309
2026-08-19 09:20:00+00:00,8.4427,8.4462,8.4272,8.4325,2135.9,335
2026-08-19 09:25:00+00:00,8.4327,8.468,8.4238,8.4355,5166.0,700
2026-08-19 09:30:00+00:00,8.4358,8.4485,8.4268,8.4485,2036.1,316
2026-08-19 09:35:00+00:00,8.4432,8.4863,8.4432,8.4805,5863.9,786
2026-08-19 09:40:00+00:00,8.4731,8.4806,8.4255,8.4289,6673.4,892
2026-08-19 09:45:00+00:00,8.4302,8.4362,8.4202,8.4356,6316.0,724
2026-08-19 09:50:00+00:00,8.4355,8.4485,8.4314,8.4433,3304.5,672
2026-08-19 09:55:00+00:00,8.4433,8.4493,8.4176,8.4293,6728.9,939
2026-08-19 10:00:00+00:00,8.4311,8.4342,8.39,8.39,5911.1,884
2026-08-19 10:05:00+00:00,8.3902,8.4071,8.308,8.3603,28796.5,886
2026-08-19 10:10:00+00:00,8.3601,8.3868,8.3447,8.3848,8762.7,682
2026-08-19 10:15:00+00:00,8.3845,8.3879,8.3575,8.3812,5790.6,800
2026-08-19 10:20:00+00:00,8.3809,8.3883,8.376,8.3866,2130.5,596
2026-08-19 10:25:00+00:00,8.3864,8.3979,8.3795,8.3937,1518.5,453
2026-08-19 10:30:00+00:00,8.3903,8.3995,8.3877,8.3904,1228.8,252
2026-08-19 10:35:00+00:00,8.388,8.4091,8.3866,8.4091,1668.2,194
2026-08-19 10:40:00+00:00,8.4078,8.4173,8.407,8.4134,1333.7,194
2026-08-19 10:45:00+00:00,8.4157,8.4204,8.3919,8.3957,6207.1,551
2026-08-19 10:50:00+00:00,8.3942,8.3996,8.3819,8.3819,1870.3,399
2026-08-19 10:55:00+00:00,8.3919,8.3934,8.38,8.3934,1025.8,195
2026-08-19 11:00:00+00:00,8.3903,8.4208,8.3903,8.4116,3741.8,445
2026-08-19 11:05:00+00:00,8.4116,8.449,8.4116,8.4322,6571.0,598
2026-08-19 11:10:00+00:00,8.4266,8.4266,8.4066,8.4177,1586.7,233
2026-08-19 11:15:00+00:00,8.4163,8.4187,8.3914,8.4005,4171.6,392
2026-08-19 11:20:00+00:00,8.3934,8.4007,8.392,8.3956,946.7,132
2026-08-19 11:25:00+00:00,8.3956,8.4094,8.3937,8.4011,3784.4,595
2026-08-19 11:30:00+00:00,8.3993,8.3993,8.3701,8.3731,7908.7,521
2026-08-19 11:35:00+00:00,8.3725,8.3994,8.3652,8.3947,3317.4,338
2026-08-19 11:40:00+00:00,8.3977,8.3977,8.3798,8.385,2386.8,549
2026-08-19 11:45:00+00:00,8.3867,8.3887,8.381,8.3883,1146.0,286
2026-08-19 11:50:00+00:00,8.3867,8.3878,8.3819,8.3867,532.3,189
2026-08-19 11:55:00+00:00,8.3831,8.3949,8.3812,8.3949,525.9,129
2026-08-19 12:00:00+00:00,8.3959,8.3993,8.3856,8.3862,858.7,314
2026-08-19 12:05:00+00:00,8.3863,8.4063,8.3839,8.4047,5153.5,213
2026-08-19 12:10:00+00:00,8.4042,8.4044,8.3581,8.3646,7782.7,259
2026-08-19 12:15:00+00:00,8.3675,8.3947,8.3623,8.3946,3417.1,132
2026-08-19 12:20:00+00:00,8.3967,8.4039,8.3915,8.3941,2755.7,127
2026-08-19 12:25:00+00:00,8.3917,8.4244,8.3917,8.4199,3269.4,186
2026-08-19 12:30:00+00:00,8.4218,8.4274,8.4091,8.4232,3464.8,181
2026-08-19 12:35:00+00:00,8.423,8.44,8.4167,8.44,6480.0,331
2026-08-19 12:40:00+00:00,8.4408,8.4911,8.4401,8.4667,9446.9,422
2026-08-19 12:45:00+00:00,8.4668,8.551,8.4664,8.5443,54973.9,909
2026-08-19 12:50:00+00:00,8.5461,8.5803,8.5352,8.5456,43199.3,711
2026-08-19 12:55:00+00:00,8.5446,8.5956,8.5446,8.5839,33555.3,713
2026-08-19 13:00:00+00:00,8.5839,8.5904,8.553,8.5638,9261.2,404
2026-08-19 13:05:00+00:00,8.5645,8.5816,8.544,8.5658,15261.4,715
2026-08-19 13:10:00+00:00,8.5708,8.5913,8.5668,8.5781,9411.4,433
2026-08-19 13:15:00+00:00,8.5791,8.5872,8.5629,8.5716,8116.1,628
2026-08-19 13:20:00+00:00,8.5731,8.59,8.5704,8.5865,7758.0,606
2026-08-19 13:25:00+00:00,8.589,8.5913,8.5593,8.5683,10283.7,809
2026-08-19 13:30:00+00:00,8.5672,8.5773,8.5148,8.5202,12381.5,1114
2026-08-19 13:35:00+00:00,8.5189,8.5226,8.4432,8.4442,20077.6,1369
2026-08-19 13:40:00+00:00,8.4436,8.5006,8.4254,8.4935,9221.5,661
2026-08-19 13:45:00+00:00,8.4972,8.5302,8.4427,8.447,9373.9,589
2026-08-19 13:50:00+00:00,8.4465,8.4565,8.4101,8.4301,14510.0,759
2026-08-19 13:55:00+00:00,8.4294,8.4617,8.4269,8.4385,6790.3,387
2026-08-19 14:00:00+00:00,8.4383,8.4591,8.4236,8.45,13290.3,574
2026-08-19 14:05:00+00:00,8.45,8.4586,8.43,8.4318,12038.8,588
2026-08-19 14:10:00+00:00,8.4318,8.4395,8.3933,8.4129,13391.2,723
2026-08-19 14:15:00+00:00,8.4133,8.46,8.4098,8.4422,10405.0,796
2026-08-19 14:20:00+00:00,8.4421,8.4421,8.4209,8.4238,20042.3,749
2026-08-19 14:25:00+00:00,8.4283,8.4393,8.4119,8.4325,11130.2,470
2026-08-19 14:30:00+00:00,8.4342,8.4424,8.433,8.442,13766.2,513
2026-08-19 14:35:00+00:00,8.442,8.4424,8.4356,8.4416,7627.2,197
2026-08-19 14:40:00+00:00,8.442,8.4424,8.4348,8.4383,5978.8,206
2026-08-19 14:45:00+00:00,8.4416,8.4424,8.4244,8.4308,7961.3,330
2026-08-19 14:50:00+00:00,8.4329,8.44,8.4048,8.4157,18419.5,476
2026-08-19 14:55:00+00:00,8.4156,8.4393,8.4061,8.4371,13200.7,464
2026-08-19 15:00:00+00:00,8.4348,8.4387,8.4179,8.4219,4472.0,261
2026-08-19 15:05:00+00:00,8.4225,8.4351,8.4121,8.4203,6627.1,553
2026-08-19 15:10:00+00:00,8.4181,8.44,8.4161,8.4309,10198.5,1011
2026-08-19 15:15:00+00:00,8.4305,8.4411,8.4283,8.4399,1950.6,367
2026-08-19 15:20:00+00:00,8.4386,8.4424,8.4211,8.4339,21591.8,554
2026-08-19 15:25:00+00:00,8.434,8.48,8.3851,8.3892,67947.6,1289
2026-08-19 15:30:00+00:00,8.3892,8.403,8.3837,8.3901,6956.8,298
2026-08-19 15:35:00+00:00,8.3874,8.3925,8.3854,8.3859,2514.0,245
2026-08-19 15:40:00+00:00,8.3859,8.3999,8.3741,8.3981,10256.9,377
2026-08-19 15:45:00+00:00,8.3997,8.4417,8.3944,8.427,10865.3,530
2026-08-19 15:50:00+00:00,8.427,8.4288,8.3987,8.404,5352.5,333
2026-08-19 15:55:00+00:00,8.4062,8.4122,8.3956,8.3956,1353.7,202
2026-08-19 16:00:00+00:00,8.3972,8.4053,8.3925,8.4053,5824.7,301
2026-08-19 16:05:00+00:00,8.4053,8.44,8.4052,8.4276,7896.7,400
2026-08-19 16:10:00+00:00,8.4338,8.4508,8.4305,8.4362,3517.3,343
2026-08-19 16:15:00+00:00,8.4363,8.4394,8.4231,8.4288,1870.8,239
2026-08-19 16:20:00+00:00,8.4287,8.4347,8.4213,8.4305,1561.9,156
2026-08-19 16:25:00+00:00,8.4304,8.4392,8.4159,8.4247,3042.8,252
2026-08-19 16:30:00+00:00,8.4224,8.4269,8.4014,8.4098,4439.3,396
2026-08-19 16:35:00+00:00,8.4072,8.418,8.3951,8.4007,4827.6,442
2026-08-19 16:40:00+00:00,8.4071,8.4075,8.3935,8.3993,1780.8,186
2026-08-19 16:45:00+00:00,8.3996,8.4033,8.3912,8.3995,1091.6,176
2026-08-19 16:50:00+00:00,8.4,8.4029,8.3877,8.3989,1575.2,241
2026-08-19 16:55:00+00:00,8.3995,8.4113,8.3925,8.4082,1267.0,191
2026-08-19 17:00:00+00:00,8.408,8.4156,8.4,8.407,926.6,170
2026-08-19 17:05:00+00:00,8.4101,8.413,8.3967,8.4025,1314.0,253
2026-08-19 17:10:00+00:00,8.4033,8.4087,8.3979,8.4018,1258.7,243
2026-08-19 17:15:00+00:00,8.4034,8.4043,8.3835,8.3835,2207.4,241
2026-08-19 17:20:00+00:00,8.3833,8.3873,8.356,8.3621,2646.2,258
2026-08-19 17:25:00+00:00,8.3625,8.3742,8.3559,8.3742,1130.6,216
2026-08-19 17:30:00+00:00,8.3727,8.3798,8.3721,8.3775,2909.9,221
2026-08-19 17:35:00+00:00,8.3773,8.3807,8.3632,8.3689,1217.0,160
2026-08-19 17:40:00+00:00,8.3679,8.38,8.3624,8.3786,854.9,169
2026-08-19 17:45:00+00:00,8.3786,8.3809,8.3738,8.3809,693.1,113
2026-08-19 17:50:00+00:00,8.3783,8.3803,8.3696,8.3724,947.6,161
2026-08-19 17:55:00+00:00,8.3719,8.4068,8.3719,8.3881,3879.8,344
2026-08-19 18:00:00+00:00,8.3907,8.3907,8.3853,8.3888,807.8,133
2026-08-19 18:05:00+00:00,8.3904,8.3907,8.3717,8.3723,2730.9,198
2026-08-19 18:10:00+00:00,8.372,8.3784,8.3622,8.3662,1918.5,284
2026-08-19 18:15:00+00:00,8.3659,8.3714,8.3424,8.3511,2981.5,330
2026-08-19 18:20:00+00:00,8.3526,8.3608,8.3479,8.3608,1727.3,166
2026-08-19 18:25:00+00:00,8.3601,8.3762,8.3552,8.3761,1536.0,182
2026-08-19 18:30:00+00:00,8.3782,8.3907,8.3756,8.3895,1225.3,232
2026-08-19 18:35:00+00:00,8.39,8.3905,8.3808,8.3892,694.5,100
2026-08-19 18:40:00+00:00,8.3879,8.3907,8.3815,8.3907,906.4,145
2026-08-19 18:45:00+00:00,8.3906,8.3907,8.38,8.3902,752.5,122
2026-08-19 18:50:00+00:00,8.3905,8.3907,8.3843,8.3895,832.6,99
2026-08-19 18:55:00+00:00,8.3903,8.4036,8.3885,8.4031,820.7,137
2026-08-19 19:00:00+00:00,8.4031,8.4068,8.3929,8.4027,890.1,146
2026-08-19 19:05:00+00:00,8.4032,8.4248,8.4012,8.4236,860.3,156
2026-08-19 19:10:00+00:00,8.4267,8.4305,8.4182,8.4278,2330.9,249
2026-08-19 19:15:00+00:00,8.4265,8.4399,8.423,8.4371,1068.6,163
2026-08-19 19:20:00+00:00,8.4376,8.4448,8.4317,8.4406,1028.2,170
2026-08-19 19:25:00+00:00,8.4406,8.45,8.4406,8.4465,694.6,97
2026-08-19 19:30:00+00:00,8.4495,8.4524,8.4429,8.4515,1624.2,174
2026-08-19 19:35:00+00:00,8.4515,8.4524,8.4374,8.4417,2030.0,147
2026-08-19 19:40:00+00:00,8.4379,8.4454,8.4329,8.4395,2171.7,218
2026-08-19 19:45:00+00:00,8.44,8.4474,8.4345,8.44,1392.9,171
2026-08-19 19:50:00+00:00,8.4381,8.4534,8.4316,8.4402,3419.9,229
2026-08-19 19:55:00+00:00,8.4423,8.4442,8.4064,8.413,6615.4,380
2026-08-19 20:00:00+00:00,8.411,8.4313,8.4091,8.42,5714.8,430
2026-08-19 20:05:00+00:00,8.422,8.4445,8.4205,8.4415,1651.7,213
2026-08-19 20:10:00+00:00,8.4422,8.4422,8.4323,8.4343,396.3,102
2026-08-19 20:15:00+00:00,8.4344,8.4348,8.4,8.4093,3120.9,294
2026-08-19 20:20:00+00:00,8.4094,8.4101,8.3975,8.4066,1710.5,253
2026-08-19 20:25:00+00:00,8.4066,8.4123,8.3935,8.3984,705.3,245
2026-08-19 20:30:00+00:00,8.3969,8.4051,8.39,8.3976,1792.7,222
2026-08-19 20:35:00+00:00,8.3951,8.3982,8.3915,8.3982,410.1,166
2026-08-19 20:40:00+00:00,8.3978,8.3994,8.392,8.3938,971.0,230
2026-08-19 20:45:00+00:00,8.3939,8.3999,8.3889,8.3895,1402.4,223
2026-08-19 20:50:00+00:00,8.3891,8.4211,8.3891,8.4199,5252.3,757
2026-08-19 20:55:00+00:00,8.4188,8.4306,8.4119,8.4268,680.4,267
2026-08-19 21:00:00+00:00,8.4261,8.4277,8.4149,8.4218,967.6,248
2026-08-19 21:05:00+00:00,8.4206,8.5366,8.4186,8.5253,10662.8,1064
2026-08-19 21:10:00+00:00,8.5253,8.5253,8.4862,8.5045,3081.4,549
2026-08-19 21:15:00+00:00,8.5015,8.512,8.4952,8.4972,1689.1,326
2026-08-19 21:20:00+00:00,8.4968,8.4968,8.4475,8.4568,2496.7,280
2026-08-19 21:25:00+00:00,8.4564,8.4638,8.4495,8.4591,2037.6,245
2026-08-19 21:30:00+00:00,8.4579,8.492,8.4521,8.4754,2144.2,409
2026-08-19 21:35:00+00:00,8.4733,8.4749,8.4442,8.4527,2362.0,325
2026-08-19 21:40:00+00:00,8.4532,8.4544,8.4342,8.4381,2516.1,253
2026-08-19 21:45:00+00:00,8.4372,8.4387,8.4327,8.4327,558.1,208
2026-08-19 21:50:00+00:00,8.4341,8.4428,8.4331,8.4408,762.6,234
2026-08-19 21:55:00+00:00,8.4428,8.4449,8.4347,8.4372,1698.1,338
2026-08-19 22:00:00+00:00,8.4374,8.4397,8.428,8.4292,1300.2,281
2026-08-19 22:05:00+00:00,8.4296,8.43,8.4211,8.426,1095.8,251
2026-08-19 22:10:00+00:00,8.4249,8.436,8.4215,8.436,1851.1,310
2026-08-19 22:15:00+00:00,8.4339,8.4505,8.4286,8.4476,2549.3,325
2026-08-19 22:20:00+00:00,8.4467,8.4516,8.4345,8.4469,2385.7,555
2026-08-19 22:25:00+00:00,8.4457,8.4695,8.4438,8.4691,1028.9,359
2026-08-19 22:30:00+00:00,8.4707,8.4713,8.4597,8.462,1331.2,314
2026-08-19 22:35:00+00:00,8.4616,8.4616,8.4427,8.4524,1577.4,323
2026-08-19 22:40:00+00:00,8.452,8.4684,8.45,8.4662,1944.7,459
2026-08-19 22:45:00+00:00,8.4645,8.5112,8.4618,8.5057,4169.6,739
2026-08-19 22:50:00+00:00,8.5051,8.5068,8.4804,8.484,2542.9,271
2026-08-19 22:55:00+00:00,8.484,8.5304,8.4825,8.5065,5149.6,573
2026-08-19 23:00:00+00:00,8.5037,8.5055,8.494,8.499,949.9,284
2026-08-19 23:05:00+00:00,8.4974,8.5042,8.4933,8.4961,1053.8,236
2026-08-19 23:10:00+00:00,8.4933,8.5181,8.4816,8.5017,4298.9,326
2026-08-19 23:15:00+00:00,8.4993,8.506,8.4862,8.4935,2460.5,275
2026-08-19 23:20:00+00:00,8.4959,8.4999,8.4609,8.4629,4579.9,614
2026-08-19 23:25:00+00:00,8.4632,8.4682,8.3958,8.4281,11163.2,872
2026-08-19 23:30:00+00:00,8.4299,8.4398,8.4233,8.4369,1687.9,179
2026-08-19 23:35:00+00:00,8.4366,8.4385,8.4329,8.4351,981.7,102
2026-08-19 23:40:00+00:00,8.4352,8.4651,8.4352,8.4558,1695.7,139
2026-08-19 23:45:00+00:00,8.4581,8.4735,8.4553,8.4585,4021.0,164
2026-08-19 23:50:00+00:00,8.4581,8.4927,8.4581,8.4839,2684.0,173
2026-08-19 23:55:00+00:00,8.4833,8.4859,8.4716,8.484,1983.4,117
2026-08-20 00:00:00+00:00,8.484,8.4923,8.4619,8.4784,2317.4,176
2026-08-20 00:05:00+00:00,8.4774,8.4774,8.4283,8.4486,2749.5,305
2026-08-20 00:10:00+00:00,8.4415,8.46,8.4287,8.46,1960.4,257
2026-08-20 00:15:00+00:00,8.4666,8.4905,8.4616,8.4851,6047.7,405
2026-08-20 00:20:00+00:00,8.4821,8.492,8.4681,8.478,2693.3,200
2026-08-20 00:25:00+00:00,8.4791,8.48,8.4535,8.4729,1309.5,149
2026-08-20 00:30:00+00:00,8.468,8.4835,8.4648,8.4767,1864.6,221
2026-08-20 00:35:00+00:00,8.4778,8.4933,8.4649,8.4933,1374.1,230
2026-08-20 00:40:00+00:00,8.4947,8.5093,8.4912,8.5056,908.5,167
2026-08-20 00:45:00+00:00,8.5013,8.5021,8.4645,8.4662,3853.4,248
2026-08-20 00:50:00+00:00,8.4669,8.48,8.4669,8.48,583.8,73
2026-08-20 00:55:00+00:00,8.4827,8.5183,8.4822,8.5023,5037.4,297
2026-08-20 01:00:00+00:00,8.5052,8.5269,8.5051,8.5123,5642.2,253
2026-08-20 01:05:00+00:00,8.5159,8.5368,8.5135,8.5217,2053.1,198
2026-08-20 01:10:00+00:00,8.5219,8.54,8.5133,8.5365,5116.0,311
2026-08-20 01:15:00+00:00,8.5371,8.5395,8.4937,8.4998,2953.5,213
2026-08-20 01:20:00+00:00,8.5,8.5449,8.4972,8.5287,5959.1,394
2026-08-20 01:25:00+00:00,8.5324,8.5324,8.4751,8.4832,6052.4,440
2026-08-20 01:30:00+00:00,8.4843,8.5064,8.3684,8.4462,84521.7,2251
2026-08-20 01:35:00+00:00,8.4459,8.4491,8.3576,8.4188,58369.7,897
2026-08-20 01:40:00+00:00,8.4213,8.4944,8.4205,8.4644,43491.1,1441
2026-08-20 01:45:00+00:00,8.4649,8.4825,8.44,8.4403,21020.9,940
2026-08-20 01:50:00+00:00,8.4423,8.5222,8.441,8.5085,24879.8,1285
2026-08-20 01:55:00+00:00,8.5055,8.5433,8.4634,8.5361,18643.1,953
2026-08-20 02:00:00+00:00,8.5299,8.5318,8.501,8.5162,21288.4,975
2026-08-20 02:05:00+00:00,8.5132,8.5957,8.5103,8.5875,25895.2,905
2026-08-20 02:10:00+00:00,8.5876,8.5886,8.5564,8.5618,14469.9,707
2026-08-20 02:15:00+00:00,8.5659,8.5733,8.5164,8.5175,29150.1,694
2026-08-20 02:20:00+00:00,8.5177,8.5276,8.493,8.5133,14688.8,663
2026-08-20 02:25:00+00:00,8.5097,8.5152,8.48,8.5125,12938.7,693
2026-08-20 02:30:00+00:00,8.5167,8.529,8.4805,8.4869,14230.6,553
2026-08-20 02:35:00+00:00,8.4807,8.4889,8.4655,8.486,13185.0,545
2026-08-20 02:40:00+00:00,8.4841,8.492,8.4689,8.4908,8972.7,467
2026-08-20 02:45:00+00:00,8.4878,8.5001,8.487,8.4917,6360.2,335
2026-08-20 02:50:00+00:00,8.4912,8.5019,8.4821,8.4901,10407.3,438
2026-08-20 02:55:00+00:00,8.4927,8.4956,8.4661,8.488,10945.1,361
2026-08-20 03:00:00+00:00,8.4888,8.4939,8.4496,8.4496,11512.2,420
2026-08-20 03:05:00+00:00,8.4492,8.4614,8.4327,8.4356,11031.9,512
2026-08-20 03:10:00+00:00,8.4399,8.44,8.4273,8.4274,11402.3,344
2026-08-20 03:15:00+00:00,8.4294,8.4307,8.4045,8.4188,12347.9,375
2026-08-20 03:20:00+00:00,8.4204,8.45,8.4154,8.4327,14165.7,497
2026-08-20 03:25:00+00:00,8.4303,8.4478,8.4159,8.4435,12828.2,678
2026-08-20 03:30:00+00:00,8.4434,8.466,8.4371,8.4652,2859.0,201
2026-08-20 03:35:00+00:00,8.4625,8.4629,8.4433,8.4463,2108.1,154
2026-08-20 03:40:00+00:00,8.4464,8.4577,8.4407,8.448,1802.0,157
2026-08-20 03:45:00+00:00,8.448,8.4731,8.448,8.4731,2416.6,263
2026-08-20 03:50:00+00:00,8.4716,8.4988,8.4651,8.4961,4559.7,326
2026-08-20 03:55:00+00:00,8.4957,8.4999,8.4818,8.4869,1169.4,136
2026-08-20 04:00:00+00:00,8.485,8.4851,8.4528,8.4595,3336.6,262
2026-08-20 04:05:00+00:00,8.4592,8.4664,8.4473,8.4664,3372.8,331
2026-08-20 04:10:00+00:00,8.4655,8.47,8.4634,8.4696,560.8,112
2026-08-20 04:15:00+00:00,8.4654,8.47,8.4646,8.47,405.9,58
2026-08-20 04:20:00+00:00,8.47,8.47,8.4631,8.4686,1981.5,83
2026-08-20 04:25:00+00:00,8.4661,8.47,8.4622,8.4628,877.8,98
2026-08-20 04:30:00+00:00,8.4628,8.4693,8.4259,8.44,4743.7,387
2026-08-20 04:35:00+00:00,8.4393,8.458,8.4353,8.4422,2836.1,351
2026-08-20 04:40:00+00:00,8.4479,8.4622,8.4406,8.4508,2485.1,299
2026-08-20 04:45:00+00:00,8.4563,8.4697,8.4362,8.4418,2922.6,388
2026-08-20 04:50:00+00:00,8.4373,8.4441,8.4266,8.43,2284.5,235
2026-08-20 04:55:00+00:00,8.4283,8.451,8.4274,8.4361,3626.2,310
2026-08-20 05:00:00+00:00,8.4411,8.4678,8.4277,8.4425,19943.9,713
2026-08-20 05:05:00+00:00,8.4411,8.4594,8.432,8.4429,14015.9,589
2026-08-20 05:10:00+00:00,8.4392,8.4471,8.4283,8.4285,5632.7,480
2026-08-20 05:15:00+00:00,8.4248,8.4267,8.4033,8.4166,11648.6,604
2026-08-20 05:20:00+00:00,8.42,8.456,8.4135,8.4484,20369.1,553
2026-08-20 05:25:00+00:00,8.4528,8.4536,8.4166,8.4204,11608.0,681
2026-08-20 05:30:00+00:00,8.4229,8.427,8.3995,8.4028,8204.0,383
2026-08-20 05:35:00+00:00,8.405,8.4065,8.3651,8.3689,13560.7,516
2026-08-20 05:40:00+00:00,8.3695,8.4262,8.3638,8.4164,28283.4,1512
2026-08-20 05:45:00+00:00,8.4118,8.4183,8.3949,8.3982,11087.2,1227
2026-08-20 05:50:00+00:00,8.4001,8.4058,8.3656,8.3696,26044.4,1115
2026-08-20 05:55:00+00:00,8.3696,8.376,8.3158,8.3347,54558.7,2562
2026-08-20 06:00:00+00:00,8.3342,8.3537,8.2792,8.3064,80123.3,2314
2026-08-20 06:05:00+00:00,8.3063,8.3344,8.2963,8.304,51848.5,1114
2026-08-20 06:10:00+00:00,8.3042,8.3733,8.2947,8.3534,78239.4,1348
2026-08-20 06:15:00+00:00,8.3533,8.3592,8.3105,8.3243,50626.7,1135
2026-08-20 06:20:00+00:00,8.3244,8.3468,8.3104,8.3346,30226.5,860
2026-08-20 06:25:00+00:00,8.3339,8.3806,8.3306,8.3551,45598.4,3521
2026-08-20 06:30:00+00:00,8.355,8.3699,8.3421,8.3627,11381.4,1047
2026-08-20 06:35:00+00:00,8.3601,8.39,8.3543,8.39,29834.5,1412
2026-08-20 06:40:00+00:00,8.3913,8.4022,8.3687,8.3809,47090.4,2966
2026-08-20 06:45:00+00:00,8.3775,8.4015,8.3717,8.3918,15925.8,2063
2026-08-20 06:50:00+00:00,8.3911,8.3921,8.3583,8.3672,12630.8,916
2026-08-20 06:55:00+00:00,8.3672,8.4001,8.3549,8.3763,24101.1,1000
2026-08-20 07:00:00+00:00,8.3742,8.4089,8.3674,8.4,16043.0,719
2026-08-20 07:05:00+00:00,8.403,8.4151,8.395,8.4107,8208.8,366
2026-08-20 07:10:00+00:00,8.4107,8.411,8.3859,8.3931,2578.0,247
2026-08-20 07:15:00+00:00,8.3934,8.4181,8.3892,8.4128,3913.0,264
2026-08-20 07:20:00+00:00,8.4181,8.4248,8.4025,8.4103,5245.4,484
2026-08-20 07:25:00+00:00,8.4088,8.4278,8.4013,8.4207,6665.6,439
2026-08-20 07:30:00+00:00,8.4209,8.43,8.4055,8.418,3025.5,266
2026-08-20 07:35:00+00:00,8.423,8.4417,8.4093,8.4278,3461.4,331
2026-08-20 07:40:00+00:00,8.428,8.4423,8.4249,8.43,2281.8,181
2026-08-20 07:45:00+00:00,8.43,8.4377,8.4071,8.41,2066.2,215
2026-08-20 07:50:00+00:00,8.4116,8.4192,8.3898,8.4166,2683.8,314
2026-08-20 07:55:00+00:00,8.4159,8.4334,8.4146,8.4237,1853.9,285
2026-08-20 08:00:00+00:00,8.4209,8.4315,8.3987,8.4281,11608.3,643
2026-08-20 08:05:00+00:00,8.4269,8.428,8.3824,8.4167,2881.3,367
2026-08-20 08:10:00+00:00,8.4138,8.4146,8.3969,8.4099,1555.0,211
2026-08-20 08:15:00+00:00,8.4068,8.4174,8.3798,8.3893,6424.3,437
2026-08-20 08:20:00+00:00,8.3938,8.3954,8.3539,8.3836,4588.8,240
2026-08-20 08:25:00+00:00,8.38,8.3803,8.3309,8.3437,4298.1,355
2026-08-20 08:30:00+00:00,8.3415,8.3462,8.3297,8.3393,4074.7,356
2026-08-20 08:35:00+00:00,8.334,8.3531,8.3306,8.3473,3225.5,289
2026-08-20 08:40:00+00:00,8.3473,8.3602,8.3473,8.3569,1562.8,201
2026-08-20 08:45:00+00:00,8.3543,8.3575,8.3275,8.329,2610.1,186
2026-08-20 08:50:00+00:00,8.3298,8.3361,8.3255,8.3285,712.4,77
2026-08-20 08:55:00+00:00,8.3284,8.3368,8.325,8.3368,733.6,109
2026-08-20 09:00:00+00:00,8.3379,8.3422,8.3168,8.3218,1987.6,254
2026-08-20 09:05:00+00:00,8.3224,8.3603,8.3224,8.3523,3242.3,365
2026-08-20 09:10:00+00:00,8.3537,8.3607,8.3321,8.3491,2650.2,301
2026-08-20 09:15:00+00:00,8.347,8.3721,8.336,8.3673,1683.7,349
2026-08-20 09:20:00+00:00,8.3668,8.4111,8.3638,8.3951,6129.5,360
2026-08-20 09:25:00+00:00,8.3927,8.3935,8.3722,8.3739,427.4,126
2026-08-20 09:30:00+00:00,8.3669,8.3746,8.3545,8.3596,476.6,137
2026-08-20 09:35:00+00:00,8.361,8.3778,8.3535,8.3706,1014.8,219
2026-08-20 09:40:00+00:00,8.3657,8.3773,8.3525,8.3562,518.5,194
2026-08-20 09:45:00+00:00,8.3552,8.3593,8.3486,8.3579,412.6,128
2026-08-20 09:50:00+00:00,8.3578,8.3797,8.3554,8.3753,850.8,135
2026-08-20 09:55:00+00:00,8.3761,8.3779,8.3519,8.3557,931.2,169
2026-08-20 10:00:00+00:00,8.3549,8.3821,8.3544,8.3821,2682.8,329
2026-08-20 10:05:00+00:00,8.3789,8.3856,8.3587,8.3595,2093.9,255
2026-08-20 10:10:00+00:00,8.362,8.3793,8.3617,8.3775,1781.2,255
2026-08-20 10:15:00+00:00,8.3776,8.3874,8.3704,8.3858,245.5,134
2026-08-20 10:20:00+00:00,8.3852,8.3857,8.365,8.3748,655.7,175
2026-08-20 10:25:00+00:00,8.3746,8.39,8.3686,8.3745,1932.6,247
2026-08-20 10:30:00+00:00,8.3778,8.3834,8.3673,8.3779,2012.1,336
2026-08-20 10:35:00+00:00,8.3771,8.3793,8.3626,8.3718,2384.7,575
2026-08-20 10:40:00+00:00,8.375,8.3873,8.363,8.3804,2290.0,382
2026-08-20 10:45:00+00:00,8.3804,8.3881,8.3735,8.3857,923.0,255
2026-08-20 10:50:00+00:00,8.3822,8.388,8.3778,8.3801,568.0,250
2026-08-20 10:55:00+00:00,8.3785,8.3873,8.3733,8.3868,510.9,257
2026-08-20 11:00:00+00:00,8.3861,8.3927,8.3722,8.3884,1787.8,279
2026-08-20 11:05:00+00:00,8.3837,8.3864,8.3626,8.3694,2704.7,304
2026-08-20 11:10:00+00:00,8.3694,8.3733,8.361,8.3631,1140.0,231
2026-08-20 11:15:00+00:00,8.3651,8.3706,8.3587,8.3669,444.8,247
2026-08-20 11:20:00+00:00,8.369,8.3707,8.3556,8.361,933.3,290
2026-08-20 11:25:00+00:00,8.361,8.3616,8.3433,8.35,2225.4,366
2026-08-20 11:30:00+00:00,8.347,8.3582,8.345,8.3477,428.5,196
2026-08-20 11:35:00+00:00,8.3484,8.3521,8.3435,8.3521,580.5,190
2026-08-20 11:40:00+00:00,8.3504,8.362,8.3504,8.3571,379.6,131
2026-08-20 11:45:00+00:00,8.3576,8.3578,8.3326,8.3437,4243.6,448
2026-08-20 11:50:00+00:00,8.3453,8.346,8.3317,8.3375,1281.9,237
2026-08-20 11:55:00+00:00,8.3372,8.341,8.3253,8.3298,1936.9,282
2026-08-20 12:00:00+00:00,8.3301,8.3307,8.205,8.2326,99906.6,1272
2026-08-20 12:05:00+00:00,8.2309,8.2516,8.2291,8.2489,5540.7,277
2026-08-20 12:10:00+00:00,8.2488,8.2565,8.2174,8.2343,11184.2,340
2026-08-20 12:15:00+00:00,8.238,8.2607,8.2291,8.2395,4814.4,316
2026-08-20 12:20:00+00:00,8.2415,8.2551,8.2325,8.2446,3639.3,302
2026-08-20 12:25:00+00:00,8.2446,8.2494,8.234,8.2459,874.1,144
2026-08-20 12:30:00+00:00,8.2423,8.2458,8.2262,8.237,1738.9,207
2026-08-20 12:35:00+00:00,8.2372,8.2372,8.2255,8.2255,3397.9,185
2026-08-20 12:40:00+00:00,8.2257,8.2303,8.198,8.2071,24798.0,694
2026-08-20 12:45:00+00:00,8.2039,8.2092,8.1689,8.1689,30901.6,588
2026-08-20 12:50:00+00:00,8.1766,8.1865,8.1636,8.1731,28388.9,542
2026-08-20 12:55:00+00:00,8.1743,8.2323,8.1542,8.1716,44534.4,902
2026-08-20 13:00:00+00:00,8.1658,8.1748,8.1434,8.149,33682.6,700
2026-08-20 13:05:00+00:00,8.1491,8.1682,8.128,8.128,25249.4,698
2026-08-20 13:10:00+00:00,8.1308,8.1443,8.128,8.1436,3645.2,278
2026-08-20 13:15:00+00:00,8.143,8.1449,8.1275,8.1358,3862.4,272
2026-08-20 13:20:00+00:00,8.1328,8.183,8.1328,8.1777,4657.8,350
2026-08-20 13:25:00+00:00,8.1756,8.1873,8.1727,8.1836,4196.7,236
2026-08-20 13:30:00+00:00,8.1864,8.2129,8.1852,8.2052,7211.2,301
2026-08-20 13:35:00+00:00,8.2051,8.2422,8.2013,8.2389,14229.5,656
2026-08-20 13:40:00+00:00,8.2361,8.2442,8.2151,8.2242,5485.4,285
2026-08-20 13:45:00+00:00,8.2182,8.2203,8.1636,8.1746,6898.1,409
2026-08-20 13:50:00+00:00,8.1705,8.1742,8.151,8.1631,4382.4,172
2026-08-20 13:55:00+00:00,8.1634,8.1982,8.1634,8.1743,3810.7,254
2026-08-20 14:00:00+00:00,8.1768,8.226,8.1768,8.1984,11158.2,560
2026-08-20 14:05:00+00:00,8.1949,8.229,8.1855,8.229,1058.1,131
2026-08-20 14:10:00+00:00,8.2283,8.245,8.2184,8.2353,1174.1,163
2026-08-20 14:15:00+00:00,8.2339,8.2369,8.1949,8.1979,1413.2,174
2026-08-20 14:20:00+00:00,8.1972,8.2494,8.1918,8.2471,4060.3,290
2026-08-20 14:25:00+00:00,8.2443,8.248,8.2236,8.2282,2701.6,195
2026-08-20 14:30:00+00:00,8.225,8.2357,8.2242,8.2243,475.5,95
2026-08-20 14:35:00+00:00,8.2222,8.2502,8.2134,8.2502,3242.1,228
2026-08-20 14:40:00+00:00,8.2499,8.2512,8.2251,8.2512,3723.3,306
2026-08-20 14:45:00+00:00,8.2487,8.2541,8.2234,8.2251,7150.7,409
2026-08-20 14:50:00+00:00,8.2279,8.262,8.2232,8.257,5732.9,375
2026-08-20 14:55:00+00:00,8.2524,8.2783,8.2524,8.2613,5801.2,391
2026-08-20 15:00:00+00:00,8.2613,8.2882,8.25,8.2825,6761.5,402
2026-08-20 15:05:00+00:00,8.2813,8.3031,8.2783,8.2936,13807.4,561
2026-08-20 15:10:00+00:00,8.2936,8.2952,8.2753,8.2867,4248.5,329
2026-08-20 15:15:00+00:00,8.2907,8.2971,8.2846,8.2868,1859.9,235
2026-08-20 15:20:00+00:00,8.2843,8.2901,8.2544,8.264,6580.9,329
2026-08-20 15:25:00+00:00,8.2613,8.2842,8.2613,8.281,3595.7,211
2026-08-20 15:30:00+00:00,8.2798,8.2822,8.26,8.2601,4322.5,278
2026-08-20 15:35:00+00:00,8.2601,8.2738,8.2494,8.2494,6921.4,364
2026-08-20 15:40:00+00:00,8.2482,8.2609,8.2403,8.2448,1597.0,203
2026-08-20 15:45:00+00:00,8.2433,8.2453,8.2245,8.2267,5852.6,307
2026-08-20 15:50:00+00:00,8.2248,8.2399,8.2239,8.231,1881.4,168
2026-08-20 15:55:00+00:00,8.231,8.2337,8.224,8.2303,2128.6,121
2026-08-20 16:00:00+00:00,8.2288,8.2316,8.2219,8.2219,2743.0,215
2026-08-20 16:05:00+00:00,8.2248,8.2324,8.2219,8.2279,1398.9,135
2026-08-20 16:10:00+00:00,8.2264,8.2317,8.2109,8.2209,6526.3,259
2026-08-20 16:15:00+00:00,8.2219,8.2314,8.2108,8.2239,2079.9,176
2026-08-20 16:20:00+00:00,8.2261,8.2456,8.2261,8.2301,15519.3,219
2026-08-20 16:25:00+00:00,8.23,8.2308,8.2186,8.2268,375.6,81
2026-08-20 16:30:00+00:00,8.2276,8.2319,8.2126,8.2155,2836.9,196
2026-08-20 16:35:00+00:00,8.2161,8.2248,8.2123,8.2246,721.0,103
2026-08-20 16:40:00+00:00,8.2217,8.2273,8.2197,8.2256,529.9,90
2026-08-20 16:45:00+00:00,8.2245,8.2281,8.2159,8.2194,290.1,56
2026-08-20 16:50:00+00:00,8.2178,8.22,8.2108,8.2142,256.2,75
2026-08-20 16:55:00+00:00,8.2142,8.2225,8.2108,8.2217,1023.3,108
2026-08-20 17:00:00+00:00,8.2203,8.2206,8.2102,8.2138,540.0,137
2026-08-20 17:05:00+00:00,8.2147,8.2373,8.2101,8.2369,3373.8,170
2026-08-20 17:10:00+00:00,8.2369,8.2393,8.23,8.2301,7243.5,178
2026-08-20 17:15:00+00:00,8.2301,8.2332,8.2133,8.2203,766.8,152
2026-08-20 17:20:00+00:00,8.2171,8.2239,8.2153,8.2239,409.2,124
2026-08-20 17:25:00+00:00,8.2239,8.2352,8.2212,8.2238,3300.1,176
2026-08-20 17:30:00+00:00,8.2219,8.2263,8.22,8.2231,415.7,97
2026-08-20 17:35:00+00:00,8.2231,8.2254,8.2109,8.2241,8462.0,151
2026-08-20 17:40:00+00:00,8.223,8.2287,8.2147,8.2239,391.7,151
2026-08-20 17:45:00+00:00,8.22,8.2284,8.2182,8.2279,1213.2,142
2026-08-20 17:50:00+00:00,8.2245,8.2405,8.22,8.2321,2429.4,156
2026-08-20 17:55:00+00:00,8.2286,8.2376,8.2243,8.228,332.7,104
2026-08-20 18:00:00+00:00,8.2259,8.2338,8.2213,8.2266,283.3,123
2026-08-20 18:05:00+00:00,8.2251,8.2268,8.22,8.2241,6890.8,171
2026-08-20 18:10:00+00:00,8.222,8.2243,8.1822,8.2012,25329.2,455
2026-08-20 18:15:00+00:00,8.1976,8.2041,8.1938,8.2008,463.8,79
2026-08-20 18:20:00+00:00,8.2002,8.2066,8.1905,8.2028,1497.3,130
2026-08-20 18:25:00+00:00,8.2041,8.2057,8.1853,8.1932,1868.5,206
2026-08-20 18:30:00+00:00,8.1943,8.1961,8.1822,8.1952,2126.5,160
2026-08-20 18:35:00+00:00,8.1961,8.1984,8.1826,8.1869,665.5,127
2026-08-20 18:40:00+00:00,8.1859,8.1925,8.1822,8.1909,274.9,117
2026-08-20 18:45:00+00:00,8.1937,8.1968,8.1846,8.1967,375.3,112
2026-08-20 18:50:00+00:00,8.1967,8.2003,8.1913,8.1955,1295.3,103
2026-08-20 18:55:00+00:00,8.1921,8.1997,8.1899,8.1936,647.7,124
2026-08-20 19:00:00+00:00,8.1915,8.2135,8.1893,8.2135,4223.4,175
2026-08-20 19:05:00+00:00,8.2102,8.2216,8.2102,8.2162,2593.7,161
2026-08-20 19:10:00+00:00,8.2133,8.2173,8.2118,8.2162,200.5,79
2026-08-20 19:15:00+00:00,8.218,8.2216,8.1901,8.1968,2990.6,165
2026-08-20 19:20:00+00:00,8.1988,8.2111,8.1935,8.2096,3516.5,209
2026-08-20 19:25:00+00:00,8.2068,8.2093,8.2016,8.2062,992.2,83
2026-08-20 19:30:00+00:00,8.2026,8.2142,8.2009,8.21,1709.9,101
2026-08-20 19:35:00+00:00,8.2082,8.2181,8.204,8.2169,1178.4,110
2026-08-20 19:40:00+00:00,8.214,8.2176,8.2044,8.2083,239.5,64
2026-08-20 19:45:00+00:00,8.2047,8.2179,8.2041,8.2179,721.8,125
2026-08-20 19:50:00+00:00,8.2135,8.2178,8.2093,8.213,1361.2,115
2026-08-20 19:55:00+00:00,8.2097,8.2182,8.2064,8.2126,4144.0,241
2026-08-20 20:00:00+00:00,8.2147,8.2182,8.2089,8.2107,1915.8,146
2026-08-20 20:05:00+00:00,8.2126,8.2239,8.2107,8.2207,4224.9,127
2026-08-20 20:10:00+00:00,8.2207,8.2259,8.2166,8.2201,2031.6,99
2026-08-20 20:15:00+00:00,8.2166,8.2324,8.2165,8.2299,2617.7,127
2026-08-20 20:20:00+00:00,8.231,8.2362,8.2274,8.234,2638.6,184
2026-08-20 20:25:00+00:00,8.2333,8.2523,8.2333,8.2496,1661.8,171
2026-08-20 20:30:00+00:00,8.2471,8.2508,8.2455,8.2494,710.8,62
2026-08-20 20:35:00+00:00,8.2472,8.2563,8.2458,8.2549,533.4,80
2026-08-20 20:40:00+00:00,8.2511,8.2573,8.2466,8.2478,557.4,77
2026-08-20 20:45:00+00:00,8.2515,8.2553,8.243,8.2507,212.8,60
2026-08-20 20:50:00+00:00,8.2507,8.2586,8.2502,8.2568,319.5,98
2026-08-20 20:55:00+00:00,8.2545,8.2555,8.2303,8.2321,636.7,87
2026-08-20 21:00:00+00:00,8.2381,8.2603,8.2163,8.2338,4609.5,212
2026-08-20 21:05:00+00:00,8.234,8.2494,8.2321,8.2443,760.2,178
2026-08-20 21:10:00+00:00,8.2406,8.243,8.233,8.2378,261.8,87
2026-08-20 21:15:00+00:00,8.2363,8.2391,8.2296,8.2343,224.7,69
2026-08-20 21:20:00+00:00,8.2307,8.2404,8.2296,8.2389,585.4,98
2026-08-20 21:25:00+00:00,8.2381,8.2497,8.2298,8.2484,1186.2,218
2026-08-20 21:30:00+00:00,8.2415,8.2415,8.2263,8.2292,470.9,139
2026-08-20 21:35:00+00:00,8.2228,8.2324,8.2211,8.2254,2639.8,163
2026-08-20 21:40:00+00:00,8.2273,8.2327,8.215,8.2198,2136.0,217
2026-08-20 21:45:00+00:00,8.2204,8.2433,8.2107,8.2332,2947.2,265
2026-08-20 21:50:00+00:00,8.2313,8.2341,8.2289,8.2326,240.3,107
2026-08-20 21:55:00+00:00,8.231,8.231,8.2151,8.2199,1929.1,191
2026-08-20 22:00:00+00:00,8.2208,8.2529,8.2158,8.2529,4179.6,303
2026-08-20 22:05:00+00:00,8.2517,8.2695,8.2303,8.2437,5610.1,531
2026-08-20 22:10:00+00:00,8.2441,8.2569,8.2387,8.2548,1043.9,215
2026-08-20 22:15:00+00:00,8.252,8.2649,8.2498,8.2596,2165.2,192
2026-08-20 22:20:00+00:00,8.2575,8.2575,8.2233,8.2565,7218.6,596
2026-08-20 22:25:00+00:00,8.2564,8.2564,8.2451,8.25,3156.7,210
2026-08-20 22:30:00+00:00,8.2471,8.2497,8.243,8.2481,2325.3,206
2026-08-20 22:35:00+00:00,8.2455,8.2516,8.2434,8.247,2414.6,203
2026-08-20 22:40:00+00:00,8.2439,8.2486,8.2422,8.2469,2415.1,211
2026-08-20 22:45:00+00:00,8.2437,8.2484,8.241,8.2476,2531.7,359
2026-08-20 22:50:00+00:00,8.2461,8.2484,8.2405,8.2469,2633.2,440
2026-08-20 22:55:00+00:00,8.2471,8.2489,8.2398,8.2476,2914.2,772
2026-08-20 23:00:00+00:00,8.2471,8.2604,8.2401,8.2546,7495.3,1078
2026-08-20 23:05:00+00:00,8.255,8.255,8.2392,8.2465,5482.8,952
2026-08-20 23:10:00+00:00,8.244,8.2509,8.2264,8.2372,6684.7,1100
2026-08-20 23:15:00+00:00,8.2369,8.2393,8.2251,8.2278,6914.1,712
2026-08-20 23:20:00+00:00,8.2285,8.2308,8.211,8.2178,5506.2,1410
2026-08-20 23:25:00+00:00,8.2157,8.2157,8.1994,8.206,6162.5,754
2026-08-20 23:30:00+00:00,8.2059,8.2101,8.1962,8.2001,3320.4,500
2026-08-20 23:35:00+00:00,8.1995,8.1995,8.1901,8.1919,3606.8,495
2026-08-20 23:40:00+00:00,8.1913,8.202,8.1901,8.1994,3881.7,140
2026-08-20 23:45:00+00:00,8.1994,8.201,8.1944,8.1969,4428.2,280
2026-08-20 23:50:00+00:00,8.1945,8.1958,8.1901,8.1936,3457.9,139
2026-08-20 23:55:00+00:00,8.1914,8.1981,8.1901,8.1919,4702.2,218
2026-08-21 00:00:00+00:00,8.1908,8.1921,8.1901,8.192,2759.9,74
2026-08-21 00:05:00+00:00,8.1927,8.2068,8.1902,8.2,7301.7,437
2026-08-21 00:10:00+00:00,8.2019,8.2388,8.2,8.2369,6642.1,476
2026-08-21 00:15:00+00:00,8.2377,8.2594,8.2316,8.2521,8245.3,419
2026-08-21 00:20:00+00:00,8.2521,8.262,8.25,8.2545,4512.3,312
2026-08-21 00:25:00+00:00,8.2528,8.2552,8.2167,8.224,8029.6,541
2026-08-21 00:30:00+00:00,8.2209,8.255,8.22,8.255,8635.7,247
2026-08-21 00:35:00+00:00,8.2549,8.2568,8.2272,8.2443,3589.1,279
2026-08-21 00:40:00+00:00,8.2484,8.2658,8.2438,8.2615,4788.9,373
2026-08-21 00:45:00+00:00,8.2654,8.3526,8.2559,8.3498,21957.9,838
2026-08-21 00:50:00+00:00,8.3488,8.3547,8.3195,8.3199,5532.8,317
2026-08-21 00:55:00+00:00,8.3199,8.3199,8.2764,8.3021,7632.7,454
2026-08-21 01:00:00+00:00,8.3004,8.3176,8.2755,8.3061,3897.0,282
2026-08-21 01:05:00+00:00,8.3079,8.3083,8.2754,8.2812,3432.0,185
2026-08-21 01:10:00+00:00,8.2777,8.2965,8.2749,8.2965,693.9,101
2026-08-21 01:15:00+00:00,8.2955,8.38,8.2954,8.3474,35560.6,946
2026-08-21 01:20:00+00:00,8.3492,8.3492,8.2802,8.3151,6687.8,316
2026-08-21 01:25:00+00:00,8.3116,8.3538,8.3082,8.3501,18715.8,487
2026-08-21 01:30:00+00:00,8.3524,8.4616,8.35,8.4266,70520.7,1118
2026-08-21 01:35:00+00:00,8.4278,8.473,8.4001,8.4602,88339.2,929
2026-08-21 01:40:00+00:00,8.4671,8.5474,8.4486,8.5375,65243.7,1224
2026-08-21 01:45:00+00:00,8.5429,8.61,8.5346,8.579,78366.1,1600
2026-08-21 01:50:00+00:00,8.5758,8.6132,8.5265,8.5938,56783.3,3533
2026-08-21 01:55:00+00:00,8.5938,8.6115,8.5543,8.6074,36716.8,1272
2026-08-21 02:00:00+00:00,8.6085,8.6419,8.5751,8.6238,30697.8,1864
2026-08-21 02:05:00+00:00,8.6238,8.6494,8.5695,8.5822,40564.1,1685
2026-08-21 02:10:00+00:00,8.5822,8.5885,8.5466,8.5603,15472.9,690
2026-08-21 02:15:00+00:00,8.5603,8.5699,8.515,8.5189,22685.3,1055
2026-08-21 02:20:00+00:00,8.5154,8.5184,8.4579,8.4785,21689.7,1426
2026-08-21 02:25:00+00:00,8.4798,8.5154,8.4772,8.4938,15804.0,1976
2026-08-21 02:30:00+00:00,8.5011,8.534,8.4717,8.5006,23648.2,2811
2026-08-21 02:35:00+00:00,8.4947,8.5293,8.4805,8.4868,15819.8,1202
2026-08-21 02:40:00+00:00,8.4938,8.5115,8.4793,8.5065,8607.8,457
2026-08-21 02:45:00+00:00,8.5051,8.525,8.5034,8.5137,8164.3,632
2026-08-21 02:50:00+00:00,8.5107,8.54,8.5106,8.5329,10401.1,478
2026-08-21 02:55:00+00:00,8.5333,8.5508,8.5169,8.5351,9611.5,704
2026-08-21 03:00:00+00:00,8.5316,8.5347,8.5017,8.5037,11556.3,479
2026-08-21 03:05:00+00:00,8.5035,8.5125,8.4622,8.4703,16164.2,584
2026-08-21 03:10:00+00:00,8.4702,8.4788,8.4591,8.4594,5409.7,184
2026-08-21 03:15:00+00:00,8.4591,8.4749,8.4391,8.4526,20445.6,615
2026-08-21 03:20:00+00:00,8.4446,8.4715,8.4287,8.4637,14623.8,409
2026-08-21 03:25:00+00:00,8.4632,8.4867,8.4632,8.4824,5303.9,263
2026-08-21 03:30:00+00:00,8.4807,8.5,8.4762,8.4878,5082.9,258
2026-08-21 03:35:00+00:00,8.4871,8.5224,8.4831,8.5165,5610.7,287
2026-08-21 03:40:00+00:00,8.5069,8.5069,8.4731,8.485,11629.2,267
2026-08-21 03:45:00+00:00,8.4859,8.5063,8.4837,8.4892,4089.4,209
2026-08-21 03:50:00+00:00,8.4891,8.5008,8.4854,8.4864,5452.9,233
2026-08-21 03:55:00+00:00,8.485,8.4903,8.4717,8.4842,5204.9,302
2026-08-21 04:00:00+00:00,8.4823,8.4823,8.4452,8.4641,3478.0,165
2026-08-21 04:05:00+00:00,8.4692,8.4768,8.4578,8.4609,1211.0,141
2026-08-21 04:10:00+00:00,8.4607,8.4607,8.4505,8.452,483.2,50
2026-08-21 04:15:00+00:00,8.452,8.4549,8.4509,8.4536,466.6,63
2026-08-21 04:20:00+00:00,8.452,8.465,8.4222,8.4374,8190.4,436
2026-08-21 04:25:00+00:00,8.4333,8.4665,8.4333,8.4419,5073.7,375
2026-08-21 04:30:00+00:00,8.4419,8.4514,8.4333,8.4443,2565.1,206
2026-08-21 04:35:00+00:00,8.4443,8.4507,8.4413,8.4456,1409.6,105
2026-08-21 04:40:00+00:00,8.4456,8.461,8.4456,8.4527,1809.6,128
2026-08-21 04:45:00+00:00,8.4521,8.4521,8.4323,8.4479,3134.0,153
2026-08-21 04:50:00+00:00,8.4479,8.455,8.4448,8.4532,2273.9,163
2026-08-21 04:55:00+00:00,8.4489,8.4708,8.4454,8.4629,2862.4,197
2026-08-21 05:00:00+00:00,8.4595,8.4881,8.4,8.472,31902.9,1065
2026-08-21 05:05:00+00:00,8.471,8.476,8.4393,8.4474,9534.2,303
2026-08-21 05:10:00+00:00,8.4437,8.4603,8.4167,8.4542,8910.5,270
2026-08-21 05:15:00+00:00,8.4586,8.4699,8.4471,8.4657,15830.0,344
2026-08-21 05:20:00+00:00,8.4699,8.4699,8.4561,8.4686,11435.4,215
2026-08-21 05:25:00+00:00,8.4686,8.4739,8.4591,8.4732,3558.2,137
2026-08-21 05:30:00+00:00,8.4746,8.4797,8.4682,8.4758,5270.4,172
2026-08-21 05:35:00+00:00,8.4758,8.4811,8.467,8.467,12526.8,187
2026-08-21 05:40:00+00:00,8.4635,8.4635,8.4399,8.4442,5221.9,340
2026-08-21 05:45:00+00:00,8.441,8.4615,8.4388,8.4545,5452.8,218
2026-08-21 05:50:00+00:00,8.4503,8.4503,8.4212,8.4258,4871.8,181
2026-08-21 05:55:00+00:00,8.4273,8.4414,8.4124,8.4412,6651.4,214
2026-08-21 06:00:00+00:00,8.4384,8.4384,8.4125,8.4276,2676.9,185
2026-08-21 06:05:00+00:00,8.4324,8.4709,8.4293,8.4709,9387.9,218
2026-08-21 06:10:00+00:00,8.4745,8.5001,8.4675,8.4989,7402.4,260
2026-08-21 06:15:00+00:00,8.4941,8.4988,8.4587,8.4718,8016.0,366
2026-08-21 06:20:00+00:00,8.4725,8.5,8.4725,8.4876,11938.4,462
2026-08-21 06:25:00+00:00,8.4882,8.5119,8.4854,8.5083,9149.3,409
2026-08-21 06:30:00+00:00,8.5088,8.5238,8.4875,8.4903,23585.6,749
2026-08-21 06:35:00+00:00,8.49,8.5021,8.4741,8.5,11986.8,713
2026-08-21 06:40:00+00:00,8.498,8.498,8.4798,8.4862,5161.1,434
2026-08-21 06:45:00+00:00,8.486,8.4946,8.4712,8.4946,6141.8,403
2026-08-21 06:50:00+00:00,8.491,8.5,8.4836,8.5,7561.1,495
2026-08-21 06:55:00+00:00,8.4959,8.5057,8.4896,8.5057,6543.0,458
2026-08-21 07:00:00+00:00,8.5041,8.5063,8.4434,8.495,19800.0,1099
2026-08-21 07:05:00+00:00,8.4986,8.5129,8.4941,8.5111,8101.8,584
2026-08-21 07:10:00+00:00,8.5104,8.5146,8.4871,8.5146,5967.5,354
2026-08-21 07:15:00+00:00,8.5142,8.5148,8.5026,8.51,3968.4,277
2026-08-21 07:20:00+00:00,8.51,8.515,8.5067,8.51,3920.1,149
2026-08-21 07:25:00+00:00,8.5082,8.515,8.5026,8.5083,10126.8,617
2026-08-21 07:30:00+00:00,8.5118,8.5329,8.5052,8.5293,12498.5,1285
2026-08-21 07:35:00+00:00,8.5281,8.5546,8.5177,8.5496,14533.9,1298
2026-08-21 07:40:00+00:00,8.5553,8.5607,8.5487,8.5528,11060.6,777
2026-08-21 07:45:00+00:00,8.5514,8.5604,8.5504,8.5551,6888.3,482
2026-08-21 07:50:00+00:00,8.5546,8.5553,8.5374,8.5497,13049.6,388
2026-08-21 07:55:00+00:00,8.5492,8.55,8.5056,8.5209,16096.1,786
2026-08-21 08:00:00+00:00,8.5185,8.5641,8.4751,8.5471,31297.1,1564
2026-08-21 08:05:00+00:00,8.5459,8.5463,8.5079,8.5176,4640.6,147
2026-08-21 08:10:00+00:00,8.5104,8.5349,8.4916,8.5255,13512.5,433
2026-08-21 08:15:00+00:00,8.5283,8.5481,8.5024,8.54,15822.5,545
2026-08-21 08:20:00+00:00,8.5417,8.5486,8.53,8.5421,16193.6,361
2026-08-21 08:25:00+00:00,8.5422,8.5837,8.5399,8.5821,11516.1,579
2026-08-21 08:30:00+00:00,8.5834,8.6043,8.5675,8.5893,9282.9,475
2026-08-21 08:35:00+00:00,8.5908,8.5963,8.57,8.585,15181.5,487
2026-08-21 08:40:00+00:00,8.5851,8.5931,8.5619,8.5737,5657.3,316
2026-08-21 08:45:00+00:00,8.5739,8.6101,8.5723,8.5978,8211.2,451
2026-08-21 08:50:00+00:00,8.5938,8.5989,8.55,8.564,6815.2,374
2026-08-21 08:55:00+00:00,8.564,8.5738,8.5503,8.5566,2206.8,255
2026-08-21 09:00:00+00:00,8.5599,8.5961,8.5589,8.5738,5888.8,525
2026-08-21 09:05:00+00:00,8.5738,8.5886,8.5506,8.5802,8477.9,550
2026-08-21 09:10:00+00:00,8.5809,8.5829,8.5623,8.5674,2576.3,271
2026-08-21 09:15:00+00:00,8.5678,8.5919,8.5614,8.5725,3267.5,304
2026-08-21 09:20:00+00:00,8.5728,8.5795,8.5632,8.5685,1544.9,151
2026-08-21 09:25:00+00:00,8.568,8.5895,8.5669,8.5891,3068.7,181
2026-08-21 09:30:00+00:00,8.5869,8.5899,8.56,8.5625,5644.7,451
2026-08-21 09:35:00+00:00,8.5619,8.568,8.5593,8.5632,3452.0,213
2026-08-21 09:40:00+00:00,8.5618,8.568,8.555,8.5656,2560.7,284
2026-08-21 09:45:00+00:00,8.566,8.568,8.5613,8.5668,4415.4,196
2026-08-21 09:50:00+00:00,8.5678,8.568,8.559,8.568,4558.4,125
2026-08-21 09:55:00+00:00,8.567,8.5677,8.5579,8.563,152.1,68
2026-08-21 10:00:00+00:00,8.5669,8.567,8.55,8.565,450.5,151
2026-08-21 10:05:00+00:00,8.565,8.5678,8.5548,8.5582,512.5,115
2026-08-21 10:10:00+00:00,8.5589,8.5638,8.5549,8.561,345.7,80
2026-08-21 10:15:00+00:00,8.56,8.56,8.5447,8.5479,1362.5,106
2026-08-21 10:20:00+00:00,8.5473,8.568,8.5473,8.5553,1505.9,175
2026-08-21 10:25:00+00:00,8.5564,8.5627,8.5544,8.5562,558.0,83
2026-08-21 10:30:00+00:00,8.5562,8.5639,8.5476,8.5639,279.0,68
2026-08-21 10:35:00+00:00,8.564,8.5667,8.564,8.5645,45.1,19
2026-08-21 10:40:00+00:00,8.5645,8.5677,8.5453,8.5568,1341.0,179
2026-08-21 10:45:00+00:00,8.5554,8.5554,8.5256,8.5385,1915.5,227
2026-08-21 10:50:00+00:00,8.536,8.5585,8.5353,8.5585,1212.2,76
2026-08-21 10:55:00+00:00,8.5578,8.5633,8.5111,8.5427,4619.3,405
2026-08-21 11:00:00+00:00,8.5429,8.5446,8.5371,8.5439,444.5,96
2026-08-21 11:05:00+00:00,8.5431,8.5444,8.5383,8.5428,204.4,73
2026-08-21 11:10:00+00:00,8.543,8.5441,8.5346,8.5386,1007.0,45
2026-08-21 11:15:00+00:00,8.5365,8.5424,8.5328,8.5395,292.5,70
2026-08-21 11:20:00+00:00,8.5416,8.5582,8.5416,8.552,554.6,135
2026-08-21 11:25:00+00:00,8.5501,8.5556,8.5484,8.5539,114.5,42
2026-08-21 11:30:00+00:00,8.5539,8.568,8.5264,8.5435,4160.7,348
2026-08-21 11:35:00+00:00,8.5428,8.5944,8.5428,8.5891,7136.8,428
2026-08-21 11:40:00+00:00,8.588,8.588,8.5623,8.5768,1148.7,177
2026-08-21 11:45:00+00:00,8.5745,8.5757,8.5417,8.553,2775.0,229
2026-08-21 11:50:00+00:00,8.5512,8.5671,8.5451,8.5617,10072.1,232
2026-08-21 11:55:00+00:00,8.5617,8.5617,8.5453,8.5522,758.3,92
2026-08-21 12:00:00+00:00,8.5528,8.5529,8.4952,8.5325,4536.0,434
2026-08-21 12:05:00+00:00,8.5248,8.5249,8.5139,8.5248,429.5,37
2026-08-21 12:10:00+00:00,8.5239,8.5484,8.5213,8.5484,1227.9,182
2026-08-21 12:15:00+00:00,8.546,8.546,8.5366,8.5403,232.0,90
2026-08-21 12:20:00+00:00,8.5398,8.5403,8.53,8.5304,117.3,53
2026-08-21 12:25:00+00:00,8.531,8.54,8.531,8.5394,1560.5,112
2026-08-21 12:30:00+00:00,8.5395,8.5584,8.5353,8.5584,1139.1,160
2026-08-21 12:35:00+00:00,8.5559,8.5595,8.538,8.5386,2024.7,152
2026-08-21 12:40:00+00:00,8.5341,8.5368,8.5289,8.5368,1113.1,111
2026-08-21 12:45:00+00:00,8.5371,8.5444,8.533,8.5369,667.2,85
2026-08-21 12:50:00+00:00,8.5369,8.5463,8.5368,8.5463,371.4,59
2026-08-21 12:55:00+00:00,8.5455,8.5472,8.5371,8.5396,267.6,51
2026-08-21 13:00:00+00:00,8.5402,8.5412,8.5379,8.5408,170.6,44
2026-08-21 13:05:00+00:00,8.5409,8.5465,8.5409,8.5455,67.5,35
2026-08-21 13:10:00+00:00,8.5451,8.5559,8.5445,8.5531,455.9,111
2026-08-21 13:15:00+00:00,8.552,8.5574,8.547,8.5548,616.6,96
2026-08-21 13:20:00+00:00,8.5533,8.557,8.5484,8.5512,890.2,140
2026-08-21 13:25:00+00:00,8.5504,8.5576,8.537,8.5498,1779.6,198
2026-08-21 13:30:00+00:00,8.5482,8.5538,8.5409,8.5538,344.4,118
2026-08-21 13:35:00+00:00,8.5538,8.5548,8.526,8.5294,931.2,186
2026-08-21 13:40:00+00:00,8.5313,8.538,8.5138,8.5242,2009.7,266
2026-08-21 13:45:00+00:00,8.5249,8.54,8.5216,8.5242,1791.6,224
2026-08-21 13:50:00+00:00,8.5232,8.5391,8.5227,8.525,549.4,152
2026-08-21 13:55:00+00:00,8.525,8.5367,8.5244,8.5264,1216.6,321
2026-08-21 14:00:00+00:00,8.5242,8.5306,8.5119,8.5304,1336.7,256
2026-08-21 14:05:00+00:00,8.531,8.566,8.5235,8.5461,18739.9,554
2026-08-21 14:10:00+00:00,8.5464,8.5496,8.5133,8.5199,2165.9,244
2026-08-21 14:15:00+00:00,8.5187,8.5187,8.501,8.5086,921.3,204
2026-08-21 14:20:00+00:00,8.507,8.5075,8.4784,8.4806,6880.6,477
2026-08-21 14:25:00+00:00,8.4808,8.4906,8.47,8.486,920.6,249
2026-08-21 14:30:00+00:00,8.4826,8.487,8.4822,8.485,616.5,71
2026-08-21 14:35:00+00:00,8.4858,8.4873,8.4707,8.4751,996.6,111
2026-08-21 14:40:00+00:00,8.4726,8.4786,8.4694,8.4767,324.1,127
2026-08-21 14:45:00+00:00,8.4746,8.4778,8.4681,8.4773,587.5,120
2026-08-21 14:50:00+00:00,8.4773,8.4814,8.4689,8.4743,1110.1,184
2026-08-21 14:55:00+00:00,8.4735,8.4779,8.4554,8.4779,1484.5,234
2026-08-21 15:00:00+00:00,8.478,8.492,8.478,8.4915,1348.3,123
2026-08-21 15:05:00+00:00,8.489,8.4999,8.4879,8.4966,443.0,85
2026-08-21 15:10:00+00:00,8.4966,8.4966,8.4811,8.484,805.9,108
2026-08-21 15:15:00+00:00,8.484,8.5133,8.484,8.4939,1775.9,221
2026-08-21 15:20:00+00:00,8.4927,8.5022,8.4927,8.501,157.6,69
2026-08-21 15:25:00+00:00,8.501,8.5128,8.5001,8.5102,302.5,69
2026-08-21 15:30:00+00:00,8.5102,8.5102,8.4992,8.5099,552.5,71
2026-08-21 15:35:00+00:00,8.5086,8.5109,8.5059,8.5104,578.1,75
2026-08-21 15:40:00+00:00,8.5109,8.5421,8.5109,8.542,1378.9,142
2026-08-21 15:45:00+00:00,8.5426,8.5429,8.5127,8.5158,884.1,112
2026-08-21 15:50:00+00:00,8.5165,8.5343,8.5165,8.5343,541.9,63
2026-08-21 15:55:00+00:00,8.5352,8.5372,8.4984,8.5025,2750.7,225
2026-08-21 16:00:00+00:00,8.5015,8.5098,8.4983,8.509,639.6,64
2026-08-21 16:05:00+00:00,8.5094,8.5094,8.4878,8.4991,2446.6,257
2026-08-21 16:10:00+00:00,8.5,8.502,8.49,8.4951,478.0,116
2026-08-21 16:15:00+00:00,8.4925,8.5,8.491,8.5,2313.7,126
2026-08-21 16:20:00+00:00,8.4995,8.5566,8.4995,8.5237,9259.8,293
2026-08-21 16:25:00+00:00,8.5217,8.5251,8.5148,8.5251,541.8,113
2026-08-21 16:30:00+00:00,8.5263,8.5263,8.5209,8.5223,332.7,49
2026-08-21 16:35:00+00:00,8.5211,8.5298,8.5211,8.5297,106.7,32
2026-08-21 16:40:00+00:00,8.5297,8.5315,8.5262,8.5302,351.5,49
2026-08-21 16:45:00+00:00,8.53,8.5304,8.5245,8.5266,204.5,46
2026-08-21 16:50:00+00:00,8.5242,8.5275,8.5077,8.5149,2510.9,114
2026-08-21 16:55:00+00:00,8.514,8.52,8.5114,8.5168,176.7,71
2026-08-21 17:00:00+00:00,8.5168,8.5244,8.5163,8.5208,70.5,33
2026-08-21 17:05:00+00:00,8.5239,8.5254,8.5137,8.5204,697.6,69
2026-08-21 17:10:00+00:00,8.522,8.5265,8.5196,8.5265,172.4,34
2026-08-21 17:15:00+00:00,8.5251,8.5338,8.5155,8.5155,292.0,65
2026-08-21 17:20:00+00:00,8.5145,8.5145,8.49,8.4983,3225.6,220
2026-08-21 17:25:00+00:00,8.4978,8.4985,8.4834,8.4917,1596.5,151
2026-08-21 17:30:00+00:00,8.4934,8.4995,8.487,8.4969,449.9,132
2026-08-21 17:35:00+00:00,8.4969,8.5044,8.4934,8.5041,94.5,38
2026-08-21 17:40:00+00:00,8.5015,8.5047,8.4915,8.5037,534.0,83
2026-08-21 17:45:00+00:00,8.5036,8.5069,8.4993,8.5034,121.5,35
2026-08-21 17:50:00+00:00,8.5034,8.5073,8.5034,8.506,678.5,44
2026-08-21 17:55:00+00:00,8.5051,8.5132,8.5004,8.5132,520.1,73
2026-08-21 18:00:00+00:00,8.5124,8.5186,8.5082,8.5114,453.0,93
2026-08-21 18:05:00+00:00,8.5107,8.511,8.4941,8.5031,3498.5,188
2026-08-21 18:10:00+00:00,8.5037,8.504,8.4877,8.4965,167.2,81
2026-08-21 18:15:00+00:00,8.4969,8.4987,8.4929,8.493,139.6,39
2026-08-21 18:20:00+00:00,8.4926,8.5081,8.4926,8.4972,576.0,110
2026-08-21 18:25:00+00:00,8.4947,8.4975,8.4865,8.4865,121.1,59
2026-08-21 18:30:00+00:00,8.4865,8.4926,8.4865,8.4926,89.1,26
2026-08-21 18:35:00+00:00,8.4933,8.4957,8.4801,8.4828,403.4,91
2026-08-21 18:40:00+00:00,8.4841,8.4882,8.4841,8.4863,51.9,34
2026-08-21 18:45:00+00:00,8.4878,8.4951,8.4792,8.4914,250.8,116
2026-08-21 18:50:00+00:00,8.494,8.4988,8.4783,8.4827,318.0,99
2026-08-21 18:55:00+00:00,8.4841,8.4942,8.4841,8.4937,219.9,103
2026-08-21 19:00:00+00:00,8.4944,8.4946,8.4859,8.4931,174.0,72
2026-08-21 19:05:00+00:00,8.4931,8.4935,8.4882,8.4898,50.5,24
2026-08-21 19:10:00+00:00,8.4891,8.4898,8.4804,8.4822,88.2,44
2026-08-21 19:15:00+00:00,8.4809,8.4918,8.4806,8.4912,360.9,71
2026-08-21 19:20:00+00:00,8.4906,8.4965,8.481,8.4811,315.9,83
2026-08-21 19:25:00+00:00,8.4811,8.4886,8.474,8.4774,650.4,120
2026-08-21 19:30:00+00:00,8.4777,8.4951,8.4755,8.4951,497.3,76
2026-08-21 19:35:00+00:00,8.4931,8.4973,8.4927,8.4964,60.6,32
2026-08-21 19:40:00+00:00,8.4947,8.4947,8.489,8.4918,99.6,52
2026-08-21 19:45:00+00:00,8.4918,8.494,8.4821,8.4844,694.6,50
2026-08-21 19:50:00+00:00,8.4841,8.4848,8.4736,8.4781,503.6,147
2026-08-21 19:55:00+00:00,8.478,8.4863,8.4712,8.4725,1926.5,279
2026-08-21 20:00:00+00:00,8.4732,8.5063,8.4732,8.4989,1866.5,201
2026-08-21 20:05:00+00:00,8.5,8.5079,8.4982,8.5043,1248.9,137
2026-08-21 20:10:00+00:00,8.5043,8.51,8.499,8.5048,2850.1,276
2026-08-21 20:15:00+00:00,8.505,8.51,8.505,8.51,71.0,37
2026-08-21 20:20:00+00:00,8.5099,8.5193,8.5097,8.5193,973.1,101
2026-08-21 20:25:00+00:00,8.52,8.5238,8.5076,8.5095,554.0,97
2026-08-21 20:30:00+00:00,8.5089,8.5134,8.5089,8.5134,265.6,29
2026-08-21 20:35:00+00:00,8.5161,8.5182,8.5161,8.5182,36.1,11
2026-08-21 20:40:00+00:00,8.5173,8.5182,8.515,8.5166,291.2,30
2026-08-21 20:45:00+00:00,8.5166,8.5182,8.5155,8.5173,38.5,20
2026-08-21 20:50:00+00:00,8.5172,8.5185,8.5172,8.5184,87.1,33
2026-08-21 20:55:00+00:00,8.5138,8.5141,8.5039,8.5109,399.1,86
2026-08-21 21:00:00+00:00,8.5078,8.5158,8.5072,8.5156,41.4,26
2026-08-21 21:05:00+00:00,8.5154,8.5282,8.5154,8.5282,246.5,37
2026-08-21 21:10:00+00:00,8.528,8.5299,8.5224,8.5299,407.0,51
2026-08-21 21:15:00+00:00,8.5288,8.53,8.5268,8.53,36.2,21
2026-08-21 21:20:00+00:00,8.53,8.5361,8.5278,8.5357,50.6,27
2026-08-21 21:25:00+00:00,8.5374,8.5386,8.5301,8.5354,590.2,73
2026-08-21 21:30:00+00:00,8.5385,8.5386,8.5298,8.5319,223.0,36
2026-08-21 21:35:00+00:00,8.5322,8.5379,8.5322,8.537,61.1,39
2026-08-21 21:40:00+00:00,8.5317,8.5317,8.5175,8.53,796.5,129
2026-08-21 21:45:00+00:00,8.5319,8.5328,8.5309,8.5316,133.9,36
2026-08-21 21:50:00+00:00,8.5316,8.5316,8.5274,8.5315,465.1,67
2026-08-21 21:55:00+00:00,8.5315,8.5316,8.5246,8.5315,1666.4,138
2026-08-21 22:00:00+00:00,8.5316,8.5449,8.5316,8.5411,595.5,49
2026-08-21 22:05:00+00:00,8.5392,8.5482,8.5361,8.5482,65.1,44
2026-08-21 22:10:00+00:00,8.5464,8.5464,8.5249,8.5249,1824.5,185
2026-08-21 22:15:00+00:00,8.5249,8.5308,8.5249,8.5306,612.9,40
2026-08-21 22:20:00+00:00,8.5306,8.5306,8.5265,8.5303,66.6,28
2026-08-21 22:25:00+00:00,8.53,8.5309,8.5189,8.5217,176.1,67
2026-08-21 22:30:00+00:00,8.5188,8.5202,8.5009,8.5047,927.8,179
2026-08-21 22:35:00+00:00,8.5045,8.5101,8.5,8.5039,737.5,123
2026-08-21 22:40:00+00:00,8.5039,8.5124,8.5,8.5107,138.3,78
2026-08-21 22:45:00+00:00,8.5107,8.5135,8.5094,8.5135,39.3,35
2026-08-21 22:50:00+00:00,8.5131,8.5166,8.5051,8.5163,1001.1,80
2026-08-21 22:55:00+00:00,8.5159,8.5269,8.5152,8.5269,134.9,40
2026-08-21 23:00:00+00:00,8.5261,8.5377,8.5257,8.5333,518.8,85
2026-08-21 23:05:00+00:00,8.5346,8.5398,8.5262,8.5305,149.2,28
2026-08-21 23:10:00+00:00,8.5297,8.5313,8.5175,8.5229,1012.5,52
2026-08-21 23:15:00+00:00,8.5229,8.5339,8.5229,8.5339,1197.4,65
2026-08-21 23:20:00+00:00,8.5339,8.5399,8.5285,8.5323,234.9,71
2026-08-21 23:25:00+00:00,8.5311,8.5313,8.52,8.5288,304.5,42
2026-08-21 23:30:00+00:00,8.5289,8.5304,8.5221,8.5253,127.6,39
2026-08-21 23:35:00+00:00,8.5257,8.529,8.5232,8.5279,741.1,63
2026-08-21 23:40:00+00:00,8.5283,8.5296,8.5283,8.5295,33.2,22
2026-08-21 23:45:00+00:00,8.5296,8.5363,8.5296,8.5305,93.5,39
2026-08-21 23:50:00+00:00,8.5272,8.5295,8.5231,8.5295,84.8,44
2026-08-21 23:55:00+00:00,8.5295,8.5315,8.5245,8.5253,46.8,29
2026-08-22 00:00:00+00:00,8.5226,8.5349,8.5226,8.5349,108.6,61
2026-08-22 00:05:00+00:00,8.5343,8.5347,8.5285,8.5327,505.2,137
2026-08-22 00:10:00+00:00,8.5312,8.5313,8.5273,8.5287,53.2,31
2026-08-22 00:15:00+00:00,8.5274,8.5364,8.5264,8.5364,100.0,55
2026-08-22 00:20:00+00:00,8.5368,8.54,8.5341,8.5362,98.4,51
2026-08-22 00:25:00+00:00,8.5358,8.5386,8.5345,8.5368,56.2,31
2026-08-22 00:30:00+00:00,8.5362,8.538,8.5341,8.5376,95.2,41
2026-08-22 00:35:00+00:00,8.5376,8.54,8.5352,8.5381,617.3,50
2026-08-22 00:40:00+00:00,8.5379,8.54,8.5362,8.5393,189.5,32
2026-08-22 00:45:00+00:00,8.5393,8.5398,8.5357,8.5386,79.5,43
2026-08-22 00:50:00+00:00,8.5382,8.54,8.5382,8.5398,120.8,32
2026-08-22 00:55:00+00:00,8.54,8.54,8.5357,8.536,360.8,37
2026-08-22 01:00:00+00:00,8.5366,8.54,8.5323,8.54,806.3,84
2026-08-22 01:05:00+00:00,8.5378,8.54,8.5375,8.54,231.0,40
2026-08-22 01:10:00+00:00,8.5399,8.54,8.5345,8.5398,638.3,39
2026-08-22 01:15:00+00:00,8.5399,8.54,8.5365,8.54,52.8,20
2026-08-22 01:20:00+00:00,8.54,8.54,8.5365,8.5397,605.8,59
2026-08-22 01:25:00+00:00,8.5393,8.54,8.5363,8.5399,369.8,55
2026-08-22 01:30:00+00:00,8.5399,8.54,8.5295,8.533,413.1,38
2026-08-22 01:35:00+00:00,8.533,8.5399,8.533,8.5399,33.2,19
2026-08-22 01:40:00+00:00,8.5397,8.54,8.5334,8.54,340.0,59
2026-08-22 01:45:00+00:00,8.538,8.5386,8.5193,8.5224,911.7,115
2026-08-22 01:50:00+00:00,8.521,8.54,8.5207,8.5394,1740.6,137
2026-08-22 01:55:00+00:00,8.5398,8.54,8.5384,8.54,166.2,41
2026-08-22 02:00:00+00:00,8.5381,8.5389,8.5358,8.5373,35.0,25
2026-08-22 02:05:00+00:00,8.5372,8.5397,8.5372,8.5397,33.2,30
2026-08-22 02:10:00+00:00,8.5397,8.54,8.5366,8.5396,35.2,18
2026-08-22 02:15:00+00:00,8.5388,8.54,8.53,8.54,5330.4,166
2026-08-22 02:20:00+00:00,8.539,8.54,8.5371,8.5397,90.9,31
2026-08-22 02:25:00+00:00,8.5396,8.5399,8.5357,8.5377,69.5,45
2026-08-22 02:30:00+00:00,8.5362,8.54,8.535,8.54,315.0,58
2026-08-22 02:35:00+00:00,8.5397,8.54,8.5346,8.5393,480.4,92
2026-08-22 02:40:00+00:00,8.54,8.54,8.5386,8.54,790.3,58
2026-08-22 02:45:00+00:00,8.54,8.54,8.5333,8.5392,315.2,104
2026-08-22 02:50:00+00:00,8.5386,8.54,8.5365,8.5398,113.3,40
2026-08-22 02:55:00+00:00,8.5396,8.54,8.5396,8.54,104.9,15
2026-08-22 03:00:00+00:00,8.54,8.5415,8.5356,8.5382,217.6,67
2026-08-22 03:05:00+00:00,8.5382,8.5397,8.5352,8.5388,131.1,44
2026-08-22 03:10:00+00:00,8.5358,8.5358,8.53,8.5301,1902.0,143
2026-08-22 03:15:00+00:00,8.5301,8.5301,8.53,8.5301,2125.9,67
2026-08-22 03:20:00+00:00,8.5301,8.5301,8.53,8.5301,209.5,32
2026-08-22 03:25:00+00:00,8.5301,8.5301,8.53,8.5301,441.6,35
2026-08-22 03:30:00+00:00,8.5301,8.5301,8.53,8.5301,884.7,45
2026-08-22 03:35:00+00:00,8.5301,8.5301,8.53,8.5301,344.3,26
2026-08-22 03:40:00+00:00,8.5301,8.5376,8.5301,8.535,1746.9,77
2026-08-22 03:45:00+00:00,8.5347,8.5365,8.53,8.5333,273.4,73
2026-08-22 03:50:00+00:00,8.5328,8.5452,8.5328,8.5441,226.7,86
2026-08-22 03:55:00+00:00,8.5441,8.5475,8.5436,8.5457,777.1,59
2026-08-22 04:00:00+00:00,8.5456,8.5483,8.5456,8.5479,293.7,46
2026-08-22 04:05:00+00:00,8.5473,8.5497,8.5425,8.5492,191.0,44
2026-08-22 04:10:00+00:00,8.5492,8.5493,8.5439,8.544,337.3,33
2026-08-22 04:15:00+00:00,8.544,8.5497,8.5307,8.5411,447.3,136
2026-08-22 04:20:00+00:00,8.5398,8.5485,8.5371,8.5484,1166.2,117
2026-08-22 04:25:00+00:00,8.5464,8.55,8.5426,8.546,490.1,104
2026-08-22 04:30:00+00:00,8.5453,8.5571,8.5445,8.552,912.2,69
2026-08-22 04:35:00+00:00,8.5506,8.5552,8.5477,8.5507,343.3,102
2026-08-22 04:40:00+00:00,8.5505,8.557,8.5488,8.5529,305.1,71
2026-08-22 04:45:00+00:00,8.5527,8.5625,8.5527,8.5576,291.2,85
2026-08-22 04:50:00+00:00,8.5576,8.559,8.5533,8.5559,117.1,46
2026-08-22 04:55:00+00:00,8.5559,8.5592,8.5532,8.5546,138.2,51
2026-08-22 05:00:00+00:00,8.554,8.5588,8.5504,8.5516,174.6,73
2026-08-22 05:05:00+00:00,8.5516,8.5547,8.55,8.5547,131.9,39
2026-08-22 05:10:00+00:00,8.5531,8.5531,8.53,8.5337,3773.8,434
2026-08-22 05:15:00+00:00,8.5319,8.5433,8.53,8.5421,2204.5,192
2026-08-22 05:20:00+00:00,8.5405,8.5523,8.5376,8.549,957.7,159
2026-08-22 05:25:00+00:00,8.5522,8.5548,8.5508,8.5548,59.6,35
2026-08-22 05:30:00+00:00,8.5531,8.5531,8.53,8.5392,2696.5,138
2026-08-22 05:35:00+00:00,8.5382,8.5434,8.538,8.543,84.3,57
2026-08-22 05:40:00+00:00,8.5426,8.5768,8.5426,8.558,2449.5,66
2026-08-22 05:45:00+00:00,8.5593,8.5624,8.5589,8.5624,155.0,34
2026-08-22 05:50:00+00:00,8.5649,8.5649,8.5617,8.5632,47.5,19
2026-08-22 05:55:00+00:00,8.5632,8.5632,8.5467,8.5493,254.6,69
2026-08-22 06:00:00+00:00,8.5493,8.5517,8.5468,8.5499,175.3,97
2026-08-22 06:05:00+00:00,8.5518,8.5553,8.5504,8.5526,132.9,33
2026-08-22 06:10:00+00:00,8.5533,8.5569,8.5463,8.5549,200.3,101
2026-08-22 06:15:00+00:00,8.5545,8.5552,8.5513,8.5536,123.7,42
2026-08-22 06:20:00+00:00,8.5481,8.5502,8.5387,8.5397,535.4,103
2026-08-22 06:25:00+00:00,8.5397,8.5433,8.5376,8.5425,194.8,72
2026-08-22 06:30:00+00:00,8.5421,8.5444,8.5358,8.5444,172.1,65
2026-08-22 06:35:00+00:00,8.5424,8.55,8.5379,8.5474,784.2,94
2026-08-22 06:40:00+00:00,8.55,8.554,8.55,8.5532,52.9,34
2026-08-22 06:45:00+00:00,8.5532,8.5655,8.5515,8.5654,709.0,76
2026-08-22 06:50:00+00:00,8.5654,8.59,8.5654,8.59,776.5,136
2026-08-22 06:55:00+00:00,8.5886,8.6148,8.5886,8.5939,1644.3,319
2026-08-22 07:00:00+00:00,8.5937,8.5937,8.5756,8.5757,483.3,163
2026-08-22 07:05:00+00:00,8.575,8.5824,8.575,8.5824,96.5,49
2026-08-22 07:10:00+00:00,8.5824,8.5873,8.566,8.5737,296.7,140
2026-08-22 07:15:00+00:00,8.574,8.574,8.5615,8.5643,702.3,104
2026-08-22 07:20:00+00:00,8.5643,8.5697,8.5641,8.5697,135.7,50
2026-08-22 07:25:00+00:00,8.5697,8.5699,8.5638,8.5687,358.9,73
2026-08-22 07:30:00+00:00,8.5689,8.5731,8.5663,8.573,1806.8,107
2026-08-22 07:35:00+00:00,8.5713,8.5731,8.5691,8.573,571.0,59
2026-08-22 07:40:00+00:00,8.573,8.5777,8.5726,8.5777,1687.7,74
2026-08-22 07:45:00+00:00,8.5785,8.5787,8.5726,8.5754,750.2,32
2026-08-22 07:50:00+00:00,8.5741,8.5761,8.5637,8.5682,1509.3,112
2026-08-22 07:55:00+00:00,8.5668,8.5669,8.5553,8.5607,801.1,117
2026-08-22 08:00:00+00:00,8.5573,8.5586,8.5501,8.5536,1897.6,194
2026-08-22 08:05:00+00:00,8.5522,8.558,8.5492,8.5574,842.6,122
2026-08-22 08:10:00+00:00,8.5534,8.5645,8.5525,8.5636,1242.5,167
2026-08-22 08:15:00+00:00,8.5611,8.5637,8.5505,8.5588,949.5,126
2026-08-22 08:20:00+00:00,8.5618,8.5685,8.5618,8.567,520.7,72
2026-08-22 08:25:00+00:00,8.5659,8.567,8.5599,8.5642,213.3,42
2026-08-22 08:30:00+00:00,8.5642,8.5683,8.5617,8.566,157.7,60
2026-08-22 08:35:00+00:00,8.5676,8.57,8.5646,8.5699,268.3,48
2026-08-22 08:40:00+00:00,8.5681,8.5699,8.562,8.5692,128.5,63
2026-08-22 08:45:00+00:00,8.5692,8.5692,8.5627,8.5627,242.1,46
2026-08-22 08:50:00+00:00,8.5627,8.5627,8.5602,8.5616,52.7,22
2026-08-22 08:55:00+00:00,8.5613,8.5649,8.5613,8.5628,121.4,56
2026-08-22 09:00:00+00:00,8.5602,8.5602,8.5465,8.5473,1070.7,60
2026-08-22 09:05:00+00:00,8.5473,8.5562,8.5473,8.5562,426.9,56
2026-08-22 09:10:00+00:00,8.5562,8.562,8.5562,8.5615,240.9,26
2026-08-22 09:15:00+00:00,8.5615,8.5635,8.5615,8.5634,332.9,22
2026-08-22 09:20:00+00:00,8.5634,8.57,8.5634,8.57,86.9,31
2026-08-22 09:25:00+00:00,8.57,8.574,8.57,8.574,65.4,28
2026-08-22 09:30:00+00:00,8.574,8.574,8.5694,8.5706,42.2,17
2026-08-22 09:35:00+00:00,8.5706,8.5791,8.5706,8.5775,145.6,46
2026-08-22 09:40:00+00:00,8.5781,8.58,8.5713,8.5732,126.8,63
2026-08-22 09:45:00+00:00,8.5744,8.584,8.5744,8.584,69.1,17
2026-08-22 09:50:00+00:00,8.584,8.584,8.5789,8.5833,50.7,26
2026-08-22 09:55:00+00:00,8.5833,8.5846,8.5571,8.5583,698.2,66
2026-08-22 10:00:00+00:00,8.5558,8.5656,8.5556,8.5576,267.6,70
2026-08-22 10:05:00+00:00,8.5576,8.5715,8.5576,8.5712,1249.9,49
2026-08-22 10:10:00+00:00,8.5712,8.5723,8.5697,8.5721,47.2,23
2026-08-22 10:15:00+00:00,8.5721,8.5737,8.5706,8.5733,168.4,29
2026-08-22 10:20:00+00:00,8.5712,8.5729,8.5681,8.5728,232.3,36
2026-08-22 10:25:00+00:00,8.5707,8.5707,8.5583,8.5625,324.8,67
2026-08-22 10:30:00+00:00,8.5639,8.57,8.5639,8.5694,146.0,74
2026-08-22 10:35:00+00:00,8.5693,8.5724,8.5691,8.5724,33.2,27
2026-08-22 10:40:00+00:00,8.5735,8.5735,8.5735,8.5735,35.7,11
2026-08-22 10:45:00+00:00,8.5716,8.5716,8.56,8.5647,823.2,43
2026-08-22 10:50:00+00:00,8.5652,8.5697,8.5575,8.5575,139.4,70
2026-08-22 10:55:00+00:00,8.5649,8.5684,8.5645,8.5684,325.9,43
2026-08-22 11:00:00+00:00,8.5681,8.57,8.5675,8.5688,56.3,37
2026-08-22 11:05:00+00:00,8.5688,8.5697,8.5627,8.5652,56.0,37
2026-08-22 11:10:00+00:00,8.5649,8.5652,8.545,8.5537,1352.9,117
2026-08-22 11:15:00+00:00,8.5506,8.5646,8.547,8.5646,600.4,90
2026-08-22 11:20:00+00:00,8.5646,8.5647,8.5643,8.5647,23.3,7
